0,0,0,0.21827,0.46078,0.71535,0.47782
-2.6141e-05,-8.7279e-06,3.2164e-05,0.21843,0.46091,0.71533,0.47764
-8.9014e-05,-3.3237e-05,7.7478e-05,0.21863,0.46107,0.71534,0.4774
-0.00016194,-6.1327e-05,0.00014264,0.21875,0.46112,0.71541,0.47719
-0.00016484,-5.7934e-05,0.00020111,0.21886,0.46115,0.71545,0.47704
-0.00016578,-5.7595e-05,0.00020679,0.21886,0.4611,0.71548,0.47704
-0.00015315,-5.3371e-05,0.00018252,0.21873,0.46094,0.71558,0.47711
-0.00014233,-4.969e-05,0.00016838,0.21856,0.46073,0.7157,0.47722
-0.0001131,-3.8103e-05,0.00012709,0.2184,0.46044,0.71584,0.47735
-0.00010435,-3.4784e-05,0.00010133,0.21835,0.46031,0.71597,0.47731
-9.1492e-05,-3.2875e-05,8.7923e-05,0.21839,0.46035,0.71602,0.47718
-0.0001328,-2.601e-05,0.00010446,0.2185,0.46043,0.71603,0.47704
-0.0001515,-4.0583e-05,0.00014329,0.21862,0.46051,0.71603,0.4769
-0.00017548,-1.9135e-05,0.00017233,0.21871,0.46052,0.71605,0.47682
-0.0002164,-0.0001035,0.00014649,0.21878,0.4605,0.71612,0.47671
-0.00019354,-0.00013567,0.00012543,0.21875,0.46039,0.7162,0.4767
-0.00023404,-0.00018613,0.00010926,0.21869,0.46026,0.71633,0.47667
-0.00025707,-0.00026679,1.2557e-05,0.21866,0.46013,0.71638,0.47673
-0.00024164,-0.00029893,-7.9786e-05,0.21849,0.46002,0.71643,0.47684
-0.00022752,-0.00030087,-0.00018478,0.21825,0.45989,0.71645,0.47704
-0.00024955,-0.00031869,-0.00028703,0.21807,0.45984,0.71647,0.47713
-0.00026227,-0.00032901,-0.00035411,0.21806,0.45991,0.71645,0.47711
-0.00028299,-0.00034081,-0.00038573,0.2182,0.46017,0.71628,0.47704
-0.00032447,-0.00035958,-0.00038354,0.21835,0.46041,0.71617,0.47691
-0.0003695,-0.00037878,-0.000355,0.21848,0.46062,0.71604,0.47684
-0.00037466,-0.00038084,-0.00034959,0.21848,0.46062,0.71604,0.47684
-0.00039288,-0.00040744,-0.00033608,0.21836,0.46034,0.7162,0.47693
-0.00040456,-0.00041134,-0.00035189,0.21807,0.46001,0.71638,0.47711
-0.00034522,-0.00043364,-0.00039484,0.21787,0.45967,0.71655,0.47728
-0.00027089,-0.00044742,-0.00047649,0.21769,0.45941,0.7167,0.47738
-0.00024178,-0.00044022,-0.00058817,0.21753,0.45918,0.71681,0.47752
-0.0002196,-0.00044019,-0.00061146,0.21753,0.45913,0.71684,0.47751
-0.0001869,-0.00043273,-0.00066336,0.21757,0.4593,0.71676,0.47746
-0.0002423,-0.00040494,-0.00064178,0.21768,0.45958,0.71671,0.47721
-0.0002795,-0.00045103,-0.00058523,0.21788,0.45984,0.71664,0.47697
-0.00031742,-0.00047828,-0.0005693,0.21795,0.46,0.71664,0.47678
-0.00040058,-0.00051522,-0.00056816,0.21795,0.4599,0.71671,0.47678
-0.00045399,-0.00054206,-0.00059589,0.21778,0.45975,0.71683,0.47682
-0.00041912,-0.0005321,-0.00063811,0.21758,0.45945,0.71693,0.47706
-0.00035682,-0.00056674,-0.00077281,0.21724,0.45923,0.71703,0.47726
-0.00022391,-0.00054577,-0.00083803,0.21712,0.45903,0.71709,0.47742
-0.00019393,-0.00050178,-0.00083095,0.21711,0.45897,0.71709,0.47748
-0.00018574,-0.00049565,-0.00081725,0.21726,0.45904,0.71702,0.47746
-0.00022839,-0.00050901,-0.0007652,0.2176,0.45925,0.71691,0.47726
-0.00027577,-0.00052159,-0.00065022,0.21792,0.45949,0.71681,0.47703
-0.00028644,-0.00052761,-0.00058507,0.21812,0.4597,0.71678,0.47679
-0.00033584,-0.00053632,-0.00050878,0.2182,0.45978,0.71678,0.47669
-0.00036937,-0.000547,-0.00045362,0.21825,0.45969,0.71678,0.47673
-0.00036961,-0.00054712,-0.00045367,0.21817,0.45958,0.71685,0.47677
-0.000311,-0.00052316,-0.00050521,0.21809,0.45946,0.71689,0.47686
-0.00030773,-0.000523,-0.00051654,0.21795,0.45932,0.71699,0.47691
-0.00027095,-0.00050757,-0.00054123,0.21795,0.45932,0.71699,0.47691
-0.00027391,-0.00050845,-0.00053684,0.218,0.45937,0.71697,0.47687
-0.00026773,-0.00050504,-0.00053499,0.21809,0.45946,0.71689,0.47686
-0.00031639,-0.00052553,-0.00050332,0.21817,0.45958,0.71685,0.47677
-0.00036435,-0.00054632,-0.00048096,0.21812,0.45962,0.71688,0.47672
-0.00038509,-0.0005618,-0.00046152,0.21816,0.45957,0.71693,0.47667
-0.00044586,-0.00056648,-0.0004995,0.21808,0.45941,0.71703,0.4767
-0.00038602,-0.00057786,-0.00055141,0.21799,0.45924,0.71711,0.4768
-0.00044782,-0.00060282,-0.00056995,0.21795,0.45919,0.71713,0.47684
-0.00049726,-0.00061512,-0.00054895,0.21789,0.45922,0.71716,0.47679
-0.00053815,-0.00066174,-0.00054047,0.21789,0.45922,0.71716,0.47679
-0.00061768,-0.00068258,-0.0005159,0.21797,0.45931,0.71719,0.47662
-0.00073341,-0.00074827,-0.00043664,0.21818,0.45945,0.71718,0.4764
-0.00082518,-0.00080171,-0.00034136,0.21847,0.45965,0.71714,0.47614
-0.00091854,-0.00083367,-0.00027693,0.21863,0.45964,0.71715,0.47605
-0.00096613,-0.0008857,-0.0002316,0.21859,0.45956,0.71724,0.47602
-0.0010138,-0.00089431,-0.00020986,0.21855,0.45944,0.71729,0.47607
-0.0010532,-0.00091693,-0.00020208,0.21843,0.45927,0.71739,0.47615
-0.0010894,-0.00093041,-0.00021601,0.21838,0.45927,0.71737,0.47619
-0.0011526,-0.00096766,-0.0001752,0.21846,0.45923,0.71743,0.4761
-0.0012082,-0.00099392,-0.00011384,0.21861,0.45929,0.71749,0.47589
-0.0012268,-0.0010002,-7.3759e-05,0.21861,0.45929,0.71749,0.47589
-0.0012682,-0.0010262,-5.5118e-05,0.21877,0.45942,0.71747,0.47571
-0.0013092,-0.0010132,-1.4892e-05,0.2189,0.4596,0.71741,0.47558
-0.0013353,-0.0010572,1.7297e-05,0.21897,0.45979,0.71735,0.47546
-0.0013614,-0.0010698,3.1023e-05,0.21897,0.45993,0.71732,0.47537
-0.0014008,-0.0010889,-7.9522e-06,0.21901,0.45988,0.71736,0.47533
-0.0014046,-0.0010919,-3.9429e-05,0.21892,0.45971,0.71744,0.47542
-0.0013908,-0.0010943,-0.00015625,0.21863,0.4595,0.71755,0.47559
-0.0014028,-0.0011056,-0.00020947,0.21834,0.45933,0.71763,0.47575
-0.0013445,-0.0010845,-0.00027272,0.21818,0.4593,0.71758,0.47594
-0.0013497,-0.0010652,-0.00028216,0.21818,0.45942,0.71752,0.47592
-0.0013634,-0.0010731,-0.00026616,0.21834,0.45958,0.71744,0.47581
-0.0014035,-0.0010893,-0.00024166,0.21843,0.45964,0.71743,0.47573
-0.0014233,-0.0010966,-0.00021348,0.21846,0.45966,0.71744,0.47567
-0.0014206,-0.0010959,-0.00021797,0.21834,0.4595,0.71754,0.47574
-0.001399,-0.0010875,-0.00024495,0.21818,0.45926,0.71765,0.47587
-0.0013558,-0.0010671,-0.00025064,0.21809,0.45904,0.71776,0.47596
-0.0013169,-0.0010508,-0.00026953,0.21792,0.45883,0.71787,0.47607
-0.0013371,-0.0010588,-0.00025314,0.21783,0.45866,0.71805,0.47601
-0.0013888,-0.0010786,-0.00020446,0.21782,0.45853,0.71819,0.47593
-0.0013849,-0.001078,-0.00021453,0.21778,0.45852,0.71818,0.47597
-0.0013849,-0.001078,-0.00021453,0.21778,0.45852,0.71818,0.47597
-0.0013931,-0.0010826,-0.00021767,0.21774,0.45853,0.7182,0.47595
-0.0014024,-0.0010903,-0.00023836,0.21765,0.45861,0.71818,0.47594
-0.0014036,-0.001099,-0.00033573,0.21743,0.45856,0.71819,0.47607
-0.001415,-0.0011094,-0.00040674,0.21728,0.45845,0.71817,0.47628
-0.0013593,-0.0010671,-0.00043351,0.21719,0.4584,0.71818,0.47636
-0.0013574,-0.0010499,-0.00041783,0.21723,0.45835,0.71822,0.47631
-0.001361,-0.0010521,-0.00039105,0.21735,0.4584,0.7183,0.4761
-0.0014012,-0.0010468,-0.00037268,0.21738,0.45853,0.71835,0.47589
-0.0014131,-0.0010461,-0.00030139,0.21749,0.45848,0.7185,0.47567
-0.0013749,-0.001056,-0.00034314,0.21748,0.45818,0.71873,0.47561
-0.0014155,-0.0010777,-0.00037616,0.2173,0.45792,0.71899,0.47555
-0.0014253,-0.0010552,-0.00039633,0.21708,0.45762,0.71919,0.47563
-0.0014129,-0.0010389,-0.00053097,0.21687,0.45741,0.71933,0.47571
-0.0013166,-0.00099874,-0.00066954,0.21657,0.45711,0.71951,0.47587
-0.0012234,-0.00093125,-0.00088887,0.21618,0.45664,0.7198,0.47605
-0.0011374,-0.00089857,-0.0010884,0.2158,0.45614,0.72016,0.47617
-0.0011502,-0.00087006,-0.0012392,0.21545,0.45559,0.72056,0.47625
-0.0010936,-0.00083236,-0.0013143,0.21527,0.45516,0.72091,0.47621
-0.0011768,-0.00085485,-0.001408,0.21524,0.45489,0.72126,0.47596
-0.0011729,-0.00083835,-0.0014609,0.21539,0.45476,0.72151,0.47563
-0.0012136,-0.00082125,-0.0015358,0.21545,0.45462,0.72174,0.47538
-0.0012111,-0.00080873,-0.001627,0.2154,0.4543,0.72206,0.47523
-0.0011323,-0.00074884,-0.0017607,0.21522,0.45374,0.72244,0.47527
-0.0011889,-0.0007891,-0.0019902,0.21478,0.4531,0.72291,0.47535
-0.0010729,-0.00071717,-0.0022853,0.21417,0.45232,0.72348,0.47552
-0.0007595,-0.00053654,-0.002749,0.2134,0.4514,0.72408,0.47582
-0.00047897,-0.0004156,-0.0031852,0.21233,0.45021,0.72483,0.47628
-0.00015519,-0.00024113,-0.0037376,0.21103,0.44874,0.72563,0.47704
0.00012849,-0.00015796,-0.0043723,0.20939,0.44688,0.72661,0.478
0.00069555,9.9133e-05,-0.005269,0.20749,0.44472,0.72781,0.47902
0.0015797,0.00058618,-0.0064361,0.20488,0.44156,0.72953,0.48046
0.002491,0.00099144,-0.0077674,0.20159,0.43745,0.73173,0.48225
0.0037896,0.0015347,-0.0095065,0.19729,0.4322,0.73445,0.48462
0.0051492,0.0019636,-0.011509,0.19157,0.42554,0.73777,0.48777
0.0069211,0.0026169,-0.013761,0.18461,0.41757,0.74154,0.49161
0.008976,0.0035458,-0.015957,0.17693,0.40894,0.7455,0.49567
0.01065,0.0041301,-0.017982,0.16949,0.40047,0.74941,0.49928
0.012203,0.004752,-0.019778,0.16284,0.39273,0.75316,0.50199
0.012406,0.0046682,-0.021229,0.15718,0.3857,0.75687,0.50367
0.013778,0.0052823,-0.022609,0.15231,0.37914,0.76035,0.5049
0.015312,0.006023,-0.02395,0.14771,0.37241,0.76383,0.50602
0.016942,0.0067809,-0.025322,0.14244,0.36502,0.76742,0.50748
0.018794,0.007629,-0.02675,0.13652,0.35699,0.77102,0.50937
0.020448,0.0083637,-0.028229,0.12958,0.34858,0.77501,0.51094
0.022381,0.0092536,-0.029656,0.12255,0.33975,0.77845,0.51339
0.024294,0.010145,-0.03099,0.11559,0.33107,0.78165,0.51581
0.025929,0.010953,-0.032131,0.109,0.32274,0.78457,0.51808
0.027376,0.011754,-0.033013,0.10317,0.31514,0.78726,0.51986
0.02836,0.012398,-0.033604,0.098191,0.30842,0.79013,0.52051
0.02913,0.012999,-0.033933,0.094449,0.30275,0.79253,0.52088
0.029634,0.013572,-0.033982,0.091649,0.29801,0.79479,0.52067
0.029844,0.014029,-0.033821,0.089652,0.29417,0.797,0.51982
0.029891,0.014403,-0.03356,0.088237,0.29093,0.7991,0.51866
0.029702,0.014681,-0.033195,0.086968,0.28819,0.80148,0.51674
0.02955,0.015026,-0.032778,0.085967,0.28543,0.80347,0.51535
0.029521,0.015371,-0.032419,0.084939,0.28259,0.80537,0.51411
0.02982,0.015855,-0.032241,0.083339,0.2793,0.80719,0.51331
0.030551,0.016458,-0.032206,0.08065,0.27491,0.80902,0.51324
0.031736,0.017222,-0.032279,0.076864,0.26944,0.8108,0.51391
0.032706,0.017917,-0.032375,0.072304,0.26332,0.81254,0.51498
0.033292,0.018525,-0.032344,0.067984,0.25774,0.81412,0.5159
0.033545,0.019011,-0.032158,0.064943,0.25356,0.8155,0.51619
0.033435,0.019385,-0.031811,0.063463,0.2511,0.81665,0.51576
0.032974,0.019667,-0.031378,0.063065,0.24973,0.81761,0.51494
0.032736,0.020096,-0.030834,0.062949,0.24862,0.81862,0.5139
0.032801,0.020684,-0.03029,0.062469,0.24691,0.81971,0.51304
0.0334,0.021456,-0.02986,0.060913,0.2439,0.82102,0.51257
0.034839,0.022501,-0.029599,0.057516,0.23876,0.82251,0.513
0.03776,0.02411,-0.029567,0.052251,0.23106,0.82356,0.51539
0.040616,0.025632,-0.029754,0.044688,0.22092,0.82532,0.51772
0.043987,0.027295,-0.030053,0.035654,0.20899,0.82708,0.52057
0.047712,0.029122,-0.030303,0.025878,0.19611,0.82878,0.52344
0.051524,0.030917,-0.030411,0.01575,0.18272,0.83057,0.52584
0.055192,0.032786,-0.030249,0.0055916,0.16917,0.83246,0.52759
0.058548,0.034681,-0.029746,-0.004196,0.15597,0.83448,0.5285
0.06133,0.036473,-0.028982,-0.013191,0.14335,0.83665,0.52848
0.063709,0.038209,-0.027968,-0.021344,0.13145,0.83891,0.52772
0.06588,0.039911,-0.026648,-0.028966,0.11967,0.84125,0.52644
0.067528,0.041499,-0.025134,-0.036579,0.10744,0.84354,0.52494
0.069448,0.043178,-0.023476,-0.044581,0.09472,0.84552,0.52358
0.071454,0.044899,-0.021698,-0.053184,0.081317,0.8472,0.52231
0.073688,0.046705,-0.01977,-0.06283,0.066832,0.84841,0.52132
0.076028,0.048547,-0.017759,-0.073359,0.051305,0.84921,0.52042
0.077972,0.050336,-0.015684,-0.084197,0.03553,0.84954,0.51954
0.07964,0.052068,-0.013584,-0.094377,0.020791,0.84968,0.51837
0.080795,0.053624,-0.011402,-0.10324,0.0077515,0.85001,0.51649
0.081423,0.055038,-0.009187,-0.11058,-0.0035321,0.85073,0.51383
0.081576,0.056338,-0.0069537,-0.11639,-0.013267,0.85187,0.51048
0.08079,0.057354,-0.0045859,-0.12106,-0.021953,0.85359,0.50621
0.080442,0.05848,-0.0020002,-0.12514,-0.030082,0.85498,0.50243
0.080125,0.059577,0.00069088,-0.12902,-0.038374,0.85613,0.49892
0.079902,0.060716,0.0035054,-0.13304,-0.047217,0.85684,0.49588
0.0797,0.061888,0.0063494,-0.13725,-0.05667,0.85702,0.49343
0.079963,0.063155,0.0091288,-0.14151,-0.065941,0.85632,0.49228
0.079648,0.064196,0.011731,-0.14531,-0.07439,0.85588,0.49074
0.079204,0.065191,0.01432,-0.14833,-0.081488,0.8554,0.48955
0.078599,0.066036,0.016764,-0.15053,-0.087331,0.85508,0.48841
0.07775,0.066758,0.019139,-0.15201,-0.092328,0.85503,0.48712
0.077038,0.067496,0.021446,-0.15311,-0.096336,0.85438,0.48714
0.075797,0.067986,0.023702,-0.15348,-0.10017,0.85493,0.48529
0.07452,0.068421,0.025932,-0.15353,-0.10378,0.85564,0.48326
0.073294,0.068884,0.028138,-0.15345,-0.10742,0.85633,0.48126
0.072171,0.069377,0.030308,-0.15364,-0.11129,0.85678,0.47951
0.073083,0.070399,0.032461,-0.15433,-0.11503,0.85617,0.4795
0.072279,0.070977,0.034564,-0.15517,-0.11912,0.85601,0.47851
0.071519,0.07153,0.036601,-0.15636,-0.12339,0.85557,0.47784
0.07077,0.072066,0.038525,-0.15771,-0.12748,0.85497,0.47739
0.070079,0.072516,0.040342,-0.1589,-0.13113,0.85446,0.47692
0.070094,0.073173,0.042101,-0.16001,-0.13409,0.85347,0.4775
0.069229,0.073479,0.043769,-0.16077,-0.13695,0.85346,0.47645
0.06828,0.073771,0.04541,-0.16148,-0.13979,0.85358,0.47517
0.067345,0.074069,0.046976,-0.16217,-0.14266,0.8537,0.47386
0.066455,0.074383,0.048516,-0.16287,-0.14536,0.85374,0.47273
0.067204,0.075202,0.050039,-0.16371,-0.1475,0.85265,0.47373
0.066409,0.075546,0.05149,-0.16421,-0.14978,0.85247,0.47317
0.065659,0.075901,0.053005,-0.16464,-0.15212,0.85217,0.47281
0.064982,0.076255,0.054558,-0.16534,-0.15482,0.85167,0.4726
0.064341,0.076564,0.056045,-0.16619,-0.15789,0.85104,0.47243
0.065331,0.077421,0.057498,-0.16738,-0.16036,0.84933,0.47424
0.06456,0.077639,0.058869,-0.16806,-0.16273,0.84894,0.47389
0.063644,0.077871,0.060108,-0.16841,-0.1646,0.84885,0.47329
0.062609,0.078027,0.061285,-0.16833,-0.1659,0.84909,0.47243
0.061467,0.078159,0.06242,-0.16773,-0.16665,0.84965,0.47137
0.061434,0.078675,0.063554,-0.16713,-0.16678,0.84944,0.47192
0.060281,0.078824,0.06474,-0.166,-0.16708,0.85013,0.47096
0.059232,0.079011,0.065966,-0.16496,-0.16745,0.85062,0.47031
0.058385,0.079238,0.06733,-0.16426,-0.16834,0.85082,0.46989
0.057664,0.079598,0.068779,-0.16412,-0.16988,0.85063,0.46972
0.057624,0.080248,0.070325,-0.16492,-0.17162,0.84889,0.47194
0.057139,0.080715,0.071978,-0.16569,-0.17415,0.84815,0.47208
0.056631,0.081157,0.073547,-0.16653,-0.17667,0.84735,0.47228
0.056062,0.081616,0.07511,-0.16706,-0.17879,0.84674,0.47239
0.055378,0.08205,0.07664,-0.16711,-0.18023,0.84646,0.47232
0.05605,0.082913,0.078287,-0.16635,-0.18064,0.84579,0.47365
0.055116,0.083277,0.079873,-0.16534,-0.18133,0.84591,0.47351
0.054106,0.083666,0.081475,-0.16391,-0.18175,0.84614,0.47343
0.053037,0.083973,0.08312,-0.16217,-0.18186,0.84656,0.47326
0.051879,0.084263,0.084771,-0.16041,-0.1817,0.84711,0.47293
0.052066,0.084975,0.086392,-0.15887,-0.18105,0.84678,0.47427
0.051015,0.085259,0.088109,-0.15691,-0.18076,0.84748,0.4738
0.05004,0.085605,0.089984,-0.15527,-0.18097,0.84797,0.47337
0.049273,0.086129,0.091984,-0.15429,-0.18214,0.84772,0.47369
0.04867,0.086648,0.09404,-0.15328,-0.18329,0.84729,0.47435
0.049482,0.087777,0.096112,-0.15256,-0.18365,0.84549,0.47765
0.048941,0.088468,0.09823,-0.151,-0.18389,0.84506,0.4788
0.048154,0.089038,0.10043,-0.14903,-0.18371,0.84483,0.4799
0.047399,0.089625,0.10255,-0.1468,-0.18332,0.84491,0.48059
0.046464,0.0902,0.10467,-0.14448,-0.1829,0.84518,0.48099
0.046572,0.091039,0.10684,-0.14244,-0.18234,0.84472,0.4826
0.045658,0.091594,0.10908,-0.14009,-0.1822,0.84512,0.48265
0.044689,0.092128,0.11134,-0.13781,-0.18213,0.84545,0.48275
0.043674,0.092628,0.11367,-0.13548,-0.18201,0.84567,0.48308
0.042729,0.093178,0.11602,-0.13309,-0.18189,0.84581,0.48353
0.042968,0.094056,0.11842,-0.13076,-0.1814,0.84512,0.48557
0.041955,0.094518,0.12088,-0.12798,-0.18091,0.84528,0.48621
0.040973,0.095008,0.12334,-0.12512,-0.1804,0.84547,0.48681
0.040069,0.095531,0.12584,-0.12267,-0.1804,0.84549,0.48739
0.039144,0.096,0.12845,-0.12006,-0.18018,0.84554,0.48804
0.039369,0.096765,0.13113,-0.11776,-0.18001,0.84537,0.48897
0.038522,0.097248,0.13378,-0.11535,-0.17992,0.84536,0.48958
0.037758,0.097715,0.13642,-0.11282,-0.17956,0.84542,0.49021
0.036991,0.098196,0.13909,-0.10975,-0.17871,0.84558,0.49094
0.036132,0.098648,0.14173,-0.10622,-0.17738,0.84579,0.49182
0.037083,0.099563,0.14443,-0.10286,-0.17583,0.84506,0.49435
0.036263,0.099952,0.14719,-0.09922,-0.17467,0.84512,0.4954
0.035414,0.10036,0.14996,-0.095692,-0.17369,0.84507,0.49651
0.034692,0.10077,0.15277,-0.092361,-0.17293,0.84491,0.49769
0.033998,0.10122,0.15558,-0.089117,-0.17227,0.84474,0.49879
0.033813,0.10188,0.15842,-0.086425,-0.17152,0.84323,0.50208
0.033065,0.10221,0.16128,-0.083322,-0.17105,0.84315,0.50289
0.032352,0.10249,0.1641,-0.080238,-0.1705,0.84317,0.50354
0.031739,0.10279,0.16694,-0.077102,-0.17005,0.84314,0.50424
0.031146,0.10313,0.16982,-0.074038,-0.16966,0.84303,0.505
0.031044,0.10375,0.17271,-0.071561,-0.16915,0.84149,0.5081
0.030475,0.1041,0.17558,-0.068656,-0.16887,0.84125,0.50899
0.029861,0.10446,0.1785,-0.065708,-0.1685,0.84101,0.5099
0.029266,0.1048,0.18135,-0.062816,-0.16808,0.84085,0.51067
0.028595,0.1051,0.18419,-0.060118,-0.16765,0.84079,0.51122
0.030194,0.1059,0.18702,-0.057297,-0.16679,0.83983,0.51341
0.02944,0.10611,0.18983,-0.053785,-0.16576,0.84008,0.5137
0.028597,0.10633,0.19268,-0.049939,-0.16451,0.8404,0.51398
0.027806,0.10654,0.19547,-0.045888,-0.16299,0.84074,0.51428
0.027016,0.10674,0.19825,-0.041662,-0.16137,0.84105,0.51464
0.028148,0.10726,0.20109,-0.037381,-0.15977,0.84097,0.5156
0.027354,0.10744,0.20396,-0.032964,-0.15817,0.84115,0.5161
0.026592,0.10764,0.20682,-0.028465,-0.15649,0.84132,0.5166
0.025788,0.10781,0.20963,-0.023923,-0.15468,0.84147,0.51714
0.025025,0.10795,0.21246,-0.019384,-0.15275,0.8416,0.51769
0.025211,0.10844,0.21519,-0.015275,-0.15059,0.8401,0.52089
0.02441,0.10852,0.21789,-0.010511,-0.14812,0.84036,0.52129
0.023456,0.10858,0.22048,-0.005281,-0.145,0.84089,0.5214
0.02255,0.10858,0.22302,0.00031588,-0.14152,0.84148,0.52142
0.021685,0.10856,0.22561,0.006019,-0.13825,0.84195,0.52151
0.022687,0.10896,0.22817,0.011086,-0.13528,0.84048,0.52456
0.02216,0.10892,0.23073,0.016273,-0.13264,0.84038,0.52526
0.021762,0.10889,0.23325,0.021319,-0.12997,0.84001,0.52635
0.021505,0.10885,0.2357,0.026509,-0.12694,0.83943,0.52778
0.021396,0.10894,0.23808,0.031839,-0.12355,0.83871,0.52942
0.02198,0.10924,0.24037,0.037029,-0.1198,0.83671,0.53311
0.021911,0.10923,0.24247,0.042696,-0.11563,0.83615,0.53447
0.021771,0.10916,0.24452,0.04846,-0.1112,0.83573,0.53557
0.02146,0.10908,0.24661,0.054333,-0.10657,0.8354,0.53646
0.021438,0.10904,0.24854,0.060208,-0.10199,0.83505,0.53728
0.0224,0.10916,0.25047,0.065827,-0.097777,0.83405,0.53895
0.022611,0.1092,0.25233,0.0714,-0.093724,0.8334,0.53996
0.02296,0.10927,0.25416,0.077007,-0.089745,0.83247,0.5413
0.023407,0.10933,0.25602,0.08273,-0.08576,0.8313,0.5429
0.024057,0.10939,0.25778,0.088438,-0.081817,0.82992,0.54471
0.025554,0.10967,0.25951,0.093686,-0.078152,0.82686,0.54902
0.026325,0.10975,0.26115,0.098824,-0.074184,0.82545,0.55079
0.027146,0.10981,0.26276,0.10398,-0.070062,0.82417,0.55229
0.02819,0.10988,0.26422,0.10905,-0.066035,0.82296,0.55361
0.029338,0.10998,0.26559,0.11412,-0.062183,0.82168,0.55494
0.032436,0.11029,0.26693,0.11913,-0.058849,0.8184,0.55908
0.033649,0.11036,0.26845,0.12466,-0.055028,0.81683,0.56055
0.034899,0.11046,0.26992,0.1305,-0.050937,0.8151,0.56212
0.036228,0.11058,0.2713,0.13662,-0.046622,0.81317,0.56383
0.037531,0.11064,0.27269,0.14291,-0.042342,0.8111,0.5656
0.040406,0.11087,0.27399,0.14921,-0.038351,0.80744,0.56948
0.041684,0.11095,0.27524,0.15578,-0.033783,0.80544,0.57085
0.04292,0.11098,0.27648,0.16227,-0.028962,0.80356,0.57195
0.044189,0.11105,0.27762,0.16863,-0.024031,0.80168,0.57297
0.045523,0.11113,0.27869,0.17466,-0.019329,0.79976,0.57402
0.046289,0.11114,0.27939,0.17466,-0.019329,0.79976,0.57402
0.048048,0.11132,0.28032,0.18049,-0.015101,0.79671,0.57659
0.050431,0.11154,0.2815,0.19253,-0.0054206,0.79174,0.57969
0.052054,0.11168,0.28232,0.19897,-0.00013234,0.78885,0.58149
0.053599,0.11183,0.28309,0.20555,0.0054133,0.78579,0.58331
0.054469,0.11174,0.2836,0.20555,0.0054133,0.78579,0.58331
0.056416,0.11192,0.28437,0.21231,0.010709,0.78125,0.5869
0.058821,0.11204,0.28535,0.22527,0.021835,0.77514,0.58986
0.060271,0.11205,0.28609,0.23154,0.027334,0.77225,0.591
0.061784,0.112,0.28672,0.23761,0.032864,0.76932,0.59212
0.062469,0.11187,0.28717,0.23761,0.032864,0.76932,0.59212
0.064,0.11186,0.28776,0.24368,0.038317,0.76594,0.5937
0.066394,0.11206,0.28834,0.25628,0.050281,0.75914,0.59624
0.067889,0.11211,0.28882,0.263,0.056591,0.75525,0.59768
0.069196,0.11214,0.28947,0.27002,0.0629,0.75119,0.59904
0.069439,0.11202,0.29005,0.27002,0.0629,0.75119,0.59904
0.07071,0.11204,0.29081,0.2776,0.068922,0.74644,0.60085
0.071761,0.112,0.29157,0.28555,0.075341,0.74236,0.6014
0.072951,0.11194,0.29227,0.29352,0.08179,0.73831,0.60171
0.074307,0.11191,0.29294,0.30083,0.087838,0.73421,0.60226
0.076674,0.11173,0.29337,0.30718,0.093401,0.73007,0.60326
0.078171,0.11178,0.29368,0.31259,0.098746,0.72564,0.60497
0.079665,0.11189,0.29387,0.31771,0.10443,0.72101,0.60688
0.081162,0.11201,0.29395,0.32296,0.11063,0.71607,0.60885
0.082477,0.11207,0.29402,0.32861,0.11721,0.71101,0.61053
0.083613,0.11211,0.29423,0.33483,0.12412,0.70591,0.6117
0.084804,0.11205,0.29462,0.34204,0.13045,0.69997,0.61321
0.085436,0.11193,0.29527,0.35009,0.13757,0.69542,0.61229
0.086018,0.11176,0.29602,0.35917,0.14515,0.6911,0.61017
0.08673,0.11147,0.29678,0.36845,0.15263,0.68654,0.60796
0.087778,0.11118,0.2974,0.37711,0.15929,0.68174,0.60634
0.089039,0.11094,0.29778,0.38471,0.16514,0.67668,0.60566
0.090401,0.11074,0.298,0.39137,0.17052,0.67121,0.606
0.091741,0.11056,0.29801,0.3974,0.17611,0.66553,0.60673
0.092846,0.11037,0.29801,0.40359,0.18246,0.65968,0.60716
0.093523,0.11015,0.29822,0.41051,0.18977,0.65378,0.60666
0.094023,0.11051,0.29882,0.41876,0.19799,0.64792,0.60468
0.094223,0.11025,0.29954,0.42875,0.20694,0.64196,0.60103
0.094701,0.10993,0.30036,0.43919,0.21586,0.63588,0.5968
0.095477,0.1096,0.30095,0.4487,0.22375,0.62975,0.59331
0.096693,0.10925,0.30132,0.45659,0.23046,0.6237,0.59111
0.098597,0.10923,0.29997,0.4631,0.23629,0.61751,0.59024
0.099682,0.10976,0.30038,0.46923,0.24241,0.61125,0.58943
0.099158,0.10908,0.3027,0.47628,0.24936,0.60453,0.58781
0.099146,0.10875,0.30379,0.4849,0.25737,0.5972,0.5848
0.098937,0.10833,0.30531,0.4954,0.26613,0.58927,0.5801
0.099752,0.10822,0.30532,0.50676,0.27494,0.58092,0.57458
0.10014,0.10813,0.30705,0.51797,0.28292,0.57245,0.56918
0.099823,0.10735,0.31048,0.52862,0.28992,0.56405,0.56422
0.10047,0.10682,0.31226,0.53849,0.29607,0.55578,0.5599
0.10113,0.10625,0.31403,0.54795,0.30153,0.54747,0.55597
0.10257,0.1059,0.31419,0.55769,0.30689,0.53877,0.55185
0.10319,0.1053,0.31634,0.56786,0.31265,0.52954,0.54715
0.10298,0.10418,0.32053,0.57884,0.31888,0.51993,0.54123
0.10355,0.10327,0.32325,0.59065,0.32561,0.51023,0.53365
0.10433,0.1023,0.32617,0.60283,0.33207,0.50054,0.52516
0.10618,0.10154,0.32737,0.61519,0.33773,0.49093,0.5162
0.10815,0.10129,0.33048,0.62768,0.34234,0.48127,0.50715
0.10941,0.099679,0.33569,0.64044,0.34611,0.47139,0.49784
0.11185,0.098163,0.33903,0.65347,0.34939,0.46091,0.48832
0.11533,0.096753,0.34058,0.66682,0.35265,0.44947,0.4785
0.11835,0.094894,0.34403,0.68054,0.35593,0.43693,0.46826
0.1223,0.094534,0.34725,0.69482,0.35933,0.4233,0.45708
0.12581,0.092515,0.35025,0.70912,0.36292,0.4088,0.44533
0.12952,0.090477,0.35278,0.72306,0.36642,0.39392,0.43331
0.1333,0.088456,0.35499,0.73623,0.36949,0.37926,0.42144
0.13707,0.086451,0.35686,0.74844,0.37164,0.36507,0.41042
0.14112,0.085437,0.35837,0.75969,0.37295,0.35149,0.40029
0.14471,0.083571,0.35963,0.76978,0.3735,0.33845,0.39164
0.14809,0.081741,0.36054,0.77891,0.37382,0.32556,0.38413
0.15281,0.079487,0.36133,0.78757,0.37432,0.31266,0.37666
0.15594,0.077708,0.36196,0.796,0.37514,0.29959,0.36865
0.15949,0.077381,0.36237,0.8042,0.37622,0.28656,0.36001
0.1622,0.075809,0.36251,0.81183,0.37759,0.2738,0.35127
0.16461,0.074394,0.36244,0.81882,0.37877,0.26172,0.34287
0.16809,0.072563,0.36222,0.82514,0.3795,0.25074,0.33503
0.16999,0.071299,0.36192,0.8312,0.37868,0.24071,0.32827
0.17209,0.071906,0.36147,0.83608,0.3785,0.23225,0.32212
0.17318,0.071096,0.36093,0.84032,0.37838,0.22468,0.31655
0.17407,0.070496,0.36024,0.84381,0.3788,0.21761,0.31167
0.17486,0.070033,0.35944,0.84676,0.38014,0.21069,0.30678
0.17536,0.069669,0.35861,0.84967,0.38166,0.2039,0.30136
0.17531,0.068911,0.35775,0.85218,0.3841,0.19767,0.29527
0.1752,0.068783,0.35681,0.85425,0.38718,0.19205,0.28891
0.17483,0.068891,0.35562,0.85575,0.39076,0.18718,0.28276
0.17422,0.069163,0.35434,0.85667,0.39487,0.18324,0.27681
0.17354,0.069417,0.3531,0.85773,0.39803,0.17955,0.27135
0.17291,0.071771,0.35191,0.85749,0.40322,0.17683,0.26619
0.1713,0.072648,0.35042,0.85643,0.4094,0.17434,0.26176
0.16935,0.073723,0.34879,0.85476,0.41665,0.17206,0.25726
0.1681,0.074512,0.34716,0.85288,0.42471,0.17013,0.25156
0.16563,0.075771,0.34552,0.85062,0.43389,0.1686,0.24447
0.16298,0.077453,0.34388,0.84777,0.44444,0.16719,0.23624
0.15999,0.078928,0.34227,0.84432,0.45639,0.16567,0.22667
0.15669,0.080476,0.34074,0.84023,0.46953,0.16406,0.21596
0.15305,0.082142,0.33919,0.83524,0.48338,0.16283,0.20545
0.14887,0.083987,0.33733,0.82901,0.497,0.16288,0.19801
0.14461,0.086081,0.33531,0.82202,0.50945,0.16428,0.19433
0.14019,0.087919,0.33329,0.81509,0.52061,0.16601,0.19246
0.13578,0.08967,0.33122,0.80863,0.5307,0.16748,0.19082
0.13147,0.091314,0.3293,0.80306,0.53966,0.16853,0.18833
0.12739,0.092821,0.32756,0.79831,0.54788,0.16898,0.18431
0.12331,0.093591,0.32591,0.7944,0.55541,0.16866,0.17887
0.11957,0.094806,0.32442,0.79063,0.56303,0.16773,0.17255
0.11593,0.095943,0.32285,0.78679,0.5709,0.16612,0.16562
0.11211,0.097005,0.32134,0.78261,0.57922,0.16411,0.15843
0.10814,0.098046,0.31982,0.77778,0.58743,0.16305,0.15297
0.10417,0.099152,0.31827,0.77268,0.59478,0.16344,0.14997
0.10026,0.10001,0.31687,0.7679,0.60097,0.16481,0.14832
0.096503,0.10076,0.31565,0.76385,0.60604,0.16649,0.14673
0.093648,0.10121,0.31468,0.76079,0.61001,0.16783,0.14462
0.090088,0.10176,0.31393,0.75741,0.6147,0.16895,0.14118
0.087288,0.10221,0.31332,0.75601,0.61731,0.16901,0.13719
0.084589,0.10247,0.31276,0.75473,0.62003,0.16854,0.13245
0.081963,0.1027,0.31219,0.75314,0.62332,0.16761,0.12708
0.079499,0.10285,0.31176,0.75099,0.6274,0.16637,0.12124
0.076309,0.10303,0.31138,0.74713,0.6333,0.16558,0.11542
0.073366,0.10348,0.311,0.74366,0.63807,0.16558,0.11146
0.070229,0.10366,0.31075,0.74002,0.64235,0.16679,0.10923
0.067058,0.10383,0.3106,0.73672,0.64587,0.16862,0.10796
0.064225,0.10403,0.31063,0.73422,0.64841,0.17047,0.10686
0.061559,0.10421,0.31067,0.73252,0.65025,0.17175,0.10531
0.059079,0.10437,0.31066,0.73137,0.65181,0.17212,0.10302
0.056647,0.10459,0.31063,0.73036,0.6535,0.17178,0.10004
0.054167,0.10479,0.31052,0.72898,0.65571,0.17119,0.096599
0.051519,0.10502,0.31052,0.72698,0.65859,0.17073,0.09281
0.048708,0.1053,0.3105,0.7243,0.66203,0.17065,0.08937
0.045812,0.10559,0.31057,0.72101,0.66586,0.17109,0.086646
0.042761,0.10579,0.31065,0.7174,0.6697,0.17217,0.084832
0.03971,0.10598,0.31069,0.714,0.67315,0.17344,0.083598
0.03678,0.10616,0.31078,0.71114,0.67602,0.17459,0.082419
0.033947,0.1063,0.31082,0.70865,0.67862,0.17532,0.080915
0.031247,0.10675,0.31073,0.70627,0.68119,0.17566,0.079444
0.028434,0.10684,0.31051,0.70379,0.68384,0.1759,0.078138
0.025526,0.1069,0.31021,0.70103,0.68679,0.17598,0.076867
0.022708,0.10696,0.30997,0.69804,0.69001,0.17595,0.075231
0.019774,0.10699,0.3099,0.69486,0.69353,0.17561,0.073105
0.016921,0.1073,0.30978,0.69172,0.69699,0.17529,0.070714
0.013864,0.10735,0.30948,0.6885,0.7003,0.17547,0.068928
0.010719,0.10733,0.30911,0.68521,0.7035,0.17601,0.067808
0.007489,0.1073,0.3086,0.68167,0.70679,0.17682,0.067224
0.0042602,0.10719,0.30806,0.67791,0.71018,0.17777,0.066952
0.0011044,0.10718,0.30747,0.67398,0.71371,0.1788,0.06629
-0.0020577,0.10697,0.30694,0.67009,0.71728,0.17966,0.06485
-0.0053167,0.10668,0.30653,0.66614,0.72091,0.18047,0.063051
-0.0088065,0.10642,0.30605,0.66204,0.72462,0.18135,0.061212
-0.012223,0.10607,0.30557,0.65766,0.72849,0.18234,0.059429
-0.015721,0.10572,0.30499,0.653,0.73246,0.18368,0.057959
-0.019363,0.10527,0.30426,0.64799,0.73642,0.1857,0.057448
-0.023043,0.10483,0.30348,0.6428,0.74012,0.1888,0.058163
-0.027508,0.10431,0.30258,0.63778,0.74337,0.19255,0.059665
-0.031056,0.10375,0.30169,0.63309,0.74622,0.19653,0.061061
-0.034276,0.10312,0.30081,0.62916,0.74844,0.20034,0.062104
-0.037337,0.1025,0.29983,0.62563,0.75047,0.20359,0.062778
-0.04025,0.10183,0.29882,0.62221,0.75251,0.20642,0.063036
-0.040862,0.10128,0.29728,0.61857,0.7547,0.20928,0.063255
-0.044953,0.10045,0.29611,0.61325,0.75808,0.21262,0.063447
-0.050305,0.099372,0.29524,0.60887,0.76045,0.21644,0.064465
-0.05332,0.098477,0.29377,0.60395,0.76287,0.22109,0.066262
-0.056255,0.097537,0.29223,0.59891,0.76525,0.22591,0.068293
-0.057026,0.09675,0.29027,0.59398,0.76763,0.23023,0.070178
-0.060176,0.09572,0.28864,0.58848,0.77061,0.23391,0.071669
-0.064793,0.094659,0.28698,0.584,0.77293,0.23697,0.073273
-0.067454,0.093687,0.28488,0.5796,0.77517,0.23989,0.07504
-0.070212,0.092626,0.28261,0.57491,0.77736,0.24335,0.07724
-0.070824,0.091621,0.27998,0.5696,0.77956,0.24783,0.080066
-0.073848,0.090243,0.27744,0.56311,0.78228,0.2532,0.082723
-0.07661,0.088901,0.27493,0.55719,0.78436,0.25889,0.085452
-0.081402,0.087103,0.27296,0.55136,0.78631,0.26468,0.08759
-0.084045,0.08562,0.27045,0.54588,0.7881,0.27016,0.089054
-0.084064,0.084631,0.26704,0.54067,0.78962,0.27567,0.090521
-0.087262,0.083242,0.26391,0.53527,0.791,0.28146,0.092586
-0.089881,0.081782,0.26055,0.52937,0.79216,0.28824,0.095768
-0.095966,0.079719,0.25765,0.52246,0.79318,0.29642,0.10018
-0.099128,0.078005,0.25379,0.51448,0.794,0.3061,0.10575
-0.098769,0.076839,0.24865,0.50557,0.7945,0.31722,0.11203
-0.10169,0.074913,0.24424,0.49641,0.79444,0.32931,0.11828
-0.10441,0.072984,0.23977,0.48751,0.79373,0.3419,0.12423
-0.11104,0.070087,0.23636,0.47907,0.79231,0.35485,0.12969
-0.10925,0.069338,0.23056,0.47111,0.79019,0.36811,0.13471
-0.11165,0.067455,0.22595,0.4634,0.78729,0.38199,0.13971
-0.1143,0.065192,0.2214,0.45532,0.78377,0.39669,0.14497
-0.11695,0.06241,0.21687,0.44691,0.77996,0.4115,0.15036
-0.11945,0.059734,0.21205,0.4377,0.77624,0.42602,0.15615
-0.12182,0.056999,0.20689,0.4276,0.77264,0.44023,0.16241
-0.1237,0.054535,0.20145,0.41715,0.7692,0.45377,0.16855
-0.12572,0.052237,0.19576,0.40671,0.76599,0.46632,0.17433
-0.12715,0.050102,0.18971,0.39631,0.76278,0.4783,0.17985
-0.12836,0.048315,0.18351,0.38589,0.75941,0.48988,0.18548
-0.1297,0.046349,0.17721,0.37514,0.75588,0.50128,0.19139
-0.13097,0.044223,0.17097,0.36423,0.75247,0.51204,0.19732
-0.13254,0.041815,0.16501,0.35335,0.74978,0.52145,0.20264
-0.13349,0.039531,0.15931,0.34382,0.7476,0.52899,0.20749
-0.13398,0.037655,0.15375,0.33555,0.74623,0.53457,0.21163
-0.13403,0.036088,0.14805,0.32825,0.74531,0.53878,0.2156
-0.13359,0.034878,0.14207,0.32136,0.74422,0.54264,0.21999
-0.13373,0.033188,0.13566,0.31222,0.74316,0.54785,0.2238
-0.13297,0.032039,0.12893,0.30408,0.74005,0.55405,0.22998
-0.13229,0.030594,0.12182,0.2947,0.73568,0.56186,0.23714
-0.13173,0.02888,0.11471,0.28433,0.7305,0.5706,0.24482
-0.13124,0.027033,0.1079,0.27385,0.72525,0.57903,0.25246
-0.13107,0.024952,0.10166,0.26396,0.72079,0.58633,0.25885
-0.13042,0.023135,0.095826,0.25584,0.71689,0.59221,0.26438
-0.1294,0.021647,0.090183,0.24857,0.71316,0.59757,0.26931
-0.12786,0.020438,0.084267,0.2414,0.70893,0.60322,0.27437
-0.12593,0.019368,0.07792,0.23345,0.70357,0.60999,0.28002
-0.12358,0.018412,0.070763,0.22353,0.69658,0.6184,0.28706
-0.12086,0.017527,0.062583,0.21112,0.68724,0.62868,0.29646
-0.1178,0.016727,0.053646,0.19592,0.67569,0.64047,0.308
-0.11456,0.015916,0.044799,0.17975,0.66394,0.65171,0.31961
-0.11118,0.015061,0.036591,0.16489,0.6535,0.66121,0.32946
-0.10787,0.014076,0.029475,0.15303,0.64581,0.66821,0.33618
-0.10494,0.012366,0.023151,0.14408,0.64015,0.6735,0.34037
-0.10135,0.011736,0.01728,0.13673,0.63467,0.6786,0.34352
-0.097339,0.011491,0.01136,0.12946,0.62765,0.68474,0.34703
-0.092787,0.011627,0.0050313,0.12109,0.61828,0.69234,0.35175
-0.087883,0.011884,-0.00191,0.1109,0.60655,0.70102,0.35828
-0.083057,0.011666,-0.008914,0.099251,0.59373,0.70971,0.36599
-0.077891,0.011973,-0.015488,0.088107,0.5821,0.71699,0.37326
-0.073029,0.012052,-0.021525,0.078398,0.57259,0.72263,0.3792
-0.068438,0.01213,-0.026921,0.070363,0.56521,0.72694,0.3836
-0.064781,0.011586,-0.031986,0.062094,0.559,0.73158,0.3853
-0.060744,0.01111,-0.036915,0.055412,0.55236,0.73556,0.3883
-0.056204,0.011305,-0.041722,0.048313,0.54463,0.74011,0.39151
-0.05179,0.011469,-0.046261,0.04136,0.53662,0.74464,0.39477
-0.047415,0.011639,-0.050697,0.034647,0.52869,0.74884,0.39815
-0.04342,0.011593,-0.05485,0.028191,0.52123,0.75266,0.40129
-0.039624,0.011341,-0.058761,0.022419,0.51451,0.75565,0.40469
-0.035709,0.011546,-0.062274,0.017292,0.5085,0.75817,0.4078
-0.032016,0.011702,-0.065413,0.013152,0.50341,0.76041,0.4101
-0.028412,0.011885,-0.068343,0.0096234,0.49852,0.76272,0.41188
-0.026081,0.011233,-0.071307,0.0048655,0.49263,0.76658,0.41189
-0.022057,0.011596,-0.074346,0.00063703,0.48517,0.77013,0.41413
-0.017421,0.012233,-0.077686,-0.0047557,0.47602,0.77428,0.41698
-0.012256,0.01305,-0.081411,-0.011544,0.46509,0.77885,0.42065
-0.0065527,0.014111,-0.085409,-0.02001,0.45264,0.78347,0.42531
-0.0005279,0.015231,-0.089467,-0.02956,0.43967,0.7876,0.4307
0.0055265,0.016421,-0.093331,-0.038957,0.42774,0.79078,0.4361
0.011603,0.017572,-0.096972,-0.047289,0.4173,0.79313,0.44111
0.017797,0.018844,-0.1003,-0.054828,0.40766,0.79513,0.44562
0.024167,0.02017,-0.10348,-0.062332,0.39779,0.79719,0.44985
0.030691,0.021477,-0.10653,-0.071033,0.38643,0.80032,0.4529
0.037885,0.023146,-0.10942,-0.080666,0.37368,0.80322,0.45683
0.045273,0.024818,-0.11217,-0.091557,0.35991,0.80606,0.46082
0.052832,0.026526,-0.11467,-0.10327,0.34551,0.80862,0.46486
0.060309,0.028327,-0.11679,-0.11483,0.33154,0.81058,0.46889
0.067765,0.030141,-0.1187,-0.12595,0.31832,0.81193,0.47283
0.074691,0.031935,-0.1202,-0.13586,0.30674,0.81278,0.47628
0.080744,0.033428,-0.12142,-0.1438,0.29755,0.8133,0.47888
0.086089,0.034693,-0.12243,-0.14995,0.29026,0.81388,0.48048
0.090963,0.035899,-0.12316,-0.15497,0.28385,0.81467,0.48138
0.094984,0.036844,-0.12353,-0.15497,0.28385,0.81467,0.48138
0.099626,0.03784,-0.12395,-0.1603,0.27689,0.81695,0.47982
0.10563,0.039412,-0.12449,-0.17193,0.26077,0.81884,0.48161
0.11157,0.040862,-0.12484,-0.17945,0.25132,0.81912,0.48341
0.11745,0.04232,-0.12518,-0.18779,0.24136,0.81887,0.48573
0.12206,0.043388,-0.12504,-0.18779,0.24136,0.81887,0.48573
0.12711,0.044436,-0.12543,-0.19656,0.23172,0.81943,0.48601
0.13298,0.045752,-0.12617,-0.21036,0.21655,0.81811,0.48943
0.13739,0.046695,-0.12635,-0.21555,0.21069,0.81781,0.49024
0.14159,0.047677,-0.12634,-0.22024,0.20487,0.81775,0.49072
0.14499,0.048502,-0.12601,-0.22024,0.20487,0.81775,0.49072
0.1498,0.049592,-0.12586,-0.23167,0.18916,0.81891,0.48984
0.15493,0.050951,-0.12545,-0.23837,0.17996,0.81824,0.4912
0.15989,0.052189,-0.12512,-0.24515,0.17148,0.81713,0.49275
0.16452,0.05327,-0.12494,-0.25075,0.16524,0.81587,0.49415
0.16752,0.053934,-0.12459,-0.25075,0.16524,0.81587,0.49415
0.17116,0.054627,-0.1245,-0.25536,0.16023,0.81579,0.49356
0.17512,0.055488,-0.12425,-0.2587,0.15627,0.81489,0.49459
0.17927,0.056485,-0.12373,-0.26227,0.15141,0.81399,0.4957
0.1837,0.057598,-0.12301,-0.26687,0.14486,0.81288,0.49702
0.18853,0.058813,-0.1221,-0.27272,0.13708,0.81149,0.49832
0.19355,0.06003,-0.12111,-0.27953,0.12869,0.80977,0.49957
0.19854,0.061213,-0.12018,-0.28677,0.11997,0.80778,0.50086
0.20351,0.062452,-0.1192,-0.2938,0.11142,0.80565,0.50219
0.20837,0.063729,-0.11812,-0.30061,0.10292,0.80347,0.50346
0.21275,0.064996,-0.11712,-0.30722,0.09468,0.80129,0.50456
0.217,0.066127,-0.11604,-0.31337,0.086926,0.80066,0.50317
0.22146,0.067339,-0.11485,-0.31929,0.079893,0.79875,0.50365
0.22586,0.068508,-0.11357,-0.3249,0.07286,0.79707,0.50379
0.23016,0.069614,-0.11225,-0.33018,0.065877,0.79554,0.50374
0.23401,0.070734,-0.11082,-0.33496,0.058957,0.79418,0.50359
0.23786,0.0717,-0.1093,-0.33965,0.051521,0.79354,0.50228
0.24222,0.072787,-0.1076,-0.34422,0.044741,0.79193,0.50235
0.24681,0.073953,-0.10568,-0.34948,0.037145,0.7899,0.50253
0.25188,0.075228,-0.10369,-0.35686,0.027578,0.78656,0.50321
0.25701,0.07648,-0.10159,-0.36496,0.017917,0.78267,0.50389
0.26059,0.077054,-0.099511,-0.37327,0.0079619,0.7795,0.50298
0.26616,0.078247,-0.097347,-0.38147,-0.00094616,0.77509,0.50371
0.27248,0.079825,-0.095084,-0.38916,-0.0093085,0.77066,0.50453
0.27728,0.080819,-0.093051,-0.39582,-0.016574,0.76651,0.50548
0.2813,0.08181,-0.090989,-0.40159,-0.023311,0.76274,0.50637
0.28427,0.08222,-0.088804,-0.40682,-0.031316,0.76051,0.50512
0.28891,0.083248,-0.086403,-0.41196,-0.038821,0.75696,0.50577
0.29443,0.084649,-0.083746,-0.41711,-0.047203,0.75327,0.50633
0.29878,0.085648,-0.0809,-0.42264,-0.056449,0.7493,0.5067
0.30301,0.086567,-0.07809,-0.42857,-0.065338,0.74505,0.50691
0.30613,0.086959,-0.075438,-0.43491,-0.073861,0.74107,0.50618
0.3117,0.088068,-0.072606,-0.44177,-0.081769,0.73663,0.5055
0.31602,0.088788,-0.069898,-0.44863,-0.089442,0.73231,0.50444
0.32024,0.089546,-0.067125,-0.45544,-0.097046,0.72809,0.50303
0.32416,0.090291,-0.064356,-0.46176,-0.10453,0.72404,0.50162
0.3265,0.090448,-0.061815,-0.46729,-0.11244,0.72106,0.49907
0.33023,0.091209,-0.059075,-0.47242,-0.11946,0.71743,0.49784
0.33385,0.092014,-0.056125,-0.47736,-0.12679,0.71368,0.4967
0.33747,0.092764,-0.053258,-0.48226,-0.13366,0.70991,0.49557
0.34096,0.093453,-0.05049,-0.48719,-0.13986,0.7061,0.49448
0.34442,0.094058,-0.047739,-0.49232,-0.14613,0.70237,0.4929
0.34789,0.094656,-0.044955,-0.49783,-0.15238,0.69808,0.49155
0.35148,0.095216,-0.042134,-0.50368,-0.15893,0.6935,0.49
0.355,0.095728,-0.039236,-0.50997,-0.16583,0.68844,0.48834
0.35893,0.096243,-0.036102,-0.51662,-0.17338,0.68297,0.48642
0.36235,0.096842,-0.032803,-0.52344,-0.18204,0.67741,0.48373
0.36594,0.097469,-0.029339,-0.53057,-0.1909,0.67104,0.48142
0.36953,0.098111,-0.025747,-0.5377,-0.19989,0.66427,0.47923
0.37304,0.098698,-0.02224,-0.54466,-0.20792,0.65757,0.4772
0.37633,0.099189,-0.018954,-0.55141,-0.21499,0.65108,0.4752
0.37947,0.099641,-0.015753,-0.55767,-0.22195,0.64526,0.47262
0.3824,0.10005,-0.012658,-0.56384,-0.22819,0.63931,0.47042
0.38542,0.10043,-0.0096567,-0.56959,-0.23436,0.63367,0.4681
0.3882,0.10083,-0.0065964,-0.5752,-0.24085,0.62813,0.46539
0.39081,0.10123,-0.003353,-0.58086,-0.24835,0.62239,0.46212
0.39304,0.10176,3.5547e-05,-0.58608,-0.25751,0.61719,0.45746
0.39552,0.10225,0.0034785,-0.59179,-0.26516,0.61089,0.45418
0.39801,0.10269,0.0068676,-0.59745,-0.2718,0.60459,0.45128
0.40053,0.10308,0.010133,-0.60293,-0.27752,0.59848,0.44865
0.40265,0.10352,0.013251,-0.60807,-0.28305,0.59266,0.44596
0.40466,0.1039,0.016224,-0.61216,-0.28968,0.58811,0.44212
0.40639,0.10427,0.019088,-0.61616,-0.29531,0.58333,0.43916
0.40818,0.10454,0.021843,-0.61969,-0.30114,0.57907,0.43587
0.40966,0.10493,0.024606,-0.62286,-0.30761,0.57509,0.43208
0.41061,0.10546,0.027422,-0.62577,-0.31498,0.5711,0.42782
0.41203,0.10593,0.030364,-0.62847,-0.32293,0.56705,0.4233
0.41341,0.10636,0.03335,-0.63137,-0.3306,0.56275,0.41879
0.41472,0.10676,0.036297,-0.63431,-0.33752,0.55855,0.41442
0.41602,0.10712,0.03918,-0.63738,-0.34356,0.55456,0.4101
0.41713,0.10745,0.041998,-0.6404,-0.34919,0.55073,0.40577
0.41773,0.10785,0.044798,-0.64222,-0.35651,0.54813,0.4
0.41876,0.10819,0.047503,-0.64474,-0.36206,0.54455,0.39583
0.41968,0.10852,0.050234,-0.64695,-0.36779,0.54096,0.39186
0.42055,0.10889,0.052931,-0.64878,-0.37353,0.53749,0.38815
0.41998,0.10955,0.055635,-0.65041,-0.37944,0.53406,0.38441
0.42019,0.10997,0.058382,-0.65081,-0.38741,0.53161,0.37914
0.42077,0.11027,0.061192,-0.65228,-0.39314,0.52819,0.37547
0.42138,0.11046,0.063775,-0.65369,-0.3978,0.52524,0.37223
0.42194,0.11061,0.066179,-0.65497,-0.40138,0.52296,0.36936
0.42244,0.11071,0.068405,-0.65597,-0.40458,0.52118,0.36659
0.42264,0.11086,0.070434,-0.65628,-0.40832,0.52008,0.36344
0.42289,0.11105,0.072253,-0.65645,-0.41151,0.51903,0.36101
0.423,0.11126,0.074117,-0.65622,-0.41491,0.51818,0.35877
0.42311,0.11154,0.076186,-0.65579,-0.41859,0.5173,0.35654
0.42476,0.11145,0.078447,-0.65544,-0.42278,0.51595,0.35419
0.42464,0.11171,0.080787,-0.65514,-0.42731,0.51451,0.35138
0.42481,0.11186,0.083124,-0.65527,-0.43091,0.51301,0.34896
0.42482,0.11206,0.085451,-0.65558,-0.43382,0.51165,0.34674
0.42479,0.11224,0.087771,-0.65599,-0.43652,0.51033,0.34451
0.42464,0.11248,0.090124,-0.65632,-0.43947,0.50892,0.34223
0.42415,0.11283,0.092561,-0.65572,-0.444,0.50786,0.33908
0.42377,0.11327,0.095015,-0.65521,-0.44812,0.50646,0.33675
0.42325,0.11376,0.097441,-0.65415,-0.45256,0.5052,0.33473
0.42269,0.11434,0.099907,-0.65279,-0.45692,0.50417,0.33301
0.42173,0.11501,0.10229,-0.65141,-0.46095,0.50334,0.3314
0.42078,0.11568,0.10458,-0.64971,-0.46541,0.50307,0.32892
0.41997,0.11636,0.10683,-0.64871,-0.46882,0.50268,0.32665
0.41917,0.11708,0.10903,-0.6477,-0.47213,0.50243,0.32426
0.41823,0.11787,0.11122,-0.6465,-0.47553,0.50231,0.32186
0.41725,0.11868,0.11337,-0.64508,-0.47938,0.50208,0.31936
0.41607,0.11958,0.11556,-0.64323,-0.48396,0.50177,0.31665
0.41551,0.12033,0.11774,-0.64125,-0.48838,0.50149,0.31432
0.41437,0.12128,0.11974,-0.63913,-0.49229,0.5015,0.31249
0.41322,0.12229,0.12165,-0.63711,-0.4955,0.50192,0.31088
0.41216,0.12331,0.12331,-0.63537,-0.49807,0.50261,0.30922
0.41075,0.12432,0.12489,-0.63258,-0.50158,0.50431,0.30648
0.40975,0.12537,0.12647,-0.63086,-0.50359,0.50538,0.30496
0.40868,0.12649,0.12801,-0.62931,-0.50568,0.50625,0.30328
0.40758,0.12762,0.12962,-0.628,-0.50804,0.50665,0.30135
0.40672,0.12871,0.13121,-0.6268,-0.51055,0.50683,0.2993
0.40543,0.12977,0.1328,-0.62464,-0.51404,0.50754,0.29664
0.40464,0.13078,0.13435,-0.62334,-0.5161,0.50781,0.29533
0.40384,0.13182,0.13608,-0.62159,-0.51845,0.50775,0.29502
0.40304,0.13288,0.13781,-0.6198,-0.52082,0.50754,0.29495
0.40178,0.13401,0.13937,-0.61818,-0.52285,0.50766,0.29457
0.40083,0.13508,0.14083,-0.616,-0.52514,0.50812,0.29424
0.39982,0.1363,0.14231,-0.61393,-0.5269,0.50856,0.29467
0.39909,0.13745,0.14376,-0.61188,-0.52878,0.50886,0.29506
0.39831,0.13866,0.14524,-0.60965,-0.53091,0.50891,0.29575
0.39807,0.13983,0.14665,-0.60772,-0.53295,0.509,0.29592
0.39718,0.14107,0.14812,-0.60568,-0.5354,0.50899,0.29568
0.39624,0.1424,0.1496,-0.60408,-0.53754,0.50861,0.29573
0.39553,0.14365,0.15116,-0.60256,-0.53985,0.50794,0.29578
0.39468,0.14496,0.15273,-0.60086,-0.54218,0.50724,0.29617
0.39373,0.1463,0.15433,-0.59873,-0.54454,0.50663,0.2972
0.39274,0.14761,0.15596,-0.5954,-0.54769,0.50648,0.29833
0.39195,0.14899,0.15758,-0.59232,-0.54999,0.50613,0.30084
0.3912,0.15037,0.15929,-0.58896,-0.5524,0.50568,0.30377
0.39044,0.15171,0.16106,-0.58538,-0.55498,0.50508,0.30696
0.39003,0.15297,0.16294,-0.58146,-0.55799,0.50427,0.31027
0.3891,0.15431,0.16492,-0.57716,-0.56148,0.50312,0.31386
0.38791,0.15567,0.16711,-0.57246,-0.56538,0.50157,0.3179
0.38703,0.15695,0.16959,-0.56733,-0.56983,0.49941,0.32252
0.38624,0.1582,0.17229,-0.56174,-0.5748,0.49645,0.32801
0.38579,0.15939,0.17509,-0.55578,-0.57986,0.49302,0.33438
0.38508,0.16059,0.17783,-0.54946,-0.5843,0.48987,0.34164
0.38427,0.16172,0.18036,-0.5431,-0.588,0.48738,0.34894
0.38358,0.16272,0.18274,-0.53677,-0.59112,0.4855,0.35601
0.38286,0.16366,0.18512,-0.53055,-0.59402,0.48391,0.36262
0.38184,0.16468,0.18752,-0.52452,-0.59697,0.48208,0.36892
0.38123,0.16558,0.1899,-0.51858,-0.59991,0.48013,0.37504
0.38068,0.16641,0.19232,-0.5126,-0.60257,0.47824,0.38136
0.3801,0.16721,0.19476,-0.5061,-0.60525,0.47634,0.38811
0.37959,0.16796,0.19725,-0.4989,-0.60792,0.47444,0.39553
0.37898,0.16863,0.19971,-0.49138,-0.61007,0.47284,0.40346
0.37849,0.16912,0.20204,-0.48413,-0.61167,0.47152,0.41127
0.37814,0.16946,0.20431,-0.47709,-0.61302,0.47024,0.41889
0.37788,0.16976,0.20673,-0.46998,-0.61428,0.46872,0.42671
0.37777,0.17006,0.20906,-0.46236,-0.61517,0.46731,0.43521
0.37771,0.17029,0.2111,-0.45391,-0.61535,0.46642,0.4447
0.37766,0.1705,0.21334,-0.44504,-0.61525,0.46563,0.45452
0.37729,0.17059,0.21575,-0.43636,-0.61543,0.46413,0.46413
0.37741,0.17049,0.21828,-0.42842,-0.61615,0.46149,0.47312
0.37773,0.17017,0.22094,-0.42158,-0.61715,0.45792,0.48136
0.37816,0.16981,0.22356,-0.4155,-0.61769,0.45441,0.48921
0.37885,0.16947,0.22598,-0.40997,-0.61725,0.45138,0.49718
0.37945,0.16918,0.2281,-0.4036,-0.61607,0.44993,0.5051
0.38003,0.16899,0.22986,-0.39635,-0.61407,0.44983,0.5133
0.38061,0.16878,0.23159,-0.38861,-0.61189,0.45006,0.52155
0.38096,0.16851,0.23342,-0.38111,-0.60993,0.44966,0.52966
0.38174,0.16805,0.23538,-0.37487,-0.60839,0.44744,0.53771
0.38247,0.16736,0.23771,-0.36916,-0.60769,0.44395,0.54529
0.38339,0.16644,0.24032,-0.36393,-0.6072,0.43939,0.55299
0.38442,0.1655,0.24304,-0.35858,-0.60634,0.43498,0.56087
0.38506,0.16462,0.24573,-0.35286,-0.60514,0.43104,0.56877
0.38598,0.16372,0.24828,-0.34674,-0.60361,0.4277,0.57663
0.38716,0.16292,0.25076,-0.34013,-0.60184,0.42516,0.58424
0.388,0.16213,0.25304,-0.33303,-0.59984,0.42348,0.59156
0.38861,0.16138,0.25533,-0.32528,-0.59771,0.42227,0.59885
0.39052,0.16005,0.2578,-0.31707,-0.59579,0.42072,0.60622
0.39109,0.15902,0.26045,-0.30942,-0.59406,0.41768,0.61391
0.3917,0.15784,0.26345,-0.30208,-0.59321,0.41384,0.62096
0.39232,0.15644,0.26672,-0.2959,-0.59289,0.40906,0.62737
0.39326,0.15486,0.27027,-0.29026,-0.59292,0.40397,0.63325
0.39554,0.15273,0.27391,-0.28469,-0.59321,0.39894,0.63867
0.39655,0.15108,0.27751,-0.27906,-0.5932,0.39389,0.64427
0.39777,0.14952,0.28095,-0.27276,-0.59279,0.38981,0.64981
0.3985,0.14803,0.28414,-0.26623,-0.59191,0.38617,0.65546
0.39915,0.14651,0.28727,-0.25984,-0.59082,0.38264,0.66106
0.4012,0.14443,0.29036,-0.25371,-0.58972,0.37898,0.66651
0.4019,0.14275,0.29357,-0.2479,-0.58885,0.3748,0.67181
0.4025,0.14096,0.29678,-0.24224,-0.58823,0.37023,0.67693
0.40349,0.13911,0.29999,-0.2366,-0.58754,0.36552,0.68207
0.40459,0.13722,0.30304,-0.23067,-0.58653,0.36093,0.68739
0.40611,0.13518,0.30595,-0.2243,-0.5851,0.3563,0.69311
0.40732,0.13333,0.30871,-0.21775,-0.58303,0.35146,0.69938
0.40918,0.13156,0.31129,-0.21095,-0.58068,0.3468,0.70572
0.41034,0.12977,0.31383,-0.20438,-0.57827,0.34203,0.71193
0.4116,0.12781,0.31628,-0.1981,-0.57603,0.33706,0.71787
0.41364,0.12542,0.31877,-0.19198,-0.57391,0.33193,0.72359
0.41521,0.1232,0.32123,-0.18706,-0.57143,0.32517,0.72989
0.41658,0.12093,0.32356,-0.1808,-0.56915,0.31971,0.73564
0.41794,0.11854,0.32581,-0.17341,-0.56694,0.31424,0.74146
0.41932,0.11602,0.32797,-0.16521,-0.56529,0.30847,0.74699
0.42052,0.11363,0.33012,-0.15794,-0.56348,0.30322,0.75207
0.42187,0.11132,0.3321,-0.15265,-0.56097,0.29692,0.75753
0.4229,0.10898,0.33413,-0.14716,-0.55858,0.29139,0.76251
0.42432,0.10659,0.33609,-0.14174,-0.55607,0.28608,0.76737
0.42588,0.10414,0.33793,-0.13644,-0.5536,0.28099,0.77198
0.42763,0.10158,0.33974,-0.13138,-0.55117,0.27627,0.77629
0.4291,0.099094,0.34152,-0.12675,-0.54866,0.27088,0.78073
0.43037,0.096524,0.34317,-0.12163,-0.54602,0.26565,0.78517
0.43171,0.093995,0.34469,-0.11628,-0.54298,0.26039,0.78984
0.4332,0.091412,0.34605,-0.11078,-0.53961,0.25522,0.79462
0.43474,0.088896,0.34732,-0.10533,-0.53603,0.25012,0.79939
0.43638,0.086271,0.34853,-0.099985,-0.53248,0.24467,0.80412
0.4381,0.083657,0.34957,-0.094342,-0.52867,0.23914,0.80896
0.43979,0.080901,0.35048,-0.088733,-0.5246,0.23341,0.8139
0.44153,0.078002,0.35128,-0.083286,-0.52008,0.22747,0.81905
0.44377,0.074736,0.35191,-0.077807,-0.51525,0.22144,0.82427
0.44571,0.071582,0.35243,-0.072913,-0.51011,0.21447,0.82974
0.44754,0.068511,0.3528,-0.06746,-0.50471,0.20866,0.83497
0.44932,0.065606,0.35296,-0.061855,-0.49898,0.20347,0.84011
0.45104,0.062711,0.35291,-0.05599,-0.493,0.19887,0.84514
0.45366,0.059329,0.35268,-0.050342,-0.48682,0.19466,0.85005
0.45547,0.056432,0.35234,-0.045278,-0.48078,0.19007,0.8548
0.45725,0.053449,0.35193,-0.040681,-0.47517,0.18535,0.85919
0.45911,0.05039,0.35157,-0.036824,-0.46975,0.18056,0.86335
0.46093,0.047243,0.35109,-0.032927,-0.46417,0.17581,0.8675
0.46272,0.044096,0.35034,-0.028836,-0.45808,0.17113,0.8718
0.46452,0.040955,0.34933,-0.024408,-0.45117,0.16643,0.87644
0.46631,0.03801,0.34805,-0.01925,-0.44367,0.16225,0.88117
0.46806,0.035167,0.34658,-0.013822,-0.43575,0.15837,0.88592
0.4698,0.03243,0.34496,-0.0088017,-0.42771,0.1546,0.89055
0.47164,0.029615,0.34324,-0.0042189,-0.41979,0.15077,0.895
0.47347,0.026702,0.34143,-0.00027021,-0.41198,0.14613,0.8994
0.47547,0.023887,0.33951,0.0034721,-0.40419,0.14183,0.9036
0.47732,0.020924,0.33735,0.0068192,-0.39625,0.13749,0.90776
0.47918,0.018045,0.33506,0.010182,-0.38825,0.13347,0.91178
0.48209,0.014026,0.33262,0.01369,-0.38007,0.1297,0.91572
0.48366,0.01119,0.33008,0.016928,-0.37172,0.12535,0.91969
0.48591,0.0089085,0.32753,0.020556,-0.36325,0.12211,0.92343
0.48727,0.0062956,0.32498,0.024219,-0.35472,0.11887,0.92707
0.48865,0.0037186,0.32235,0.027712,-0.3462,0.11554,0.93061
0.49022,0.0010033,0.31963,0.031115,-0.33765,0.11216,0.93405
0.49165,-0.0017316,0.31687,0.034299,-0.32922,0.10817,0.93741
0.49399,-0.003845,0.31412,0.037695,-0.32095,0.10481,0.94052
0.49523,-0.0063931,0.31135,0.041386,-0.31271,0.10153,0.9435
0.49639,-0.0089353,0.30857,0.04537,-0.30451,0.09831,0.94634
0.49747,-0.011384,0.30583,0.049852,-0.29631,0.095308,0.94902
0.49851,-0.013811,0.30308,0.054638,-0.28819,0.092248,0.95155
0.49937,-0.016028,0.3004,0.059683,-0.28003,0.089724,0.95392
0.5002,-0.018111,0.29775,0.065048,-0.27187,0.087489,0.95614
0.5009,-0.020108,0.2951,0.07057,-0.26379,0.085448,0.95819
0.5016,-0.02211,0.29244,0.076004,-0.25575,0.08336,0.96014
0.50231,-0.024159,0.28975,0.080986,-0.24801,0.080351,0.96202
0.50299,-0.025927,0.28716,0.086217,-0.24024,0.07806,0.96372
0.50357,-0.02763,0.28455,0.091617,-0.2325,0.07574,0.9653
0.50407,-0.02933,0.28198,0.096893,-0.22488,0.073335,0.96678
0.50489,-0.031543,0.27948,0.10187,-0.21757,0.070884,0.96812
0.50536,-0.033406,0.27698,0.10638,-0.21064,0.067166,0.96943
0.50497,-0.034431,0.27586,0.10638,-0.21064,0.067166,0.96943
0.50583,-0.03613,0.27213,0.117,-0.19606,0.063072,0.97154
0.50593,-0.037103,0.26963,0.12345,-0.18822,0.061362,0.9724
0.50596,-0.037799,0.26713,0.13067,-0.17999,0.060209,0.97309
0.50514,-0.037935,0.2662,0.13067,-0.17999,0.060209,0.97309
0.50467,-0.03816,0.26389,0.1385,-0.17144,0.059219,0.97361
0.50405,-0.038073,0.26155,0.14723,-0.16265,0.059499,0.97382
0.5034,-0.03788,0.25925,0.15674,-0.15392,0.060192,0.97371
0.50285,-0.038161,0.25709,0.16649,-0.14566,0.059889,0.97338
0.50235,-0.038475,0.25498,0.17382,-0.13797,0.058669,0.9733
0.50205,-0.038908,0.25282,0.17924,-0.13082,0.055952,0.97346
0.50145,-0.039275,0.25059,0.18396,-0.12357,0.05405,0.97364
0.50062,-0.039515,0.24843,0.1888,-0.11628,0.05229,0.9737
0.49904,-0.03877,0.24626,0.19481,-0.10846,0.051241,0.97348
0.4978,-0.038443,0.24416,0.20219,-0.10004,0.051223,0.97288
0.49649,-0.038051,0.24208,0.21039,-0.091211,0.051376,0.972
0.49526,-0.037632,0.23998,0.21841,-0.082438,0.051657,0.971
0.4941,-0.037342,0.23783,0.22568,-0.07396,0.051641,0.97002
0.49301,-0.037174,0.23563,0.23196,-0.065837,0.051094,0.96915
0.49192,-0.036957,0.23337,0.23738,-0.057978,0.050111,0.96839
0.49081,-0.03665,0.23114,0.24255,-0.050231,0.048949,0.9676
0.48943,-0.036171,0.22895,0.24849,-0.041993,0.048598,0.9665
0.48791,-0.035607,0.22674,0.25555,-0.033167,0.048615,0.965
0.48626,-0.034804,0.22453,0.2631,-0.024115,0.04888,0.96323
0.48611,-0.033435,0.22161,0.27096,-0.015096,0.04948,0.9612
0.48416,-0.032267,0.21986,0.27933,-0.0059708,0.050375,0.95885
0.48208,-0.030825,0.21824,0.28861,0.0033915,0.051817,0.95604
0.47985,-0.029178,0.21681,0.29891,0.013262,0.053796,0.95267
0.47768,-0.027436,0.21544,0.31005,0.023314,0.056101,0.94878
0.4755,-0.025745,0.21428,0.32117,0.033092,0.058427,0.94464
0.47335,-0.024152,0.21318,0.33201,0.042579,0.060491,0.94037
0.47137,-0.022696,0.21214,0.34286,0.051833,0.062533,0.93587
0.46956,-0.021653,0.21082,0.35327,0.060868,0.063952,0.93135
0.46807,-0.021074,0.20935,0.36219,0.069231,0.064507,0.92729
0.46669,-0.020713,0.20789,0.36909,0.076625,0.064297,0.92399
0.46532,-0.020613,0.20668,0.37478,0.082909,0.062745,0.92126
0.46417,-0.019951,0.20577,0.38026,0.089224,0.062127,0.91847
0.46251,-0.019331,0.20527,0.38679,0.095831,0.062196,0.91506
0.46062,-0.018302,0.20515,0.39556,0.10296,0.063252,0.91046
0.45866,-0.017102,0.20547,0.40655,0.1107,0.065124,0.90456
0.45663,-0.01569,0.20621,0.41874,0.11861,0.067528,0.89779
0.45458,-0.014197,0.20727,0.43143,0.12649,0.070377,0.89046
0.45239,-0.012505,0.20884,0.44458,0.13393,0.073643,0.8826
0.45019,-0.010809,0.21061,0.45808,0.14098,0.077182,0.87426
0.44794,-0.0092262,0.21278,0.47158,0.14783,0.080657,0.86559
0.44567,-0.0078447,0.21514,0.48504,0.1546,0.083926,0.85662
0.4435,-0.0065462,0.21766,0.49853,0.16145,0.087303,0.84722
0.44138,-0.0052672,0.22038,0.51216,0.16848,0.090564,0.83732
0.43939,-0.0040908,0.22318,0.52539,0.17539,0.09372,0.8273
0.43755,-0.0030569,0.22586,0.53827,0.18193,0.096702,0.8172
0.43598,-0.0023693,0.22823,0.55066,0.18752,0.098948,0.80735
0.4343,-0.0024255,0.23015,0.56178,0.19223,0.10069,0.79832
0.43319,-0.0022518,0.23167,0.57108,0.19611,0.10192,0.79058
0.43244,-0.0024422,0.23281,0.57807,0.19896,0.10263,0.78468
0.43191,-0.0028428,0.23372,0.58334,0.20088,0.10313,0.78021
0.43152,-0.003586,0.23481,0.58791,0.20172,0.10314,0.77656
0.43092,-0.0042705,0.23605,0.59231,0.20259,0.10408,0.77285
0.4302,-0.0047623,0.23763,0.59753,0.20365,0.10571,0.76831
0.42936,-0.0052008,0.23946,0.60396,0.20491,0.10775,0.76265
0.42858,-0.0056342,0.24136,0.61126,0.20628,0.10982,0.75614
0.42798,-0.0060745,0.24323,0.61921,0.20732,0.11151,0.74911
0.42755,-0.0064941,0.24479,0.62655,0.20844,0.11313,0.74242
0.42721,-0.0070021,0.24615,0.63263,0.20919,0.11452,0.73682
0.42673,-0.0074873,0.24748,0.63745,0.20948,0.11576,0.73238
0.42637,-0.0082078,0.24886,0.64154,0.20936,0.11712,0.72862
0.42593,-0.0090539,0.25042,0.64596,0.20897,0.11844,0.72459
0.42528,-0.0099251,0.25222,0.65134,0.20874,0.12011,0.71956
0.42476,-0.010895,0.25448,0.65733,0.20837,0.12172,0.71392
0.42432,-0.012012,0.25705,0.66368,0.2079,0.12337,0.70788
0.42394,-0.01326,0.25978,0.67106,0.20719,0.12536,0.70074
0.4237,-0.014641,0.26245,0.67969,0.20606,0.12736,0.69235
0.42341,-0.016076,0.26473,0.68855,0.20547,0.12969,0.68328
0.42328,-0.017332,0.26645,0.69645,0.20504,0.13147,0.67501
0.42311,-0.018571,0.26777,0.70233,0.20477,0.1324,0.66879
0.42313,-0.01993,0.26874,0.70611,0.20428,0.13286,0.66485
0.42317,-0.021367,0.26949,0.70908,0.2033,0.13299,0.66196
0.42298,-0.023127,0.27027,0.7123,0.20206,0.1335,0.65877
0.42305,-0.024756,0.27108,0.7161,0.20047,0.13426,0.65497
0.42316,-0.026456,0.27202,0.72044,0.19849,0.13541,0.65056
0.42336,-0.028191,0.27308,0.72513,0.19633,0.13686,0.64568
0.42356,-0.029813,0.27406,0.73001,0.19404,0.13829,0.64056
0.42402,-0.031327,0.27469,0.73471,0.19164,0.1391,0.63571
0.42447,-0.032946,0.27488,0.73875,0.1894,0.13914,0.63168
0.42497,-0.034509,0.27457,0.74154,0.18761,0.1385,0.62907
0.42536,-0.035828,0.27395,0.74283,0.18629,0.13742,0.62819
0.42594,-0.037454,0.27315,0.74316,0.18387,0.13489,0.62905
0.42585,-0.039116,0.27258,0.74266,0.18299,0.13364,0.63016
0.42614,-0.040426,0.27222,0.74288,0.18206,0.13269,0.63038
0.42643,-0.041846,0.27232,0.74451,0.18071,0.13222,0.62895
0.4267,-0.043338,0.2727,0.74752,0.17885,0.13232,0.62587
0.42709,-0.045097,0.27339,0.75161,0.17566,0.13222,0.62189
0.42738,-0.046553,0.27396,0.75535,0.17318,0.13286,0.6179
0.42773,-0.04795,0.27429,0.75833,0.1708,0.13297,0.61489
0.42821,-0.049295,0.27432,0.76013,0.16883,0.13245,0.61331
0.42859,-0.050414,0.27414,0.76094,0.16745,0.13142,0.61291
0.42891,-0.051508,0.27401,0.7611,0.16638,0.13034,0.61323
0.42922,-0.05245,0.27401,0.7613,0.16549,0.12943,0.61342
0.42943,-0.05354,0.27426,0.76209,0.16438,0.12882,0.61287
0.42956,-0.054471,0.27476,0.76373,0.16285,0.12871,0.61125
0.42984,-0.055623,0.27542,0.76615,0.16083,0.12884,0.60872
0.43018,-0.056757,0.27603,0.76872,0.15847,0.12917,0.60603
0.43055,-0.057795,0.27655,0.77087,0.15608,0.12941,0.60386
0.43089,-0.058718,0.27684,0.77219,0.1538,0.1293,0.60279
0.43139,-0.059778,0.27691,0.77276,0.15192,0.12878,0.60264
0.4317,-0.060486,0.27682,0.77272,0.15033,0.12809,0.60324
0.43202,-0.061103,0.2767,0.77236,0.14891,0.12736,0.60421
0.43239,-0.06151,0.27669,0.7719,0.14781,0.12683,0.60518
0.43257,-0.062166,0.27688,0.7718,0.14652,0.12652,0.60568
0.43235,-0.062272,0.27727,0.7723,0.14509,0.12641,0.60541
0.43251,-0.062972,0.27785,0.77353,0.14346,0.12657,0.60419
0.43268,-0.063664,0.27851,0.77514,0.14169,0.12682,0.60249
0.43285,-0.064305,0.27911,0.77668,0.13979,0.12702,0.60091
0.433,-0.064824,0.27955,0.77784,0.13803,0.12713,0.59979
0.43316,-0.06527,0.27979,0.77838,0.13659,0.12694,0.59947
