-0.55151,0.37831,-0.31188,-0.94438,1.0562,-0.11512,-0.055388
-0.55142,0.37794,-0.31166,-0.94409,1.0563,-0.11515,-0.055263
-0.55145,0.37736,-0.3111,-0.94415,1.0561,-0.11534,-0.055339
-0.5513,0.37721,-0.31057,-0.94404,1.0561,-0.1155,-0.055234
-0.55133,0.37698,-0.31049,-0.94421,1.0559,-0.11547,-0.055143
-0.55141,0.37687,-0.31044,-0.94433,1.0558,-0.11538,-0.054861
-0.55148,0.37723,-0.31061,-0.94454,1.0555,-0.11539,-0.054817
-0.5516,0.37773,-0.31082,-0.94456,1.0553,-0.11551,-0.054777
-0.55168,0.37773,-0.31084,-0.94455,1.0552,-0.11551,-0.054659
-0.55161,0.37742,-0.31068,-0.9446,1.0553,-0.11552,-0.054752
-0.55165,0.37716,-0.31058,-0.94426,1.0555,-0.11565,-0.054865
-0.55186,0.3767,-0.31087,-0.94394,1.0558,-0.1156,-0.054779
-0.55202,0.37647,-0.31129,-0.94363,1.0561,-0.11597,-0.054899
-0.55222,0.37629,-0.31202,-0.94319,1.0565,-0.11622,-0.054716
-0.55243,0.37625,-0.31251,-0.94305,1.0566,-0.11657,-0.054631
-0.55265,0.37644,-0.31269,-0.94303,1.0562,-0.11687,-0.054375
-0.55276,0.3766,-0.31234,-0.94339,1.0556,-0.11728,-0.054077
-0.55282,0.37677,-0.31193,-0.94369,1.0549,-0.11743,-0.053799
-0.55272,0.37695,-0.31116,-0.94384,1.0544,-0.11776,-0.053478
-0.55258,0.3768,-0.31035,-0.94409,1.0541,-0.11789,-0.053006
-0.55265,0.37671,-0.30997,-0.94433,1.0538,-0.1179,-0.052887
-0.55264,0.37664,-0.30993,-0.94441,1.054,-0.11796,-0.052965
-0.5527,0.37665,-0.31021,-0.94441,1.0543,-0.11798,-0.053082
-0.55288,0.37683,-0.31089,-0.94431,1.0547,-0.11802,-0.053412
-0.55316,0.37725,-0.31171,-0.94394,1.0552,-0.11802,-0.053642
-0.55343,0.37768,-0.31246,-0.9437,1.0553,-0.11803,-0.053853
-0.55359,0.37816,-0.31294,-0.94361,1.0553,-0.11806,-0.053948
-0.55362,0.37863,-0.31298,-0.94381,1.0552,-0.11808,-0.053939
-0.55362,0.37902,-0.31263,-0.94402,1.0549,-0.11808,-0.05396
-0.55349,0.37938,-0.31177,-0.94447,1.0545,-0.11808,-0.054028
-0.55319,0.37962,-0.31097,-0.94494,1.0539,-0.11785,-0.054354
-0.55284,0.37923,-0.31025,-0.94518,1.0534,-0.11767,-0.054402
-0.55245,0.37865,-0.30983,-0.94549,1.053,-0.11754,-0.054607
-0.5521,0.37837,-0.30964,-0.94552,1.0532,-0.11732,-0.054414
-0.55211,0.37832,-0.30995,-0.9455,1.0532,-0.11719,-0.05426
-0.55203,0.37852,-0.31039,-0.94544,1.0535,-0.11702,-0.054042
-0.55209,0.37874,-0.31087,-0.94523,1.0538,-0.11694,-0.053682
-0.55221,0.37898,-0.31134,-0.94485,1.054,-0.1169,-0.053584
-0.55213,0.37916,-0.31168,-0.94458,1.054,-0.11705,-0.053813
-0.5521,0.37935,-0.31201,-0.94435,1.0542,-0.11717,-0.054122
-0.55208,0.3793,-0.31204,-0.94427,1.0544,-0.11724,-0.054283
-0.55183,0.37939,-0.3117,-0.94411,1.0545,-0.11704,-0.054282
-0.55171,0.37929,-0.31133,-0.9442,1.0545,-0.11701,-0.054202
-0.55151,0.37915,-0.31061,-0.94426,1.0542,-0.11702,-0.05429
-0.55126,0.37905,-0.31002,-0.94428,1.0541,-0.11692,-0.054159
-0.55101,0.37917,-0.30944,-0.9442,1.0539,-0.11701,-0.054019
-0.5512,0.37915,-0.30922,-0.94436,1.0532,-0.11703,-0.053747
-0.55112,0.3793,-0.30889,-0.9443,1.0528,-0.11722,-0.05368
-0.5511,0.37945,-0.30884,-0.94405,1.0526,-0.11739,-0.053814
-0.55093,0.37944,-0.30872,-0.94395,1.0527,-0.11759,-0.053783
-0.55095,0.37958,-0.30895,-0.94348,1.0529,-0.11769,-0.053936
-0.55098,0.37953,-0.30913,-0.94323,1.0528,-0.11788,-0.054117
-0.55097,0.37948,-0.30937,-0.94299,1.0529,-0.11776,-0.054455
-0.55102,0.37943,-0.30961,-0.94265,1.0529,-0.11782,-0.054795
-0.55089,0.37949,-0.30976,-0.94219,1.0532,-0.11801,-0.054969
-0.55097,0.37934,-0.30969,-0.94221,1.0531,-0.11823,-0.055269
-0.55093,0.37933,-0.30947,-0.94221,1.0528,-0.11838,-0.055198
-0.55086,0.37937,-0.30928,-0.94222,1.0526,-0.11847,-0.055104
-0.55076,0.37941,-0.30882,-0.94222,1.0522,-0.11851,-0.054792
-0.55064,0.37925,-0.30849,-0.9425,1.0518,-0.11846,-0.054467
-0.5505,0.37931,-0.30814,-0.94258,1.0516,-0.11853,-0.054508
-0.55035,0.37931,-0.30795,-0.94267,1.0515,-0.11859,-0.054668
-0.55041,0.37944,-0.30812,-0.94258,1.0516,-0.11879,-0.055024
-0.55062,0.3795,-0.30854,-0.94243,1.0515,-0.11882,-0.055568
-0.55101,0.37978,-0.30916,-0.94194,1.0515,-0.11886,-0.055841
-0.55137,0.38,-0.30967,-0.94137,1.0518,-0.11903,-0.055944
-0.55174,0.3803,-0.31016,-0.94089,1.0518,-0.11924,-0.055894
-0.55212,0.38065,-0.31063,-0.94068,1.052,-0.11951,-0.055501
-0.55237,0.3808,-0.31079,-0.94049,1.0525,-0.11993,-0.054865
-0.55236,0.38095,-0.31042,-0.9405,1.0528,-0.12042,-0.054329
-0.55259,0.38119,-0.3101,-0.94068,1.0527,-0.12097,-0.053854
-0.55273,0.38111,-0.30968,-0.94087,1.0525,-0.12155,-0.053437
-0.55305,0.38105,-0.30912,-0.94077,1.0521,-0.12254,-0.053109
-0.55343,0.38113,-0.30873,-0.94056,1.0518,-0.12396,-0.052792
-0.55394,0.38124,-0.30847,-0.94035,1.0514,-0.12486,-0.052518
-0.55436,0.38123,-0.30843,-0.94019,1.0515,-0.12554,-0.052474
-0.55496,0.38123,-0.30858,-0.9398,1.0519,-0.12625,-0.052478
-0.55536,0.38141,-0.30854,-0.93957,1.0523,-0.12704,-0.052503
-0.55576,0.38158,-0.30849,-0.9392,1.0528,-0.12799,-0.052108
-0.55625,0.38196,-0.30852,-0.93894,1.053,-0.12939,-0.051484
-0.55684,0.3824,-0.30855,-0.93872,1.0531,-0.13092,-0.050694
-0.5575,0.3828,-0.30885,-0.93836,1.0529,-0.13225,-0.050093
-0.5582,0.38285,-0.30947,-0.93786,1.0528,-0.13305,-0.049804
-0.55901,0.38262,-0.31032,-0.93728,1.0526,-0.13403,-0.049403
-0.55975,0.38251,-0.31125,-0.93677,1.0525,-0.13503,-0.048863
-0.56041,0.38286,-0.31178,-0.93645,1.0526,-0.13583,-0.048232
-0.56088,0.38283,-0.31215,-0.93645,1.0527,-0.13654,-0.047905
-0.5613,0.38247,-0.31207,-0.93652,1.0531,-0.13719,-0.047869
-0.56156,0.38196,-0.31181,-0.93634,1.0535,-0.13776,-0.047931
-0.56204,0.38171,-0.31196,-0.93624,1.0538,-0.13839,-0.048261
-0.5626,0.38161,-0.31224,-0.93604,1.054,-0.13931,-0.048687
-0.56327,0.38175,-0.3129,-0.93575,1.054,-0.14026,-0.048763
-0.56398,0.38222,-0.31346,-0.93534,1.0542,-0.14095,-0.048622
-0.5647,0.38272,-0.31385,-0.93519,1.0544,-0.1418,-0.048331
-0.56516,0.38295,-0.31378,-0.93512,1.0546,-0.1424,-0.048007
-0.56546,0.38287,-0.31341,-0.93501,1.0548,-0.143,-0.047812
-0.56567,0.38258,-0.31259,-0.93513,1.0549,-0.14363,-0.047787
-0.56608,0.38229,-0.31216,-0.93514,1.0551,-0.14445,-0.047992
-0.56651,0.38204,-0.31213,-0.93495,1.0554,-0.14568,-0.048407
-0.56714,0.38209,-0.31204,-0.93484,1.0556,-0.14725,-0.048986
-0.56774,0.38218,-0.31219,-0.93462,1.0558,-0.14922,-0.049787
-0.56855,0.38232,-0.31222,-0.93453,1.0559,-0.1519,-0.05058
-0.56946,0.38275,-0.31234,-0.93445,1.0561,-0.15482,-0.051326
-0.57044,0.38326,-0.3122,-0.93419,1.0561,-0.1574,-0.051545
-0.57135,0.38357,-0.31184,-0.93397,1.0564,-0.15942,-0.051169
-0.57232,0.38403,-0.31106,-0.93369,1.0566,-0.16108,-0.050449
-0.57303,0.38423,-0.30969,-0.93361,1.0566,-0.16273,-0.049925
-0.5737,0.38432,-0.30827,-0.93355,1.0567,-0.16471,-0.049509
-0.57434,0.38443,-0.30678,-0.93392,1.0566,-0.16714,-0.049825
-0.5749,0.38447,-0.30533,-0.93404,1.0565,-0.17049,-0.050691
-0.57572,0.38466,-0.3044,-0.93418,1.0566,-0.17468,-0.052097
-0.57681,0.38452,-0.30392,-0.93438,1.0564,-0.17988,-0.054169
-0.57812,0.38461,-0.30395,-0.93445,1.0561,-0.18473,-0.056578
-0.57947,0.38492,-0.30445,-0.93408,1.0562,-0.18809,-0.05787
-0.58086,0.3851,-0.30501,-0.93387,1.0567,-0.18987,-0.05787
-0.58224,0.38547,-0.30516,-0.93342,1.0574,-0.19141,-0.056748
-0.58348,0.38546,-0.30539,-0.93332,1.0581,-0.19301,-0.055324
-0.58431,0.38504,-0.305,-0.93342,1.0584,-0.19494,-0.05418
-0.58515,0.38435,-0.30442,-0.93343,1.0584,-0.19715,-0.05342
-0.58614,0.38376,-0.30397,-0.93368,1.0581,-0.19982,-0.05333
-0.58723,0.38348,-0.30361,-0.93393,1.0579,-0.20243,-0.053514
-0.58821,0.38333,-0.30305,-0.93409,1.0579,-0.20549,-0.053972
-0.58928,0.38327,-0.30283,-0.93439,1.0575,-0.20848,-0.05463
-0.59031,0.38326,-0.30298,-0.93437,1.0574,-0.21096,-0.055472
-0.59143,0.38315,-0.30328,-0.93418,1.0579,-0.21261,-0.055456
-0.59255,0.38319,-0.30367,-0.93395,1.0583,-0.21385,-0.05526
-0.59371,0.38325,-0.30362,-0.93372,1.0589,-0.21513,-0.054468
-0.59462,0.38305,-0.30339,-0.93382,1.0592,-0.21506,-0.054228
-0.59575,0.38304,-0.3031,-0.93375,1.0595,-0.21909,-0.052677
-0.59663,0.38308,-0.30264,-0.93386,1.0599,-0.22229,-0.052291
-0.59773,0.3832,-0.30207,-0.93403,1.06,-0.2264,-0.052391
-0.5989,0.38332,-0.30159,-0.93427,1.0602,-0.23136,-0.052927
-0.60013,0.38362,-0.30123,-0.93448,1.0603,-0.23753,-0.054065
-0.60141,0.38397,-0.3012,-0.9346,1.0604,-0.2446,-0.055834
-0.60295,0.38435,-0.30147,-0.9345,1.0606,-0.2517,-0.057791
-0.60443,0.38476,-0.30166,-0.93435,1.0608,-0.25804,-0.059302
-0.60608,0.38525,-0.30191,-0.93392,1.0613,-0.26352,-0.060037
-0.60769,0.38547,-0.30181,-0.93367,1.0619,-0.26817,-0.06008
-0.60878,0.38571,-0.30113,-0.93344,1.0627,-0.27267,-0.059683
-0.61001,0.38581,-0.30032,-0.93324,1.0639,-0.27798,-0.059388
-0.61089,0.38591,-0.29938,-0.93315,1.0651,-0.28413,-0.059452
-0.61177,0.38604,-0.29838,-0.93313,1.0658,-0.29106,-0.060076
-0.61293,0.38628,-0.29795,-0.93289,1.0665,-0.29112,-0.059448
-0.61394,0.38642,-0.29769,-0.93271,1.0671,-0.29931,-0.061288
-0.61521,0.38666,-0.29796,-0.93255,1.0672,-0.30797,-0.064526
-0.61652,0.3869,-0.29846,-0.93245,1.0674,-0.31677,-0.068607
-0.61789,0.38735,-0.29933,-0.93228,1.0679,-0.32489,-0.073282
-0.61924,0.38748,-0.3003,-0.93214,1.0689,-0.3327,-0.077792
-0.62076,0.38774,-0.30117,-0.93221,1.0702,-0.33997,-0.082058
-0.62208,0.38776,-0.30208,-0.93229,1.072,-0.34669,-0.085487
-0.62339,0.3877,-0.30246,-0.93242,1.0738,-0.35311,-0.087814
-0.62455,0.38759,-0.30246,-0.9327,1.0751,-0.35937,-0.089392
-0.62555,0.38759,-0.30195,-0.93283,1.0764,-0.36529,-0.090096
-0.62666,0.38767,-0.30105,-0.93309,1.0772,-0.37218,-0.090626
-0.62773,0.38795,-0.29963,-0.93329,1.0777,-0.37814,-0.090767
-0.62889,0.38824,-0.29831,-0.93369,1.0782,-0.3838,-0.09089
-0.63002,0.38834,-0.29696,-0.93445,1.0786,-0.38906,-0.091138
-0.63116,0.38865,-0.29544,-0.93507,1.0793,-0.39409,-0.091554
-0.63197,0.38897,-0.29396,-0.93585,1.0803,-0.39865,-0.092169
-0.63294,0.38938,-0.29262,-0.93665,1.0814,-0.40233,-0.092948
-0.6338,0.38965,-0.29147,-0.93713,1.0828,-0.40577,-0.093312
-0.63447,0.38991,-0.29039,-0.93764,1.0842,-0.40902,-0.093362
-0.63515,0.39031,-0.28955,-0.93773,1.0859,-0.41221,-0.092779
-0.63588,0.39052,-0.28899,-0.93764,1.0875,-0.41614,-0.091951
-0.63657,0.39057,-0.28856,-0.93737,1.089,-0.41999,-0.090867
-0.63732,0.3905,-0.28848,-0.93741,1.09,-0.42358,-0.089978
-0.638,0.39054,-0.28854,-0.93737,1.0912,-0.42703,-0.089298
-0.63882,0.39023,-0.2886,-0.93782,1.0922,-0.43044,-0.089116
-0.63962,0.39024,-0.28862,-0.93802,1.0929,-0.43431,-0.089052
-0.64036,0.39007,-0.28882,-0.93847,1.0937,-0.43749,-0.088909
-0.64121,0.39003,-0.28889,-0.939,1.0947,-0.44034,-0.087981
-0.6419,0.39014,-0.28874,-0.93961,1.0955,-0.44303,-0.086478
-0.64285,0.39032,-0.2885,-0.94023,1.0962,-0.44606,-0.08463
-0.6436,0.39058,-0.28808,-0.94079,1.0969,-0.45007,-0.082461
-0.64424,0.39036,-0.28769,-0.94122,1.0974,-0.45306,-0.079739
-0.64501,0.39019,-0.28738,-0.94171,1.0977,-0.4559,-0.077114
-0.64566,0.39048,-0.28693,-0.94177,1.098,-0.45884,-0.074325
-0.6467,0.39093,-0.28618,-0.94221,1.0979,-0.46171,-0.071771
-0.64742,0.39112,-0.28506,-0.9426,1.0983,-0.4671,-0.06954
-0.6482,0.39108,-0.28384,-0.94292,1.0989,-0.47034,-0.066821
-0.64905,0.39063,-0.28246,-0.94332,1.0997,-0.47421,-0.063859
-0.65024,0.39036,-0.28152,-0.94344,1.1005,-0.4785,-0.060256
-0.65165,0.39003,-0.28094,-0.94375,1.1011,-0.48284,-0.05628
-0.65301,0.38981,-0.28043,-0.94378,1.1017,-0.48652,-0.051244
-0.65474,0.39007,-0.28007,-0.94355,1.1024,-0.49029,-0.046195
-0.65503,0.39001,-0.28015,-0.94346,1.1043,-0.49386,-0.04143
-0.65637,0.39009,-0.27947,-0.94363,1.1047,-0.49706,-0.036827
-0.65853,0.3906,-0.27689,-0.94414,1.1036,-0.49988,-0.03241
-0.65969,0.39041,-0.27492,-0.94482,1.1043,-0.50266,-0.02984
-0.6599,0.39025,-0.27455,-0.94483,1.1066,-0.50556,-0.027237
-0.66094,0.39014,-0.27283,-0.94545,1.107,-0.50833,-0.025965
-0.66201,0.39016,-0.27143,-0.94589,1.1073,-0.5102,-0.02448
-0.6631,0.39046,-0.27053,-0.94603,1.1076,-0.51212,-0.022959
-0.66442,0.39084,-0.26974,-0.94595,1.1079,-0.51401,-0.021381
-0.66579,0.39127,-0.26943,-0.94588,1.1082,-0.51545,-0.020242
-0.66743,0.39177,-0.26959,-0.94554,1.1083,-0.51619,-0.019253
-0.66868,0.39205,-0.26961,-0.9453,1.1087,-0.51698,-0.019176
-0.67005,0.39236,-0.27003,-0.94507,1.1097,-0.51768,-0.019831
-0.67127,0.39261,-0.27031,-0.94509,1.1105,-0.51956,-0.021487
-0.6725,0.39283,-0.27093,-0.94507,1.1116,-0.52049,-0.023482
-0.67355,0.39294,-0.2716,-0.94511,1.1126,-0.52163,-0.025522
-0.67468,0.39308,-0.27225,-0.94498,1.1134,-0.52279,-0.027446
-0.67606,0.39337,-0.27297,-0.94467,1.114,-0.52449,-0.028701
-0.67718,0.39353,-0.27358,-0.94447,1.1144,-0.5264,-0.029113
-0.67845,0.39381,-0.27403,-0.9443,1.1145,-0.52864,-0.028604
-0.67958,0.39414,-0.27421,-0.94426,1.1144,-0.53046,-0.02727
-0.68077,0.39446,-0.27378,-0.94448,1.114,-0.53209,-0.025886
-0.68165,0.39485,-0.2729,-0.94493,1.1138,-0.53375,-0.024703
-0.68226,0.39511,-0.27177,-0.94544,1.1139,-0.53529,-0.02391
-0.68277,0.3949,-0.27031,-0.94651,1.1137,-0.53707,-0.023854
-0.68303,0.39439,-0.26841,-0.94755,1.1137,-0.53862,-0.023594
-0.68324,0.39423,-0.26661,-0.94859,1.1137,-0.54018,-0.023321
-0.68348,0.39411,-0.26505,-0.94936,1.1137,-0.54141,-0.022466
-0.6839,0.39398,-0.26392,-0.95004,1.1135,-0.54244,-0.021583
-0.68404,0.39421,-0.2631,-0.95013,1.1135,-0.54323,-0.020813
-0.68428,0.39442,-0.2628,-0.95013,1.1134,-0.5438,-0.020234
-0.68443,0.3948,-0.26267,-0.94998,1.1137,-0.54389,-0.019868
-0.68443,0.39526,-0.26247,-0.94975,1.1139,-0.5439,-0.019899
-0.68432,0.39561,-0.26217,-0.94971,1.1143,-0.54417,-0.020931
-0.68434,0.39604,-0.2621,-0.94967,1.1147,-0.54477,-0.022279
-0.68441,0.39631,-0.26205,-0.94966,1.1152,-0.54547,-0.02369
-0.68439,0.39674,-0.2621,-0.94963,1.1157,-0.54614,-0.024773
-0.68448,0.39716,-0.26232,-0.94933,1.1163,-0.54706,-0.025324
-0.68451,0.3975,-0.26265,-0.94895,1.1166,-0.54876,-0.025683
-0.68466,0.39775,-0.26296,-0.94847,1.1167,-0.54925,-0.02554
-0.68489,0.39808,-0.26362,-0.9481,1.1168,-0.54969,-0.02499
-0.68514,0.39841,-0.26415,-0.94789,1.1169,-0.55019,-0.025018
-0.68507,0.39872,-0.26451,-0.9478,1.1175,-0.5508,-0.025064
-0.68503,0.39892,-0.26437,-0.94804,1.1177,-0.55092,-0.025077
-0.68498,0.39911,-0.26403,-0.9482,1.1178,-0.55075,-0.025158
-0.68491,0.39918,-0.26351,-0.9484,1.1178,-0.5503,-0.025424
-0.68467,0.39922,-0.26272,-0.94854,1.1176,-0.54949,-0.02622
-0.68454,0.39924,-0.26215,-0.94845,1.1173,-0.54906,-0.027466
-0.68436,0.39917,-0.2617,-0.94846,1.1173,-0.54821,-0.02875
-0.68441,0.39934,-0.26152,-0.94822,1.1173,-0.54819,-0.029987
-0.68455,0.39935,-0.26166,-0.94783,1.1178,-0.54849,-0.030596
-0.68457,0.39937,-0.26196,-0.9474,1.1184,-0.54847,-0.030972
-0.68463,0.39937,-0.26225,-0.94701,1.1187,-0.54818,-0.031304
-0.68462,0.39954,-0.2628,-0.9462,1.1193,-0.54712,-0.031382
-0.68466,0.39941,-0.26363,-0.94574,1.1196,-0.54672,-0.03155
-0.68462,0.39939,-0.26443,-0.94521,1.1203,-0.54629,-0.031448
-0.68466,0.39936,-0.26545,-0.94477,1.1208,-0.54581,-0.031848
-0.68488,0.39952,-0.26632,-0.94439,1.121,-0.54555,-0.032764
-0.68511,0.39969,-0.26705,-0.94391,1.1212,-0.54477,-0.033601
-0.685,0.39969,-0.26734,-0.94367,1.1216,-0.54447,-0.034425
-0.685,0.39979,-0.26728,-0.94337,1.1219,-0.54432,-0.035395
-0.68509,0.39975,-0.26719,-0.94329,1.1221,-0.5444,-0.036573
-0.68485,0.39987,-0.26673,-0.94305,1.1222,-0.54445,-0.037626
-0.6847,0.39992,-0.26653,-0.94268,1.1222,-0.5458,-0.03841
-0.68454,0.40014,-0.26646,-0.94241,1.1222,-0.54545,-0.038953
-0.68466,0.40008,-0.26654,-0.9422,1.1219,-0.54533,-0.039595
-0.68468,0.40017,-0.26704,-0.94204,1.1218,-0.54534,-0.040117
-0.68477,0.40012,-0.26789,-0.94187,1.1218,-0.54501,-0.040775
-0.68488,0.40017,-0.26889,-0.94185,1.1221,-0.54406,-0.041303
-0.6851,0.4004,-0.27012,-0.94158,1.1222,-0.54349,-0.042002
-0.68514,0.40062,-0.27107,-0.94146,1.1225,-0.54263,-0.043085
-0.68537,0.40091,-0.27194,-0.94146,1.1224,-0.54158,-0.04458
-0.6855,0.40121,-0.27236,-0.94135,1.1221,-0.54053,-0.046463
-0.6854,0.40171,-0.27259,-0.94096,1.122,-0.54006,-0.049127
-0.68511,0.40215,-0.27238,-0.94065,1.1219,-0.53983,-0.051932
-0.68477,0.40232,-0.27181,-0.94042,1.1215,-0.53955,-0.054315
-0.68445,0.40257,-0.2713,-0.94033,1.1214,-0.53901,-0.056342
-0.68442,0.40264,-0.27074,-0.94037,1.1211,-0.53866,-0.057957
-0.6842,0.4027,-0.27025,-0.94023,1.1211,-0.53921,-0.058955
-0.68405,0.40261,-0.27001,-0.94035,1.1211,-0.53928,-0.059455
-0.68394,0.4028,-0.26993,-0.94031,1.1211,-0.53909,-0.059472
-0.68376,0.40308,-0.27019,-0.94005,1.1213,-0.53871,-0.059591
-0.6837,0.40356,-0.27086,-0.93981,1.1213,-0.53794,-0.059881
-0.68358,0.40381,-0.2718,-0.93938,1.1212,-0.53725,-0.060584
-0.68346,0.40346,-0.27283,-0.939,1.1211,-0.53638,-0.061289
-0.68339,0.40354,-0.27352,-0.93838,1.1208,-0.53547,-0.062299
-0.68346,0.404,-0.27427,-0.93798,1.1205,-0.53451,-0.063523
-0.68345,0.40422,-0.27443,-0.93776,1.1201,-0.53388,-0.064765
-0.68323,0.4042,-0.27413,-0.93755,1.1198,-0.53351,-0.06576
-0.68286,0.4039,-0.27336,-0.93722,1.1197,-0.53336,-0.066567
-0.68252,0.40384,-0.27279,-0.93686,1.1196,-0.53328,-0.067118
-0.6822,0.40366,-0.27249,-0.93654,1.1195,-0.53289,-0.067351
-0.68214,0.40347,-0.2729,-0.93604,1.1193,-0.53247,-0.068
-0.68202,0.40318,-0.27343,-0.93555,1.119,-0.53358,-0.069054
-0.68207,0.40324,-0.27427,-0.93511,1.1183,-0.53286,-0.070358
-0.68207,0.40306,-0.27492,-0.93461,1.1177,-0.53223,-0.071834
-0.68198,0.40271,-0.27517,-0.93429,1.1173,-0.53121,-0.073111
-0.68178,0.4021,-0.27512,-0.93413,1.1172,-0.53028,-0.074445
-0.68152,0.4017,-0.275,-0.93408,1.1172,-0.52939,-0.075935
-0.68118,0.40142,-0.27502,-0.93407,1.1173,-0.52843,-0.07763
-0.6808,0.40144,-0.27515,-0.93382,1.1175,-0.52795,-0.079489
-0.68049,0.40146,-0.27572,-0.93343,1.1176,-0.528,-0.081121
-0.68009,0.40155,-0.27627,-0.93311,1.1175,-0.52804,-0.082191
-0.67973,0.40164,-0.27682,-0.9327,1.1171,-0.52768,-0.082755
-0.67936,0.40168,-0.27754,-0.93221,1.1167,-0.52673,-0.082989
-0.67891,0.40143,-0.27808,-0.93182,1.1162,-0.52482,-0.082642
-0.67848,0.40115,-0.27873,-0.93147,1.1159,-0.52228,-0.08228
-0.67788,0.40052,-0.27935,-0.93133,1.1158,-0.51942,-0.081528
-0.67726,0.39985,-0.27985,-0.93141,1.1156,-0.51309,-0.080419
-0.67642,0.3992,-0.2806,-0.93129,1.1161,-0.51084,-0.079747
-0.67579,0.39867,-0.28171,-0.93135,1.1161,-0.50904,-0.079733
-0.67525,0.39812,-0.28275,-0.93123,1.1157,-0.50743,-0.079799
-0.67488,0.39754,-0.2838,-0.93113,1.1151,-0.50587,-0.079929
-0.67427,0.39713,-0.28457,-0.9308,1.1146,-0.5032,-0.07969
-0.67359,0.39678,-0.28481,-0.93071,1.1139,-0.50054,-0.079405
-0.67272,0.3961,-0.28455,-0.93094,1.1128,-0.49756,-0.079217
-0.67171,0.39553,-0.28415,-0.93112,1.1117,-0.49468,-0.079099
-0.67048,0.39488,-0.28362,-0.9315,1.1105,-0.49168,-0.078706
-0.66925,0.3938,-0.28317,-0.9319,1.1095,-0.48834,-0.078064
-0.66822,0.39256,-0.28271,-0.93234,1.1085,-0.48498,-0.077328
-0.66707,0.39127,-0.28229,-0.93282,1.1078,-0.48124,-0.07658
-0.66624,0.39037,-0.28233,-0.93303,1.1075,-0.47796,-0.076655
-0.66551,0.38958,-0.28208,-0.9334,1.1071,-0.47547,-0.077071
-0.66461,0.38911,-0.2819,-0.93377,1.1066,-0.47282,-0.077675
-0.66387,0.3885,-0.28167,-0.93401,1.1062,-0.46955,-0.077935
-0.66285,0.38816,-0.28144,-0.93396,1.1059,-0.46596,-0.078082
-0.66181,0.38763,-0.28125,-0.93421,1.1054,-0.46245,-0.078217
-0.66061,0.38708,-0.28082,-0.93416,1.1047,-0.4586,-0.077934
-0.65926,0.38642,-0.28053,-0.93445,1.1038,-0.45439,-0.077518
-0.65805,0.38578,-0.2807,-0.93446,1.1031,-0.4501,-0.076522
-0.65694,0.38516,-0.28083,-0.93457,1.1025,-0.44594,-0.075667
-0.656,0.38458,-0.28116,-0.93455,1.1021,-0.44211,-0.075302
-0.65496,0.38396,-0.28123,-0.93486,1.1017,-0.43919,-0.076012
-0.65392,0.38345,-0.28124,-0.93493,1.1013,-0.43712,-0.077247
-0.65292,0.38281,-0.28127,-0.9348,1.1009,-0.43537,-0.078698
-0.65086,0.38186,-0.28183,-0.93421,1.1003,-0.43095,-0.080748
-0.65086,0.38186,-0.28183,-0.93421,1.1003,-0.43095,-0.080748
-0.64846,0.38094,-0.28231,-0.93329,1.0991,-0.42567,-0.082471
-0.64702,0.3804,-0.28232,-0.93287,1.0984,-0.4229,-0.083295
-0.64565,0.37987,-0.28246,-0.93256,1.0977,-0.42014,-0.083869
-0.64565,0.37987,-0.28246,-0.93256,1.0977,-0.42014,-0.083869
-0.64429,0.37933,-0.28261,-0.93208,1.0972,-0.41738,-0.08419
-0.64156,0.37786,-0.28326,-0.9316,1.0959,-0.41302,-0.08545
-0.64043,0.37705,-0.28365,-0.93138,1.0952,-0.41064,-0.086031
-0.63951,0.37627,-0.28407,-0.93125,1.0949,-0.40858,-0.086571
-0.63855,0.37546,-0.28423,-0.93139,1.0946,-0.40647,-0.08698
-0.63779,0.37484,-0.2845,-0.93149,1.0944,-0.40422,-0.087514
-0.63682,0.37414,-0.28478,-0.93142,1.0945,-0.40156,-0.087888
-0.63564,0.37352,-0.28487,-0.93113,1.0944,-0.39845,-0.088231
-0.63432,0.37285,-0.28482,-0.93083,1.094,-0.39495,-0.088639
-0.63303,0.3722,-0.28465,-0.93042,1.0934,-0.39132,-0.089394
-0.63167,0.37148,-0.28449,-0.93008,1.0926,-0.38809,-0.09053
-0.62999,0.37053,-0.2842,-0.92994,1.0917,-0.38537,-0.091742
-0.62824,0.36968,-0.28409,-0.92963,1.091,-0.38239,-0.09263
-0.62649,0.36863,-0.28411,-0.9297,1.0905,-0.37914,-0.09318
-0.62469,0.36758,-0.28445,-0.92946,1.0905,-0.37584,-0.093025
-0.62293,0.36645,-0.28525,-0.9293,1.0907,-0.37245,-0.092852
-0.62106,0.36521,-0.28627,-0.9292,1.0907,-0.36877,-0.092848
-0.6191,0.36414,-0.28774,-0.92893,1.0906,-0.3648,-0.093125
-0.61711,0.36336,-0.28922,-0.9284,1.0902,-0.36045,-0.09401
-0.61504,0.36268,-0.29047,-0.92815,1.0894,-0.35582,-0.095798
-0.61284,0.36196,-0.29147,-0.92786,1.0886,-0.35104,-0.097857
-0.61056,0.36122,-0.29229,-0.92775,1.0878,-0.3466,-0.10016
-0.60779,0.36044,-0.29241,-0.9278,1.0874,-0.34233,-0.10241
-0.60503,0.35948,-0.29216,-0.92799,1.087,-0.33825,-0.10401
-0.60219,0.35858,-0.29166,-0.92831,1.0866,-0.33467,-0.10508
-0.59924,0.35758,-0.29114,-0.92843,1.0861,-0.33114,-0.10589
-0.59604,0.35647,-0.29062,-0.92849,1.0855,-0.32766,-0.10654
-0.59288,0.35539,-0.29022,-0.92842,1.0846,-0.32377,-0.10753
-0.58976,0.35461,-0.29017,-0.92792,1.0839,-0.31945,-0.10854
-0.58677,0.35399,-0.29045,-0.92713,1.0836,-0.31532,-0.1098
-0.58475,0.35397,-0.29159,-0.92676,1.0834,-0.31157,-0.11141
-0.58232,0.35362,-0.29199,-0.92627,1.0837,-0.30708,-0.11253
-0.58015,0.35344,-0.29223,-0.92587,1.0843,-0.30411,-0.11341
-0.57804,0.35364,-0.29262,-0.92542,1.0848,-0.30088,-0.11387
-0.57613,0.35402,-0.29312,-0.92465,1.085,-0.29752,-0.1138
-0.57424,0.35424,-0.29346,-0.92399,1.085,-0.29292,-0.11315
-0.57198,0.3543,-0.29333,-0.92332,1.0848,-0.28939,-0.1126
-0.56968,0.35414,-0.2926,-0.92264,1.0845,-0.28397,-0.11166
-0.56725,0.35415,-0.29166,-0.92232,1.0842,-0.27853,-0.11098
-0.56488,0.35454,-0.29047,-0.92202,1.0839,-0.27356,-0.11089
-0.56291,0.35462,-0.28893,-0.92204,1.0833,-0.26949,-0.11135
-0.5614,0.35432,-0.28709,-0.92229,1.0823,-0.26783,-0.11189
-0.56027,0.35412,-0.2855,-0.92227,1.0815,-0.26449,-0.11161
-0.55945,0.35392,-0.28421,-0.92238,1.0807,-0.26067,-0.1106
-0.55824,0.35383,-0.28361,-0.92219,1.0803,-0.2562,-0.10936
-0.55755,0.35399,-0.28348,-0.92167,1.0799,-0.25054,-0.10753
-0.55668,0.35426,-0.2831,-0.92151,1.0794,-0.24402,-0.10591
-0.55557,0.35418,-0.28251,-0.92145,1.0792,-0.23653,-0.1044
-0.55432,0.35372,-0.28149,-0.92138,1.0786,-0.22946,-0.10381
-0.55298,0.35263,-0.28019,-0.92159,1.0778,-0.22303,-0.10429
-0.55187,0.3517,-0.27923,-0.92157,1.0764,-0.21651,-0.10551
-0.5512,0.35089,-0.27872,-0.92135,1.075,-0.2167,-0.10583
-0.55068,0.35043,-0.27852,-0.92088,1.0736,-0.21035,-0.1073
-0.55057,0.35029,-0.27895,-0.92012,1.072,-0.19801,-0.10971
-0.55051,0.35027,-0.27988,-0.91932,1.0705,-0.19129,-0.10968
-0.55051,0.35027,-0.27988,-0.91932,1.0705,-0.19129,-0.10968
-0.54999,0.35013,-0.28235,-0.91726,1.0683,-0.17589,-0.10639
-0.54952,0.34982,-0.2836,-0.91616,1.0675,-0.16795,-0.10346
-0.54952,0.34982,-0.2836,-0.91616,1.0675,-0.16795,-0.10346
-0.54794,0.3488,-0.28556,-0.91482,1.065,-0.15277,-0.097811
-0.54721,0.34818,-0.28631,-0.9142,1.0629,-0.1462,-0.095693
-0.54647,0.34784,-0.28674,-0.91375,1.0601,-0.14022,-0.095024
-0.54564,0.34751,-0.28732,-0.91338,1.0571,-0.1405,-0.095262
-0.54515,0.34765,-0.28815,-0.91297,1.0537,-0.13413,-0.095585
-0.54448,0.34801,-0.28915,-0.91246,1.0509,-0.12738,-0.096707
-0.54388,0.34859,-0.28975,-0.91208,1.0485,-0.12017,-0.098769
-0.54299,0.34923,-0.28985,-0.91173,1.0468,-0.11318,-0.10147
-0.54196,0.3498,-0.28982,-0.91147,1.0454,-0.10556,-0.10433
-0.54103,0.35061,-0.2897,-0.91082,1.0441,-0.098668,-0.107
-0.53993,0.35099,-0.28983,-0.91018,1.0431,-0.091952,-0.10942
-0.53926,0.35132,-0.2899,-0.9092,1.0415,-0.086146,-0.11111
-0.53878,0.3516,-0.29015,-0.9083,1.0399,-0.080754,-0.11192
-0.53855,0.35163,-0.29016,-0.9076,1.0378,-0.075696,-0.11196
-0.53839,0.35161,-0.2905,-0.90692,1.0365,-0.070242,-0.11132
-0.53785,0.35183,-0.29048,-0.90603,1.0354,-0.064951,-0.10996
-0.53744,0.35208,-0.29059,-0.90554,1.0343,-0.059867,-0.10848
-0.53672,0.35233,-0.2903,-0.90552,1.0335,-0.054388,-0.10704
-0.53578,0.35251,-0.28996,-0.90567,1.033,-0.048205,-0.10558
-0.53485,0.35277,-0.28944,-0.90575,1.0324,-0.042025,-0.10457
-0.53384,0.35319,-0.28899,-0.90563,1.0317,-0.035335,-0.10391
-0.53282,0.35359,-0.28814,-0.90546,1.0306,-0.028862,-0.10367
-0.53189,0.35395,-0.28709,-0.90551,1.029,-0.023295,-0.10351
-0.53099,0.35418,-0.28609,-0.90553,1.0272,-0.018305,-0.10292
-0.53032,0.35428,-0.28545,-0.90578,1.0257,-0.013367,-0.10149
-0.52984,0.35464,-0.28498,-0.90575,1.025,-0.0081958,-0.099165
-0.52938,0.35511,-0.28486,-0.9058,1.0245,-0.002339,-0.096236
-0.5287,0.35535,-0.2848,-0.90615,1.0243,0.0038461,-0.093369
-0.52769,0.35566,-0.28473,-0.90643,1.0242,0.0098751,-0.090827
-0.52645,0.3561,-0.28454,-0.90685,1.0238,0.016782,-0.088886
-0.52538,0.35649,-0.28457,-0.90711,1.0234,0.023879,-0.087574
-0.52436,0.35706,-0.28472,-0.90689,1.0231,0.030893,-0.086819
-0.52347,0.35761,-0.28488,-0.90671,1.0222,0.037342,-0.086038
-0.52275,0.35796,-0.28476,-0.9067,1.0208,0.043642,-0.085
-0.52201,0.35848,-0.28435,-0.90657,1.0195,0.048999,-0.083459
-0.52199,0.35872,-0.28428,-0.90665,1.0183,0.054242,-0.081341
-0.52141,0.35913,-0.28409,-0.90675,1.0181,0.059347,-0.0788
-0.52019,0.35975,-0.28375,-0.90665,1.0191,0.065041,-0.075974
-0.51911,0.36013,-0.28338,-0.90672,1.0197,0.071788,-0.072365
-0.51806,0.36043,-0.28329,-0.90712,1.0198,0.077985,-0.069109
-0.51811,0.36066,-0.28343,-0.90742,1.0187,0.084001,-0.06645
-0.51692,0.36083,-0.28297,-0.90756,1.0179,0.089942,-0.064392
-0.51499,0.36101,-0.28224,-0.90748,1.0171,0.095273,-0.062699
-0.51432,0.36131,-0.2821,-0.9073,1.0155,0.10072,-0.061185
-0.5136,0.36166,-0.28198,-0.90717,1.0144,0.10628,-0.06
-0.51363,0.36181,-0.28207,-0.90738,1.0132,0.11148,-0.059253
-0.5128,0.36223,-0.28191,-0.90738,1.013,0.11612,-0.058661
-0.51195,0.36268,-0.2817,-0.90745,1.0132,0.12087,-0.057597
-0.51113,0.3629,-0.28167,-0.90771,1.0133,0.12652,-0.056131
-0.51023,0.36315,-0.28198,-0.90763,1.0139,0.13278,-0.054669
-0.50926,0.36333,-0.2823,-0.90767,1.0143,0.13944,-0.053883
-0.50833,0.36368,-0.28248,-0.90743,1.0141,0.14575,-0.053787
-0.50744,0.36396,-0.28246,-0.9072,1.0133,0.15169,-0.054445
-0.50646,0.3645,-0.28234,-0.90668,1.0127,0.15775,-0.055412
-0.50566,0.36507,-0.28227,-0.9063,1.0125,0.16331,-0.056473
-0.50493,0.36552,-0.28208,-0.90614,1.0128,0.16914,-0.057171
-0.50419,0.36578,-0.2819,-0.90586,1.0134,0.17438,-0.05741
-0.50349,0.36625,-0.28187,-0.90532,1.0143,0.17886,-0.057332
-0.50278,0.36623,-0.28217,-0.90495,1.0145,0.18362,-0.056469
-0.50219,0.36638,-0.2826,-0.90432,1.015,0.18727,-0.055018
-0.50185,0.36635,-0.2833,-0.90385,1.0154,0.19059,-0.053089
-0.50189,0.36628,-0.28412,-0.90354,1.0156,0.19337,-0.050904
-0.50185,0.36602,-0.28468,-0.90345,1.0156,0.19544,-0.04891
-0.50173,0.36604,-0.28512,-0.90311,1.0158,0.19599,-0.047398
-0.50156,0.36618,-0.28544,-0.90293,1.0161,0.1982,-0.045632
-0.50129,0.36648,-0.28536,-0.90275,1.0168,0.20085,-0.043988
-0.50086,0.36706,-0.28495,-0.90261,1.0171,0.20329,-0.042508
-0.50055,0.36737,-0.2842,-0.90297,1.0168,0.20587,-0.0413
-0.50021,0.36777,-0.28345,-0.90296,1.0168,0.20884,-0.039796
-0.50007,0.3678,-0.28285,-0.90331,1.0165,0.21182,-0.03848
-0.49966,0.3676,-0.28198,-0.90359,1.0161,0.21415,-0.037174
-0.49935,0.36773,-0.28105,-0.90406,1.0156,0.21536,-0.036137
-0.4992,0.36818,-0.28048,-0.9042,1.0153,0.2156,-0.034957
-0.49916,0.36823,-0.28031,-0.90417,1.0151,0.21471,-0.03429
-0.49943,0.36784,-0.2804,-0.90375,1.0154,0.21409,-0.033511
-0.49978,0.36743,-0.28108,-0.90346,1.0159,0.21408,-0.033195
-0.50013,0.36749,-0.28224,-0.90246,1.0167,0.21365,-0.032961
-0.50083,0.36748,-0.28336,-0.90176,1.0172,0.21281,-0.033303
-0.50143,0.36778,-0.28406,-0.9011,1.0179,0.21312,-0.03338
-0.50202,0.36826,-0.28473,-0.90061,1.0189,0.21286,-0.033522
-0.50235,0.36833,-0.28454,-0.90061,1.0194,0.2121,-0.033492
-0.50255,0.36817,-0.28369,-0.90042,1.0196,0.21116,-0.032962
-0.50219,0.36775,-0.28215,-0.9005,1.0197,0.21066,-0.032346
-0.50206,0.36709,-0.28091,-0.90072,1.0194,0.2103,-0.032381
-0.50212,0.36693,-0.27984,-0.90076,1.0189,0.20984,-0.033066
-0.50221,0.36685,-0.27927,-0.90059,1.0183,0.20937,-0.034252
-0.50261,0.36701,-0.27931,-0.90053,1.0178,0.20879,-0.03574
-0.50304,0.36747,-0.27985,-0.90017,1.0178,0.20837,-0.037012
-0.50354,0.36784,-0.28075,-0.89982,1.0181,0.20794,-0.038157
-0.50428,0.36812,-0.28172,-0.89945,1.0183,0.20771,-0.039012
-0.50487,0.36831,-0.28261,-0.89897,1.0187,0.20756,-0.039433
-0.50549,0.3685,-0.28357,-0.89837,1.0194,0.2076,-0.039518
-0.50565,0.36848,-0.28407,-0.89783,1.0198,0.20745,-0.039095
-0.50554,0.36854,-0.2843,-0.89733,1.02,0.20756,-0.038425
-0.50556,0.3685,-0.2844,-0.89693,1.0199,0.20764,-0.037565
-0.50551,0.36829,-0.28437,-0.89688,1.0197,0.208,-0.036613
-0.50541,0.36804,-0.2841,-0.89692,1.0196,0.20833,-0.035872
-0.50522,0.3677,-0.28381,-0.89709,1.0195,0.20863,-0.03507
-0.50506,0.3676,-0.28354,-0.89745,1.0194,0.20908,-0.034388
-0.50515,0.36775,-0.28349,-0.8976,1.0194,0.20918,-0.033676
-0.50515,0.36788,-0.28352,-0.89792,1.0194,0.20901,-0.033421
-0.50543,0.36845,-0.28378,-0.89782,1.0199,0.20897,-0.03302
-0.5058,0.36869,-0.28445,-0.89771,1.0203,0.20884,-0.032917
-0.50581,0.36876,-0.28494,-0.89753,1.0206,0.2086,-0.033003
-0.50587,0.36876,-0.28511,-0.89748,1.0207,0.20833,-0.032794
-0.50564,0.36876,-0.28496,-0.89739,1.0207,0.20811,-0.033162
-0.50555,0.36857,-0.28494,-0.89739,1.0207,0.2081,-0.033614
-0.50548,0.36847,-0.28467,-0.89739,1.0208,0.20844,-0.033975
-0.5055,0.36853,-0.28443,-0.89759,1.0208,0.20887,-0.034612
-0.50542,0.36845,-0.28386,-0.89784,1.0209,0.20886,-0.035329
-0.50526,0.36851,-0.28317,-0.89811,1.0212,0.20874,-0.036001
-0.50546,0.3685,-0.28287,-0.89817,1.0216,0.20827,-0.036245
-0.50563,0.36871,-0.28256,-0.89806,1.0222,0.20771,-0.035977
-0.50602,0.36877,-0.28268,-0.89783,1.0227,0.20933,-0.034987
-0.50645,0.36876,-0.28276,-0.8977,1.0229,0.2091,-0.034192
-0.50675,0.36895,-0.28272,-0.8974,1.0231,0.20879,-0.033527
-0.50699,0.36896,-0.28242,-0.8974,1.0232,0.20875,-0.032998
-0.50718,0.36892,-0.2819,-0.89746,1.023,0.20884,-0.032885
-0.50735,0.36889,-0.28119,-0.89749,1.0226,0.20919,-0.033154
-0.50732,0.36892,-0.28033,-0.89774,1.0221,0.20931,-0.033367
-0.50742,0.3693,-0.27966,-0.89777,1.0216,0.20908,-0.033862
-0.50735,0.36954,-0.2791,-0.89797,1.0213,0.20868,-0.034327
-0.50753,0.36985,-0.27899,-0.89805,1.0213,0.20793,-0.034325
-0.50777,0.3701,-0.27912,-0.89797,1.0213,0.20728,-0.033592
-0.50829,0.37024,-0.27943,-0.89761,1.0213,0.20604,-0.032303
-0.50866,0.37045,-0.27974,-0.89743,1.0214,0.20502,-0.030732
-0.50902,0.37052,-0.28005,-0.89721,1.0218,0.20404,-0.028786
-0.50953,0.37057,-0.28038,-0.89713,1.0219,0.20292,-0.026716
-0.50984,0.37053,-0.28054,-0.8973,1.0225,0.20179,-0.025125
-0.51029,0.37061,-0.28069,-0.89735,1.0227,0.2005,-0.023995
-0.51056,0.3708,-0.2807,-0.89742,1.0227,0.19908,-0.023522
-0.51069,0.371,-0.28016,-0.89776,1.0224,0.19761,-0.023835
-0.51096,0.3712,-0.27953,-0.89804,1.022,0.19639,-0.024543
-0.51125,0.37143,-0.2788,-0.8982,1.0217,0.1954,-0.025262
-0.51145,0.37169,-0.27787,-0.89818,1.0216,0.19455,-0.025558
-0.51173,0.37195,-0.27735,-0.89826,1.0217,0.194,-0.025296
-0.51183,0.37192,-0.27675,-0.8984,1.0219,0.19381,-0.024586
-0.5119,0.37218,-0.27657,-0.89827,1.0223,0.19333,-0.024023
-0.51205,0.37207,-0.27641,-0.8986,1.0227,0.19219,-0.024173
-0.51222,0.37211,-0.27677,-0.89882,1.0231,0.19022,-0.025498
-0.51258,0.37193,-0.27733,-0.89905,1.023,0.1873,-0.027423
-0.51309,0.37203,-0.27849,-0.89883,1.0233,0.18291,-0.030339
-0.5137,0.37222,-0.28005,-0.89854,1.0233,0.17815,-0.033643
-0.51443,0.37252,-0.2817,-0.89789,1.0236,0.17347,-0.036833
-0.51511,0.37291,-0.28306,-0.89708,1.0242,0.17094,-0.038976
-0.51552,0.37303,-0.28419,-0.89665,1.0252,0.16945,-0.040137
-0.51591,0.37328,-0.2843,-0.89627,1.0258,0.16822,-0.040065
-0.51588,0.37317,-0.28395,-0.89644,1.0266,0.1665,-0.039527
-0.51582,0.37304,-0.28324,-0.89696,1.0269,0.16429,-0.038594
-0.51591,0.3727,-0.28256,-0.89778,1.0275,0.16135,-0.037462
-0.51625,0.37232,-0.28191,-0.89868,1.0278,0.15684,-0.036816
-0.51655,0.37187,-0.28147,-0.89943,1.028,0.15067,-0.036961
-0.5172,0.37164,-0.28159,-0.89987,1.028,0.14446,-0.037739
-0.51804,0.37151,-0.28227,-0.90001,1.0278,0.14252,-0.038402
-0.5191,0.37177,-0.28304,-0.89968,1.0277,0.14012,-0.03887
-0.52009,0.37186,-0.28325,-0.89973,1.0268,0.13743,-0.039829
-0.52101,0.37212,-0.28288,-0.89929,1.0268,0.13603,-0.039665
-0.52174,0.37209,-0.28227,-0.89946,1.0266,0.13476,-0.039456
-0.52275,0.3724,-0.28143,-0.89985,1.0268,0.13291,-0.038798
-0.52377,0.37253,-0.28082,-0.90019,1.0273,0.13089,-0.038309
-0.52506,0.37213,-0.28027,-0.90102,1.0255,0.12837,-0.037963
-0.52612,0.37183,-0.27972,-0.90137,1.0281,0.12403,-0.038759
-0.52754,0.37186,-0.27959,-0.90194,1.0264,0.12044,-0.039258
-0.52903,0.37217,-0.2797,-0.90213,1.0266,0.11743,-0.039775
-0.53068,0.37225,-0.27984,-0.9021,1.0264,0.1155,-0.03988
-0.53236,0.37188,-0.27971,-0.90196,1.0263,0.11388,-0.039564
-0.53391,0.37154,-0.27945,-0.90161,1.026,0.11224,-0.03872
-0.53573,0.37127,-0.2795,-0.90131,1.0255,0.11065,-0.037483
-0.53728,0.37089,-0.2795,-0.90126,1.0255,0.1084,-0.036133
-0.53897,0.37082,-0.2797,-0.90135,1.0257,0.10603,-0.035143
-0.54063,0.3709,-0.2798,-0.90143,1.0264,0.10324,-0.034266
-0.54236,0.3709,-0.2798,-0.90154,1.0269,0.099553,-0.03389
-0.54402,0.37079,-0.27958,-0.90165,1.0274,0.095426,-0.034273
-0.54585,0.3706,-0.27962,-0.90157,1.0275,0.089779,-0.035078
-0.54784,0.37018,-0.27964,-0.90152,1.0271,0.086366,-0.035114
-0.55024,0.37008,-0.27983,-0.9012,1.0266,0.083222,-0.034411
-0.55261,0.3701,-0.28004,-0.90077,1.0265,0.079965,-0.032736
-0.55512,0.37021,-0.28024,-0.90049,1.0263,0.077043,-0.030249
-0.55744,0.37042,-0.28031,-0.90031,1.0266,0.073673,-0.027662
-0.55973,0.37078,-0.2802,-0.90043,1.0273,0.069407,-0.025869
-0.5617,0.37121,-0.27987,-0.90053,1.0284,0.063602,-0.0255
-0.56381,0.37153,-0.27951,-0.90077,1.0294,0.055916,-0.027293
-0.56603,0.37179,-0.27913,-0.90102,1.0298,0.048195,-0.030469
-0.56827,0.37216,-0.27903,-0.90086,1.0299,0.042666,-0.033081
-0.57083,0.37258,-0.2797,-0.90054,1.0295,0.039475,-0.034613
-0.57353,0.37315,-0.28026,-0.89981,1.0293,0.037053,-0.034668
-0.5759,0.37356,-0.28029,-0.89918,1.0296,0.03404,-0.033932
-0.57796,0.3739,-0.27979,-0.89871,1.0301,0.030438,-0.032399
-0.57994,0.3742,-0.27918,-0.89834,1.0306,0.025955,-0.030307
-0.58198,0.37458,-0.27886,-0.89829,1.0312,0.019504,-0.028891
-0.58377,0.37492,-0.27837,-0.89839,1.032,0.0099756,-0.029035
-0.58591,0.37535,-0.27845,-0.89841,1.0332,-0.00068769,-0.030893
-0.58802,0.37584,-0.27914,-0.8983,1.0341,-0.0077397,-0.032386
-0.59058,0.37648,-0.28034,-0.89788,1.0341,-0.010459,-0.032273
-0.59338,0.3771,-0.2818,-0.8971,1.034,-0.012344,-0.031303
-0.59587,0.3773,-0.28228,-0.89638,1.0349,-0.014794,-0.029905
-0.59779,0.37735,-0.28177,-0.89573,1.0358,-0.017369,-0.027866
-0.5997,0.37749,-0.28119,-0.89516,1.0363,-0.019937,-0.025443
-0.60137,0.37785,-0.28063,-0.89479,1.0367,-0.023491,-0.02275
-0.60319,0.37856,-0.28003,-0.89447,1.0373,-0.02908,-0.020493
-0.60494,0.37901,-0.27942,-0.89419,1.0385,-0.03679,-0.01934
-0.60665,0.37933,-0.27872,-0.89417,1.0397,-0.045575,-0.019432
-0.60832,0.37962,-0.27832,-0.89439,1.0404,-0.051747,-0.019906
-0.61031,0.38015,-0.27851,-0.89391,1.0405,-0.054428,-0.01927
-0.6126,0.38082,-0.27915,-0.89343,1.0405,-0.056036,-0.018195
-0.61453,0.3815,-0.27937,-0.89268,1.0419,-0.057916,-0.016988
-0.61642,0.38206,-0.27923,-0.8922,1.0432,-0.059973,-0.016079
-0.61771,0.38253,-0.27876,-0.89191,1.044,-0.061741,-0.015195
-0.61877,0.3833,-0.2785,-0.89158,1.045,-0.06488,-0.014775
-0.61984,0.38375,-0.27809,-0.89153,1.0459,-0.069169,-0.015006
-0.62104,0.38385,-0.27775,-0.89167,1.047,-0.075691,-0.016633
-0.6223,0.3842,-0.27772,-0.89199,1.0478,-0.082717,-0.019389
-0.62366,0.38468,-0.27808,-0.89183,1.0485,-0.087149,-0.021442
-0.62529,0.38548,-0.27922,-0.89156,1.0485,-0.089866,-0.022863
-0.62706,0.38614,-0.28056,-0.89104,1.0494,-0.092165,-0.023516
-0.62881,0.38671,-0.28156,-0.89038,1.051,-0.094529,-0.023547
-0.63043,0.38703,-0.28244,-0.88992,1.0524,-0.097272,-0.023304
-0.63147,0.38739,-0.28295,-0.88952,1.0537,-0.10047,-0.023081
-0.63251,0.38765,-0.28322,-0.88928,1.0551,-0.10641,-0.023361
-0.63362,0.38807,-0.28353,-0.88875,1.0565,-0.11296,-0.024721
-0.63454,0.38833,-0.28353,-0.88856,1.0581,-0.12195,-0.027792
-0.63557,0.38886,-0.28369,-0.88824,1.0593,-0.13173,-0.031555
-0.63686,0.38944,-0.28415,-0.88778,1.0601,-0.13975,-0.034853
-0.63861,0.38999,-0.28497,-0.88732,1.0606,-0.14611,-0.036253
-0.64056,0.39056,-0.28592,-0.88682,1.0615,-0.14891,-0.035936
-0.6424,0.39103,-0.28623,-0.8862,1.0633,-0.15123,-0.034466
-0.64395,0.39119,-0.2854,-0.88595,1.0651,-0.1537,-0.032592
-0.64512,0.39136,-0.28394,-0.88582,1.0661,-0.15616,-0.030428
-0.64613,0.39144,-0.28202,-0.88582,1.0666,-0.15917,-0.028074
-0.647,0.39154,-0.28003,-0.88586,1.0667,-0.16276,-0.025558
-0.64811,0.39155,-0.27767,-0.88601,1.0667,-0.16759,-0.023536
-0.64929,0.39169,-0.27577,-0.88625,1.067,-0.17313,-0.022732
-0.65047,0.3919,-0.27406,-0.88649,1.0675,-0.17791,-0.02278
-0.6516,0.39224,-0.27285,-0.88624,1.0678,-0.18294,-0.022718
-0.65295,0.39254,-0.27261,-0.88604,1.0681,-0.18537,-0.02234
-0.65437,0.39318,-0.27273,-0.88517,1.0694,-0.18851,-0.021242
-0.65559,0.39377,-0.27291,-0.88437,1.071,-0.19199,-0.019977
-0.65677,0.3943,-0.27345,-0.8835,1.0722,-0.19607,-0.018711
-0.65796,0.39462,-0.27398,-0.88284,1.0732,-0.20201,-0.018257
-0.65916,0.39481,-0.27463,-0.88212,1.0744,-0.20901,-0.018686
-0.66044,0.39506,-0.27561,-0.88141,1.0755,-0.21808,-0.020946
-0.66175,0.39517,-0.27677,-0.88057,1.0769,-0.22678,-0.023801
-0.66326,0.39512,-0.27815,-0.87966,1.0779,-0.23159,-0.025502
-0.66486,0.39535,-0.27953,-0.87842,1.0783,-0.23182,-0.025035
-0.6664,0.39562,-0.28063,-0.87717,1.0795,-0.23266,-0.024511
-0.66771,0.39591,-0.28074,-0.87591,1.0814,-0.23524,-0.023674
-0.66867,0.39588,-0.27967,-0.87518,1.0825,-0.23748,-0.022993
-0.66933,0.39573,-0.27824,-0.87476,1.0832,-0.23717,-0.021835
-0.66999,0.39577,-0.27668,-0.87448,1.0836,-0.23998,-0.020888
-0.67075,0.39603,-0.2749,-0.87409,1.084,-0.2437,-0.019394
-0.67151,0.39628,-0.2732,-0.87387,1.0848,-0.24899,-0.0178
-0.67236,0.39627,-0.27189,-0.87365,1.0859,-0.25522,-0.016467
-0.67329,0.39608,-0.27107,-0.8734,1.0866,-0.26139,-0.015858
-0.67457,0.39595,-0.27096,-0.87302,1.0872,-0.26604,-0.015212
-0.67601,0.39605,-0.27138,-0.87239,1.0883,-0.27023,-0.014236
-0.67726,0.39638,-0.27136,-0.87199,1.0894,-0.27363,-0.012933
-0.67827,0.39635,-0.27085,-0.87177,1.0904,-0.27649,-0.011503
-0.67909,0.39609,-0.26989,-0.87167,1.0911,-0.27937,-0.010184
-0.68001,0.39582,-0.26904,-0.8715,1.0918,-0.28297,-0.0090318
-0.68098,0.39578,-0.26813,-0.87139,1.0927,-0.28779,-0.0079932
-0.68185,0.39567,-0.26735,-0.87123,1.0938,-0.29381,-0.0072959
-0.68283,0.39551,-0.26671,-0.87138,1.0947,-0.30101,-0.0074051
-0.68369,0.39556,-0.26612,-0.87135,1.0953,-0.3081,-0.0082156
-0.68467,0.39573,-0.26571,-0.87118,1.0957,-0.31371,-0.0093336
-0.68549,0.39576,-0.26514,-0.87082,1.0963,-0.3181,-0.010326
-0.6863,0.39553,-0.26426,-0.87048,1.0971,-0.32179,-0.01105
-0.68703,0.39507,-0.2632,-0.87033,1.0974,-0.32492,-0.011893
-0.6875,0.39469,-0.26192,-0.87053,1.0977,-0.32798,-0.012835
-0.68793,0.39466,-0.26098,-0.8706,1.0982,-0.33118,-0.013717
-0.68842,0.39449,-0.2597,-0.87115,1.0986,-0.33594,-0.014737
-0.68871,0.39443,-0.25856,-0.87186,1.0991,-0.34135,-0.015852
-0.68921,0.39431,-0.25769,-0.87275,1.1,-0.34819,-0.017487
-0.68989,0.39431,-0.25694,-0.87375,1.1002,-0.35583,-0.020051
-0.69057,0.39433,-0.25653,-0.87459,1.1002,-0.3631,-0.023136
-0.69149,0.39437,-0.25655,-0.87519,1.1007,-0.37013,-0.025693
-0.69232,0.39443,-0.25606,-0.87585,1.1014,-0.37567,-0.027493
-0.69324,0.39436,-0.25536,-0.87658,1.1018,-0.38061,-0.028409
-0.6939,0.39413,-0.25411,-0.87751,1.1024,-0.38559,-0.028823
-0.69456,0.39392,-0.2528,-0.87851,1.1027,-0.39053,-0.029194
-0.69506,0.39377,-0.2513,-0.87954,1.1032,-0.39614,-0.029272
-0.69551,0.39369,-0.24956,-0.8806,1.1038,-0.40243,-0.029568
-0.69547,0.39356,-0.24944,-0.88106,1.1063,-0.41007,-0.029957
-0.69589,0.39349,-0.24735,-0.88245,1.1069,-0.41829,-0.030965
-0.69727,0.39347,-0.2439,-0.88485,1.1051,-0.42632,-0.032715
-0.69792,0.39351,-0.24257,-0.88607,1.1054,-0.43386,-0.034983
-0.69888,0.3938,-0.24167,-0.88698,1.1059,-0.43997,-0.03754
-0.69877,0.39347,-0.24136,-0.8876,1.1081,-0.44597,-0.039898
-0.69971,0.39314,-0.24062,-0.88856,1.1091,-0.45203,-0.041508
-0.70167,0.39308,-0.23919,-0.88967,1.1088,-0.45818,-0.042269
-0.70153,0.39268,-0.2388,-0.89038,1.1118,-0.46375,-0.042073
-0.70261,0.39249,-0.23796,-0.89117,1.1138,-0.46899,-0.041226
-0.7039,0.39255,-0.23734,-0.89174,1.1158,-0.47448,-0.040538
-0.70484,0.39269,-0.23615,-0.89226,1.1171,-0.48007,-0.040636
-0.70564,0.39259,-0.23474,-0.8929,1.1173,-0.48508,-0.041444
-0.70627,0.39254,-0.23326,-0.89345,1.1172,-0.48942,-0.04244
-0.70681,0.3926,-0.23213,-0.8937,1.1172,-0.49296,-0.043318
-0.7075,0.39272,-0.23116,-0.89385,1.1172,-0.49578,-0.043952
-0.70844,0.39282,-0.2306,-0.89415,1.1179,-0.49815,-0.044142
-0.70914,0.39291,-0.23031,-0.89431,1.1195,-0.50062,-0.043649
-0.70982,0.39298,-0.23037,-0.89435,1.1215,-0.50363,-0.042662
-0.71063,0.39306,-0.23046,-0.89432,1.1231,-0.5066,-0.041148
-0.71128,0.39319,-0.23078,-0.8941,1.1245,-0.50915,-0.039586
-0.71206,0.39345,-0.23138,-0.89343,1.1255,-0.51161,-0.038433
-0.71275,0.39377,-0.23202,-0.89274,1.1258,-0.51413,-0.038126
-0.71323,0.39395,-0.23229,-0.89223,1.1257,-0.51664,-0.038066
-0.71364,0.39423,-0.2327,-0.89194,1.1257,-0.51892,-0.038052
-0.71414,0.39436,-0.23307,-0.89182,1.1261,-0.521,-0.037526
-0.71475,0.39465,-0.23381,-0.89166,1.1272,-0.52324,-0.036634
-0.71541,0.39469,-0.23443,-0.89194,1.1287,-0.52511,-0.035117
-0.71592,0.39492,-0.23526,-0.89207,1.1304,-0.52768,-0.033043
-0.71631,0.39533,-0.23583,-0.89183,1.132,-0.5293,-0.030524
-0.71657,0.39576,-0.23633,-0.89159,1.133,-0.53067,-0.027925
-0.7168,0.3959,-0.23672,-0.89111,1.1333,-0.5318,-0.025533
-0.71721,0.39617,-0.23713,-0.89061,1.1328,-0.53268,-0.023516
-0.71721,0.39649,-0.23698,-0.89019,1.1328,-0.53424,-0.022361
-0.71725,0.39657,-0.23643,-0.8902,1.1326,-0.53555,-0.021947
-0.7173,0.39665,-0.23588,-0.89045,1.1327,-0.53628,-0.021953
-0.71748,0.39688,-0.23556,-0.89052,1.1337,-0.5372,-0.02176
-0.71773,0.39716,-0.23542,-0.89074,1.1349,-0.53775,-0.021631
-0.718,0.39743,-0.23562,-0.89047,1.1365,-0.53815,-0.021078
-0.71825,0.39778,-0.23611,-0.89,1.1381,-0.53876,-0.020616
-0.71857,0.39818,-0.23674,-0.88909,1.1392,-0.53932,-0.020076
-0.71881,0.39838,-0.23717,-0.88819,1.1396,-0.53949,-0.01918
-0.7189,0.39842,-0.23758,-0.88711,1.1402,-0.53965,-0.018331
-0.7191,0.39859,-0.23785,-0.88645,1.1406,-0.54038,-0.018469
-0.71914,0.39885,-0.23787,-0.88591,1.1407,-0.54204,-0.019106
-0.71931,0.399,-0.23798,-0.88561,1.1408,-0.54344,-0.0194
-0.71968,0.39904,-0.23832,-0.8855,1.1411,-0.54448,-0.019176
-0.71997,0.39922,-0.2387,-0.88534,1.1418,-0.54547,-0.018759
-0.71999,0.39934,-0.23938,-0.88497,1.1428,-0.54647,-0.018314
-0.71999,0.39945,-0.24032,-0.88452,1.1436,-0.54674,-0.017816
-0.71998,0.39946,-0.24118,-0.88416,1.1439,-0.54647,-0.017683
-0.72001,0.39963,-0.2421,-0.88367,1.144,-0.54556,-0.017864
-0.72001,0.39968,-0.24278,-0.88334,1.1441,-0.54439,-0.018246
-0.72014,0.39985,-0.24318,-0.88309,1.1441,-0.54273,-0.019194
-0.7199,0.39976,-0.24313,-0.88312,1.1441,-0.54286,-0.020682
-0.7199,0.39976,-0.24313,-0.88324,1.1438,-0.54368,-0.022208
-0.7199,0.39976,-0.24313,-0.88324,1.1441,-0.54507,-0.022614
-0.71995,0.39989,-0.24326,-0.88288,1.1446,-0.54662,-0.022171
-0.72033,0.40023,-0.24388,-0.88281,1.1452,-0.54803,-0.021388
-0.72062,0.40067,-0.24468,-0.8826,1.1457,-0.54881,-0.020765
-0.7209,0.40102,-0.2457,-0.8823,1.146,-0.54898,-0.020493
-0.72103,0.40097,-0.24661,-0.88212,1.1462,-0.54886,-0.020577
-0.72104,0.40098,-0.24721,-0.88177,1.1464,-0.54825,-0.020615
-0.72117,0.40117,-0.24778,-0.88164,1.1464,-0.54774,-0.021141
-0.72114,0.40168,-0.24811,-0.88154,1.1462,-0.54686,-0.021965
-0.72093,0.40214,-0.24752,-0.88167,1.1462,-0.54587,-0.022935
-0.72031,0.40215,-0.24638,-0.88191,1.1464,-0.54529,-0.023925
-0.71986,0.40213,-0.24529,-0.88205,1.1465,-0.54516,-0.024544
-0.71942,0.40229,-0.24473,-0.88201,1.1468,-0.54514,-0.024836
-0.71934,0.40233,-0.24488,-0.88148,1.1469,-0.54593,-0.024505
-0.7195,0.40227,-0.24567,-0.88092,1.1469,-0.54613,-0.024007
-0.71957,0.40238,-0.24693,-0.88047,1.1472,-0.5461,-0.02364
-0.72003,0.40261,-0.24856,-0.88005,1.1477,-0.54602,-0.023323
-0.72013,0.40257,-0.2496,-0.88003,1.1484,-0.54551,-0.023619
-0.7203,0.40245,-0.25047,-0.87988,1.1493,-0.54469,-0.024366
-0.72016,0.40233,-0.25089,-0.87977,1.1501,-0.5438,-0.025543
-0.71986,0.40226,-0.25093,-0.87973,1.1507,-0.54284,-0.026866
-0.71932,0.40228,-0.25051,-0.87961,1.1511,-0.54212,-0.028054
-0.71893,0.40262,-0.25043,-0.87942,1.1513,-0.54258,-0.029066
-0.71862,0.40295,-0.25038,-0.87906,1.1514,-0.54212,-0.029891
-0.7184,0.40313,-0.25029,-0.87886,1.1513,-0.54194,-0.030578
-0.71845,0.40314,-0.25013,-0.87884,1.1509,-0.54212,-0.031157
-0.71857,0.40307,-0.25041,-0.87882,1.1505,-0.54193,-0.031473
-0.71863,0.40307,-0.25088,-0.87865,1.1507,-0.5414,-0.031936
-0.71857,0.4033,-0.25161,-0.87812,1.1513,-0.5407,-0.032342
-0.71865,0.40338,-0.25277,-0.87782,1.152,-0.53966,-0.033277
-0.71865,0.40349,-0.25408,-0.87729,1.1527,-0.53872,-0.034771
-0.71861,0.4035,-0.25546,-0.877,1.1531,-0.53769,-0.036516
-0.71846,0.40362,-0.25675,-0.87669,1.1533,-0.53788,-0.03826
-0.71843,0.40343,-0.25781,-0.87649,1.1532,-0.53727,-0.039061
-0.71851,0.40339,-0.2586,-0.87621,1.1529,-0.53674,-0.039276
-0.71841,0.40316,-0.2587,-0.87658,1.1523,-0.5362,-0.038899
-0.71795,0.40315,-0.25841,-0.87649,1.152,-0.53612,-0.038002
-0.71767,0.40333,-0.25787,-0.87669,1.1514,-0.53934,-0.037172
-0.71721,0.40367,-0.25741,-0.87688,1.1511,-0.5386,-0.036369
-0.71677,0.40389,-0.2572,-0.87673,1.151,-0.53722,-0.035683
-0.71599,0.40374,-0.25675,-0.87682,1.1509,-0.53588,-0.035313
-0.71535,0.4034,-0.25652,-0.87708,1.1507,-0.53431,-0.035304
-0.71469,0.40303,-0.25648,-0.87728,1.1504,-0.53232,-0.035212
-0.71399,0.40267,-0.25651,-0.8773,1.1502,-0.53048,-0.034848
-0.71373,0.40217,-0.25684,-0.87739,1.15,-0.52854,-0.034188
-0.71324,0.40192,-0.25702,-0.87737,1.1499,-0.52683,-0.033545
-0.71271,0.40169,-0.2572,-0.87727,1.1496,-0.52481,-0.032831
-0.71205,0.40152,-0.2574,-0.87716,1.1495,-0.52281,-0.032345
-0.71137,0.40153,-0.2581,-0.87679,1.1494,-0.52065,-0.032339
-0.71063,0.40136,-0.25873,-0.87633,1.1495,-0.51826,-0.032385
-0.70999,0.40096,-0.25967,-0.87615,1.1496,-0.51548,-0.032428
-0.70935,0.40057,-0.26062,-0.87591,1.1496,-0.51263,-0.032119
-0.70879,0.40008,-0.26129,-0.87586,1.1495,-0.51009,-0.031681
-0.70803,0.39981,-0.26181,-0.87578,1.1495,-0.50794,-0.031458
-0.70733,0.39947,-0.26228,-0.87594,1.149,-0.50634,-0.03153
-0.70658,0.39925,-0.26271,-0.87586,1.1487,-0.50501,-0.031593
-0.70566,0.39907,-0.26305,-0.87607,1.1482,-0.50371,-0.031696
-0.70462,0.39895,-0.26328,-0.87627,1.1479,-0.50252,-0.032061
-0.70368,0.39867,-0.26385,-0.8764,1.1476,-0.50107,-0.032835
-0.70265,0.39833,-0.26455,-0.87658,1.1473,-0.49908,-0.033904
-0.70171,0.398,-0.26534,-0.87651,1.147,-0.49678,-0.034975
-0.7008,0.39759,-0.26635,-0.87637,1.1469,-0.49387,-0.035929
-0.69998,0.39718,-0.26753,-0.87603,1.1469,-0.49083,-0.036932
-0.69907,0.39696,-0.26894,-0.87547,1.1473,-0.48922,-0.037779
-0.69847,0.39683,-0.2701,-0.87486,1.1475,-0.48869,-0.038706
-0.69776,0.39661,-0.27104,-0.87436,1.1476,-0.4885,-0.039365
-0.69721,0.39646,-0.27164,-0.874,1.1476,-0.48834,-0.039846
-0.69677,0.39635,-0.27231,-0.87377,1.1476,-0.48795,-0.040406
-0.6961,0.3962,-0.27246,-0.87361,1.1478,-0.4871,-0.040906
-0.69523,0.39595,-0.27263,-0.8738,1.1477,-0.48607,-0.042087
-0.69432,0.39554,-0.27273,-0.87409,1.1473,-0.48483,-0.043187
-0.69341,0.39527,-0.27273,-0.87431,1.1467,-0.48338,-0.044138
-0.6926,0.3949,-0.27274,-0.87438,1.146,-0.47975,-0.044683
-0.69178,0.39443,-0.27287,-0.87442,1.1455,-0.4771,-0.044699
-0.69101,0.3941,-0.27307,-0.87438,1.1453,-0.47399,-0.044634
-0.69012,0.39362,-0.27303,-0.87463,1.145,-0.47157,-0.045407
-0.68916,0.39309,-0.273,-0.87463,1.1448,-0.46978,-0.04647
-0.68806,0.39257,-0.27304,-0.87482,1.1446,-0.46866,-0.047633
-0.68706,0.39227,-0.27341,-0.87489,1.1444,-0.46713,-0.04862
-0.68579,0.39187,-0.27385,-0.87499,1.1441,-0.46559,-0.049544
-0.68432,0.39125,-0.27457,-0.87509,1.1439,-0.46383,-0.0502
-0.68299,0.39079,-0.27552,-0.87526,1.1432,-0.4618,-0.050922
-0.68164,0.39006,-0.27681,-0.87545,1.1426,-0.45842,-0.050719
-0.68037,0.38951,-0.27805,-0.87542,1.1421,-0.45535,-0.050015
-0.67889,0.38886,-0.27914,-0.87538,1.142,-0.45171,-0.048354
-0.67738,0.38825,-0.28002,-0.87532,1.1419,-0.44789,-0.046496
-0.67572,0.38758,-0.28085,-0.87544,1.1422,-0.44524,-0.045106
-0.67409,0.38711,-0.28169,-0.87555,1.1422,-0.4436,-0.044656
-0.67229,0.38659,-0.28233,-0.87584,1.1416,-0.44205,-0.04505
-0.67046,0.38622,-0.28294,-0.87599,1.1408,-0.43992,-0.045403
-0.66882,0.38594,-0.28367,-0.87613,1.1401,-0.43758,-0.045432
-0.6669,0.38561,-0.28413,-0.87616,1.1395,-0.43515,-0.045378
-0.66517,0.38568,-0.28454,-0.87611,1.1386,-0.43269,-0.045457
-0.66338,0.38577,-0.28523,-0.8761,1.1377,-0.42954,-0.045758
-0.66187,0.38594,-0.28598,-0.87604,1.1366,-0.42633,-0.04578
-0.66059,0.38604,-0.28686,-0.87573,1.1361,-0.42296,-0.045298
-0.6592,0.38619,-0.28748,-0.8756,1.1362,-0.41995,-0.044338
-0.65777,0.38669,-0.28767,-0.87553,1.1366,-0.41723,-0.043748
-0.65659,0.38739,-0.28745,-0.87547,1.1366,-0.41499,-0.043726
-0.65538,0.38783,-0.28674,-0.8756,1.1364,-0.41292,-0.044587
-0.65425,0.38809,-0.28546,-0.8754,1.136,-0.41113,-0.04592
-0.65334,0.38838,-0.28409,-0.87539,1.1353,-0.40875,-0.047327
-0.6524,0.38874,-0.28261,-0.87538,1.1346,-0.40564,-0.04844
-0.65116,0.38872,-0.28093,-0.87565,1.1341,-0.40255,-0.049064
-0.6501,0.38861,-0.27949,-0.87602,1.1336,-0.39934,-0.048914
-0.64899,0.38877,-0.27813,-0.87616,1.1332,-0.39539,-0.047665
-0.64793,0.38865,-0.27712,-0.87642,1.1327,-0.39104,-0.04556
-0.64659,0.38834,-0.27618,-0.87638,1.1323,-0.3862,-0.042767
-0.64522,0.38774,-0.27518,-0.87639,1.1317,-0.38139,-0.040117
-0.64405,0.38697,-0.27455,-0.87659,1.1311,-0.37691,-0.038369
-0.64283,0.38625,-0.27394,-0.87704,1.1302,-0.3728,-0.037735
-0.64184,0.3856,-0.27378,-0.87784,1.1289,-0.36851,-0.038073
-0.64099,0.38514,-0.27428,-0.87827,1.1277,-0.36409,-0.038839
-0.64047,0.38495,-0.27531,-0.87885,1.127,-0.35966,-0.039735
-0.63975,0.3848,-0.2767,-0.87928,1.1266,-0.35474,-0.040405
-0.63882,0.38457,-0.27806,-0.87966,1.1264,-0.3493,-0.040808
-0.63768,0.38432,-0.27914,-0.87988,1.1263,-0.34324,-0.041106
-0.63609,0.38389,-0.27989,-0.88021,1.1259,-0.33733,-0.041418
-0.63443,0.38344,-0.28007,-0.88067,1.1247,-0.33101,-0.041686
-0.63273,0.38278,-0.28024,-0.88129,1.1235,-0.32531,-0.041998
-0.63082,0.38214,-0.28013,-0.88189,1.1221,-0.32049,-0.042807
-0.62918,0.38156,-0.27988,-0.88269,1.1204,-0.31567,-0.044006
-0.62767,0.38111,-0.2799,-0.88327,1.1191,-0.30897,-0.044825
-0.62612,0.38058,-0.28006,-0.88388,1.1183,-0.30506,-0.046155
-0.62464,0.38055,-0.2804,-0.8842,1.1177,-0.3015,-0.04715
-0.62296,0.38061,-0.28105,-0.8843,1.1172,-0.29781,-0.047817
-0.62129,0.38074,-0.28159,-0.8844,1.1167,-0.29345,-0.048222
-0.61918,0.38095,-0.28196,-0.88421,1.1163,-0.28874,-0.048502
-0.61715,0.38138,-0.28238,-0.88367,1.1159,-0.28425,-0.04876
-0.6152,0.3815,-0.28247,-0.88331,1.1153,-0.28011,-0.048658
-0.61314,0.38102,-0.28208,-0.88336,1.1143,-0.27583,-0.048147
-0.61115,0.38039,-0.28106,-0.88369,1.1133,-0.2717,-0.047563
-0.60935,0.37985,-0.27987,-0.88422,1.1123,-0.26791,-0.047252
-0.60751,0.37947,-0.27881,-0.88483,1.1116,-0.26388,-0.047116
-0.6055,0.3793,-0.27767,-0.88528,1.1109,-0.25938,-0.047214
-0.60346,0.37919,-0.27635,-0.88578,1.1101,-0.25435,-0.047477
-0.60129,0.37915,-0.27507,-0.88637,1.109,-0.24906,-0.04836
-0.59906,0.37904,-0.27398,-0.88687,1.108,-0.24788,-0.04979
-0.59669,0.37865,-0.27271,-0.88741,1.1067,-0.24252,-0.050862
-0.59466,0.37821,-0.27157,-0.88813,1.1048,-0.23653,-0.051849
-0.59244,0.37768,-0.27051,-0.88874,1.1033,-0.23023,-0.052317
-0.59044,0.37728,-0.26934,-0.88944,1.1018,-0.22421,-0.052936
-0.58832,0.37669,-0.26824,-0.89027,1.1005,-0.21825,-0.053332
-0.58619,0.37626,-0.26752,-0.89128,1.0994,-0.21317,-0.054437
-0.58354,0.37581,-0.2668,-0.89201,1.0987,-0.20919,-0.056377
-0.58091,0.37523,-0.26661,-0.89282,1.0973,-0.20559,-0.059005
-0.57828,0.3749,-0.26663,-0.8932,1.0958,-0.20172,-0.061471
-0.57594,0.37434,-0.26717,-0.89355,1.0939,-0.20207,-0.062778
-0.57389,0.37343,-0.26768,-0.89409,1.0918,-0.19846,-0.065278
-0.57203,0.37254,-0.26803,-0.89461,1.0896,-0.1894,-0.068765
-0.57032,0.37159,-0.26859,-0.89539,1.0879,-0.18989,-0.070043
-0.56843,0.37103,-0.26931,-0.89585,1.0867,-0.18644,-0.072405
-0.56638,0.37043,-0.27025,-0.89631,1.0856,-0.18326,-0.074623
-0.5641,0.36993,-0.2716,-0.8967,1.0853,-0.1805,-0.076315
-0.56169,0.36933,-0.27312,-0.89677,1.0854,-0.17834,-0.077955
-0.55907,0.36851,-0.27464,-0.89693,1.0851,-0.1773,-0.080298
-0.55633,0.3679,-0.27607,-0.89682,1.0846,-0.17632,-0.082561
-0.55387,0.36722,-0.27749,-0.89682,1.0842,-0.17446,-0.084332
-0.55141,0.36651,-0.27822,-0.89684,1.0839,-0.17237,-0.085341
-0.54927,0.36568,-0.27844,-0.89717,1.0835,-0.16935,-0.08562
-0.54716,0.36492,-0.27852,-0.89762,1.0833,-0.16623,-0.085465
-0.54507,0.36456,-0.27828,-0.89793,1.0825,-0.16331,-0.085328
-0.54263,0.36422,-0.2779,-0.8982,1.082,-0.15995,-0.085085
-0.53992,0.3639,-0.27723,-0.8984,1.0814,-0.15648,-0.084692
-0.53706,0.36352,-0.27661,-0.8985,1.0804,-0.1528,-0.084278
-0.53408,0.36313,-0.27582,-0.89866,1.0792,-0.14902,-0.083695
-0.53105,0.36269,-0.27489,-0.89874,1.0784,-0.14506,-0.082671
-0.5287,0.36222,-0.2742,-0.89883,1.0777,-0.14067,-0.08134
-0.52658,0.36176,-0.27328,-0.89912,1.0771,-0.13574,-0.079877
-0.52487,0.36135,-0.27252,-0.89953,1.0765,-0.13084,-0.078438
-0.52329,0.36119,-0.27171,-0.9,1.0763,-0.12595,-0.077172
-0.52153,0.36132,-0.27118,-0.90013,1.0765,-0.12175,-0.076489
-0.51955,0.36145,-0.27052,-0.90037,1.0763,-0.11719,-0.076286
-0.51768,0.36153,-0.26994,-0.90057,1.0758,-0.11165,-0.076281
-0.51528,0.36156,-0.26909,-0.90084,1.0755,-0.10586,-0.076686
-0.51295,0.36154,-0.26799,-0.90135,1.0748,-0.099881,-0.077397
-0.51063,0.36145,-0.26712,-0.90173,1.0743,-0.093833,-0.078225
-0.50824,0.3612,-0.26606,-0.90224,1.0738,-0.08809,-0.078828
-0.50627,0.36085,-0.26548,-0.90262,1.0733,-0.08266,-0.078898
-0.50473,0.3605,-0.26493,-0.90293,1.0724,-0.077442,-0.078425
-0.50323,0.36013,-0.26506,-0.90321,1.0715,-0.071714,-0.077448
-0.50159,0.35979,-0.26513,-0.90348,1.071,-0.06562,-0.076164
-0.49956,0.35989,-0.26563,-0.90335,1.0711,-0.059743,-0.075144
-0.49722,0.35988,-0.26599,-0.90346,1.0711,-0.05368,-0.074609
-0.49483,0.36015,-0.26645,-0.90367,1.0707,-0.047338,-0.074714
-0.49245,0.36028,-0.26705,-0.90385,1.0702,-0.040573,-0.075394
-0.48997,0.36007,-0.2676,-0.90442,1.0693,-0.033573,-0.076779
-0.48741,0.35979,-0.26779,-0.90477,1.0684,-0.026991,-0.078611
-0.48449,0.35994,-0.26764,-0.90493,1.0678,-0.020897,-0.080481
-0.48171,0.36016,-0.26732,-0.90515,1.0669,-0.014575,-0.081505
-0.48142,0.35994,-0.26697,-0.90589,1.0636,-0.0083158,-0.081893
-0.47876,0.35951,-0.266,-0.90614,1.0627,-0.002488,-0.081877
-0.47382,0.35868,-0.26498,-0.90638,1.0642,0.0029744,-0.082105
-0.47146,0.35824,-0.26471,-0.90664,1.0638,0.0078224,-0.082574
-0.46933,0.35777,-0.26464,-0.90695,1.0634,0.012518,-0.083292
-0.4673,0.35749,-0.26472,-0.90729,1.0629,0.017185,-0.084036
-0.46528,0.35751,-0.26486,-0.90755,1.0625,0.021363,-0.084934
-0.4634,0.35758,-0.26478,-0.90771,1.0623,0.025209,-0.085824
-0.46161,0.35752,-0.26417,-0.90794,1.0618,0.029576,-0.086167
-0.46159,0.35717,-0.26387,-0.90839,1.0604,0.033746,-0.086297
-0.45986,0.35682,-0.26246,-0.90837,1.0601,0.037808,-0.085984
-0.45818,0.35647,-0.26067,-0.90847,1.06,0.040881,-0.085725
-0.4566,0.3563,-0.25911,-0.90842,1.0598,0.043431,-0.085218
-0.45495,0.35624,-0.25766,-0.90858,1.0595,0.046014,-0.08449
-0.45354,0.35632,-0.2564,-0.90873,1.0593,0.048453,-0.083774
-0.45224,0.35647,-0.2555,-0.90888,1.0593,0.050499,-0.083455
-0.45154,0.35654,-0.25481,-0.90923,1.059,0.051922,-0.083783
-0.451,0.35665,-0.25425,-0.90931,1.0586,0.0534,-0.083885
-0.45067,0.35652,-0.25361,-0.90967,1.0585,0.055017,-0.08431
-0.45034,0.35654,-0.25284,-0.90992,1.0589,0.054916,-0.085325
-0.45001,0.35672,-0.25218,-0.90975,1.0593,0.05384,-0.086332
-0.44992,0.3568,-0.25164,-0.90968,1.059,0.05316,-0.087463
-0.44967,0.35694,-0.25127,-0.90935,1.0588,0.054008,-0.08756
-0.44939,0.35702,-0.25115,-0.90883,1.059,0.055676,-0.086835
-0.44905,0.35708,-0.25074,-0.90832,1.0594,0.05826,-0.085396
-0.44873,0.35695,-0.2501,-0.9082,1.0595,0.060353,-0.083995
-0.44811,0.35674,-0.24913,-0.9082,1.0598,0.061943,-0.082431
-0.44777,0.3565,-0.24828,-0.90841,1.0599,0.06266,-0.081145
-0.44787,0.35618,-0.24762,-0.90866,1.0597,0.062903,-0.079809
-0.44842,0.35569,-0.24722,-0.90904,1.0591,0.062167,-0.078997
-0.44914,0.35539,-0.24729,-0.90927,1.0587,0.061376,-0.078523
-0.4499,0.35505,-0.24755,-0.9094,1.0584,0.060311,-0.078508
-0.45043,0.35466,-0.24814,-0.90908,1.0587,0.058643,-0.078769
-0.45093,0.35421,-0.24838,-0.9088,1.0588,0.058361,-0.078544
-0.45133,0.35388,-0.24869,-0.90849,1.0592,0.058587,-0.078059
-0.45161,0.35384,-0.24876,-0.90804,1.0599,0.059217,-0.077357
-0.45144,0.35349,-0.24821,-0.90787,1.0603,0.059399,-0.076985
-0.45132,0.35297,-0.24736,-0.90805,1.0601,0.059658,-0.077157
-0.45115,0.35234,-0.24636,-0.90812,1.0598,0.057371,-0.077881
-0.45103,0.35162,-0.24581,-0.90831,1.0591,0.057107,-0.078777
-0.45095,0.35097,-0.24545,-0.90822,1.0588,0.055919,-0.079954
-0.45088,0.35036,-0.24549,-0.90805,1.0585,0.053867,-0.081571
-0.45079,0.34985,-0.24609,-0.9076,1.0583,0.050755,-0.083664
-0.45077,0.34923,-0.24728,-0.90707,1.0583,0.048521,-0.085443
-0.45096,0.3485,-0.24899,-0.90622,1.059,0.048079,-0.085957
-0.45131,0.34792,-0.25087,-0.90524,1.0604,0.048675,-0.085228
-0.45169,0.34725,-0.25234,-0.90427,1.0621,0.04958,-0.083693
-0.45203,0.34673,-0.25284,-0.90363,1.0633,0.050769,-0.082145
-0.45218,0.34605,-0.25255,-0.90343,1.0639,0.054551,-0.080762
-0.45209,0.34546,-0.25148,-0.90352,1.0636,0.05489,-0.080639
-0.45193,0.3449,-0.25004,-0.90361,1.0631,0.05488,-0.080816
-0.45185,0.34448,-0.24849,-0.90391,1.0623,0.054383,-0.081507
-0.45188,0.34389,-0.247,-0.90426,1.0614,0.053544,-0.082171
-0.45176,0.34325,-0.24566,-0.90458,1.0605,0.05288,-0.082462
-0.452,0.34288,-0.24481,-0.90465,1.06,0.052643,-0.08267
-0.45224,0.34219,-0.24426,-0.90467,1.0601,0.052836,-0.08232
-0.45257,0.34167,-0.24418,-0.90463,1.0607,0.053292,-0.081384
-0.45303,0.34114,-0.24419,-0.90447,1.0615,0.054069,-0.080007
-0.45342,0.34059,-0.24411,-0.90443,1.0622,0.054796,-0.078455
-0.45386,0.34031,-0.24414,-0.90421,1.0631,0.055659,-0.077041
-0.45423,0.33993,-0.24421,-0.90406,1.0635,0.05613,-0.076402
-0.45463,0.33954,-0.24437,-0.90401,1.0636,0.056295,-0.076325
-0.45516,0.33913,-0.24467,-0.90413,1.0633,0.056217,-0.076866
-0.45558,0.33871,-0.24494,-0.90408,1.0632,0.055362,-0.077579
-0.45586,0.3386,-0.24522,-0.90371,1.0633,0.055054,-0.077873
-0.45616,0.33826,-0.24542,-0.9037,1.0633,0.054956,-0.078061
-0.45671,0.33793,-0.24579,-0.90352,1.0634,0.055212,-0.077697
-0.45725,0.33759,-0.24634,-0.90337,1.0636,0.055422,-0.077133
-0.45791,0.33732,-0.24684,-0.90315,1.0638,0.056018,-0.076269
-0.45839,0.33717,-0.24736,-0.9031,1.0641,0.056374,-0.075558
-0.45907,0.3372,-0.24782,-0.90294,1.0644,0.056414,-0.074643
-0.45973,0.33715,-0.2483,-0.90285,1.0646,0.05663,-0.073834
-0.46049,0.33732,-0.24836,-0.90287,1.0645,0.056595,-0.073393
-0.46104,0.33749,-0.24829,-0.90271,1.0645,0.05784,-0.072976
-0.46156,0.33745,-0.2479,-0.90299,1.0642,0.057807,-0.073071
-0.46187,0.33757,-0.24725,-0.90299,1.0639,0.05764,-0.073418
-0.46198,0.3374,-0.24663,-0.90306,1.0636,0.057414,-0.073742
-0.46212,0.33703,-0.24581,-0.90305,1.0634,0.057597,-0.073603
-0.46224,0.33646,-0.24525,-0.903,1.0637,0.057498,-0.073177
-0.46227,0.33596,-0.24473,-0.90293,1.0638,0.057698,-0.072575
-0.46258,0.33586,-0.24465,-0.90283,1.0639,0.057797,-0.07189
-0.46278,0.33526,-0.24448,-0.90273,1.0639,0.057798,-0.071086
-0.46304,0.33453,-0.24458,-0.90236,1.0641,0.05761,-0.070217
-0.46343,0.33429,-0.24497,-0.90213,1.064,0.057025,-0.069981
-0.46379,0.3341,-0.24538,-0.90203,1.0639,0.056775,-0.069921
-0.46425,0.334,-0.24579,-0.90202,1.0638,0.05664,-0.069868
-0.46474,0.33407,-0.24623,-0.90184,1.0637,0.056491,-0.070087
-0.46526,0.33398,-0.24658,-0.90165,1.0637,0.056767,-0.070003
-0.46543,0.33355,-0.2467,-0.90132,1.0639,0.056331,-0.070095
-0.46558,0.33301,-0.24685,-0.90098,1.0641,0.05641,-0.069839
-0.46557,0.33322,-0.24672,-0.90077,1.0643,0.056563,-0.069441
-0.46559,0.33323,-0.24629,-0.90082,1.0644,0.056644,-0.068697
-0.46537,0.33276,-0.24492,-0.90095,1.0644,0.056677,-0.067688
-0.46512,0.33228,-0.2437,-0.90123,1.0644,0.057377,-0.066604
-0.46517,0.33201,-0.24284,-0.90143,1.064,0.057253,-0.065851
-0.4653,0.33198,-0.24238,-0.90161,1.0636,0.057063,-0.065517
-0.46544,0.33129,-0.24228,-0.90197,1.0632,0.056764,-0.065722
-0.46572,0.33126,-0.24276,-0.90182,1.063,0.056797,-0.065632
-0.46619,0.33147,-0.24348,-0.90175,1.0631,0.057165,-0.065448
-0.4665,0.33166,-0.24385,-0.90151,1.0631,0.057326,-0.065088
-0.46666,0.33179,-0.24409,-0.90143,1.0633,0.05738,-0.064947
-0.46647,0.33089,-0.24375,-0.90131,1.0638,0.057432,-0.064846
-0.4663,0.33045,-0.24316,-0.90111,1.0642,0.057523,-0.064732
-0.46615,0.33002,-0.24264,-0.90112,1.0645,0.057215,-0.064639
-0.46618,0.32999,-0.24211,-0.90108,1.0642,0.056869,-0.06451
-0.46642,0.32997,-0.24168,-0.90121,1.0641,0.056518,-0.064101
-0.46672,0.32991,-0.24093,-0.90151,1.0641,0.056536,-0.063672
-0.46686,0.33022,-0.24003,-0.90164,1.0638,0.056584,-0.063182
-0.46697,0.33081,-0.23932,-0.90174,1.0631,0.056343,-0.062692
-0.46714,0.33102,-0.23876,-0.90182,1.063,0.056652,-0.062165
-0.46705,0.33116,-0.23805,-0.90201,1.064,0.057299,-0.061951
-0.46709,0.33127,-0.23747,-0.90207,1.064,0.057249,-0.061931
-0.46715,0.3314,-0.2369,-0.90221,1.0636,0.057353,-0.062199
-0.46715,0.33153,-0.23663,-0.9024,1.0638,0.057698,-0.062076
-0.46717,0.33187,-0.23663,-0.90232,1.0639,0.057486,-0.062301
-0.46734,0.33185,-0.23664,-0.90214,1.0637,0.057013,-0.062564
-0.46755,0.33267,-0.23735,-0.90225,1.0635,0.056767,-0.062832
-0.46786,0.33326,-0.23818,-0.90217,1.0636,0.056538,-0.062763
-0.4683,0.33388,-0.23911,-0.90188,1.0636,0.05579,-0.062532
-0.46867,0.3344,-0.23978,-0.90173,1.0635,0.05602,-0.062031
-0.46894,0.33435,-0.24025,-0.90169,1.0635,0.056021,-0.061402
-0.46914,0.33528,-0.24035,-0.90162,1.0635,0.056089,-0.060593
-0.46924,0.3355,-0.24036,-0.90163,1.0637,0.056058,-0.059842
-0.4694,0.33583,-0.23994,-0.90164,1.0636,0.056045,-0.059096
-0.46936,0.33604,-0.23928,-0.90174,1.0635,0.055786,-0.0588
-0.4693,0.33624,-0.23868,-0.90174,1.0635,0.055616,-0.058887
-0.46928,0.33647,-0.23783,-0.90184,1.0632,0.055215,-0.059515
-0.4693,0.33683,-0.23718,-0.90206,1.063,0.05464,-0.060341
-0.46968,0.33762,-0.23691,-0.90239,1.0627,0.053872,-0.061117
-0.46993,0.33803,-0.23678,-0.90238,1.0625,0.053876,-0.061222
-0.47022,0.33791,-0.23688,-0.90253,1.0624,0.053975,-0.060978
-0.47043,0.33815,-0.237,-0.90225,1.0628,0.053916,-0.060502
-0.4705,0.33827,-0.23705,-0.90201,1.0632,0.054166,-0.059727
-0.47067,0.33878,-0.23732,-0.9019,1.0638,0.053828,-0.059462
-0.47078,0.33897,-0.23751,-0.90181,1.0641,0.054189,-0.058791
-0.47084,0.33909,-0.23773,-0.90176,1.0641,0.054456,-0.058663
-0.47101,0.33944,-0.23801,-0.90197,1.064,0.054666,-0.058714
-0.47103,0.33959,-0.2381,-0.9022,1.0638,0.05457,-0.058864
-0.47106,0.33974,-0.23819,-0.90231,1.0635,0.054414,-0.058985
