-0.61725,0.36583,-0.34525,-0.92678,1.0839,-0.24789,-0.088937
-0.61744,0.36627,-0.34609,-0.92696,1.0838,-0.24777,-0.088916
-0.61769,0.36657,-0.34707,-0.92669,1.084,-0.24785,-0.088741
-0.61831,0.36609,-0.34907,-0.92664,1.0845,-0.24786,-0.088638
-0.61852,0.36638,-0.34984,-0.92641,1.0848,-0.24794,-0.088669
-0.61872,0.36673,-0.35049,-0.9263,1.085,-0.24792,-0.088619
-0.61882,0.36723,-0.35087,-0.92614,1.0853,-0.24787,-0.088639
-0.619,0.3676,-0.35112,-0.9262,1.0854,-0.24803,-0.088766
-0.61966,0.36726,-0.3518,-0.92623,1.0854,-0.24804,-0.088829
-0.61959,0.36748,-0.35121,-0.92644,1.0854,-0.24788,-0.088816
-0.61947,0.36757,-0.35056,-0.92682,1.0852,-0.24796,-0.089045
-0.61956,0.36784,-0.34992,-0.92687,1.0849,-0.24795,-0.089114
-0.61942,0.36791,-0.34946,-0.92724,1.0845,-0.24812,-0.089136
-0.62095,0.36485,-0.3529,-0.92766,1.0841,-0.24797,-0.088905
-0.62099,0.36472,-0.35297,-0.92801,1.0838,-0.24784,-0.08863
-0.62096,0.36478,-0.35315,-0.92824,1.0838,-0.24789,-0.088521
-0.62103,0.36476,-0.35364,-0.92847,1.0837,-0.24789,-0.088367
-0.62097,0.36474,-0.35436,-0.92859,1.0837,-0.24777,-0.088377
-0.62139,0.36389,-0.35632,-0.92836,1.0838,-0.2479,-0.088404
-0.6212,0.36356,-0.35693,-0.92847,1.084,-0.24798,-0.088551
-0.62083,0.36348,-0.35731,-0.92827,1.0841,-0.24811,-0.088567
-0.62054,0.36337,-0.35743,-0.92822,1.0842,-0.24828,-0.088374
-0.62014,0.363,-0.35732,-0.92839,1.0843,-0.24833,-0.08806
-0.61987,0.36301,-0.3572,-0.92831,1.0844,-0.24859,-0.087901
-0.61951,0.363,-0.35683,-0.92825,1.0845,-0.24858,-0.087452
-0.61926,0.36275,-0.35645,-0.92827,1.0845,-0.24856,-0.087163
-0.61904,0.36264,-0.35597,-0.92846,1.084,-0.24848,-0.08708
-0.6187,0.36281,-0.35584,-0.9283,1.0839,-0.24859,-0.087073
-0.6184,0.36312,-0.35555,-0.92846,1.0838,-0.2485,-0.087275
-0.61828,0.36374,-0.35534,-0.92862,1.0836,-0.24844,-0.087592
-0.6182,0.36417,-0.35544,-0.92863,1.0838,-0.24851,-0.087827
-0.61803,0.36425,-0.35502,-0.92896,1.0835,-0.2487,-0.088079
-0.61789,0.36415,-0.35464,-0.92907,1.0833,-0.24863,-0.088372
-0.61778,0.36407,-0.35454,-0.92922,1.083,-0.2489,-0.087283
-0.61777,0.36494,-0.35427,-0.92922,1.0828,-0.24881,-0.086567
-0.61787,0.36562,-0.35408,-0.92947,1.0822,-0.24882,-0.086255
-0.61772,0.3658,-0.35328,-0.92977,1.0818,-0.24919,-0.086817
-0.61757,0.36607,-0.35287,-0.93014,1.0817,-0.24912,-0.086833
-0.61768,0.36622,-0.35315,-0.93033,1.0817,-0.24897,-0.086644
-0.61775,0.36634,-0.35352,-0.93068,1.082,-0.24869,-0.086522
-0.61805,0.36669,-0.35441,-0.93082,1.0822,-0.24866,-0.086694
-0.61841,0.36726,-0.35531,-0.93091,1.0823,-0.24854,-0.086835
-0.61867,0.36746,-0.35587,-0.9309,1.0824,-0.24861,-0.086836
-0.62017,0.36465,-0.35945,-0.93097,1.0821,-0.24864,-0.086955
-0.62,0.36415,-0.3591,-0.93111,1.082,-0.24885,-0.086941
-0.61986,0.36356,-0.35869,-0.93121,1.0819,-0.24888,-0.086745
-0.61956,0.36308,-0.35838,-0.93155,1.0818,-0.24894,-0.086655
-0.6195,0.3627,-0.35816,-0.93199,1.0814,-0.24894,-0.086415
-0.62102,0.36006,-0.36179,-0.93247,1.0811,-0.24886,-0.086407
-0.62125,0.3601,-0.36208,-0.93285,1.0805,-0.24882,-0.086418
-0.62148,0.36066,-0.36241,-0.93287,1.0801,-0.2487,-0.08644
-0.62181,0.3612,-0.36296,-0.93281,1.0799,-0.24863,-0.086346
-0.62222,0.36165,-0.36335,-0.9328,1.0798,-0.24856,-0.086223
-0.62252,0.3618,-0.36403,-0.93275,1.0798,-0.24862,-0.08623
-0.62249,0.36177,-0.36405,-0.93277,1.0799,-0.24865,-0.085901
-0.62232,0.36167,-0.364,-0.93291,1.08,-0.24867,-0.085705
-0.62236,0.36174,-0.36425,-0.93283,1.0799,-0.24876,-0.08569
-0.6224,0.36146,-0.36463,-0.93289,1.0798,-0.24879,-0.085583
-0.62246,0.36127,-0.36502,-0.93271,1.0797,-0.24895,-0.085556
-0.62253,0.36095,-0.36564,-0.93266,1.0793,-0.24907,-0.085693
-0.62259,0.3608,-0.36639,-0.93257,1.0789,-0.24915,-0.085904
-0.62261,0.36083,-0.36723,-0.93239,1.0783,-0.24911,-0.085994
-0.62247,0.36082,-0.36793,-0.93241,1.0779,-0.2491,-0.086277
-0.62187,0.36158,-0.36727,-0.93223,1.0777,-0.24918,-0.086532
-0.62184,0.3615,-0.36742,-0.93242,1.0777,-0.24926,-0.086708
-0.62203,0.36138,-0.36768,-0.93263,1.0775,-0.24913,-0.086626
-0.62175,0.36107,-0.36793,-0.9327,1.0774,-0.24911,-0.08628
-0.62127,0.36079,-0.36793,-0.93263,1.0773,-0.24907,-0.085823
-0.62097,0.36054,-0.368,-0.93257,1.077,-0.2491,-0.085371
-0.62077,0.3601,-0.36819,-0.93255,1.0765,-0.24917,-0.084845
-0.62061,0.35988,-0.36827,-0.93269,1.0758,-0.24905,-0.084505
-0.62027,0.36004,-0.36813,-0.93267,1.075,-0.24891,-0.084506
-0.62011,0.35989,-0.36805,-0.93285,1.0742,-0.24887,-0.084985
-0.62054,0.3587,-0.36954,-0.93252,1.074,-0.2491,-0.085348
-0.62033,0.35884,-0.36938,-0.93237,1.0737,-0.24916,-0.085496
-0.62011,0.35912,-0.36899,-0.93218,1.0735,-0.24926,-0.085218
-0.61984,0.35922,-0.3689,-0.93208,1.0733,-0.24919,-0.084902
-0.61952,0.35937,-0.36872,-0.932,1.0732,-0.24903,-0.084617
-0.61957,0.35917,-0.36889,-0.93208,1.0729,-0.24933,-0.084566
-0.6193,0.35924,-0.36872,-0.93217,1.0724,-0.24945,-0.084329
-0.61904,0.35931,-0.3685,-0.93206,1.0719,-0.24943,-0.084123
-0.61892,0.3596,-0.36854,-0.93186,1.0709,-0.24947,-0.084146
-0.61861,0.35959,-0.36839,-0.9319,1.0699,-0.24979,-0.084467
-0.61868,0.35986,-0.36911,-0.93165,1.0694,-0.24979,-0.084887
-0.61865,0.36021,-0.3695,-0.93166,1.0694,-0.24993,-0.085142
-0.61864,0.36063,-0.36993,-0.93171,1.0697,-0.25,-0.085191
-0.61858,0.3608,-0.37032,-0.93182,1.0698,-0.24994,-0.08485
-0.61836,0.36084,-0.37056,-0.93177,1.0698,-0.24986,-0.084526
-0.61844,0.3607,-0.37133,-0.93152,1.0694,-0.24986,-0.084292
-0.61823,0.36085,-0.37152,-0.93128,1.0687,-0.24986,-0.084028
-0.61806,0.36089,-0.3715,-0.93125,1.0676,-0.24993,-0.084007
-0.61781,0.36088,-0.37164,-0.93117,1.0667,-0.25003,-0.084048
-0.61772,0.36111,-0.37185,-0.93101,1.0655,-0.25006,-0.084354
-0.61736,0.36152,-0.3716,-0.93092,1.0642,-0.24995,-0.084924
-0.61724,0.36169,-0.3717,-0.9307,1.0629,-0.25005,-0.085442
-0.61715,0.36192,-0.37191,-0.9305,1.0615,-0.25007,-0.086072
-0.61725,0.36205,-0.3723,-0.93029,1.0601,-0.25002,-0.086284
-0.61723,0.36228,-0.3728,-0.93002,1.0592,-0.25022,-0.086532
-0.61727,0.36225,-0.37327,-0.92992,1.0583,-0.25031,-0.086714
-0.61736,0.36238,-0.37379,-0.92954,1.0577,-0.25065,-0.086685
-0.61736,0.36238,-0.37379,-0.92934,1.0566,-0.2509,-0.086677
-0.61732,0.3625,-0.37434,-0.92897,1.0555,-0.25099,-0.086958
-0.61682,0.36273,-0.37517,-0.92836,1.0541,-0.25115,-0.087604
-0.61761,0.36123,-0.3778,-0.92761,1.0517,-0.2514,-0.088539
-0.61743,0.36134,-0.37844,-0.92656,1.0484,-0.25175,-0.089814
-0.6175,0.36156,-0.37862,-0.92554,1.0437,-0.25218,-0.091581
-0.61746,0.36171,-0.38014,-0.92397,1.0394,-0.25254,-0.093272
-0.61749,0.36182,-0.38097,-0.92292,1.0349,-0.25277,-0.095124
-0.61751,0.36148,-0.38196,-0.92231,1.0316,-0.25284,-0.096522
-0.61733,0.3614,-0.38273,-0.92191,1.03,-0.25346,-0.097257
-0.61714,0.3612,-0.38355,-0.92177,1.0294,-0.25384,-0.097158
-0.61671,0.36092,-0.38438,-0.92182,1.029,-0.2541,-0.096922
-0.61626,0.36073,-0.38534,-0.92149,1.0284,-0.25413,-0.096931
-0.61653,0.36016,-0.38627,-0.92104,1.0254,-0.25098,-0.097216
-0.61595,0.36033,-0.38724,-0.91998,1.0225,-0.25124,-0.098454
-0.6158,0.36059,-0.38827,-0.91869,1.0182,-0.25161,-0.10014
-0.61559,0.36082,-0.38947,-0.917,1.0131,-0.25233,-0.10189
-0.61532,0.36067,-0.3903,-0.91562,1.0077,-0.25282,-0.10359
-0.61463,0.3614,-0.38938,-0.91441,1.0023,-0.249,-0.10405
-0.61446,0.36123,-0.39002,-0.91355,0.99783,-0.24937,-0.10511
-0.61431,0.36155,-0.39081,-0.91298,0.99431,-0.24958,-0.10577
-0.61384,0.36183,-0.39122,-0.91291,0.99167,-0.2498,-0.10644
-0.61314,0.36168,-0.39124,-0.91311,0.9897,-0.25001,-0.10684
-0.61232,0.36124,-0.39125,-0.9132,0.98823,-0.24559,-0.10595
-0.61157,0.36114,-0.39191,-0.91319,0.98684,-0.24567,-0.106
-0.61126,0.36092,-0.39313,-0.91289,0.98529,-0.2458,-0.10601
-0.61082,0.36098,-0.39475,-0.91227,0.9839,-0.24589,-0.10586
-0.61064,0.36153,-0.39663,-0.91161,0.98216,-0.24587,-0.10577
-0.61083,0.36171,-0.39875,-0.9108,0.98058,-0.24613,-0.10565
-0.61066,0.36187,-0.39996,-0.91041,0.9788,-0.24626,-0.10568
-0.61027,0.36172,-0.40057,-0.90984,0.9775,-0.24651,-0.10561
-0.60979,0.36112,-0.40084,-0.90964,0.97621,-0.24687,-0.10573
-0.60899,0.36069,-0.40102,-0.90951,0.97544,-0.24712,-0.10582
-0.60856,0.36033,-0.40134,-0.90945,0.97485,-0.24508,-0.10536
-0.60796,0.3602,-0.40183,-0.90951,0.9744,-0.24544,-0.10561
-0.60765,0.36032,-0.40252,-0.9094,0.97397,-0.24571,-0.10557
-0.6073,0.3608,-0.40325,-0.90914,0.9732,-0.24617,-0.10552
-0.60693,0.3611,-0.40384,-0.90893,0.97191,-0.24662,-0.10544
-0.60646,0.36149,-0.4042,-0.90844,0.97024,-0.24731,-0.10528
-0.60578,0.36175,-0.40459,-0.90797,0.9678,-0.24795,-0.10537
-0.60496,0.36163,-0.40494,-0.90762,0.9649,-0.24854,-0.10558
-0.60395,0.36151,-0.40517,-0.90711,0.96148,-0.24903,-0.10603
-0.6026,0.36111,-0.40531,-0.9066,0.95791,-0.24922,-0.10693
-0.60145,0.36062,-0.40574,-0.90636,0.95425,-0.24802,-0.1078
-0.60007,0.36019,-0.40646,-0.90617,0.95127,-0.24802,-0.10884
-0.59891,0.35979,-0.40766,-0.90628,0.94887,-0.24778,-0.10952
-0.59785,0.35945,-0.40908,-0.9063,0.94733,-0.2477,-0.1096
-0.59698,0.35928,-0.41052,-0.90612,0.94613,-0.24766,-0.10917
-0.59681,0.35824,-0.4134,-0.90573,0.94423,-0.24394,-0.10719
-0.59606,0.35825,-0.41495,-0.90482,0.94093,-0.24381,-0.10598
-0.59544,0.35833,-0.41622,-0.90338,0.93568,-0.24398,-0.1055
-0.59458,0.35826,-0.41715,-0.90207,0.92882,-0.24377,-0.10613
-0.59333,0.35802,-0.41752,-0.90063,0.92116,-0.24379,-0.1077
-0.59373,0.35461,-0.42146,-0.89947,0.91381,-0.24324,-0.1092
-0.59252,0.35352,-0.421,-0.89928,0.90704,-0.24316,-0.11106
-0.59141,0.35277,-0.42093,-0.89974,0.90212,-0.24225,-0.1122
-0.5904,0.35242,-0.4209,-0.90031,0.89884,-0.24179,-0.11286
-0.58911,0.35193,-0.42107,-0.90114,0.89729,-0.2414,-0.11314
-0.58774,0.35187,-0.42136,-0.90173,0.89693,-0.2358,-0.11085
-0.58644,0.35186,-0.42187,-0.90197,0.89706,-0.23556,-0.11028
-0.5851,0.35176,-0.42263,-0.90196,0.8968,-0.23532,-0.10934
-0.5839,0.35172,-0.42336,-0.90147,0.89539,-0.23512,-0.10849
-0.58267,0.35182,-0.4241,-0.9009,0.8974,-0.2345,-0.10781
-0.58132,0.35193,-0.42481,-0.89981,0.89471,-0.23426,-0.109
-0.58019,0.35211,-0.42505,-0.8977,0.88304,-0.23384,-0.11154
-0.57914,0.35193,-0.42501,-0.89653,0.877,-0.23336,-0.11363
-0.57794,0.35166,-0.42465,-0.8961,0.87136,-0.2326,-0.11552
-0.57665,0.35158,-0.4241,-0.896,0.87247,-0.2319,-0.11579
-0.57549,0.3514,-0.4235,-0.89573,0.86801,-0.2304,-0.11615
-0.57431,0.35118,-0.42318,-0.89649,0.86184,-0.2298,-0.11732
-0.573,0.35123,-0.42281,-0.89686,0.86111,-0.22964,-0.11733
-0.57164,0.35103,-0.42278,-0.89739,0.86126,-0.22911,-0.11685
-0.57015,0.35108,-0.42314,-0.89707,0.86303,-0.22843,-0.11574
-0.56881,0.35108,-0.4237,-0.8973,0.86346,-0.22581,-0.11524
-0.56728,0.35114,-0.42392,-0.89715,0.86093,-0.22564,-0.11671
-0.56588,0.35099,-0.42406,-0.8965,0.85897,-0.22522,-0.1179
-0.56463,0.35075,-0.42425,-0.89566,0.85595,-0.2245,-0.11944
-0.56343,0.35048,-0.42443,-0.89531,0.85751,-0.22363,-0.12077
-0.56211,0.35038,-0.42432,-0.89431,0.8535,-0.22229,-0.12224
-0.561,0.35,-0.4244,-0.89354,0.84931,-0.22145,-0.12335
-0.55968,0.34975,-0.42391,-0.89345,0.84118,-0.21985,-0.12434
-0.55831,0.34951,-0.42336,-0.89348,0.83915,-0.21952,-0.12441
-0.55677,0.34901,-0.42289,-0.89371,0.84038,-0.21903,-0.1233
-0.55516,0.34862,-0.42235,-0.89426,0.83937,-0.21757,-0.1226
-0.55343,0.34818,-0.42195,-0.89463,0.83901,-0.21758,-0.12252
-0.55168,0.34777,-0.42168,-0.89509,0.83868,-0.21749,-0.1226
-0.55016,0.34727,-0.42177,-0.89571,0.8382,-0.21653,-0.12212
-0.54875,0.34684,-0.42195,-0.89546,0.83691,-0.21656,-0.1224
-0.54823,0.34518,-0.42412,-0.89479,0.83459,-0.21389,-0.12173
-0.54717,0.34482,-0.42446,-0.8939,0.8308,-0.21382,-0.12257
-0.54604,0.34454,-0.42475,-0.89296,0.82594,-0.2138,-0.12349
-0.54499,0.34406,-0.42489,-0.89198,0.82079,-0.21466,-0.12441
-0.54383,0.3437,-0.42464,-0.89193,0.81585,-0.21456,-0.12461
-0.54302,0.34259,-0.42533,-0.89205,0.81192,-0.21452,-0.12445
-0.54168,0.34224,-0.42478,-0.89256,0.8092,-0.21452,-0.12418
-0.54036,0.34194,-0.42416,-0.89338,0.8076,-0.21441,-0.12427
-0.53889,0.34162,-0.42367,-0.89395,0.80667,-0.21461,-0.12448
-0.5373,0.34117,-0.42326,-0.8946,0.80635,-0.2145,-0.12435
-0.53579,0.34078,-0.42325,-0.89481,0.80616,-0.21251,-0.12343
-0.53444,0.34056,-0.42334,-0.89465,0.80547,-0.21264,-0.12368
-0.53342,0.34047,-0.42362,-0.89408,0.80394,-0.21289,-0.1243
-0.53243,0.34032,-0.42383,-0.89352,0.80101,-0.21369,-0.12526
-0.53157,0.34021,-0.42399,-0.89325,0.79733,-0.21364,-0.12583
-0.53062,0.34011,-0.42398,-0.8933,0.79349,-0.21384,-0.12615
-0.52949,0.3402,-0.42397,-0.89347,0.79023,-0.21384,-0.12606
-0.52822,0.34037,-0.4237,-0.89382,0.78733,-0.21382,-0.12581
-0.52703,0.3403,-0.42371,-0.8948,0.78538,-0.21284,-0.12514
-0.52594,0.34016,-0.42397,-0.89552,0.78413,-0.21268,-0.12451
-0.52464,0.33967,-0.42462,-0.896,0.78387,-0.2101,-0.12271
-0.52357,0.33953,-0.42539,-0.89632,0.78383,-0.2101,-0.12235
-0.52252,0.33977,-0.42619,-0.89654,0.78406,-0.21005,-0.1223
-0.52169,0.34022,-0.42661,-0.89638,0.78405,-0.2107,-0.12253
-0.52103,0.34023,-0.42688,-0.89626,0.78369,-0.21095,-0.12262
-0.52042,0.33982,-0.42635,-0.89613,0.78338,-0.20951,-0.12159
-0.5197,0.33916,-0.42555,-0.89637,0.78301,-0.21003,-0.12151
-0.51922,0.33877,-0.42493,-0.89655,0.78267,-0.21054,-0.12122
-0.51868,0.33854,-0.42431,-0.89683,0.78247,-0.21058,-0.12044
-0.51815,0.33869,-0.42389,-0.89708,0.78244,-0.2106,-0.11961
-0.51752,0.33886,-0.4233,-0.89758,0.78238,-0.21097,-0.11905
-0.517,0.33927,-0.42252,-0.89787,0.78272,-0.21099,-0.11859
-0.51649,0.33952,-0.42163,-0.89801,0.78315,-0.21109,-0.11808
-0.51618,0.33948,-0.42076,-0.89804,0.78364,-0.21098,-0.11743
-0.51604,0.33917,-0.42004,-0.8982,0.78392,-0.21102,-0.11768
-0.5161,0.33914,-0.4196,-0.89802,0.78415,-0.21165,-0.11849
-0.51626,0.33915,-0.41933,-0.8979,0.78416,-0.21193,-0.11909
-0.51662,0.33935,-0.41916,-0.89758,0.78403,-0.21219,-0.1195
-0.51682,0.3397,-0.41904,-0.89831,0.78424,-0.20915,-0.11784
-0.51711,0.34003,-0.41892,-0.89841,0.78406,-0.20931,-0.11775
-0.51723,0.34032,-0.41897,-0.89855,0.7842,-0.21,-0.11796
-0.51725,0.3407,-0.41881,-0.89846,0.78469,-0.21002,-0.11764
-0.51723,0.34075,-0.4185,-0.89879,0.78498,-0.21004,-0.1175
-0.51719,0.34076,-0.41803,-0.89919,0.78502,-0.20946,-0.1173
-0.51707,0.34058,-0.41763,-0.89911,0.78565,-0.20924,-0.11698
-0.51718,0.34031,-0.41749,-0.89906,0.78609,-0.20904,-0.11685
-0.51747,0.34027,-0.41784,-0.89876,0.78676,-0.20913,-0.11705
-0.5178,0.34023,-0.41829,-0.89836,0.78716,-0.20911,-0.11731
-0.51811,0.34033,-0.41897,-0.89831,0.78742,-0.20839,-0.11743
-0.51851,0.34049,-0.41963,-0.89787,0.78752,-0.2083,-0.1179
-0.51885,0.34076,-0.42008,-0.89756,0.78766,-0.20785,-0.11798
-0.51924,0.34105,-0.42037,-0.89723,0.78784,-0.2079,-0.11811
-0.51954,0.34129,-0.42045,-0.89709,0.78821,-0.20796,-0.11785
-0.51997,0.34127,-0.42016,-0.89728,0.78846,-0.20792,-0.11767
-0.52019,0.34131,-0.41964,-0.89737,0.78894,-0.20782,-0.11748
-0.52011,0.34097,-0.41864,-0.89739,0.78959,-0.20681,-0.11691
-0.52003,0.34043,-0.41746,-0.89749,0.79024,-0.20695,-0.11689
-0.52026,0.34013,-0.41658,-0.89767,0.79096,-0.20709,-0.1167
-0.52028,0.34024,-0.41574,-0.89795,0.79199,-0.20635,-0.1162
-0.52014,0.34025,-0.41483,-0.89815,0.79273,-0.20664,-0.11606
-0.52002,0.34042,-0.41403,-0.89813,0.79347,-0.20664,-0.11594
-0.52007,0.34046,-0.41341,-0.89826,0.79398,-0.20656,-0.11572
-0.52004,0.34054,-0.41329,-0.89817,0.79451,-0.20663,-0.11536
-0.52005,0.34058,-0.41323,-0.89816,0.79542,-0.20617,-0.11467
-0.52016,0.34043,-0.41317,-0.89807,0.79648,-0.20623,-0.11417
-0.52007,0.34021,-0.41324,-0.89829,0.7976,-0.20596,-0.11378
-0.52018,0.33997,-0.41307,-0.8982,0.799,-0.2061,-0.11341
-0.52036,0.33976,-0.41306,-0.89827,0.80035,-0.20619,-0.11322
-0.52072,0.33963,-0.41309,-0.89829,0.80177,-0.20618,-0.11318
-0.5209,0.33965,-0.41322,-0.89825,0.80348,-0.20634,-0.11319
-0.52113,0.33989,-0.41327,-0.89826,0.80529,-0.20632,-0.11295
-0.52141,0.3401,-0.41317,-0.89834,0.80675,-0.20341,-0.11153
-0.52171,0.34049,-0.41295,-0.89805,0.80833,-0.20385,-0.11154
-0.52212,0.34074,-0.41299,-0.89779,0.80992,-0.20382,-0.11088
-0.52258,0.34096,-0.4125,-0.89749,0.81121,-0.20388,-0.11043
-0.52295,0.34107,-0.41208,-0.89723,0.81276,-0.20401,-0.10979
-0.52308,0.34118,-0.4115,-0.89727,0.8145,-0.20391,-0.10938
-0.52343,0.34117,-0.41099,-0.89719,0.81664,-0.20408,-0.10911
-0.5237,0.341,-0.41061,-0.89723,0.81907,-0.20446,-0.10867
-0.52376,0.34087,-0.41019,-0.89745,0.82185,-0.2046,-0.10808
-0.52422,0.34103,-0.41006,-0.89748,0.82486,-0.20478,-0.10767
-0.52469,0.34084,-0.41005,-0.89772,0.82815,-0.20512,-0.10713
-0.52519,0.34103,-0.41009,-0.89774,0.83172,-0.20581,-0.10609
-0.52573,0.341,-0.41024,-0.89807,0.83515,-0.20503,-0.10524
-0.52629,0.34111,-0.41033,-0.89769,0.83835,-0.20548,-0.10449
-0.52682,0.34103,-0.41043,-0.89751,0.84087,-0.20567,-0.10398
-0.52748,0.34093,-0.41043,-0.89723,0.84251,-0.20665,-0.10394
-0.52801,0.34079,-0.41035,-0.89693,0.84357,-0.20676,-0.10365
-0.52836,0.3406,-0.41018,-0.89681,0.84442,-0.20609,-0.10301
-0.52871,0.34034,-0.41002,-0.89658,0.84491,-0.20597,-0.10288
-0.52908,0.34012,-0.40997,-0.89643,0.84573,-0.20595,-0.10286
-0.52956,0.34002,-0.40996,-0.89633,0.84697,-0.20649,-0.10306
-0.53023,0.33986,-0.40997,-0.89626,0.84879,-0.20658,-0.10294
-0.53092,0.33974,-0.41007,-0.89668,0.85122,-0.20598,-0.10249
-0.53159,0.33984,-0.41019,-0.89661,0.85438,-0.20633,-0.10198
-0.53216,0.33986,-0.41015,-0.8969,0.85778,-0.2066,-0.10134
-0.53286,0.34004,-0.41012,-0.89704,0.86152,-0.20702,-0.10056
-0.53355,0.34005,-0.41011,-0.89733,0.86544,-0.20733,-0.099525
-0.53451,0.34008,-0.41013,-0.89802,0.86949,-0.20583,-0.097713
-0.53528,0.3402,-0.40991,-0.89813,0.87315,-0.2062,-0.096719
-0.53624,0.34029,-0.40962,-0.89824,0.87643,-0.20652,-0.095952
-0.53695,0.34042,-0.40901,-0.89824,0.87938,-0.20631,-0.095266
-0.53784,0.34044,-0.4084,-0.89842,0.88167,-0.20638,-0.095034
-0.53882,0.34041,-0.40765,-0.89796,0.88365,-0.20745,-0.095344
-0.53996,0.34018,-0.40708,-0.89782,0.88551,-0.20754,-0.095066
-0.54066,0.34004,-0.40642,-0.89765,0.88756,-0.20774,-0.094851
-0.5414,0.33969,-0.40558,-0.89768,0.88969,-0.20795,-0.094484
-0.5424,0.33936,-0.40483,-0.89777,0.89211,-0.20822,-0.093807
-0.54323,0.3391,-0.40432,-0.89832,0.8951,-0.20731,-0.092665
-0.54418,0.33882,-0.40372,-0.89878,0.89811,-0.20748,-0.091938
-0.54518,0.33882,-0.40309,-0.89912,0.90134,-0.20763,-0.091147
-0.54646,0.33893,-0.40284,-0.89912,0.90471,-0.20749,-0.090295
-0.54783,0.33879,-0.40301,-0.89939,0.9076,-0.20744,-0.089724
-0.54899,0.33858,-0.40296,-0.89943,0.91062,-0.2076,-0.08944
-0.5504,0.33867,-0.40255,-0.8994,0.91279,-0.20774,-0.089396
-0.5518,0.33905,-0.4022,-0.89915,0.91483,-0.20788,-0.089354
-0.55316,0.33917,-0.40134,-0.89932,0.91658,-0.20949,-0.089781
-0.55454,0.33896,-0.40009,-0.89928,0.9186,-0.20946,-0.089287
-0.55566,0.33835,-0.39845,-0.89997,0.92049,-0.2094,-0.088945
-0.55695,0.33765,-0.39693,-0.90091,0.92323,-0.20913,-0.088339
-0.55832,0.33703,-0.39582,-0.90185,0.92699,-0.20913,-0.087274
-0.55978,0.33673,-0.39497,-0.90286,0.93143,-0.20946,-0.086154
-0.56142,0.33655,-0.39441,-0.9041,0.93667,-0.20934,-0.084429
-0.56316,0.33653,-0.39389,-0.90439,0.9427,-0.2112,-0.08301
-0.56484,0.33655,-0.39328,-0.90503,0.94908,-0.21118,-0.081155
-0.56649,0.33634,-0.39232,-0.90564,0.9551,-0.21077,-0.079695
-0.56834,0.33621,-0.39138,-0.90552,0.96063,-0.21063,-0.078471
-0.57038,0.33616,-0.39034,-0.90522,0.96536,-0.21051,-0.077357
-0.57268,0.33633,-0.38932,-0.90498,0.96925,-0.21016,-0.076266
-0.57496,0.3365,-0.38826,-0.90458,0.97256,-0.21026,-0.075252
-0.57755,0.33706,-0.38719,-0.90453,0.9758,-0.21023,-0.074196
-0.58001,0.33757,-0.38597,-0.90491,0.97941,-0.21182,-0.073402
-0.58231,0.33815,-0.3849,-0.90554,0.98405,-0.21197,-0.071708
-0.58437,0.33863,-0.38355,-0.90638,0.98926,-0.2117,-0.069682
-0.58626,0.33893,-0.38243,-0.90719,0.99486,-0.21136,-0.067692
-0.58817,0.33938,-0.38148,-0.90774,1.0004,-0.21086,-0.065945
-0.59012,0.33973,-0.38047,-0.90812,1.0051,-0.21015,-0.064712
-0.5919,0.34008,-0.3794,-0.90822,1.009,-0.20974,-0.063694
-0.59397,0.34032,-0.37848,-0.90833,1.0121,-0.20879,-0.062683
-0.59636,0.3406,-0.37789,-0.90796,1.0147,-0.20864,-0.061678
-0.59845,0.34098,-0.37721,-0.90751,1.0171,-0.20874,-0.060695
-0.60058,0.34166,-0.37682,-0.90707,1.0198,-0.20944,-0.059947
-0.60289,0.34219,-0.37638,-0.90719,1.0226,-0.20904,-0.058928
-0.60488,0.34288,-0.37575,-0.90775,1.0258,-0.20834,-0.057695
-0.6068,0.34334,-0.3753,-0.90833,1.0297,-0.20759,-0.056062
-0.60874,0.34399,-0.37492,-0.90894,1.0336,-0.20659,-0.054573
-0.6106,0.34459,-0.37451,-0.90925,1.0372,-0.20577,-0.053361
-0.61235,0.34487,-0.37411,-0.9094,1.0402,-0.20456,-0.052918
-0.61415,0.34489,-0.37362,-0.90956,1.0426,-0.20337,-0.053072
-0.61575,0.34508,-0.3731,-0.90927,1.0452,-0.20294,-0.052929
-0.6176,0.34539,-0.37261,-0.90912,1.0477,-0.20268,-0.052097
-0.61956,0.34595,-0.37217,-0.90888,1.0506,-0.20258,-0.050653
-0.62135,0.34634,-0.3717,-0.90904,1.054,-0.20213,-0.048775
-0.6232,0.3467,-0.37097,-0.90919,1.0579,-0.20194,-0.046773
-0.6249,0.34715,-0.37019,-0.90944,1.0622,-0.20131,-0.044753
-0.62668,0.34776,-0.36914,-0.90999,1.0662,-0.20066,-0.043349
-0.62825,0.34828,-0.36803,-0.91038,1.07,-0.19992,-0.042214
-0.63003,0.34884,-0.36669,-0.91085,1.0731,-0.19928,-0.041746
-0.63164,0.34958,-0.36529,-0.91109,1.0758,-0.19858,-0.041814
-0.6316,0.34968,-0.36515,-0.9113,1.0807,-0.19776,-0.042023
-0.63511,0.3508,-0.36244,-0.91149,1.0804,-0.19724,-0.042324
-0.63668,0.3515,-0.36092,-0.91165,1.0832,-0.19716,-0.042085
-0.6383,0.35227,-0.3594,-0.91195,1.0861,-0.19678,-0.041195
-0.63831,0.35232,-0.35945,-0.91245,1.0918,-0.19579,-0.039481
-0.63987,0.35291,-0.3581,-0.91314,1.0958,-0.19502,-0.037345
-0.64322,0.35401,-0.35526,-0.91407,1.0974,-0.19413,-0.035359
-0.64483,0.35474,-0.35379,-0.91478,1.1012,-0.19437,-0.034141
-0.64622,0.35538,-0.35213,-0.91548,1.1042,-0.19371,-0.03359
-0.6463,0.35541,-0.35239,-0.9166,1.109,-0.19261,-0.034062
-0.64766,0.35606,-0.35101,-0.9171,1.111,-0.19207,-0.034563
-0.64892,0.35654,-0.34974,-0.91765,1.1132,-0.19124,-0.035092
-0.6502,0.357,-0.34882,-0.91816,1.1157,-0.19015,-0.035294
-0.65167,0.35741,-0.34832,-0.9185,1.1188,-0.18891,-0.034634
-0.65299,0.35783,-0.34771,-0.91883,1.1225,-0.18768,-0.033016
-0.65433,0.35825,-0.34745,-0.91922,1.1262,-0.1866,-0.030577
-0.65567,0.35881,-0.34737,-0.91946,1.1302,-0.18501,-0.027504
-0.65705,0.35927,-0.34723,-0.91953,1.1339,-0.18396,-0.024738
-0.65844,0.36001,-0.34722,-0.91948,1.1372,-0.18293,-0.023143
-0.65975,0.36048,-0.3468,-0.91952,1.1401,-0.1824,-0.022405
-0.661,0.36108,-0.34603,-0.91963,1.1429,-0.18161,-0.021936
-0.66207,0.36161,-0.34483,-0.92009,1.1459,-0.18027,-0.021258
-0.66309,0.36215,-0.34334,-0.92052,1.1486,-0.17803,-0.020481
-0.66408,0.36269,-0.34191,-0.92116,1.1516,-0.17614,-0.019774
-0.66487,0.36309,-0.34006,-0.92179,1.1548,-0.17414,-0.018933
-0.66544,0.36366,-0.33805,-0.92234,1.1578,-0.17206,-0.017682
-0.6659,0.36397,-0.33604,-0.92289,1.1606,-0.17025,-0.015833
-0.66622,0.36421,-0.33429,-0.9233,1.163,-0.16819,-0.013465
-0.66663,0.36446,-0.33301,-0.924,1.1653,-0.16639,-0.011086
-0.66718,0.36454,-0.3321,-0.92484,1.1676,-0.16444,-0.0089033
-0.66781,0.36473,-0.33172,-0.92523,1.1703,-0.16303,-0.0068008
-0.66872,0.36494,-0.3314,-0.92577,1.173,-0.16112,-0.004428
-0.66969,0.36506,-0.33124,-0.92644,1.1759,-0.1588,-0.0017323
-0.67061,0.36506,-0.33095,-0.92716,1.1788,-0.15588,0.0011837
-0.67149,0.36514,-0.33039,-0.92783,1.1818,-0.15297,0.0041218
-0.67226,0.36487,-0.3293,-0.92906,1.1843,-0.1499,0.006697
-0.67316,0.36475,-0.32823,-0.92993,1.1865,-0.14743,0.0088315
-0.67376,0.36472,-0.32702,-0.93044,1.1888,-0.14431,0.010686
-0.67429,0.36469,-0.32551,-0.93093,1.1908,-0.14131,0.012057
-0.67491,0.36503,-0.3237,-0.93115,1.1927,-0.13904,0.01242
-0.67542,0.3653,-0.32173,-0.93181,1.1943,-0.13563,0.012371
-0.67603,0.36554,-0.31949,-0.93272,1.1959,-0.13202,0.012007
-0.67678,0.36584,-0.31733,-0.93363,1.1979,-0.1286,0.011997
-0.67771,0.36615,-0.31549,-0.93426,1.2,-0.12561,0.012297
-0.67857,0.36657,-0.31357,-0.93491,1.2019,-0.12275,0.01286
-0.67967,0.36703,-0.31196,-0.93549,1.2036,-0.12075,0.014576
-0.68065,0.36736,-0.31029,-0.93608,1.2054,-0.11922,0.017227
-0.68197,0.36734,-0.30883,-0.93659,1.2067,-0.11768,0.02032
-0.68345,0.36756,-0.30705,-0.93734,1.2075,-0.11619,0.022943
-0.68515,0.36822,-0.30553,-0.9383,1.208,-0.11474,0.024374
-0.68665,0.3689,-0.30347,-0.93908,1.2083,-0.11384,0.024784
-0.68774,0.36954,-0.30086,-0.93963,1.2086,-0.11286,0.023997
-0.68872,0.37,-0.29807,-0.9399,1.2085,-0.11198,0.022546
-0.6894,0.37037,-0.29527,-0.94007,1.2085,-0.11105,0.02093
-0.69017,0.37064,-0.29298,-0.93999,1.2086,-0.1105,0.019923
-0.69096,0.37089,-0.2912,-0.94007,1.2091,-0.10987,0.019428
-0.69173,0.37123,-0.2894,-0.93987,1.2096,-0.11014,0.020159
-0.69267,0.37188,-0.28832,-0.93943,1.2099,-0.11075,0.021314
-0.69365,0.37235,-0.2882,-0.93875,1.2104,-0.11111,0.022216
-0.69486,0.37258,-0.2886,-0.93804,1.2103,-0.11197,0.022306
-0.69587,0.37278,-0.28912,-0.93752,1.2103,-0.11261,0.022085
-0.69695,0.37307,-0.29007,-0.93684,1.2108,-0.11283,0.022119
-0.69777,0.37334,-0.2911,-0.93642,1.2116,-0.11242,0.021874
-0.69858,0.37354,-0.29193,-0.93628,1.212,-0.11222,0.021534
-0.69924,0.37373,-0.29279,-0.93582,1.2126,-0.11261,0.021514
-0.69993,0.37396,-0.29323,-0.93588,1.2129,-0.11256,0.021497
-0.70046,0.37435,-0.29311,-0.93568,1.2127,-0.11299,0.021887
-0.70057,0.37482,-0.29259,-0.93535,1.2122,-0.11259,0.022202
-0.70073,0.37506,-0.29176,-0.93513,1.2112,-0.11344,0.022872
-0.70068,0.37518,-0.2908,-0.93562,1.2111,-0.11385,0.023642
-0.70065,0.37498,-0.28979,-0.93606,1.2107,-0.11427,0.024578
-0.7006,0.37455,-0.289,-0.93652,1.2109,-0.11419,0.02545
-0.70049,0.37426,-0.28851,-0.93679,1.2115,-0.11394,0.025771
-0.70043,0.37402,-0.28856,-0.93692,1.2116,-0.11387,0.025278
-0.70032,0.37382,-0.28893,-0.93669,1.2111,-0.11399,0.024746
-0.70052,0.37385,-0.28948,-0.93619,1.2104,-0.11449,0.024465
-0.70069,0.37384,-0.28978,-0.93585,1.21,-0.11507,0.024682
-0.70082,0.37375,-0.28986,-0.93571,1.2098,-0.11497,0.025522
-0.70088,0.37358,-0.28945,-0.93547,1.21,-0.11543,0.026624
-0.70075,0.37349,-0.28876,-0.93529,1.2094,-0.1163,0.02708
-0.70028,0.37318,-0.28803,-0.93532,1.2092,-0.11686,0.027402
-0.69972,0.37264,-0.28715,-0.93523,1.2085,-0.11726,0.027297
-0.69941,0.37175,-0.28639,-0.93534,1.2078,-0.11724,0.027257
-0.69917,0.37085,-0.28578,-0.93569,1.2075,-0.11702,0.027587
-0.69888,0.37031,-0.28536,-0.93566,1.2079,-0.11673,0.027968
-0.69866,0.36989,-0.28493,-0.93545,1.2084,-0.11664,0.028674
-0.69852,0.36951,-0.28455,-0.93519,1.2083,-0.11693,0.028956
-0.69845,0.36912,-0.28435,-0.93495,1.208,-0.11825,0.029217
-0.69832,0.36871,-0.28403,-0.93464,1.2074,-0.11858,0.029081
-0.69823,0.36832,-0.28389,-0.93472,1.2078,-0.11875,0.028974
-0.69816,0.36819,-0.28389,-0.93459,1.2082,-0.11864,0.028814
-0.69805,0.36786,-0.28358,-0.93468,1.2088,-0.11875,0.028737
-0.69791,0.36748,-0.28321,-0.93482,1.2091,-0.11825,0.028311
-0.69786,0.36696,-0.28285,-0.93487,1.2093,-0.11839,0.02801
-0.69782,0.36669,-0.28238,-0.93391,1.2092,-0.119,0.02841
-0.69767,0.36634,-0.28196,-0.93347,1.209,-0.11912,0.028664
-0.69774,0.36626,-0.28144,-0.9329,1.2086,-0.11921,0.029008
-0.69782,0.36618,-0.2808,-0.93265,1.2082,-0.11958,0.029107
-0.69788,0.36601,-0.27975,-0.93261,1.2079,-0.11994,0.029267
-0.69766,0.36579,-0.27865,-0.93228,1.2076,-0.1208,0.029418
-0.69768,0.3656,-0.27802,-0.93227,1.2074,-0.12093,0.029358
-0.69763,0.36548,-0.27789,-0.93227,1.2072,-0.12099,0.029285
-0.69766,0.36534,-0.27806,-0.93221,1.2073,-0.12002,0.029195
-0.6976,0.36513,-0.27852,-0.93187,1.2077,-0.11978,0.029265
-0.69738,0.36478,-0.27879,-0.93075,1.208,-0.12117,0.029387
-0.69723,0.36448,-0.27899,-0.93035,1.2079,-0.1214,0.029549
-0.69718,0.36403,-0.27902,-0.93006,1.2073,-0.12172,0.02983
-0.69719,0.36346,-0.27889,-0.93001,1.2067,-0.12243,0.030296
-0.69735,0.36309,-0.27875,-0.92983,1.2065,-0.12281,0.030696
-0.69742,0.36268,-0.2784,-0.92997,1.206,-0.12309,0.03084
-0.69742,0.36245,-0.2782,-0.92981,1.2061,-0.12333,0.030781
-0.69725,0.3622,-0.27793,-0.92986,1.2061,-0.12347,0.03052
-0.69715,0.36203,-0.27776,-0.9296,1.2063,-0.12337,0.030336
-0.69697,0.36176,-0.27726,-0.9296,1.2063,-0.12359,0.029782
-0.69694,0.36149,-0.2768,-0.92952,1.2063,-0.12369,0.029451
-0.69689,0.36109,-0.2761,-0.92956,1.2058,-0.12373,0.029375
-0.69667,0.3607,-0.27515,-0.92964,1.2055,-0.12376,0.029647
-0.69659,0.36034,-0.27433,-0.92969,1.2056,-0.12268,0.030138
-0.6964,0.35986,-0.27373,-0.92987,1.2057,-0.12275,0.030442
-0.69635,0.35934,-0.27337,-0.93035,1.2057,-0.12209,0.030342
-0.69619,0.35888,-0.27294,-0.9302,1.2056,-0.122,0.030284
-0.69623,0.3586,-0.27277,-0.93014,1.2052,-0.12222,0.029974
-0.6962,0.35835,-0.27252,-0.93012,1.2049,-0.12164,0.029693
-0.69633,0.3582,-0.27235,-0.93014,1.2047,-0.12138,0.029548
-0.69646,0.35803,-0.27194,-0.93049,1.2044,-0.12087,0.029281
-0.69642,0.35801,-0.27176,-0.93047,1.2045,-0.12098,0.029114
-0.69627,0.35763,-0.27134,-0.93055,1.2046,-0.12109,0.029312
-0.6963,0.35732,-0.27116,-0.93063,1.2046,-0.12107,0.029762
-0.69624,0.35711,-0.27104,-0.93056,1.2048,-0.12087,0.030327
-0.69626,0.35713,-0.27134,-0.93035,1.205,-0.12092,0.030835
-0.69613,0.35683,-0.2714,-0.93018,1.205,-0.12087,0.031161
-0.69604,0.35652,-0.27139,-0.9301,1.2045,-0.12109,0.031108
-0.69591,0.35592,-0.27113,-0.93012,1.2038,-0.12075,0.030595
-0.6958,0.35575,-0.27095,-0.93013,1.203,-0.12109,0.029904
-0.69579,0.35586,-0.2709,-0.93011,1.2025,-0.12116,0.029664
-0.69567,0.35545,-0.27058,-0.93025,1.2025,-0.12073,0.029818
-0.69566,0.35555,-0.27021,-0.93052,1.2025,-0.12069,0.02993
-0.69546,0.35572,-0.26988,-0.93048,1.2027,-0.12071,0.03013
-0.69551,0.35572,-0.26986,-0.93037,1.2026,-0.12089,0.030513
-0.69523,0.35575,-0.26982,-0.93062,1.2022,-0.12073,0.030774
-0.69516,0.35569,-0.26987,-0.93019,1.2015,-0.12116,0.030978
-0.69489,0.3551,-0.26998,-0.92999,1.2008,-0.12156,0.031091
-0.69458,0.35475,-0.27071,-0.92967,1.1999,-0.12169,0.030771
-0.69425,0.35455,-0.27105,-0.92968,1.1988,-0.12216,0.029939
-0.69395,0.35455,-0.27164,-0.92956,1.1977,-0.12265,0.029006
-0.69367,0.35427,-0.27199,-0.92969,1.1969,-0.12318,0.028139
-0.69331,0.35428,-0.27257,-0.92941,1.1967,-0.12355,0.027685
-0.69282,0.35435,-0.2732,-0.92932,1.1967,-0.12352,0.027795
-0.69251,0.35416,-0.27403,-0.92899,1.1968,-0.12357,0.02818
-0.69212,0.3539,-0.27508,-0.92887,1.1967,-0.12364,0.028636
-0.69183,0.35397,-0.27602,-0.92857,1.1961,-0.12416,0.02902
-0.69134,0.35394,-0.27639,-0.9283,1.1952,-0.12479,0.029481
-0.69079,0.3537,-0.27631,-0.92821,1.1939,-0.12538,0.029684
-0.69008,0.35319,-0.27583,-0.92819,1.1931,-0.12607,0.029924
-0.6894,0.35258,-0.27512,-0.92814,1.1924,-0.12714,0.029952
-0.68849,0.35217,-0.2748,-0.92823,1.1923,-0.12735,0.029857
-0.68789,0.35203,-0.27535,-0.92828,1.1922,-0.12749,0.02931
-0.68718,0.35177,-0.27599,-0.92819,1.1921,-0.12711,0.028848
-0.68659,0.35168,-0.27681,-0.92796,1.1915,-0.12764,0.028479
-0.68597,0.35182,-0.27758,-0.92734,1.1906,-0.12814,0.028656
-0.68538,0.35199,-0.27824,-0.92713,1.1895,-0.1285,0.028956
-0.68504,0.35204,-0.27887,-0.92711,1.1882,-0.1289,0.029218
-0.68455,0.35218,-0.27954,-0.92716,1.1873,-0.12931,0.029264
-0.68419,0.3523,-0.28029,-0.92723,1.1866,-0.12981,0.028894
-0.68373,0.35238,-0.28113,-0.92673,1.186,-0.13104,0.028391
-0.6835,0.35271,-0.28218,-0.92666,1.1855,-0.13149,0.027248
-0.68322,0.35315,-0.28349,-0.92648,1.1848,-0.13203,0.026132
-0.68293,0.35346,-0.28485,-0.92613,1.1835,-0.13243,0.025876
-0.68264,0.35395,-0.2864,-0.92526,1.1818,-0.13309,0.024657
-0.68241,0.35435,-0.28785,-0.92429,1.1791,-0.13449,0.023686
-0.68191,0.3547,-0.28881,-0.92377,1.1762,-0.13555,0.022768
-0.68162,0.35511,-0.28958,-0.92337,1.1739,-0.13629,0.022567
-0.68128,0.3555,-0.29007,-0.92351,1.1724,-0.13663,0.022882
-0.68091,0.35562,-0.29066,-0.92382,1.1716,-0.13678,0.023252
-0.68062,0.35569,-0.29091,-0.92415,1.1709,-0.13671,0.023175
-0.68014,0.35561,-0.29125,-0.92431,1.1699,-0.13702,0.022379
-0.67966,0.35603,-0.29164,-0.92388,1.1682,-0.13757,0.021143
-0.67943,0.3561,-0.29192,-0.9233,1.1652,-0.1384,0.019402
-0.6789,0.3561,-0.29202,-0.92254,1.1613,-0.13956,0.017466
-0.67866,0.35597,-0.29221,-0.92196,1.1574,-0.14073,0.015952
-0.67829,0.356,-0.29251,-0.92141,1.1541,-0.14203,0.015267
-0.678,0.356,-0.29262,-0.92116,1.1519,-0.14293,0.015664
-0.6776,0.35579,-0.29257,-0.92142,1.1505,-0.14355,0.016597
-0.67704,0.35558,-0.2927,-0.9215,1.1498,-0.14209,0.017583
-0.67644,0.35551,-0.2928,-0.92125,1.1487,-0.14308,0.018138
-0.67571,0.35548,-0.29312,-0.92102,1.147,-0.14352,0.017582
-0.67533,0.35563,-0.2938,-0.92059,1.1439,-0.14423,0.015938
-0.67477,0.35576,-0.29442,-0.92012,1.1404,-0.14506,0.013568
-0.67442,0.35606,-0.29516,-0.91956,1.1368,-0.14453,0.011449
-0.67392,0.35622,-0.29571,-0.91924,1.1341,-0.14502,0.010189
-0.67359,0.3565,-0.29645,-0.91928,1.1329,-0.14523,0.0093896
-0.67301,0.35652,-0.2969,-0.91945,1.1327,-0.14536,0.0096236
-0.67245,0.35662,-0.29742,-0.91981,1.133,-0.14536,0.010022
-0.67164,0.35669,-0.29758,-0.92006,1.1331,-0.14542,0.010477
-0.67096,0.35688,-0.29787,-0.92017,1.1326,-0.14581,0.010619
-0.67046,0.35694,-0.2981,-0.92015,1.131,-0.14644,0.010467
-0.67,0.35705,-0.29824,-0.91988,1.1289,-0.14733,0.0099463
-0.66954,0.35727,-0.29853,-0.91954,1.1266,-0.14832,0.0088595
-0.66901,0.3573,-0.29858,-0.91929,1.1248,-0.14899,0.0079287
-0.6686,0.35735,-0.29896,-0.91919,1.1236,-0.14976,0.006728
-0.66807,0.35728,-0.29935,-0.91905,1.1232,-0.15032,0.0059006
-0.6676,0.3569,-0.29995,-0.91919,1.1233,-0.15052,0.0055482
-0.6673,0.35655,-0.30052,-0.91934,1.1232,-0.15087,0.0056942
-0.66696,0.35633,-0.30104,-0.91919,1.1228,-0.15212,0.0059709
-0.66663,0.35614,-0.30138,-0.9189,1.1215,-0.15268,0.0062553
-0.66627,0.35606,-0.3018,-0.91833,1.1195,-0.15327,0.0061704
-0.66591,0.35593,-0.30197,-0.91771,1.1166,-0.15422,0.0057059
-0.66536,0.35599,-0.30216,-0.91715,1.1135,-0.1553,0.0044804
-0.66495,0.35589,-0.30234,-0.91665,1.1104,-0.15638,0.0027406
-0.66455,0.35571,-0.30239,-0.91628,1.1075,-0.15784,0.00079349
-0.66415,0.35531,-0.30256,-0.91589,1.1047,-0.15911,-0.00091591
-0.66367,0.35508,-0.30276,-0.91554,1.1021,-0.16007,-0.0022523
-0.6632,0.355,-0.30316,-0.91487,1.0995,-0.161,-0.0031698
-0.66274,0.35487,-0.30366,-0.91422,1.0966,-0.16178,-0.003507
-0.66233,0.35487,-0.30427,-0.91351,1.0935,-0.16297,-0.0037702
-0.66176,0.35474,-0.30475,-0.91286,1.0909,-0.16365,-0.0035598
-0.66121,0.35458,-0.30535,-0.91256,1.0884,-0.16427,-0.0030808
-0.6607,0.35455,-0.30606,-0.91209,1.0869,-0.16468,-0.002536
-0.66015,0.35455,-0.30677,-0.91165,1.0857,-0.16625,-0.0022906
-0.65974,0.35441,-0.30769,-0.91132,1.0848,-0.16632,-0.0024928
-0.65931,0.35413,-0.30865,-0.91062,1.0835,-0.16646,-0.0032552
-0.65904,0.35383,-0.3095,-0.90967,1.0816,-0.16675,-0.0044599
-0.65879,0.3536,-0.31041,-0.90834,1.0787,-0.16725,-0.0056981
-0.65858,0.35362,-0.31128,-0.9065,1.0747,-0.16865,-0.0067122
-0.65837,0.35361,-0.31202,-0.90489,1.0696,-0.16925,-0.0081632
-0.6578,0.3538,-0.31266,-0.90324,1.0645,-0.1705,-0.0097405
-0.65745,0.35404,-0.31329,-0.90197,1.0601,-0.17183,-0.01051
-0.65707,0.35444,-0.31423,-0.90106,1.0571,-0.17279,-0.0099209
-0.65684,0.35456,-0.31545,-0.90055,1.0557,-0.17352,-0.0083261
-0.65659,0.35421,-0.31704,-0.90055,1.0554,-0.1737,-0.0066074
-0.65617,0.35393,-0.31871,-0.90031,1.0556,-0.17406,-0.0053389
-0.65581,0.35408,-0.32041,-0.89951,1.0553,-0.17396,-0.0045034
-0.65553,0.35436,-0.3218,-0.89823,1.0534,-0.17377,-0.0043995
-0.65517,0.3543,-0.32238,-0.89636,1.0492,-0.17406,-0.0051105
-0.65483,0.35403,-0.32238,-0.89419,1.0427,-0.17427,-0.0065046
-0.65457,0.35374,-0.32235,-0.89222,1.0346,-0.17477,-0.0084959
-0.65432,0.35378,-0.32215,-0.89029,1.0265,-0.17554,-0.010411
-0.65391,0.35355,-0.32226,-0.88905,1.0195,-0.17646,-0.011893
-0.65357,0.35373,-0.32236,-0.88823,1.0143,-0.177,-0.012264
-0.65292,0.35385,-0.32288,-0.88712,1.0111,-0.17936,-0.012378
-0.65231,0.35392,-0.32351,-0.88713,1.0095,-0.17948,-0.011841
-0.65135,0.35348,-0.32421,-0.88714,1.0087,-0.17923,-0.011371
-0.65048,0.35293,-0.32525,-0.88666,1.0078,-0.17925,-0.011355
-0.64964,0.35241,-0.32645,-0.8855,1.0058,-0.17938,-0.011858
-0.64908,0.35222,-0.32797,-0.88391,1.0027,-0.17931,-0.012954
-0.64902,0.35227,-0.32778,-0.88265,0.99662,-0.17948,-0.014707
-0.64881,0.35236,-0.32945,-0.88072,0.99153,-0.18,-0.016543
-0.64824,0.35237,-0.33219,-0.87906,0.98814,-0.1806,-0.017863
-0.64848,0.35258,-0.33237,-0.87877,0.98406,-0.18116,-0.018231
-0.64813,0.35262,-0.33326,-0.87857,0.98344,-0.18257,-0.017844
-0.6474,0.35264,-0.33379,-0.8792,0.98466,-0.18279,-0.016677
-0.64641,0.35243,-0.33445,-0.88014,0.9874,-0.18283,-0.015362
-0.64529,0.35225,-0.33503,-0.8811,0.99019,-0.18282,-0.014177
-0.64382,0.35209,-0.33572,-0.88134,0.99245,-0.18282,-0.012819
-0.64255,0.35192,-0.33635,-0.88133,0.99282,-0.18283,-0.012289
-0.64119,0.3517,-0.33712,-0.88094,0.99159,-0.18273,-0.012835
-0.64018,0.3516,-0.33785,-0.87969,0.98864,-0.18296,-0.01413
-0.63922,0.35137,-0.33862,-0.87857,0.98461,-0.18313,-0.016065
-0.63821,0.35124,-0.3394,-0.87746,0.98065,-0.18384,-0.018084
-0.63716,0.35104,-0.34032,-0.87673,0.97751,-0.18427,-0.019252
-0.636,0.35076,-0.34117,-0.87623,0.97575,-0.18463,-0.019593
-0.63474,0.3504,-0.34204,-0.87597,0.9752,-0.18456,-0.019164
-0.63334,0.35016,-0.34311,-0.87602,0.97561,-0.18459,-0.018132
-0.632,0.3498,-0.34438,-0.87583,0.97605,-0.18467,-0.017144
-0.63076,0.3491,-0.3457,-0.87526,0.97566,-0.18475,-0.016693
-0.62948,0.34835,-0.34685,-0.8744,0.97401,-0.18481,-0.017247
-0.6283,0.34775,-0.34785,-0.87297,0.97056,-0.185,-0.018677
-0.62742,0.3473,-0.34841,-0.87151,0.96519,-0.18504,-0.020948
-0.62652,0.34689,-0.34886,-0.87005,0.95921,-0.18537,-0.02352
-0.62584,0.34673,-0.34894,-0.86723,0.95285,-0.18908,-0.02662
-0.62494,0.34635,-0.34866,-0.86633,0.94751,-0.18935,-0.028455
-0.6241,0.34602,-0.34836,-0.86599,0.94313,-0.18953,-0.029635
-0.62292,0.34556,-0.3481,-0.86537,0.94043,-0.18952,-0.02964
-0.62167,0.34508,-0.34781,-0.86519,0.9378,-0.18913,-0.029544
-0.62055,0.34451,-0.34789,-0.86481,0.93488,-0.18844,-0.029402
-0.61947,0.344,-0.34809,-0.86381,0.93045,-0.1888,-0.030312
-0.61853,0.34354,-0.34843,-0.86259,0.9244,-0.18897,-0.032232
-0.61797,0.34327,-0.34873,-0.86128,0.9168,-0.18897,-0.034938
-0.6176,0.34308,-0.34919,-0.85967,0.9086,-0.18937,-0.037912
-0.61751,0.34282,-0.34975,-0.85832,0.90056,-0.19013,-0.040995
-0.61715,0.34265,-0.35003,-0.85742,0.89355,-0.19022,-0.043282
-0.61664,0.34233,-0.35042,-0.85687,0.88802,-0.19024,-0.044346
-0.61605,0.34212,-0.35096,-0.85642,0.88408,-0.19035,-0.044428
-0.61512,0.34185,-0.35123,-0.8564,0.88079,-0.1896,-0.043911
-0.61404,0.34137,-0.35178,-0.85574,0.8775,-0.19049,-0.044333
-0.61307,0.34101,-0.3526,-0.85518,0.87307,-0.19009,-0.044816
-0.6121,0.34055,-0.35312,-0.85438,0.86667,-0.18963,-0.046079
-0.61137,0.3399,-0.35385,-0.85359,0.85878,-0.189,-0.048386
-0.61076,0.33948,-0.35451,-0.85259,0.85025,-0.18837,-0.050936
-0.61028,0.33916,-0.35493,-0.85159,0.84185,-0.18832,-0.053448
-0.60961,0.33881,-0.35513,-0.85131,0.83442,-0.18828,-0.055299
-0.60896,0.33867,-0.35556,-0.85124,0.82863,-0.18826,-0.05646
-0.60807,0.3386,-0.35598,-0.85152,0.82489,-0.18815,-0.056495
-0.60695,0.33845,-0.35675,-0.85197,0.82256,-0.18786,-0.055948
-0.60584,0.33824,-0.35745,-0.85244,0.82067,-0.1875,-0.055518
-0.6047,0.33799,-0.35822,-0.85255,0.81844,-0.18685,-0.054835
-0.60353,0.33776,-0.35888,-0.85216,0.81449,-0.18614,-0.055011
-0.60265,0.33759,-0.35951,-0.85142,0.80838,-0.18528,-0.056091
-0.60193,0.33744,-0.3598,-0.85088,0.80057,-0.18278,-0.057158
-0.60134,0.33747,-0.35962,-0.84989,0.79251,-0.184,-0.059958
-0.60068,0.33742,-0.35911,-0.85003,0.78605,-0.18382,-0.061183
-0.59988,0.3374,-0.35852,-0.85059,0.78165,-0.18394,-0.061562
-0.59887,0.33723,-0.3581,-0.85152,0.78014,-0.18447,-0.061068
-0.5976,0.33702,-0.35801,-0.85276,0.78078,-0.1847,-0.059647
-0.59613,0.33672,-0.35835,-0.85278,0.78241,-0.18523,-0.056607
-0.59451,0.33639,-0.35884,-0.85497,0.78539,-0.18627,-0.055297
-0.59312,0.33623,-0.35969,-0.85567,0.78715,-0.18664,-0.052948
-0.59174,0.33594,-0.36066,-0.85596,0.78763,-0.18682,-0.051196
-0.59052,0.33597,-0.3617,-0.85563,0.78652,-0.18706,-0.050693
-0.58942,0.33601,-0.36276,-0.85497,0.78399,-0.18746,-0.051181
-0.58827,0.33584,-0.36367,-0.85444,0.78107,-0.18741,-0.051915
-0.58694,0.33567,-0.36427,-0.85407,0.77856,-0.18733,-0.052687
-0.58553,0.33532,-0.36459,-0.85422,0.77715,-0.18714,-0.052866
-0.58388,0.33487,-0.36492,-0.85475,0.77744,-0.18582,-0.051913
-0.58202,0.33446,-0.36557,-0.85453,0.77974,-0.18527,-0.049951
-0.58029,0.33417,-0.36628,-0.85581,0.78098,-0.18608,-0.050734
-0.57844,0.33398,-0.36715,-0.85613,0.78245,-0.18569,-0.049684
-0.57674,0.334,-0.36812,-0.85606,0.78291,-0.1855,-0.049194
-0.57517,0.3344,-0.36892,-0.8556,0.78138,-0.18587,-0.049739
-0.57374,0.33477,-0.36992,-0.85493,0.78361,-0.18588,-0.050168
-0.57194,0.33508,-0.37077,-0.85469,0.78032,-0.1844,-0.051051
-0.57015,0.335,-0.37154,-0.85369,0.76829,-0.18363,-0.053283
-0.56789,0.33506,-0.37194,-0.85308,0.7708,-0.18331,-0.05388
-0.56539,0.33547,-0.37252,-0.85258,0.76672,-0.18156,-0.054175
-0.56258,0.33574,-0.37307,-0.85231,0.76374,-0.18077,-0.054292
-0.55993,0.33544,-0.37349,-0.8525,0.76179,-0.18031,-0.054143
-0.55757,0.33463,-0.37361,-0.85384,0.75764,-0.17964,-0.0546
-0.55537,0.33357,-0.37338,-0.85408,0.75988,-0.17965,-0.053085
-0.55356,0.33294,-0.373,-0.85531,0.75866,-0.17923,-0.053373
-0.55178,0.33253,-0.37264,-0.85606,0.75657,-0.17882,-0.054529
-0.55029,0.33255,-0.37294,-0.85617,0.75306,-0.1783,-0.056483
-0.5486,0.33292,-0.37291,-0.85585,0.74773,-0.17778,-0.058921
-0.54717,0.33295,-0.37275,-0.85525,0.74107,-0.17707,-0.061013
-0.54585,0.33266,-0.37226,-0.85479,0.73372,-0.17625,-0.062747
-0.54446,0.33219,-0.37151,-0.8543,0.72723,-0.17569,-0.063929
-0.54346,0.33168,-0.37057,-0.85391,0.7216,-0.1756,-0.064641
-0.54265,0.33129,-0.36961,-0.85407,0.71738,-0.17515,-0.064782
-0.5422,0.33101,-0.3689,-0.85417,0.7144,-0.17465,-0.064869
-0.54183,0.33066,-0.3682,-0.85462,0.7123,-0.1744,-0.065133
-0.5415,0.33055,-0.36754,-0.85489,0.71086,-0.17418,-0.06568
-0.54128,0.33057,-0.36714,-0.85499,0.70931,-0.17402,-0.066839
-0.54118,0.33056,-0.36707,-0.8548,0.70708,-0.17338,-0.068152
-0.54121,0.33058,-0.36712,-0.85423,0.70387,-0.17262,-0.069532
-0.54128,0.33015,-0.36726,-0.85373,0.69993,-0.17268,-0.071086
-0.54142,0.32989,-0.36755,-0.85285,0.69598,-0.17212,-0.071641
-0.54148,0.32949,-0.36806,-0.85194,0.69248,-0.17198,-0.071668
-0.54153,0.32923,-0.36863,-0.85149,0.68986,-0.1716,-0.070718
-0.54158,0.32903,-0.36967,-0.85119,0.68901,-0.17143,-0.069409
-0.54155,0.32866,-0.37075,-0.85146,0.68917,-0.17149,-0.068376
-0.54166,0.32863,-0.37204,-0.85163,0.69041,-0.17138,-0.067619
-0.54162,0.32876,-0.37361,-0.85223,0.69202,-0.17097,-0.067161
-0.54147,0.32889,-0.37536,-0.85234,0.69306,-0.17104,-0.067378
-0.54161,0.32922,-0.37706,-0.85203,0.69329,-0.17098,-0.067987
-0.54161,0.32934,-0.3784,-0.85179,0.69212,-0.17066,-0.068825
-0.54158,0.32951,-0.37956,-0.85118,0.68956,-0.1704,-0.069732
-0.5417,0.32949,-0.38026,-0.85064,0.68534,-0.1697,-0.070167
-0.54147,0.32917,-0.38014,-0.85025,0.68015,-0.16908,-0.070575
-0.54124,0.32866,-0.37978,-0.85005,0.67492,-0.16874,-0.070413
-0.54069,0.32835,-0.37913,-0.85038,0.67051,-0.16813,-0.069972
-0.53999,0.3284,-0.37828,-0.85087,0.66724,-0.16764,-0.069451
-0.53922,0.32841,-0.37764,-0.85186,0.665,-0.16718,-0.069403
-0.53827,0.32846,-0.37718,-0.85266,0.66352,-0.16705,-0.06983
-0.53736,0.32848,-0.37723,-0.85321,0.66228,-0.16672,-0.070402
-0.53662,0.32871,-0.37759,-0.85344,0.66088,-0.16631,-0.071188
-0.53602,0.32891,-0.37834,-0.85329,0.65867,-0.16592,-0.072512
-0.53586,0.32915,-0.3791,-0.85349,0.65583,-0.16347,-0.072053
-0.53582,0.32921,-0.37999,-0.85299,0.65185,-0.16304,-0.072862
-0.53572,0.32926,-0.38061,-0.85225,0.64761,-0.16275,-0.072954
-0.53569,0.32932,-0.38137,-0.85192,0.64339,-0.16236,-0.072594
-0.53544,0.32952,-0.38189,-0.85179,0.63972,-0.1618,-0.071952
-0.53507,0.32958,-0.38226,-0.85198,0.63706,-0.16155,-0.071576
-0.53435,0.32966,-0.38237,-0.85221,0.6356,-0.16122,-0.071162
-0.53399,0.32973,-0.38273,-0.85272,0.6349,-0.16098,-0.071071
-0.5338,0.32982,-0.38313,-0.85319,0.63514,-0.16103,-0.071029
-0.53384,0.33001,-0.38353,-0.85357,0.63601,-0.16125,-0.071264
-0.53405,0.33026,-0.38387,-0.85434,0.63669,-0.15958,-0.070389
-0.53409,0.33038,-0.38421,-0.85407,0.63641,-0.15936,-0.07084
-0.53416,0.33055,-0.38448,-0.85365,0.63463,-0.15898,-0.071423
-0.53443,0.3307,-0.38457,-0.8531,0.63142,-0.15857,-0.072111
-0.53459,0.33071,-0.38448,-0.85262,0.62837,-0.15838,-0.071983
-0.53454,0.33063,-0.38402,-0.85262,0.62701,-0.15841,-0.070995
-0.53464,0.33046,-0.38368,-0.85349,0.62915,-0.15879,-0.068657
-0.53462,0.33036,-0.38355,-0.85473,0.63586,-0.15999,-0.065829
-0.5345,0.33012,-0.38401,-0.85632,0.64683,-0.16169,-0.063281
-0.53452,0.33015,-0.38501,-0.8581,0.66004,-0.16326,-0.061484
-0.53458,0.33037,-0.38649,-0.85966,0.67358,-0.16308,-0.059303
-0.53459,0.3306,-0.38797,-0.85999,0.68428,-0.16456,-0.059555
-0.5349,0.33095,-0.38914,-0.8598,0.69062,-0.16508,-0.060455
-0.53526,0.33116,-0.38962,-0.85939,0.69223,-0.16786,-0.063251
-0.53573,0.33148,-0.38953,-0.85874,0.68989,-0.16794,-0.064045
-0.53574,0.33164,-0.38839,-0.85808,0.68577,-0.16851,-0.06468
-0.53538,0.3317,-0.38669,-0.8579,0.68217,-0.16896,-0.06447
-0.53459,0.3318,-0.38452,-0.85875,0.68091,-0.16954,-0.06365
-0.53372,0.33155,-0.38226,-0.86039,0.68334,-0.16896,-0.061561
-0.5326,0.33138,-0.38057,-0.86247,0.68952,-0.16983,-0.060841
-0.53154,0.33152,-0.37969,-0.86437,0.69875,-0.17059,-0.060333
-0.53088,0.33184,-0.37982,-0.86582,0.70857,-0.17124,-0.060243
-0.53039,0.3323,-0.38028,-0.86631,0.71704,-0.17181,-0.060484
-0.53023,0.33266,-0.3808,-0.86614,0.72241,-0.17511,-0.062682
-0.53041,0.33319,-0.38133,-0.86549,0.72438,-0.17537,-0.063372
-0.53051,0.33372,-0.38116,-0.86625,0.72356,-0.17094,-0.06118
-0.5306,0.3341,-0.38063,-0.86508,0.72043,-0.1714,-0.061471
-0.53034,0.3342,-0.37937,-0.86459,0.71631,-0.17162,-0.061846
-0.5297,0.33401,-0.37746,-0.86458,0.71246,-0.17231,-0.062466
-0.52899,0.33365,-0.37538,-0.86518,0.70959,-0.17212,-0.062549
-0.52796,0.33332,-0.3734,-0.86645,0.70828,-0.17154,-0.062489
-0.5271,0.33306,-0.37179,-0.86757,0.70807,-0.17095,-0.062274
-0.52638,0.33277,-0.37097,-0.8684,0.70856,-0.17058,-0.062198
-0.52609,0.33271,-0.37081,-0.86867,0.70878,-0.17025,-0.06212
-0.52596,0.33289,-0.37134,-0.86804,0.70836,-0.17138,-0.063006
-0.52606,0.33334,-0.37225,-0.86691,0.70654,-0.17089,-0.065144
-0.52623,0.33386,-0.37355,-0.8652,0.70297,-0.17063,-0.066375
-0.52633,0.33405,-0.37487,-0.86385,0.69765,-0.17025,-0.06589
-0.52642,0.33398,-0.37606,-0.86246,0.69162,-0.16984,-0.067125
-0.52617,0.33364,-0.37664,-0.86205,0.68582,-0.16932,-0.068392
-0.52584,0.33386,-0.37676,-0.86182,0.68146,-0.16942,-0.069335
-0.52538,0.33397,-0.37646,-0.86248,0.67882,-0.16905,-0.069631
-0.52474,0.33371,-0.37595,-0.86333,0.67793,-0.16875,-0.069416
-0.52399,0.3332,-0.37535,-0.86418,0.67824,-0.16841,-0.068969
-0.52365,0.33307,-0.37513,-0.86466,0.6789,-0.16816,-0.068721
-0.52361,0.33301,-0.37551,-0.86482,0.67952,-0.1681,-0.068481
-0.52375,0.33336,-0.37623,-0.86483,0.68003,-0.16794,-0.068464
-0.52406,0.33377,-0.37701,-0.86448,0.68029,-0.16785,-0.068371
-0.52451,0.33446,-0.37768,-0.86403,0.68034,-0.168,-0.068582
-0.525,0.33487,-0.37797,-0.86357,0.67989,-0.16914,-0.069377
-0.52541,0.33484,-0.37784,-0.86265,0.67886,-0.17145,-0.071238
-0.52552,0.33446,-0.37683,-0.86262,0.67804,-0.17164,-0.071656
-0.52557,0.33407,-0.37554,-0.86297,0.67749,-0.17182,-0.072174
-0.52588,0.33387,-0.37438,-0.86336,0.67763,-0.17188,-0.072268
-0.52602,0.33388,-0.37361,-0.86375,0.67913,-0.1722,-0.071935
-0.52622,0.33412,-0.37346,-0.86394,0.6817,-0.17259,-0.071355
-0.52665,0.33451,-0.37364,-0.86435,0.68439,-0.17269,-0.070914
-0.5269,0.33479,-0.37389,-0.86445,0.68766,-0.17311,-0.07056
-0.52757,0.33499,-0.37462,-0.86453,0.69082,-0.17336,-0.070557
-0.52845,0.3351,-0.3756,-0.86422,0.69369,-0.1745,-0.071049
-0.52926,0.33518,-0.37649,-0.86359,0.69586,-0.17515,-0.071494
-0.53021,0.33516,-0.37728,-0.86308,0.6972,-0.17558,-0.071806
-0.53102,0.33532,-0.37816,-0.86252,0.69801,-0.17597,-0.072137
-0.53177,0.33538,-0.37876,-0.86171,0.69873,-0.17649,-0.072039
-0.53242,0.33529,-0.37893,-0.86137,0.69955,-0.17705,-0.071702
-0.53279,0.33536,-0.37905,-0.86109,0.70134,-0.17739,-0.07111
-0.5332,0.33542,-0.3789,-0.86128,0.70409,-0.17773,-0.070188
-0.53348,0.33541,-0.37875,-0.86183,0.70823,-0.17819,-0.069012
-0.53378,0.33539,-0.37899,-0.86245,0.71351,-0.1786,-0.067877
-0.5344,0.3354,-0.37932,-0.86277,0.71868,-0.17929,-0.06702
-0.53504,0.33549,-0.38004,-0.86278,0.72366,-0.17983,-0.066629
-0.53616,0.3359,-0.381,-0.86246,0.72702,-0.17997,-0.066447
-0.53709,0.33602,-0.38175,-0.86204,0.72926,-0.18017,-0.066484
-0.53812,0.3359,-0.38207,-0.86123,0.73023,-0.18048,-0.066383
-0.53879,0.3355,-0.3813,-0.86106,0.73008,-0.18263,-0.067633
-0.53934,0.33528,-0.38036,-0.86112,0.72962,-0.18279,-0.067526
-0.53975,0.33521,-0.37921,-0.86167,0.73014,-0.18334,-0.067496
-0.54002,0.33509,-0.37793,-0.86278,0.73315,-0.18391,-0.066654
-0.54049,0.33502,-0.37706,-0.86413,0.73902,-0.18477,-0.065158
-0.54081,0.33504,-0.37648,-0.8654,0.7476,-0.18571,-0.063152
-0.54137,0.33506,-0.37649,-0.86673,0.75748,-0.18656,-0.061298
-0.54223,0.33528,-0.3767,-0.86747,0.76721,-0.18749,-0.059743
-0.54313,0.33562,-0.37686,-0.86779,0.77559,-0.18815,-0.058602
-0.54426,0.33599,-0.37671,-0.86782,0.7819,-0.18881,-0.057456
-0.54517,0.33627,-0.37615,-0.8676,0.78606,-0.19244,-0.057827
-0.5462,0.33637,-0.37559,-0.86862,0.78895,-0.18934,-0.05486
-0.54682,0.33661,-0.37476,-0.86811,0.79018,-0.18991,-0.05411
-0.54736,0.33668,-0.37387,-0.86756,0.79068,-0.19041,-0.05355
-0.54768,0.33657,-0.37287,-0.86752,0.79119,-0.19087,-0.053465
-0.54809,0.33646,-0.37202,-0.86805,0.7924,-0.1912,-0.053637
-0.54863,0.3365,-0.37142,-0.8693,0.79571,-0.19067,-0.053036
-0.54919,0.33661,-0.37142,-0.8705,0.80146,-0.19114,-0.05194
-0.54986,0.33692,-0.37204,-0.8715,0.80959,-0.19183,-0.050234
-0.55061,0.33737,-0.37323,-0.87207,0.81875,-0.19274,-0.048299
-0.55166,0.33778,-0.37447,-0.87229,0.82696,-0.19361,-0.046921
-0.55274,0.33799,-0.37547,-0.87206,0.83314,-0.19465,-0.045901
-0.55378,0.33821,-0.37599,-0.87174,0.83722,-0.19523,-0.044869
-0.55466,0.33835,-0.37608,-0.87123,0.83935,-0.19544,-0.044194
-0.55554,0.33839,-0.37551,-0.87098,0.83956,-0.19566,-0.043937
-0.5563,0.33859,-0.37455,-0.87089,0.83879,-0.19376,-0.043062
-0.55685,0.33863,-0.37323,-0.87115,0.83799,-0.19379,-0.043186
-0.55723,0.3387,-0.3719,-0.87173,0.83799,-0.19399,-0.043664
-0.55771,0.33873,-0.37089,-0.87268,0.83947,-0.19425,-0.044093
-0.55816,0.33875,-0.37026,-0.87384,0.84295,-0.19441,-0.043695
-0.55876,0.33891,-0.37024,-0.87476,0.8485,-0.19722,-0.043648
-0.55938,0.33928,-0.37048,-0.87543,0.85512,-0.19742,-0.042285
-0.55931,0.33923,-0.37056,-0.87626,0.86209,-0.19785,-0.041034
-0.56009,0.33947,-0.3711,-0.87618,0.86827,-0.19822,-0.039598
-0.56212,0.33988,-0.37272,-0.87544,0.8728,-0.19876,-0.038257
-0.56192,0.33974,-0.37261,-0.87546,0.87665,-0.19973,-0.037564
-0.56278,0.33983,-0.3728,-0.87442,0.87882,-0.20104,-0.037117
-0.56357,0.33969,-0.37262,-0.87413,0.88015,-0.20126,-0.03684
-0.56417,0.3396,-0.37204,-0.87399,0.88099,-0.20157,-0.037312
-0.56486,0.33935,-0.37153,-0.87445,0.88219,-0.20171,-0.037793
-0.56514,0.3393,-0.37079,-0.87545,0.88497,-0.20196,-0.038081
-0.56568,0.33925,-0.37027,-0.87731,0.8897,-0.20134,-0.03727
-0.56616,0.33922,-0.36986,-0.87944,0.89645,-0.20165,-0.036176
-0.56648,0.33913,-0.36946,-0.88154,0.90547,-0.20202,-0.034262
-0.56695,0.33937,-0.3691,-0.88326,0.91544,-0.20259,-0.032051
-0.56744,0.33958,-0.36854,-0.88469,0.92501,-0.20574,-0.030514
-0.568,0.33968,-0.3682,-0.88594,0.93354,-0.20493,-0.027981
-0.56839,0.33965,-0.36738,-0.88648,0.93971,-0.20513,-0.026631
-0.56891,0.33964,-0.36628,-0.88638,0.94365,-0.20535,-0.025957
-0.56941,0.33948,-0.36526,-0.88619,0.94559,-0.20561,-0.026171
-0.57011,0.33937,-0.3642,-0.88577,0.94627,-0.21035,-0.027975
-0.57062,0.33923,-0.36287,-0.88569,0.94667,-0.21046,-0.028708
-0.57107,0.33868,-0.36178,-0.88667,0.94739,-0.21023,-0.029478
-0.57154,0.33838,-0.36051,-0.88816,0.94985,-0.20994,-0.029676
-0.57197,0.33825,-0.35948,-0.89062,0.95485,-0.20948,-0.028689
-0.57248,0.33832,-0.35862,-0.89306,0.96312,-0.20955,-0.025815
-0.57308,0.33847,-0.35831,-0.89543,0.9733,-0.20917,-0.02208
-0.57354,0.33839,-0.35809,-0.89745,0.98364,-0.209,-0.018851
-0.57413,0.33823,-0.35812,-0.89855,0.99225,-0.20867,-0.016493
-0.57466,0.33831,-0.35807,-0.89889,0.99802,-0.20856,-0.015551
-0.57518,0.33891,-0.35774,-0.89832,1.0007,-0.21138,-0.016753
-0.57612,0.33892,-0.35675,-0.89787,1.0005,-0.21099,-0.017221
-0.5767,0.33857,-0.355,-0.89726,0.99867,-0.21114,-0.018553
-0.57734,0.33803,-0.35308,-0.89708,0.99662,-0.21082,-0.018977
-0.57783,0.33775,-0.35108,-0.89739,0.99617,-0.21073,-0.018318
-0.57825,0.33741,-0.34921,-0.89867,0.99829,-0.21075,-0.016356
-0.57846,0.33717,-0.34739,-0.89942,1.0032,-0.21311,-0.014929
-0.57859,0.33703,-0.34635,-0.90174,1.0106,-0.21217,-0.01181
-0.57877,0.33701,-0.34561,-0.9037,1.0189,-0.21153,-0.0095981
-0.5789,0.33665,-0.34497,-0.90509,1.0267,-0.2113,-0.0086832
-0.57925,0.33601,-0.34445,-0.90578,1.0325,-0.2112,-0.0084659
-0.57977,0.33546,-0.34384,-0.90614,1.0361,-0.2103,-0.0085529
-0.58051,0.33523,-0.3435,-0.90539,1.0377,-0.21051,-0.0087682
-0.58129,0.33516,-0.34292,-0.90474,1.0382,-0.21055,-0.00861
-0.58232,0.33538,-0.34226,-0.90428,1.0392,-0.21055,-0.0077268
-0.58306,0.33568,-0.34148,-0.90446,1.0421,-0.21024,-0.0059607
-0.58356,0.33588,-0.34041,-0.90521,1.047,-0.20979,-0.0033596
-0.58386,0.336,-0.33918,-0.90651,1.0532,-0.20912,-0.00084665
-0.58398,0.33594,-0.33792,-0.90781,1.0596,-0.20834,0.0012795
-0.58393,0.33554,-0.33665,-0.90888,1.065,-0.2078,0.002518
-0.58412,0.33534,-0.33545,-0.90941,1.0686,-0.20746,0.0024941
-0.58437,0.33511,-0.33434,-0.90959,1.0706,-0.20727,0.0023439
-0.58478,0.33491,-0.33312,-0.90938,1.0717,-0.2073,0.0020304
-0.5854,0.3348,-0.33207,-0.90898,1.0725,-0.20733,0.0019917
-0.58601,0.33473,-0.33097,-0.90876,1.0734,-0.20726,0.0021258
-0.58643,0.33475,-0.32992,-0.90864,1.0749,-0.20696,0.0025886
-0.58664,0.33488,-0.32912,-0.90889,1.0773,-0.20606,0.00391
-0.58684,0.33481,-0.32834,-0.90931,1.0802,-0.20557,0.0054814
-0.5869,0.3347,-0.32742,-0.90991,1.0835,-0.20477,0.0070634
-0.58698,0.33454,-0.32662,-0.91051,1.087,-0.20411,0.0081616
-0.58738,0.33432,-0.32601,-0.91098,1.09,-0.20391,0.0086372
-0.58782,0.33426,-0.32545,-0.91129,1.0921,-0.20337,0.0085804
-0.58837,0.33401,-0.32499,-0.91137,1.0934,-0.20302,0.0080799
-0.58878,0.33354,-0.32442,-0.91117,1.0942,-0.20272,0.0073063
-0.58913,0.33306,-0.32388,-0.91116,1.095,-0.20205,0.0068646
-0.58955,0.33292,-0.32338,-0.91096,1.0963,-0.20186,0.007228
-0.58998,0.33283,-0.32283,-0.91084,1.0983,-0.20194,0.0083073
-0.59017,0.33267,-0.32204,-0.91096,1.1008,-0.20168,0.009961
-0.59069,0.33282,-0.32117,-0.91123,1.1035,-0.20146,0.011336
-0.59083,0.3326,-0.31994,-0.91153,1.106,-0.20121,0.012446
-0.59094,0.33243,-0.31895,-0.91169,1.1079,-0.20132,0.012748
-0.59102,0.3324,-0.31792,-0.91183,1.1089,-0.20127,0.012565
-0.59109,0.33238,-0.31713,-0.91193,1.1095,-0.20129,0.012532
-0.59116,0.33217,-0.31641,-0.91185,1.1101,-0.20115,0.012563
-0.59144,0.33224,-0.31568,-0.91181,1.1104,-0.2009,0.012595
-0.59171,0.33226,-0.3149,-0.91171,1.111,-0.20102,0.012624
-0.59181,0.33239,-0.31406,-0.91156,1.1115,-0.20106,0.012741
-0.59193,0.3325,-0.31332,-0.91148,1.1121,-0.20107,0.013173
-0.59208,0.33257,-0.31216,-0.91147,1.1127,-0.2009,0.014037
-0.59227,0.33278,-0.31111,-0.91146,1.1133,-0.20035,0.015029
-0.59248,0.33289,-0.31029,-0.91147,1.1136,-0.19873,0.015146
-0.5927,0.33307,-0.31004,-0.91129,1.1137,-0.19879,0.014621
-0.59282,0.33303,-0.30996,-0.91127,1.1134,-0.19883,0.013777
-0.59305,0.33303,-0.31001,-0.91113,1.1124,-0.19876,0.013027
-0.5932,0.33297,-0.31032,-0.91093,1.1113,-0.19894,0.012416
-0.59352,0.33298,-0.31051,-0.9108,1.1103,-0.19881,0.01255
-0.59372,0.33303,-0.31093,-0.91061,1.1097,-0.19871,0.012937
-0.59372,0.33321,-0.3113,-0.91047,1.1093,-0.1986,0.01294
-0.59382,0.33328,-0.31209,-0.91028,1.1089,-0.19868,0.012751
-0.59393,0.33337,-0.31279,-0.91,1.1083,-0.19871,0.012389
-0.59396,0.3336,-0.31356,-0.90976,1.1075,-0.19907,0.011891
-0.594,0.33396,-0.31409,-0.90939,1.1065,-0.19922,0.011362
-0.59446,0.33442,-0.31467,-0.909,1.1057,-0.19938,0.01103
-0.59497,0.33474,-0.31515,-0.90877,1.1052,-0.1997,0.010814
-0.59539,0.33515,-0.31556,-0.90849,1.1053,-0.19962,0.01104
-0.59572,0.33558,-0.31581,-0.90834,1.1055,-0.19984,0.011222
-0.59607,0.33594,-0.3163,-0.90876,1.1059,-0.19828,0.011601
-0.59637,0.33591,-0.31649,-0.90896,1.1057,-0.19826,0.011667
-0.59635,0.33574,-0.31677,-0.90889,1.1057,-0.19821,0.011967
-0.59649,0.33596,-0.31684,-0.90879,1.1054,-0.19822,0.011972
-0.59667,0.33601,-0.31717,-0.90888,1.105,-0.19803,0.011959
-0.59699,0.33616,-0.31762,-0.90873,1.1045,-0.19826,0.011797
-0.59725,0.33623,-0.31799,-0.90897,1.1039,-0.19834,0.011672
-0.59741,0.33656,-0.31817,-0.90919,1.1035,-0.19831,0.011611
-0.59753,0.33678,-0.3183,-0.9095,1.1033,-0.19823,0.011626
-0.59764,0.33714,-0.31849,-0.90977,1.103,-0.19825,0.011605
-0.59765,0.33767,-0.31865,-0.9101,1.1027,-0.19768,0.011461
-0.59761,0.33789,-0.31872,-0.91026,1.1028,-0.19774,0.01168
-0.59779,0.33832,-0.31879,-0.91023,1.1029,-0.1976,0.011785
-0.59799,0.33864,-0.31879,-0.91019,1.1031,-0.19765,0.01162
-0.59817,0.33904,-0.31891,-0.90993,1.1032,-0.19807,0.011404
-0.59818,0.3395,-0.31897,-0.90967,1.1032,-0.19817,0.011704
-0.59825,0.3398,-0.31913,-0.90948,1.1031,-0.19826,0.012053
-0.59821,0.34013,-0.31927,-0.90961,1.1031,-0.19815,0.012635
-0.59843,0.34031,-0.31944,-0.90963,1.1033,-0.19812,0.013119
-0.59845,0.34048,-0.31973,-0.90989,1.1036,-0.19619,0.013448
-0.59879,0.34115,-0.32001,-0.90993,1.1034,-0.19628,0.013495
-0.599,0.34174,-0.32027,-0.90994,1.1033,-0.19617,0.013228
-0.59899,0.34229,-0.32075,-0.90985,1.1033,-0.19595,0.013097
-0.59901,0.34251,-0.32099,-0.90972,1.1035,-0.19563,0.013203
-0.59912,0.34241,-0.32142,-0.90963,1.1035,-0.19586,0.013
-0.59897,0.34272,-0.32178,-0.90984,1.1037,-0.19477,0.01274
-0.599,0.34315,-0.32215,-0.90953,1.1032,-0.19474,0.012247
-0.59888,0.34319,-0.3218,-0.90959,1.1028,-0.19474,0.011892
-0.59879,0.34301,-0.32138,-0.90975,1.1025,-0.19458,0.011864
-0.59869,0.34324,-0.32103,-0.90979,1.1029,-0.19251,0.012455
-0.59891,0.34339,-0.32098,-0.90979,1.1035,-0.19315,0.01256
-0.59909,0.34328,-0.32135,-0.90994,1.1043,-0.19329,0.012534
-0.59934,0.34347,-0.32187,-0.90977,1.1048,-0.19349,0.012287
-0.59965,0.34367,-0.32268,-0.90969,1.1048,-0.19355,0.011995
-0.59986,0.34372,-0.3231,-0.90945,1.1046,-0.19289,0.011859
-0.60002,0.34358,-0.32317,-0.90847,1.104,-0.19431,0.011666
-0.59967,0.34321,-0.32274,-0.90838,1.1033,-0.19422,0.01122
-0.59958,0.34276,-0.32207,-0.90833,1.1023,-0.19417,0.010754
-0.59946,0.34232,-0.32153,-0.90825,1.1015,-0.19417,0.010477
-0.59918,0.34189,-0.3212,-0.90852,1.101,-0.19471,0.010255
-0.59922,0.34181,-0.32143,-0.90818,1.1009,-0.19569,0.010064
-0.59914,0.34183,-0.32162,-0.90836,1.1013,-0.19563,0.010157
-0.59939,0.34188,-0.32198,-0.90873,1.1013,-0.19576,0.010017
-0.59954,0.34229,-0.32271,-0.90833,1.1015,-0.19598,0.0097217
-0.5999,0.34272,-0.32352,-0.90804,1.1014,-0.19612,0.0095317
-0.6001,0.343,-0.3243,-0.90763,1.1011,-0.19619,0.0091697
-0.60008,0.34328,-0.32504,-0.90694,1.1009,-0.19601,0.0090384
-0.60016,0.34339,-0.32561,-0.90641,1.1004,-0.19596,0.0086725
-0.60011,0.34329,-0.32593,-0.90599,1.0995,-0.19595,0.0081473
-0.60012,0.34331,-0.32623,-0.9055,1.0987,-0.19614,0.0072597
-0.59993,0.34335,-0.32635,-0.90565,1.0981,-0.19559,0.0064079
-0.59995,0.34341,-0.32646,-0.90572,1.0978,-0.19557,0.0059408
-0.59999,0.34355,-0.32657,-0.90562,1.0978,-0.19566,0.0058893
-0.60032,0.3439,-0.32713,-0.90552,1.0981,-0.19564,0.0064573
-0.60041,0.34421,-0.32764,-0.90548,1.0983,-0.19581,0.0068918
-0.60043,0.34466,-0.32797,-0.90539,1.0985,-0.19579,0.0074095
-0.60069,0.34493,-0.32838,-0.9055,1.0983,-0.19562,0.0076691
-0.60067,0.34496,-0.32856,-0.90537,1.0979,-0.19582,0.0076524
-0.60043,0.34471,-0.32834,-0.90541,1.0972,-0.19591,0.0073521
-0.60021,0.34452,-0.32768,-0.90578,1.0962,-0.19528,0.0069288
