0,0,0,0,0,0,0
0.00014963,0.00011835,0.00078661,0.00094744,-0.00031598,-0.0018349,-0.00013922
9.8622e-05,0.00028139,0.00087446,0.00099028,-0.00051834,-0.0019221,0.0001719
0.00016433,0.00023576,0.00080058,0.00092648,-0.00058424,-0.0018608,0.0006435
0.00019057,0.00017208,0.00055885,0.00081885,-0.00038232,-0.001809,0.0010147
5.2133e-05,7.5692e-05,1.1548e-05,0.00067391,-0.0003454,-0.0016836,0.00095538
-1.8425e-05,0.0004563,-0.00032849,0.00090704,-0.00021155,-0.001702,0.00072455
-0.00024666,0.00050104,-0.0011423,0.00099368,7.491e-05,-0.0017803,0.00057864
-0.00054418,0.00048774,-0.0021191,0.0012531,0.00011296,-0.0016563,0.00032697
-0.00080013,0.00057284,-0.0027576,0.00156,0.00033027,-0.0018144,0.00030881
-0.00078728,0.00076216,-0.0028233,0.0018983,0.00051683,-0.0018755,0.00029349
-0.000807,0.00078244,-0.0026362,0.0019947,0.00054458,-0.0021672,9.1944e-05
-0.00067968,0.00075873,-0.0021773,0.0020307,0.00063514,-0.0022402,0.00032624
-0.00072358,0.00090644,-0.001553,0.0018871,0.00040529,-0.001712,0.00060906
-0.00052923,0.0011974,-0.00076733,0.0019544,0.00048144,-0.0016374,0.00078262
-0.00065162,0.0012473,-0.00022397,0.0017344,0.00015508,-0.0015429,0.00067916
-0.00038111,0.0018132,0.00073611,0.0019274,3.3369e-05,-0.0015011,0.00056137
-0.00055962,0.0020964,0.00070055,0.0020507,7.2964e-05,-0.0015847,0.00037231
-0.00060568,0.0023678,0.00020206,0.0021638,3.44e-05,-0.0017703,6.007e-05
-0.00085643,0.0027745,-0.00058663,0.0025224,6.7628e-05,-0.0018014,-0.0002071
-0.0010413,0.0032185,-0.001578,0.0026673,0.00014298,-0.0019814,-0.00065265
-0.0011873,0.0038621,-0.0023571,0.0029495,0.00038098,-0.0015138,-0.00054556
-0.0011588,0.0046805,-0.0032504,0.0033722,0.00068328,-0.0015573,-0.00055157
-0.0011702,0.0051741,-0.0038203,0.0033204,0.000849,-0.0016512,-0.00055174
-0.0010958,0.0058792,-0.0041214,0.0034924,0.0010334,-0.0016714,-0.00036671
-0.0010214,0.0065232,-0.0041798,0.0035959,0.0011505,-0.0017579,-9.5797e-06
-0.00093136,0.0069398,-0.0040123,0.0033567,0.0010482,-0.0018001,0.00014788
-0.0010055,0.0074193,-0.003679,0.0032002,0.0008103,-0.0018126,0.00040904
-0.00083907,0.0077398,-0.0033777,0.0031347,0.00080017,-0.0014632,0.00044827
-0.00075323,0.0080177,-0.0030633,0.003048,0.00074568,-0.0014695,0.00035067
-0.00069966,0.0083503,-0.0028588,0.003048,0.00074568,-0.0014695,0.00035067
-0.00086238,0.0088818,-0.0026541,0.0031833,0.00075369,-0.001656,0.0002362
-0.00089691,0.00951,-0.0026643,0.0033424,0.00099394,-0.0014748,0.00023188
-0.00075496,0.010072,-0.0022631,0.00338,0.0010309,-0.0035312,7.9346e-06
-0.00080781,0.010824,-0.0020978,0.0032888,0.00092832,-0.0035152,0.00016734
-0.00094015,0.011665,-0.0018303,0.0032471,0.00084148,-0.0035317,0.00040859
-0.0011609,0.012276,-0.0017597,0.0027839,0.00089863,-0.002898,0.00091663
-0.001262,0.012657,-0.001715,0.0026189,0.00090921,-0.0028217,0.0011517
-0.0013511,0.012889,-0.0016365,0.0025919,0.0010017,-0.0024257,0.0013514
-0.0012012,0.013471,-0.0015824,0.0026631,0.0012202,-0.0024455,0.0013474
-0.0011366,0.014181,-0.0015103,0.0027755,0.0016302,-0.0025726,0.0013539
-0.0012582,0.014523,-0.0014473,0.0027364,0.0015711,-0.0024777,0.0014251
-0.0011676,0.014443,-0.0010599,0.0027088,0.0016158,-0.0023486,0.0017865
-0.001186,0.014226,-0.0007617,0.0028192,0.0017423,-0.0025472,0.0014252
-0.0011559,0.014027,-0.00064333,0.0027445,0.0017924,-0.0022803,0.0021658
-0.0014339,0.01408,-0.00064121,0.0027155,0.0016014,-0.0022939,0.0023522
-0.0014329,0.014461,-0.00028845,0.0029273,0.0016113,-0.0025868,0.0025828
-0.0016327,0.014646,-0.00058921,0.0030198,0.0019438,-0.0024026,0.00291
-0.0017802,0.014695,-0.00072412,0.0030488,0.0021209,-0.0028477,0.0027638
-0.0017835,0.014712,-0.00067361,0.0032499,0.0024631,-0.0027638,0.0028705
-0.0018178,0.014293,-9.868e-05,0.0034388,0.002496,-0.0026639,0.002793
-0.0017813,0.01396,0.00074166,0.0036445,0.0022485,-0.0028226,0.0023472
-0.0018023,0.013274,0.0016502,0.0036047,0.0020562,-0.0026461,0.0022694
-0.002018,0.012796,0.0021,0.0036751,0.0022758,-0.0027041,0.0019406
-0.0022448,0.012531,0.0022226,0.0038604,0.0026785,-0.0029207,0.0017916
-0.0024887,0.012243,0.0022287,0.003862,0.0031209,-0.0028501,0.0016499
-0.0025706,0.012247,0.0020206,0.0039584,0.0035672,-0.0024019,0.0018011
-0.0028608,0.012056,0.0019455,0.0039121,0.0034927,-0.0022457,0.0019555
-0.0029154,0.011662,0.001984,0.0038797,0.0033635,-0.0022457,0.0019555
-0.0029847,0.01097,0.0019636,0.0037393,0.0031351,-0.0024283,0.0021492
-0.0028494,0.010213,0.002156,0.003749,0.0030758,-0.0024639,0.002282
-0.0026538,0.0092953,0.0023872,0.0041498,0.0032534,-0.0034512,0.002298
-0.0025081,0.008326,0.0025204,0.0041498,0.0032534,-0.0032766,0.0023172
-0.0022135,0.0071755,0.0024733,0.0040973,0.0034914,-0.0031151,0.002141
-0.0022835,0.0058881,0.0021257,0.0041653,0.003543,-0.0032507,0.0017553
-0.0022367,0.0047123,0.0017395,0.0043741,0.0037507,-0.0030418,0.0017462
-0.0022096,0.0038049,0.0014812,0.0045936,0.0037776,-0.0029357,0.0018398
-0.0021644,0.0032726,0.0012767,0.0048813,0.0037034,-0.0028797,0.0022205
-0.0020208,0.0028481,0.0014057,0.0051416,0.0035834,-0.00291,0.0023491
-0.0019366,0.0024786,0.0019597,0.0052587,0.0033127,-0.002875,0.002428
-0.0016934,0.0020863,0.0027003,0.0052735,0.0035207,-0.0029081,0.0024805
-0.0014133,0.0016245,0.0034494,0.0050874,0.0037047,-0.0026384,0.0027225
-0.0012247,0.00094123,0.0042158,0.0050232,0.0040944,-0.0025755,0.0029437
-0.0011445,0.00023287,0.0048674,0.0052631,0.0042753,-0.0025329,0.0029764
-0.0011731,-0.00024739,0.0053363,0.0056492,0.0045162,-0.0032698,0.0027784
-0.0012211,-0.00038926,0.005528,0.0061772,0.0046155,-0.0031551,0.0025929
-0.001334,-0.00045893,0.0060468,0.0056227,0.0043935,-0.00092733,0.002605
-0.0012775,-0.00052181,0.0065066,0.0060258,0.0044164,-0.0010302,0.0025881
-0.0013916,-0.0006663,0.0071546,0.0062031,0.004424,-0.0011072,0.0025647
-0.0011178,-0.0010083,0.0078038,0.0060823,0.0043556,-0.0011521,0.0023462
-0.0010258,-0.0010556,0.0083328,0.0060601,0.0045471,-0.0011604,0.0024308
-0.00085261,-0.0010181,0.0085897,0.0061639,0.005107,-0.0012311,0.0024851
-0.00088496,-0.00095014,0.0086199,0.0065308,0.0054893,-0.0012774,0.0027721
-0.00082167,-0.0010603,0.0088388,0.0070739,0.0059906,-0.0014745,0.002974
-0.00093726,-0.00076362,0.009011,0.0075512,0.0060957,-0.0015375,0.0029016
-0.00079049,-0.00023486,0.0093836,0.0081249,0.0060738,-0.0015032,0.0026049
-0.0010282,0.00010369,0.0097734,0.0084866,0.0055601,-0.001706,0.0021224
-0.0010375,0.00066503,0.010547,0.008752,0.0052279,-0.0018039,0.0017506
-0.0012175,0.0013035,0.011113,0.0085852,0.0048312,-0.0019207,0.0013144
-0.001383,0.001962,0.011845,0.0085101,0.0044151,-0.0019741,0.0013004
-0.0012798,0.0027102,0.012549,0.0083024,0.0043021,-0.0019127,0.001454
-0.0014111,0.0035481,0.012979,0.0081083,0.0041477,-0.001951,0.0018489
-0.0014258,0.004434,0.013026,0.0081171,0.0041106,-0.0017879,0.0023258
-0.0015305,0.0054008,0.013049,0.0082509,0.0036706,-0.0018511,0.0023148
-0.0017068,0.0062193,0.01295,0.0085292,0.003186,-0.0016506,0.0020941
-0.0018519,0.0071733,0.01284,0.0089544,0.0025534,-0.0019175,0.0013382
-0.0018971,0.0080201,0.01288,0.009298,0.0019752,-0.0018206,0.0006812
-0.0021401,0.0087354,0.013085,0.0095337,0.0016145,-0.0019929,0.00010716
-0.0022886,0.0094548,0.013386,0.0095737,0.0015301,-0.0020888,-0.00023944
-0.0025839,0.010224,0.013554,0.0096647,0.0019173,-0.0022464,-0.00028875
-0.0027939,0.010976,0.013827,0.0094516,0.002292,-0.0021977,-4.9899e-05
-0.0029137,0.011745,0.014299,0.0094264,0.0026408,-0.0022187,0.00019542
-0.0029923,0.012502,0.014985,0.0093396,0.0026338,-0.0022067,0.00047478
-0.0030799,0.013067,0.015799,0.0091898,0.0022635,-0.0023196,0.00068394
-0.0032966,0.013583,0.016607,0.0091222,0.0016925,-0.0022106,0.00086297
-0.0034176,0.014096,0.017373,0.0091276,0.0011777,-0.0022865,0.00058655
-0.0036116,0.014399,0.017924,0.0090286,0.00056624,-0.0024093,4.9929e-05
-0.0040316,0.014761,0.018194,0.0090733,0.00012762,-0.0025917,-0.00016644
-0.0045354,0.015313,0.018187,0.0091118,-0.00035817,-0.0024209,-0.00038163
-0.0050375,0.015946,0.017864,0.0094335,-0.000276,-0.0025306,-0.000345
-0.005551,0.01634,0.017489,0.0098566,-0.00016644,-0.0027492,-0.0004764
-0.0056163,0.016625,0.017289,0.010042,0.00022165,-0.0029117,-0.0006109
-0.0064335,0.016988,0.016528,0.010631,0.00039681,-0.0031366,-0.00073026
-0.007242,0.017481,0.015882,0.011136,0.00034443,-0.0031991,-0.00077442
-0.0082782,0.017799,0.015367,0.011605,0.00025461,-0.0033203,-0.00060421
-0.0093448,0.017898,0.014987,0.012025,-2.8647e-05,-0.0032522,-0.00054923
-0.010387,0.018114,0.014944,0.012546,-0.00047689,-0.0033551,-0.00059487
-0.011467,0.018405,0.015033,0.013054,-0.0010232,-0.003415,-0.0011494
-0.012596,0.018585,0.015266,0.013576,-0.0017384,-0.0034124,-0.0017917
-0.013756,0.01861,0.015579,0.013947,-0.0023337,-0.0035201,-0.0026932
-0.014863,0.018888,0.016223,0.014385,-0.0027748,-0.0036288,-0.0031825
-0.016165,0.019019,0.01698,0.01468,-0.0030406,-0.0036403,-0.0029834
-0.017516,0.019128,0.017891,0.014696,-0.0033983,-0.0037787,-0.0025659
-0.018804,0.019102,0.018772,0.014875,-0.00356,-0.0039123,-0.0017954
-0.019979,0.01921,0.019549,0.015152,-0.0037668,-0.0040093,-0.0011946
-0.021308,0.01962,0.020016,0.015687,-0.0041545,-0.0040086,-0.00089079
-0.023037,0.020118,0.020086,0.016521,-0.0048274,-0.0041319,-0.00094774
-0.024785,0.020245,0.019995,0.017402,-0.0055777,-0.0042102,-0.0014113
-0.026755,0.020046,0.019751,0.018155,-0.0066342,-0.0043964,-0.0023927
-0.028587,0.020075,0.019741,0.019024,-0.0073117,-0.0046146,-0.0034742
-0.030382,0.020324,0.019925,0.019765,-0.0075947,-0.0046442,-0.0043038
-0.032689,0.020633,0.020263,0.020536,-0.0071996,-0.0045669,-0.0044968
-0.034761,0.020783,0.021148,0.021252,-0.0064764,-0.0045492,-0.0041741
-0.037035,0.020746,0.022119,0.021874,-0.0058284,-0.0044453,-0.0032065
-0.039264,0.021106,0.023166,0.022716,-0.0051779,-0.0043085,-0.0022271
-0.041336,0.021041,0.024108,0.023277,-0.0050296,-0.0041716,-0.0014927
-0.043808,0.021527,0.025574,0.024053,-0.0055172,-0.004161,-0.0013938
-0.04606,0.022096,0.027006,0.024858,-0.0065456,-0.0042642,-0.0016686
-0.048052,0.022889,0.028764,0.025661,-0.0081796,-0.0042427,-0.0022968
-0.050213,0.023342,0.03104,0.026361,-0.010044,-0.0044541,-0.0030607
-0.051885,0.023251,0.034053,0.027,-0.011961,-0.0046081,-0.004156
-0.054135,0.023387,0.036781,0.027286,-0.013343,-0.0048734,-0.0051314
-0.05615,0.023197,0.039727,0.027631,-0.01416,-0.0050828,-0.0056259
-0.057866,0.02308,0.042222,0.027903,-0.014245,-0.0053242,-0.0055883
-0.060384,0.023279,0.043768,0.028175,-0.014017,-0.0053403,-0.0051771
-0.062599,0.023786,0.044778,0.028392,-0.0136,-0.0054936,-0.0045995
-0.065076,0.024018,0.045767,0.029068,-0.013299,-0.0054742,-0.003882
-0.067541,0.024612,0.046335,0.029783,-0.013775,-0.0053209,-0.0034453
-0.07004,0.025393,0.046318,0.030757,-0.015001,-0.0053202,-0.0035707
-0.072637,0.025732,0.047335,0.031899,-0.016721,-0.0053611,-0.0041923
-0.075342,0.026346,0.047684,0.033056,-0.018896,-0.005284,-0.0052194
-0.078297,0.02681,0.048213,0.033962,-0.020612,-0.0051729,-0.0064326
-0.080997,0.02742,0.048776,0.034835,-0.021199,-0.0046965,-0.00726
-0.083974,0.028125,0.049157,0.035465,-0.021115,-0.0041123,-0.0077339
-0.087268,0.028525,0.049832,0.036045,-0.020522,-0.0036977,-0.0076737
-0.090318,0.02926,0.050477,0.036539,-0.019579,-0.0037397,-0.0071308
-0.093437,0.030043,0.051069,0.036895,-0.01844,-0.0036026,-0.0062414
-0.096648,0.031017,0.051624,0.037725,-0.017278,-0.0034967,-0.0052262
-0.099972,0.032356,0.052163,0.038572,-0.017072,-0.0034742,-0.0049435
-0.10327,0.033356,0.053086,0.039859,-0.017571,-0.0034771,-0.005037
-0.10679,0.034284,0.054324,0.041172,-0.018863,-0.0035434,-0.0054641
-0.11005,0.034995,0.056283,0.042385,-0.020797,-0.0037349,-0.0063718
-0.11345,0.035738,0.058398,0.043643,-0.022773,-0.0040083,-0.0073922
-0.11667,0.036337,0.060711,0.04459,-0.024241,-0.0043488,-0.008456
-0.11991,0.036851,0.063406,0.045244,-0.025261,-0.0045158,-0.0089832
-0.12308,0.037283,0.065687,0.04594,-0.025558,-0.0046608,-0.0091388
-0.12621,0.03789,0.067563,0.046783,-0.025198,-0.0045655,-0.0085503
-0.1292,0.038395,0.069167,0.047509,-0.024765,-0.00446,-0.0078607
-0.13222,0.039002,0.070467,0.048524,-0.024943,-0.0042282,-0.0072692
-0.13526,0.039549,0.071518,0.049876,-0.025465,-0.0039031,-0.0071294
-0.1382,0.040174,0.072341,0.05151,-0.026844,-0.0038673,-0.0076473
-0.1414,0.040804,0.07275,0.053502,-0.028653,-0.0037077,-0.0083222
-0.1448,0.041635,0.073001,0.055521,-0.03065,-0.00375,-0.0095792
-0.14823,0.042311,0.073179,0.057472,-0.032393,-0.0036659,-0.010801
-0.15145,0.043069,0.073435,0.059181,-0.033282,-0.0035376,-0.011799
-0.15474,0.043928,0.074056,0.060717,-0.033552,-0.0031924,-0.012355
-0.158,0.0447,0.074985,0.062025,-0.033277,-0.0029606,-0.012052
-0.16106,0.045525,0.076324,0.06307,-0.032796,-0.0027512,-0.011619
-0.16385,0.04635,0.078012,0.063977,-0.03232,-0.0025198,-0.010937
-0.16652,0.047382,0.079927,0.065047,-0.032482,-0.002364,-0.010539
-0.1693,0.048492,0.081867,0.066473,-0.033369,-0.0021175,-0.010596
-0.172,0.049361,0.084175,0.068106,-0.035357,-0.0019379,-0.011205
-0.17484,0.050362,0.086269,0.069909,-0.038175,-0.0018739,-0.012421
-0.17788,0.051217,0.088213,0.071765,-0.041248,-0.0019096,-0.013804
-0.18082,0.052132,0.090162,0.073471,-0.044218,-0.0017043,-0.015494
-0.1839,0.052727,0.091924,0.074956,-0.046357,-0.0015147,-0.017011
-0.18711,0.053414,0.093514,0.076287,-0.047526,-0.0017326,-0.018144
-0.19023,0.053946,0.095044,0.07706,-0.047802,-0.0016712,-0.018768
-0.19339,0.054325,0.09626,0.077784,-0.046866,-0.001407,-0.018536
-0.19634,0.055074,0.097279,0.078756,-0.045181,-0.0010685,-0.017942
-0.1991,0.055871,0.098471,0.079847,-0.043971,-0.00074184,-0.0174
-0.20185,0.056705,0.099759,0.081128,-0.043789,-0.00030462,-0.017457
-0.20455,0.057632,0.10084,0.082928,-0.044615,-0.00013201,-0.017827
-0.2074,0.058461,0.1018,0.085016,-0.046455,-0.00017806,-0.018735
-0.21013,0.059436,0.10275,0.087278,-0.048823,-0.00043342,-0.020096
-0.21291,0.060326,0.10369,0.089409,-0.051469,-0.00073581,-0.021767
-0.2156,0.061175,0.10467,0.091217,-0.053912,-0.00069086,-0.02352
-0.21816,0.061843,0.10571,0.09239,-0.055923,-0.00062104,-0.025038
-0.22052,0.062516,0.1065,0.093471,-0.056793,-0.00054222,-0.025769
-0.22275,0.0631,0.10721,0.09423,-0.056943,-0.00045651,-0.026123
-0.22476,0.063584,0.10783,0.094713,-0.056656,-3.3317e-06,-0.026056
-0.22697,0.064046,0.10802,0.095315,-0.056379,0.00044186,-0.026078
-0.22907,0.064375,0.10814,0.096097,-0.056378,0.00069458,-0.026267
-0.23155,0.065054,0.10776,0.097282,-0.056913,0.0011578,-0.02661
-0.23401,0.065815,0.10761,0.098974,-0.058157,0.0014502,-0.027141
-0.2366,0.066619,0.10718,0.10081,-0.060065,0.0018507,-0.028112
-0.23932,0.06729,0.10689,0.10244,-0.062469,0.0021042,-0.029455
-0.2421,0.068035,0.10726,0.10392,-0.06495,0.0020887,-0.030633
-0.24463,0.068919,0.10822,0.1048,-0.067074,0.0021459,-0.031774
-0.24705,0.069751,0.10947,0.10518,-0.068757,0.00209,-0.032503
-0.24956,0.070376,0.11126,0.10521,-0.069953,0.0022066,-0.032503
-0.25193,0.071212,0.11304,0.1055,-0.070324,0.0022543,-0.032
-0.25462,0.07172,0.11476,0.10558,-0.070831,0.0026387,-0.031002
-0.25724,0.072357,0.11667,0.10594,-0.071306,0.0029872,-0.030273
-0.26029,0.073057,0.11816,0.10683,-0.071933,0.003429,-0.029444
-0.26349,0.074108,0.11957,0.10854,-0.072775,0.0036946,-0.02915
-0.26692,0.075186,0.12111,0.11024,-0.074135,0.0040469,-0.029439
-0.27058,0.076475,0.12252,0.1121,-0.075582,0.0041334,-0.030389
-0.27423,0.078046,0.1243,0.11409,-0.076951,0.0042327,-0.031363
-0.2778,0.079712,0.1265,0.11587,-0.078079,0.0041673,-0.032554
-0.28152,0.080999,0.12909,0.11717,-0.078916,0.0041823,-0.033209
-0.28511,0.081911,0.13183,0.11793,-0.079543,0.0043005,-0.033125
-0.28835,0.082564,0.13508,0.11836,-0.079812,0.0045251,-0.032325
-0.29173,0.083398,0.13841,0.11873,-0.080348,0.0046912,-0.031268
-0.29518,0.084456,0.14148,0.119,-0.081357,0.0051266,-0.030422
-0.2985,0.085389,0.14473,0.11975,-0.082572,0.0052992,-0.029984
-0.3018,0.086137,0.1482,0.12091,-0.084127,0.0054417,-0.030167
-0.305,0.086796,0.15176,0.12221,-0.085908,0.0055402,-0.030762
-0.30851,0.087712,0.15494,0.12343,-0.087971,0.0053805,-0.031638
-0.31171,0.088594,0.15774,0.12473,-0.08952,0.0051002,-0.032852
-0.31506,0.089666,0.16026,0.1259,-0.090562,0.0048534,-0.033844
-0.31837,0.090693,0.16246,0.12688,-0.091013,0.0047519,-0.034481
-0.32138,0.091509,0.16482,0.12759,-0.091047,0.0046744,-0.034828
-0.32409,0.092198,0.16745,0.12821,-0.090586,0.0047414,-0.034778
-0.32677,0.09266,0.17043,0.12818,-0.090798,0.0051534,-0.034918
-0.32929,0.093018,0.17301,0.12836,-0.090732,0.0053937,-0.035318
-0.33161,0.093418,0.17528,0.12877,-0.091018,0.0055822,-0.035755
-0.33407,0.093891,0.17672,0.1292,-0.092043,0.0058717,-0.036694
-0.33656,0.094497,0.17771,0.12971,-0.093833,0.0060263,-0.037941
-0.33902,0.095073,0.17822,0.13043,-0.095977,0.0062236,-0.039087
-0.34134,0.095556,0.17865,0.13132,-0.098183,0.0062715,-0.040142
-0.34346,0.096039,0.17891,0.13203,-0.10061,0.0067235,-0.041177
-0.34538,0.096722,0.17914,0.1332,-0.10244,0.0072785,-0.041947
-0.3473,0.097137,0.17933,0.13407,-0.10403,0.0074884,-0.042813
-0.34901,0.097627,0.17963,0.13477,-0.10514,0.0076528,-0.043903
-0.35056,0.098403,0.17995,0.13566,-0.10556,0.007767,-0.04471
-0.35193,0.098999,0.18043,0.13648,-0.10538,0.0080383,-0.045499
-0.35338,0.099619,0.18099,0.1373,-0.10495,0.008425,-0.046134
-0.35508,0.10039,0.18145,0.13787,-0.10489,0.0088872,-0.04675
-0.35653,0.10115,0.18214,0.13882,-0.10454,0.0092798,-0.046969
-0.35787,0.10192,0.18306,0.13981,-0.10459,0.0094937,-0.047187
-0.35913,0.10258,0.18418,0.1407,-0.1054,0.0097952,-0.047479
-0.36049,0.10328,0.18558,0.14181,-0.10673,0.0099082,-0.047884
-0.36139,0.10407,0.18756,0.14272,-0.10863,0.0098481,-0.049105
-0.36246,0.10506,0.18954,0.14366,-0.11071,0.0096299,-0.050917
-0.36344,0.10591,0.19152,0.14402,-0.11314,0.0092675,-0.053128
-0.3641,0.10656,0.19364,0.14483,-0.11459,0.0090004,-0.055097
-0.36484,0.10709,0.1956,0.14556,-0.11575,0.008776,-0.057111
-0.36559,0.1076,0.19716,0.14645,-0.11621,0.0090142,-0.058646
-0.36638,0.10834,0.19833,0.14732,-0.11627,0.008986,-0.060604
-0.36711,0.10897,0.19958,0.14781,-0.11654,0.0091653,-0.062538
-0.36773,0.10963,0.20043,0.1488,-0.11634,0.0090599,-0.064643
-0.3687,0.1102,0.20108,0.14972,-0.11647,0.009098,-0.066137
-0.36937,0.11088,0.20148,0.15117,-0.11626,0.0089545,-0.067441
-0.37019,0.11134,0.20172,0.1526,-0.11617,0.0087771,-0.068828
-0.371,0.11197,0.20188,0.15423,-0.11652,0.0086349,-0.070538
-0.37178,0.11266,0.2019,0.15557,-0.1172,0.0081101,-0.072871
-0.37256,0.11337,0.20222,0.15699,-0.11807,0.0076727,-0.075461
-0.37338,0.11382,0.2024,0.15828,-0.11875,0.0074698,-0.077743
-0.37417,0.11444,0.20272,0.15904,-0.11913,0.0074957,-0.079857
-0.37495,0.11491,0.20318,0.15987,-0.11878,0.0079442,-0.080882
-0.37589,0.11549,0.20342,0.16046,-0.11783,0.0085586,-0.081329
-0.37657,0.11586,0.20397,0.16081,-0.11663,0.0091333,-0.081485
-0.37729,0.11617,0.20474,0.1606,-0.11583,0.0094121,-0.081832
-0.37772,0.11642,0.20585,0.16044,-0.11581,0.0095694,-0.082289
-0.3782,0.11673,0.20703,0.16009,-0.1167,0.0096636,-0.08317
-0.37873,0.11691,0.20808,0.15998,-0.11815,0.0096098,-0.083935
-0.37929,0.11712,0.20877,0.16023,-0.11997,0.0094576,-0.084995
-0.3799,0.11752,0.20952,0.16027,-0.12243,0.0092883,-0.086533
-0.38069,0.11784,0.2101,0.16049,-0.12487,0.0092191,-0.088234
-0.38128,0.11813,0.21081,0.16027,-0.12702,0.0092795,-0.090158
-0.38193,0.11842,0.21131,0.16022,-0.12843,0.0096336,-0.091655
-0.38258,0.11885,0.21169,0.16004,-0.12902,0.0098734,-0.092784
-0.38327,0.11913,0.21198,0.15988,-0.12882,0.0099717,-0.093227
-0.38387,0.11939,0.21225,0.15966,-0.12842,0.010621,-0.092409
-0.38437,0.11956,0.2124,0.15966,-0.12768,0.010008,-0.092667
-0.38493,0.11994,0.21274,0.16011,-0.12747,0.010077,-0.092316
-0.38543,0.12033,0.21291,0.16091,-0.12799,0.010782,-0.091175
-0.38596,0.12085,0.21293,0.16199,-0.12939,0.010708,-0.091836
-0.38648,0.12131,0.21313,0.16332,-0.13161,0.010182,-0.093418
-0.38703,0.12175,0.21357,0.16426,-0.13441,0.009723,-0.095947
-0.38745,0.12208,0.21405,0.16501,-0.1371,0.0088522,-0.098895
-0.38781,0.12251,0.2147,0.16572,-0.13928,0.0081121,-0.10152
-0.38841,0.12275,0.21494,0.1662,-0.14061,0.0076685,-0.10362
-0.38903,0.12303,0.21511,0.16667,-0.14098,0.0071818,-0.1047
-0.38974,0.12315,0.21519,0.1668,-0.14086,0.0072338,-0.10454
-0.39033,0.12345,0.21536,0.16703,-0.14052,0.00716,-0.10402
-0.39077,0.12369,0.21559,0.16741,-0.13983,0.00725,-0.1032
-0.39131,0.12395,0.21575,0.16757,-0.14004,0.0072859,-0.10273
-0.39178,0.12419,0.21632,0.1682,-0.1404,0.0071171,-0.10258
-0.39223,0.12438,0.21676,0.16881,-0.14098,0.0069143,-0.10277
-0.39256,0.12449,0.21753,0.16933,-0.14185,0.0066655,-0.1032
-0.39312,0.12466,0.21841,0.16966,-0.14282,0.0064839,-0.10357
-0.39345,0.12473,0.2194,0.17005,-0.14347,0.0062526,-0.1039
-0.39387,0.12457,0.22049,0.17021,-0.1443,0.0061591,-0.10384
-0.39402,0.12445,0.2214,0.17041,-0.14416,0.0059577,-0.10333
-0.39417,0.12408,0.22185,0.17081,-0.14338,0.0059416,-0.10228
-0.39453,0.1239,0.22182,0.17146,-0.14229,0.0059346,-0.1013
-0.39474,0.12369,0.22163,0.17185,-0.14119,0.0063032,-0.10075
-0.39489,0.12352,0.22148,0.17165,-0.1415,0.0062775,-0.10195
-0.39493,0.12339,0.22097,0.1724,-0.14012,0.006333,-0.10257
-0.39512,0.12339,0.2205,0.17357,-0.13746,0.0065451,-0.10282
-0.39544,0.12357,0.21971,0.17404,-0.13662,0.0067318,-0.10342
-0.39593,0.12375,0.21894,0.17437,-0.13636,0.0067515,-0.10374
-0.39621,0.12357,0.2187,0.17407,-0.13676,0.006302,-0.10421
-0.39642,0.12316,0.2188,0.17382,-0.13753,0.0062566,-0.10356
-0.39643,0.12311,0.21927,0.17333,-0.13932,0.0064897,-0.10293
-0.39643,0.12336,0.2196,0.17243,-0.14071,0.0064556,-0.10271
-0.39649,0.12369,0.22049,0.17127,-0.14205,0.0064007,-0.1028
-0.39634,0.12363,0.22153,0.17069,-0.14273,0.0057776,-0.10277
-0.39614,0.1238,0.22262,0.16992,-0.14338,0.0058024,-0.10296
-0.39599,0.12367,0.22344,0.16908,-0.14351,0.0059999,-0.10308
-0.39582,0.1238,0.22379,0.16926,-0.14341,0.006016,-0.10298
-0.39601,0.12382,0.22368,0.16939,-0.14368,0.0060219,-0.10308
-0.39587,0.12387,0.22361,0.16939,-0.14368,0.0058915,-0.10357
-0.39586,0.12407,0.22338,0.16972,-0.14406,0.006018,-0.1036
-0.39578,0.12394,0.22307,0.17051,-0.14487,0.005802,-0.10376
-0.39574,0.12366,0.22268,0.17093,-0.14473,0.0058824,-0.10363
-0.39568,0.12351,0.22248,0.17144,-0.14427,0.0057555,-0.10347
-0.39536,0.12343,0.22224,0.17193,-0.14341,0.0058347,-0.10308
-0.39538,0.12358,0.22183,0.17239,-0.14258,0.0056853,-0.10307
-0.39548,0.12406,0.2215,0.17279,-0.14187,0.0057432,-0.1031
-0.39561,0.12449,0.22098,0.17313,-0.14129,0.0057878,-0.10342
-0.39586,0.125,0.22039,0.1735,-0.14098,0.00589,-0.10358
-0.39603,0.12542,0.22001,0.1735,-0.14098,0.0062424,-0.10383
-0.39611,0.12562,0.21962,0.17377,-0.14119,0.0067632,-0.10357
-0.39632,0.12572,0.21918,0.17476,-0.14242,0.0069796,-0.10289
-0.3965,0.12573,0.21869,0.17515,-0.1438,0.0075108,-0.10267
-0.39661,0.12577,0.21851,0.1754,-0.14555,0.0076508,-0.10265
-0.39672,0.12576,0.2184,0.17506,-0.14574,0.0073866,-0.10288
-0.39648,0.12581,0.21876,0.17483,-0.14754,0.0072973,-0.10317
-0.39637,0.12574,0.21888,0.17407,-0.14929,0.0073103,-0.10356
-0.39613,0.12555,0.21869,0.17361,-0.14894,0.0070824,-0.10333
-0.39604,0.12566,0.21826,0.17319,-0.14829,0.0070911,-0.10302
-0.39588,0.12563,0.21753,0.17344,-0.14755,0.0071533,-0.1024
-0.39568,0.12565,0.21686,0.17321,-0.14662,0.0072565,-0.10234
-0.3954,0.12558,0.21643,0.17305,-0.14636,0.0071414,-0.10247
-0.39566,0.12584,0.21649,0.1729,-0.14748,0.0070411,-0.10249
-0.39539,0.12595,0.21627,0.17304,-0.14844,0.006946,-0.10259
-0.39448,0.12558,0.21562,0.17379,-0.14669,0.0071089,-0.10206
-0.394,0.12523,0.21525,0.17412,-0.14732,0.007241,-0.1018
-0.39344,0.12505,0.21466,0.17457,-0.14737,0.007414,-0.10171
-0.39337,0.12495,0.21482,0.1735,-0.14877,0.0074381,-0.10206
-0.39272,0.12494,0.21428,0.1733,-0.14718,0.0077128,-0.10186
-0.39219,0.12486,0.21379,0.17399,-0.14601,0.0077421,-0.10065
-0.39138,0.12483,0.2137,0.17367,-0.14339,0.0077678,-0.099247
-0.39087,0.12481,0.21349,0.17302,-0.14036,0.0078837,-0.097247
-0.39026,0.12479,0.21396,0.17198,-0.13717,0.0081926,-0.094851
-0.38947,0.12471,0.21487,0.1702,-0.1324,0.0091106,-0.092316
-0.3889,0.12465,0.21585,0.17005,-0.13231,0.0088723,-0.090512
-0.38812,0.12471,0.21681,0.17007,-0.13121,0.0087606,-0.089784
-0.38728,0.12489,0.21796,0.17043,-0.13142,0.0085971,-0.089959
-0.38643,0.1249,0.21949,0.17098,-0.13387,0.0090162,-0.090505
-0.38553,0.12475,0.22136,0.17089,-0.13495,0.0084698,-0.091881
-0.38476,0.12461,0.22323,0.17067,-0.13523,0.0080235,-0.092759
-0.38394,0.12399,0.22494,0.17029,-0.13563,0.0077469,-0.092971
-0.38311,0.12342,0.2262,0.17002,-0.13368,0.0078945,-0.09212
-0.38256,0.12259,0.2269,0.16975,-0.13188,0.0081261,-0.090636
-0.38214,0.12181,0.22685,0.16996,-0.13003,0.0083655,-0.089035
-0.38164,0.12113,0.22669,0.17004,-0.12926,0.0082879,-0.088494
-0.38151,0.1207,0.22652,0.17075,-0.12801,0.0084067,-0.088377
-0.38137,0.1205,0.22641,0.17188,-0.12772,0.008219,-0.089079
-0.38141,0.1204,0.2264,0.17408,-0.12844,0.0082454,-0.089945
-0.38167,0.12035,0.22665,0.17477,-0.1289,0.0077818,-0.091862
-0.38166,0.12019,0.2276,0.17453,-0.12939,0.0074941,-0.093945
-0.38148,0.11998,0.22924,0.17421,-0.12974,0.007615,-0.095032
-0.38117,0.11972,0.23106,0.17332,-0.12963,0.0078639,-0.09506
-0.38101,0.1193,0.23265,0.17208,-0.12876,0.0081999,-0.094005
-0.38088,0.11896,0.23365,0.17122,-0.12719,0.0085226,-0.092268
-0.38106,0.11854,0.2338,0.17045,-0.12568,0.0088505,-0.090592
-0.38111,0.11803,0.23345,0.17013,-0.12439,0.009171,-0.089295
-0.38124,0.11771,0.23226,0.17028,-0.12361,0.0093194,-0.088841
-0.38125,0.11726,0.23101,0.17061,-0.12332,0.0093052,-0.089052
-0.38148,0.11689,0.2299,0.1709,-0.12389,0.0092246,-0.089587
-0.38172,0.11669,0.22911,0.17111,-0.12483,0.0091902,-0.090237
-0.38184,0.11631,0.22868,0.17091,-0.12576,0.0093222,-0.09072
-0.38174,0.11606,0.22819,0.17082,-0.12634,0.0095858,-0.091031
-0.3815,0.11575,0.22786,0.17071,-0.12636,0.0096499,-0.090817
-0.38127,0.1155,0.22741,0.17056,-0.1262,0.0097056,-0.090208
-0.38105,0.11534,0.22687,0.17049,-0.1256,0.010029,-0.089281
-0.38075,0.11502,0.22636,0.17,-0.12537,0.010317,-0.08849
-0.38028,0.11478,0.22612,0.16942,-0.12515,0.010854,-0.087756
-0.37988,0.11456,0.2257,0.16877,-0.12498,0.011095,-0.0875
-0.37978,0.11441,0.22497,0.16832,-0.12502,0.011124,-0.08738
-0.37936,0.11424,0.22403,0.16832,-0.12477,0.011322,-0.087386
-0.37896,0.11405,0.22285,0.16847,-0.12463,0.01127,-0.087665
-0.37859,0.11397,0.2221,0.16853,-0.12468,0.011481,-0.087755
-0.3781,0.11389,0.22135,0.16857,-0.1246,0.01146,-0.087797
-0.37744,0.11379,0.22084,0.16868,-0.12428,0.011607,-0.087332
-0.37676,0.11352,0.22027,0.16845,-0.12377,0.011948,-0.086653
-0.37595,0.11317,0.21988,0.16828,-0.12326,0.012194,-0.085764
-0.37507,0.11283,0.21974,0.16777,-0.12304,0.012412,-0.085092
-0.37411,0.11235,0.2195,0.16704,-0.1232,0.012631,-0.084818
-0.37322,0.11201,0.21892,0.16669,-0.12316,0.012663,-0.084786
-0.37248,0.11187,0.21771,0.16667,-0.12301,0.012581,-0.085257
-0.37166,0.11163,0.21642,0.16699,-0.12263,0.012521,-0.085719
-0.37091,0.11126,0.2151,0.16747,-0.12221,0.012344,-0.086131
-0.36983,0.11049,0.21454,0.16764,-0.12179,0.011992,-0.086392
-0.36853,0.10959,0.21435,0.16754,-0.12138,0.011871,-0.086446
-0.3672,0.10898,0.21444,0.16707,-0.12098,0.011633,-0.08614
-0.36558,0.1087,0.21472,0.16652,-0.12003,0.011446,-0.085672
-0.36365,0.10797,0.21533,0.16544,-0.11896,0.011531,-0.084952
-0.3616,0.10729,0.21555,0.16481,-0.11713,0.011765,-0.083613
-0.35977,0.10632,0.21493,0.16426,-0.11524,0.012047,-0.082064
-0.35769,0.10524,0.21401,0.16427,-0.11333,0.012504,-0.080399
-0.35589,0.10393,0.21255,0.16418,-0.11208,0.012621,-0.079755
-0.35416,0.10265,0.21073,0.1645,-0.11149,0.012669,-0.079857
-0.35207,0.10151,0.20889,0.16517,-0.11126,0.012414,-0.080591
-0.34989,0.10033,0.20704,0.16614,-0.11111,0.012246,-0.081403
-0.34779,0.099163,0.20505,0.16739,-0.11054,0.012177,-0.081771
-0.3456,0.097911,0.20352,0.1683,-0.10967,0.012055,-0.081751
-0.34284,0.096536,0.20224,0.16862,-0.10848,0.012158,-0.081426
-0.34012,0.095288,0.20142,0.16854,-0.10703,0.012145,-0.080775
-0.33745,0.094152,0.20045,0.16815,-0.10517,0.012342,-0.079184
-0.33486,0.092721,0.1996,0.16705,-0.10312,0.012963,-0.077017
-0.33223,0.091702,0.19941,0.16594,-0.10111,0.013194,-0.075195
-0.32937,0.090363,0.19994,0.16433,-0.099641,0.013471,-0.073822
-0.32645,0.089223,0.20091,0.16277,-0.098366,0.013664,-0.073489
-0.32365,0.088452,0.20184,0.16175,-0.097244,0.013651,-0.0739
-0.32067,0.087695,0.20261,0.16095,-0.096147,0.013563,-0.074751
-0.31778,0.086892,0.20279,0.16032,-0.094724,0.013439,-0.0755
-0.31488,0.086086,0.20236,0.15993,-0.092919,0.013255,-0.075276
-0.31237,0.085227,0.20128,0.15942,-0.090896,0.013077,-0.074554
-0.3097,0.084231,0.20042,0.15846,-0.089092,0.013004,-0.073602
-0.30704,0.082791,0.19954,0.15708,-0.087498,0.013122,-0.072287
-0.30454,0.081293,0.19849,0.15571,-0.086008,0.01332,-0.070824
-0.30179,0.080206,0.19698,0.15441,-0.084298,0.013856,-0.069303
-0.29937,0.07906,0.19498,0.15303,-0.082712,0.014275,-0.068215
-0.29666,0.078099,0.19262,0.15237,-0.080404,0.014445,-0.067546
-0.29419,0.077525,0.18985,0.15209,-0.078266,0.014656,-0.067293
-0.2918,0.07693,0.18671,0.15247,-0.076072,0.014636,-0.067231
-0.28955,0.076187,0.18406,0.15269,-0.074482,0.014989,-0.067049
-0.28724,0.075343,0.18239,0.15252,-0.073465,0.015306,-0.06641
-0.2847,0.074613,0.18158,0.15195,-0.072673,0.015553,-0.065341
-0.28209,0.073487,0.18153,0.15055,-0.072294,0.016166,-0.06384
-0.27932,0.072429,0.18167,0.14894,-0.071737,0.01644,-0.062539
-0.27676,0.071588,0.1813,0.147,-0.070923,0.017265,-0.061228
-0.27392,0.071053,0.18069,0.14525,-0.069683,0.018276,-0.060231
-0.27086,0.070066,0.17989,0.14371,-0.068023,0.018505,-0.059934
-0.26771,0.069145,0.17868,0.14222,-0.0664,0.018702,-0.060133
-0.26458,0.068369,0.17705,0.14107,-0.064711,0.01904,-0.060163
-0.26161,0.067527,0.17505,0.14,-0.063073,0.019298,-0.060044
-0.25902,0.066654,0.17281,0.13887,-0.061654,0.019455,-0.059937
-0.25651,0.065871,0.17086,0.13768,-0.060583,0.019544,-0.059655
-0.25391,0.064871,0.1691,0.13634,-0.059931,0.019669,-0.059289
-0.25135,0.064054,0.16751,0.13513,-0.059564,0.019771,-0.058426
-0.24859,0.063172,0.16573,0.13399,-0.059092,0.020592,-0.057552
-0.24584,0.06248,0.16355,0.13291,-0.058456,0.020875,-0.05687
-0.2432,0.061592,0.1611,0.13209,-0.057538,0.021114,-0.056335
-0.2407,0.060653,0.15855,0.13076,-0.056924,0.021378,-0.056282
-0.23806,0.059546,0.15619,0.12956,-0.056142,0.021743,-0.056197
-0.23555,0.058349,0.1543,0.12798,-0.055418,0.02225,-0.056245
-0.23311,0.057152,0.15256,0.12659,-0.054377,0.02257,-0.056016
-0.23097,0.056236,0.15072,0.1254,-0.053037,0.022697,-0.055413
-0.22879,0.055171,0.14862,0.12463,-0.051257,0.02277,-0.05446
-0.22651,0.054267,0.14646,0.12383,-0.049433,0.022683,-0.053488
-0.22369,0.05326,0.14433,0.12331,-0.047321,0.022371,-0.052803
-0.22084,0.05244,0.14197,0.12293,-0.045451,0.022297,-0.052498
-0.21805,0.051458,0.13936,0.12272,-0.043827,0.022189,-0.052597
-0.21517,0.050358,0.13662,0.12228,-0.042759,0.022348,-0.053065
-0.21257,0.048955,0.13424,0.12109,-0.042272,0.022434,-0.053871
-0.20991,0.047452,0.13189,0.11995,-0.04143,0.022745,-0.054186
-0.20746,0.045752,0.12966,0.1183,-0.040247,0.022825,-0.054393
-0.20494,0.044491,0.12748,0.11654,-0.038437,0.022961,-0.054319
-0.20228,0.043223,0.12484,0.11481,-0.035661,0.023051,-0.053593
-0.19954,0.041919,0.12207,0.11324,-0.031974,0.02326,-0.052221
-0.19685,0.040835,0.11891,0.11206,-0.027784,0.023564,-0.050273
-0.19437,0.039698,0.11591,0.11077,-0.023896,0.023851,-0.048182
-0.19192,0.038623,0.11348,0.10949,-0.020965,0.024043,-0.046623
-0.18975,0.037441,0.11171,0.10792,-0.019457,0.024327,-0.045901
-0.18757,0.036159,0.11069,0.10639,-0.018955,0.024348,-0.045799
-0.18567,0.035188,0.10967,0.10511,-0.018882,0.024157,-0.046251
-0.18398,0.034618,0.10824,0.10406,-0.018758,0.024034,-0.046774
-0.18218,0.034081,0.10696,0.10283,-0.018245,0.023922,-0.046885
-0.18021,0.033631,0.10583,0.10134,-0.016597,0.023864,-0.046432
-0.17802,0.033056,0.10474,0.099627,-0.013589,0.024017,-0.044863
-0.17562,0.032404,0.10358,0.097706,-0.0094109,0.024176,-0.042282
-0.17309,0.031401,0.1024,0.095758,-0.0042272,0.024472,-0.038783
-0.17052,0.030442,0.10135,0.094028,0.0011739,0.024957,-0.034931
-0.16813,0.029276,0.099927,0.09261,0.0061041,0.02554,-0.031246
-0.16609,0.028407,0.098464,0.09174,0.0096684,0.025816,-0.028829
-0.16421,0.027602,0.096843,0.091392,0.012122,0.026048,-0.027209
-0.16235,0.026936,0.095257,0.091194,0.01332,0.026182,-0.026388
-0.16051,0.026661,0.093872,0.091241,0.013935,0.02605,-0.026062
-0.15862,0.026623,0.092483,0.091434,0.014415,0.025955,-0.025646
-0.15652,0.026661,0.091072,0.09141,0.015149,0.025926,-0.02516
-0.15412,0.02674,0.089758,0.091158,0.016835,0.026042,-0.023915
-0.15188,0.026471,0.088062,0.090431,0.0195,0.026412,-0.021601
-0.14976,0.025762,0.086562,0.089282,0.023538,0.026651,-0.018148
-0.14767,0.024624,0.085377,0.087864,0.027979,0.02734,-0.014106
-0.14577,0.023891,0.084816,0.086008,0.03185,0.028143,-0.010126
-0.14378,0.023374,0.084679,0.084696,0.035544,0.028281,-0.006985
-0.14183,0.023003,0.085273,0.083566,0.037929,0.028298,-0.0047846
-0.14,0.022657,0.086039,0.083105,0.039213,0.028238,-0.0034849
-0.13823,0.022626,0.08669,0.083104,0.03984,0.028064,-0.0025087
-0.13636,0.022391,0.087162,0.082917,0.040249,0.027711,-0.0015665
-0.13468,0.022087,0.087359,0.082792,0.040961,0.027235,-0.00028438
-0.13309,0.021745,0.087292,0.082593,0.042557,0.026745,0.0019913
-0.1314,0.021322,0.087184,0.082043,0.044879,0.026561,0.0052584
-0.1299,0.020839,0.086956,0.081497,0.047811,0.026733,0.0095604
-0.12811,0.020051,0.087065,0.081035,0.050775,0.025876,0.0088916
-0.12633,0.018995,0.087106,0.080791,0.053441,0.027283,0.017891
-0.12444,0.018125,0.087037,0.080802,0.055528,0.027101,0.020789
-0.12269,0.017248,0.087059,0.080904,0.056314,0.026933,0.022297
-0.12097,0.016413,0.086709,0.081409,0.056745,0.026832,0.023174
-0.11926,0.015793,0.086455,0.08187,0.056706,0.025895,0.022604
-0.11768,0.01522,0.086005,0.082284,0.056725,0.026144,0.023426
-0.11624,0.014504,0.085908,0.082423,0.057056,0.026001,0.024405
-0.1146,0.013738,0.086039,0.082613,0.058258,0.026001,0.026148
-0.11278,0.012973,0.086075,0.082649,0.060433,0.026352,0.028617
-0.11063,0.012292,0.086329,0.082887,0.0632,0.025221,0.028213
-0.1085,0.011316,0.086453,0.083081,0.065367,0.026997,0.034194
-0.10609,0.010571,0.086284,0.083711,0.067279,0.02727,0.036312
-0.10391,0.0099166,0.085861,0.084646,0.068342,0.025753,0.03575
-0.10166,0.009295,0.085249,0.085654,0.068788,0.025827,0.036713
-0.099776,0.0084708,0.084231,0.086668,0.068869,0.025759,0.036787
-0.098148,0.0077046,0.083509,0.087652,0.069263,0.025404,0.036272
-0.096606,0.0070167,0.082581,0.088428,0.0704,0.025028,0.035901
-0.0951,0.0064671,0.081656,0.088909,0.072756,0.024966,0.036283
-0.093718,0.0061553,0.08086,0.089437,0.075951,0.024975,0.037679
-0.09192,0.0059903,0.080602,0.089716,0.079521,0.025146,0.040009
-0.08971,0.0055377,0.080426,0.08993,0.08305,0.025385,0.043044
-0.0872,0.0047515,0.080554,0.090063,0.08578,0.025788,0.046824
-0.084264,0.0036526,0.081162,0.090073,0.087645,0.026093,0.050296
-0.081316,0.0024122,0.081656,0.090304,0.088886,0.026212,0.053015
-0.078774,0.0011195,0.081944,0.090454,0.089478,0.026357,0.054992
-0.076131,-0.00015248,0.082232,0.090518,0.089655,0.026447,0.056268
-0.073859,-0.0013234,0.082609,0.090256,0.089642,0.026579,0.056812
-0.071514,-0.0021235,0.082711,0.090143,0.090272,0.026699,0.057205
-0.069167,-0.0029293,0.082382,0.089944,0.091903,0.026763,0.057747
-0.066614,-0.0036873,0.082082,0.08972,0.093958,0.026724,0.058767
-0.064021,-0.0045534,0.081409,0.089438,0.096569,0.026964,0.060912
-0.061296,-0.0055209,0.080465,0.089185,0.098903,0.027421,0.063941
-0.058365,-0.0063584,0.07937,0.089261,0.10086,0.027725,0.06719
-0.055307,-0.007434,0.078422,0.089234,0.10224,0.028103,0.070517
-0.052142,-0.008498,0.077691,0.089146,0.10345,0.028574,0.073346
-0.049068,-0.009565,0.076928,0.088758,0.10428,0.029096,0.075668
-0.046121,-0.010365,0.076249,0.088339,0.10542,0.029717,0.077722
-0.043269,-0.011242,0.07572,0.087464,0.10658,0.030485,0.079929
-0.040616,-0.011957,0.075016,0.086748,0.10836,0.03132,0.082614
-0.038002,-0.012482,0.074258,0.085858,0.10999,0.032583,0.085772
-0.035504,-0.013006,0.073478,0.085191,0.11153,0.034079,0.089261
-0.033022,-0.013247,0.073026,0.084535,0.11265,0.034995,0.092256
-0.030595,-0.013432,0.072597,0.08411,0.11339,0.035542,0.095187
-0.02816,-0.013673,0.072471,0.083833,0.11407,0.035697,0.097893
-0.025578,-0.014029,0.072405,0.083625,0.1148,0.035871,0.1005
-0.023242,-0.013906,0.072243,0.083706,0.1158,0.035864,0.10327
-0.021444,-0.013831,0.071975,0.083648,0.11675,0.035888,0.10566
-0.019936,-0.013652,0.072039,0.083434,0.11781,0.035999,0.1081
-0.018114,-0.013794,0.072487,0.083132,0.11914,0.036269,0.11094
-0.016376,-0.014209,0.072827,0.082719,0.12074,0.036895,0.11477
-0.014626,-0.01451,0.073493,0.082504,0.12234,0.03802,0.11967
-0.01259,-0.014809,0.074241,0.082156,0.12353,0.03897,0.12458
-0.01042,-0.015048,0.074957,0.082011,0.12451,0.039406,0.12926
-0.0082181,-0.015224,0.075886,0.082061,0.12535,0.039461,0.13345
-0.0058051,-0.015321,0.0768,0.082017,0.12596,0.039568,0.13683
-0.0034277,-0.015333,0.077311,0.082459,0.12701,0.039465,0.14016
-0.0010841,-0.015608,0.077529,0.082752,0.12817,0.039381,0.14351
0.0012904,-0.015842,0.077269,0.083287,0.12989,0.039872,0.14749
0.0036166,-0.016124,0.076915,0.083781,0.132,0.040759,0.15204
0.0056414,-0.016601,0.076644,0.08405,0.13381,0.041843,0.15718
0.0075921,-0.016983,0.076502,0.084353,0.13546,0.043088,0.16278
0.0097881,-0.017465,0.076408,0.084407,0.13696,0.044441,0.16835
0.01195,-0.017774,0.076365,0.084716,0.13796,0.045505,0.17331
0.014173,-0.018009,0.075967,0.08516,0.13873,0.046391,0.17755
0.016597,-0.018187,0.075502,0.085827,0.13928,0.047109,0.18136
0.019067,-0.018199,0.074791,0.086726,0.1398,0.047721,0.1846
0.021609,-0.018176,0.074121,0.087628,0.14088,0.048643,0.18786
0.023944,-0.018181,0.073525,0.088236,0.14199,0.049771,0.19117
0.026088,-0.018075,0.073271,0.088898,0.14325,0.051083,0.19477
0.028195,-0.01826,0.073361,0.089238,0.14423,0.052099,0.19794
0.030052,-0.018533,0.073323,0.089412,0.1449,0.053081,0.20094
0.031692,-0.018536,0.073581,0.089874,0.14497,0.053706,0.20311
0.033558,-0.018401,0.074116,0.090588,0.145,0.053621,0.20387
0.035476,-0.018126,0.074587,0.09134,0.14505,0.053245,0.20314
0.037096,-0.017532,0.074711,0.092562,0.14522,0.052633,0.20211
0.038875,-0.016867,0.074902,0.094022,0.14601,0.05264,0.20189
0.040388,-0.016312,0.075302,0.095284,0.1467,0.053234,0.2022
0.040448,-0.015987,0.075518,0.095728,0.14572,0.053792,0.20261
0.041546,-0.015223,0.075999,0.096841,0.14649,0.053956,0.20276
0.043595,-0.014697,0.076845,0.097993,0.14814,0.054266,0.20312
0.044552,-0.014661,0.077159,0.09879,0.14915,0.055076,0.20473
0.045554,-0.014432,0.077692,0.099769,0.15011,0.055898,0.20625
0.045505,-0.014139,0.077508,0.10048,0.15009,0.056768,0.20789
0.046537,-0.013663,0.078482,0.10157,0.15046,0.057033,0.20893
0.049157,-0.013123,0.080198,0.10323,0.15198,0.056845,0.20956
0.050458,-0.013324,0.081383,0.10443,0.15277,0.056979,0.21074
0.050499,-0.013555,0.081526,0.10552,0.15287,0.057044,0.21199
0.051591,-0.013656,0.082286,0.10646,0.15406,0.057528,0.21349
0.052497,-0.013761,0.083016,0.10741,0.15546,0.058442,0.21535
0.053083,-0.013645,0.08362,0.10836,0.15651,0.059483,0.21752
0.053733,-0.013708,0.084359,0.10902,0.15769,0.060301,0.22012
0.054153,-0.014021,0.085212,0.10955,0.1588,0.0611,0.22328
0.054953,-0.01446,0.086092,0.11016,0.1598,0.061424,0.22619
0.055823,-0.014837,0.086841,0.1107,0.16041,0.061823,0.22869
0.056743,-0.014861,0.087124,0.11154,0.16102,0.062309,0.23079
0.057732,-0.014837,0.08723,0.11202,0.16139,0.063094,0.23236
0.058825,-0.014542,0.087037,0.11247,0.162,0.064271,0.23403
0.059728,-0.014477,0.086782,0.11268,0.16246,0.065861,0.23606
0.060585,-0.014586,0.086353,0.1128,0.16301,0.067847,0.23843
0.061323,-0.014759,0.086139,0.11288,0.16331,0.069755,0.24074
0.062037,-0.014892,0.085916,0.11299,0.16358,0.071343,0.24304
0.062804,-0.014862,0.085694,0.11332,0.16374,0.072514,0.24515
0.063587,-0.014686,0.085521,0.11378,0.1638,0.073509,0.24715
0.064425,-0.014628,0.085563,0.11395,0.16343,0.074007,0.24825
0.065312,-0.014403,0.085573,0.11426,0.16313,0.074183,0.24864
0.066134,-0.014244,0.085493,0.11446,0.16261,0.074032,0.24857
0.067123,-0.014061,0.085422,0.11456,0.16245,0.074056,0.24797
0.067959,-0.013628,0.085237,0.11486,0.16253,0.074054,0.24716
0.068595,-0.013149,0.085246,0.11485,0.16247,0.074228,0.24633
0.069006,-0.012406,0.085413,0.11502,0.16248,0.074339,0.24599
0.069078,-0.011579,0.085507,0.11542,0.16271,0.074434,0.24634
0.069048,-0.011049,0.086095,0.11546,0.16265,0.074771,0.2474
0.069181,-0.010449,0.086751,0.11545,0.16269,0.074794,0.24844
0.069379,-0.0099577,0.08755,0.11538,0.1624,0.074918,0.24924
0.069357,-0.0099501,0.088176,0.11492,0.16165,0.075039,0.24914
0.069728,-0.01003,0.088933,0.1149,0.16133,0.07475,0.24863
0.070111,-0.010298,0.089675,0.11459,0.16064,0.074501,0.2474
0.070368,-0.010376,0.09041,0.11434,0.16017,0.074178,0.24609
0.070571,-0.01035,0.090884,0.11427,0.15987,0.073984,0.24511
0.070591,-0.010264,0.091299,0.11412,0.15974,0.073892,0.24457
0.07032,-0.010345,0.091675,0.11395,0.15983,0.073864,0.24464
0.070069,-0.010559,0.092024,0.11377,0.15998,0.07429,0.24539
0.069696,-0.010833,0.091995,0.11371,0.16011,0.074489,0.24645
0.069554,-0.011006,0.092074,0.11365,0.16012,0.074786,0.24753
0.069406,-0.011138,0.09186,0.11383,0.16013,0.074947,0.24844
0.069383,-0.011458,0.091654,0.11372,0.15987,0.074965,0.24849
0.069411,-0.011843,0.091417,0.11371,0.15957,0.075026,0.24783
0.069511,-0.01198,0.091108,0.11405,0.15956,0.075045,0.24699
0.069344,-0.012426,0.090833,0.11393,0.15923,0.075215,0.24586
0.069084,-0.012687,0.090872,0.11397,0.15903,0.075321,0.24497
0.068604,-0.012973,0.091207,0.11411,0.15877,0.075479,0.24435
0.068288,-0.013358,0.091682,0.11403,0.15874,0.075519,0.24404
0.068309,-0.01359,0.09259,0.11415,0.15885,0.075599,0.24418
0.068314,-0.013736,0.093448,0.11408,0.15857,0.075631,0.24454
0.068615,-0.013959,0.09434,0.11407,0.15843,0.075747,0.24473
0.068954,-0.014083,0.094923,0.11401,0.15806,0.076016,0.24449
0.069114,-0.014126,0.095168,0.11405,0.15759,0.076156,0.24373
0.06911,-0.014215,0.095149,0.11429,0.15745,0.076158,0.24279
0.068845,-0.014448,0.09485,0.1142,0.15713,0.076132,0.24155
0.068391,-0.014542,0.0945,0.1143,0.15664,0.076123,0.24022
0.068116,-0.0143,0.094238,0.11462,0.15665,0.076183,0.23924
0.067629,-0.013807,0.09423,0.11502,0.15641,0.075937,0.2385
0.067471,-0.013514,0.0944,0.11536,0.15662,0.075553,0.2383
0.067457,-0.013031,0.094889,0.11579,0.15673,0.075314,0.23863
0.067472,-0.012901,0.095588,0.11573,0.15669,0.075617,0.23949
0.067789,-0.012764,0.096483,0.11563,0.15667,0.075616,0.24014
0.068021,-0.012963,0.097613,0.11524,0.15611,0.075818,0.24069
0.068168,-0.013168,0.098481,0.11494,0.15562,0.076086,0.24082
0.068181,-0.013376,0.099259,0.11472,0.15498,0.076117,0.24032
0.068232,-0.013568,0.10008,0.11452,0.15433,0.076316,0.23945
0.068089,-0.013698,0.10038,0.11453,0.15392,0.076362,0.2384
0.067753,-0.013579,0.10016,0.11476,0.15371,0.076175,0.23762
0.067444,-0.013468,0.09971,0.11523,0.15393,0.075983,0.23744
0.067215,-0.01331,0.099225,0.11571,0.15432,0.075856,0.23763
0.067296,-0.013317,0.098806,0.11593,0.1548,0.075841,0.23818
0.067121,-0.013278,0.098535,0.11622,0.15507,0.075733,0.23882
0.067021,-0.013367,0.09842,0.11643,0.15524,0.075803,0.23946
0.067157,-0.013373,0.098302,0.11658,0.15528,0.075753,0.23984
0.066896,-0.013647,0.098296,0.11618,0.15481,0.075685,0.23959
0.066698,-0.014045,0.098564,0.11604,0.15449,0.075636,0.23924
0.066475,-0.014157,0.098842,0.11608,0.15418,0.075778,0.23887
0.06601,-0.01467,0.099106,0.11588,0.15393,0.075861,0.23832
0.065689,-0.014719,0.099188,0.11606,0.1536,0.075769,0.23786
0.065547,-0.014728,0.099439,0.11619,0.15336,0.075565,0.23765
0.065138,-0.01473,0.099736,0.11639,0.15322,0.075263,0.23752
0.06487,-0.014674,0.10011,0.11638,0.1531,0.07492,0.23731
0.064632,-0.014444,0.10039,0.11656,0.15318,0.074922,0.23756
0.064227,-0.014252,0.1006,0.11647,0.15306,0.075289,0.23823
0.064024,-0.013673,0.10102,0.11651,0.15314,0.075795,0.23881
0.063627,-0.013207,0.1012,0.11633,0.15269,0.076103,0.23889
0.063377,-0.013165,0.10102,0.11627,0.15235,0.076463,0.23854
0.063171,-0.013256,0.10069,0.11653,0.15226,0.076806,0.23802
0.06276,-0.013161,0.099962,0.1168,0.1521,0.076778,0.23705
0.062634,-0.012669,0.099166,0.11712,0.15233,0.077002,0.23619
0.062164,-0.012047,0.098581,0.11747,0.15235,0.077204,0.23547
0.061779,-0.011969,0.098269,0.11776,0.15246,0.0771,0.2352
0.061337,-0.011766,0.098068,0.11792,0.15234,0.077099,0.23526
0.060845,-0.0115,0.097899,0.11796,0.15207,0.077204,0.23569
0.060358,-0.011559,0.097793,0.11775,0.15181,0.07737,0.23645
0.060022,-0.011682,0.09823,0.11733,0.15135,0.077495,0.23676
0.059663,-0.01184,0.09862,0.11689,0.15089,0.077538,0.23706
0.059317,-0.012039,0.099467,0.1165,0.15033,0.077696,0.23675
0.059238,-0.012508,0.10055,0.11598,0.14979,0.07793,0.23597
0.059074,-0.013234,0.1019,0.11559,0.14915,0.077819,0.23467
0.0588,-0.013892,0.10322,0.11538,0.14863,0.077713,0.23304
0.058484,-0.014619,0.10408,0.11526,0.14782,0.077659,0.23115
0.057964,-0.015268,0.10461,0.11519,0.14737,0.077704,0.22952
0.057146,-0.015328,0.10471,0.11549,0.14678,0.077999,0.22877
0.056376,-0.015463,0.10416,0.11579,0.14666,0.077785,0.22865
0.055443,-0.015273,0.10392,0.11613,0.14635,0.077684,0.22913
0.054614,-0.015405,0.10375,0.11624,0.14631,0.077572,0.22978
0.0538,-0.015489,0.10382,0.11598,0.1461,0.077496,0.22995
0.053039,-0.015548,0.10388,0.11594,0.14605,0.077565,0.22986
0.05227,-0.01553,0.10415,0.11591,0.146,0.077764,0.22914
0.051533,-0.015466,0.1046,0.116,0.14601,0.078143,0.22824
0.050953,-0.015319,0.105,0.11593,0.14577,0.078366,0.22681
0.050242,-0.015164,0.10568,0.11606,0.14464,0.07855,0.225
0.049611,-0.014889,0.10624,0.11625,0.14368,0.078749,0.22266
0.049006,-0.014594,0.10655,0.11641,0.14224,0.078576,0.22029
0.048428,-0.014446,0.10674,0.11677,0.14033,0.078289,0.2184
0.047816,-0.014088,0.10701,0.117,0.13823,0.077987,0.21711
0.0471,-0.013853,0.10719,0.11673,0.13714,0.077953,0.21637
0.046518,-0.013721,0.10754,0.11651,0.13605,0.078076,0.21614
0.045908,-0.01353,0.10779,0.11619,0.13523,0.078356,0.21577
0.045214,-0.013529,0.10792,0.11573,0.13466,0.078718,0.2149
0.044914,-0.013462,0.1081,0.11535,0.13376,0.079079,0.21317
0.044371,-0.013639,0.10816,0.11516,0.13175,0.079321,0.2105
0.043888,-0.01367,0.10832,0.11529,0.12982,0.079426,0.20708
0.043074,-0.013212,0.10855,0.11555,0.12728,0.079479,0.20352
0.042659,-0.013194,0.10878,0.11523,0.12427,0.079762,0.20037
0.04187,-0.012622,0.10927,0.11502,0.1221,0.080238,0.19854
0.041243,-0.012351,0.11027,0.11449,0.12083,0.08061,0.1983
0.040216,-0.012104,0.11128,0.11367,0.12036,0.080918,0.1986
0.039592,-0.012154,0.11245,0.11246,0.12051,0.081255,0.19873
0.03917,-0.012182,0.11373,0.11127,0.12036,0.081453,0.19812
0.039103,-0.012475,0.11467,0.1102,0.11974,0.081738,0.1966
0.038456,-0.012604,0.11544,0.1094,0.11833,0.082142,0.19441
0.037504,-0.01249,0.11648,0.10872,0.11618,0.082468,0.19165
0.036729,-0.012242,0.11719,0.10825,0.11411,0.083225,0.18894
0.035779,-0.012086,0.11766,0.10762,0.11246,0.084071,0.18636
0.034899,-0.011669,0.11773,0.10687,0.11152,0.084677,0.18414
0.033979,-0.011119,0.11798,0.1061,0.11129,0.085513,0.18221
0.032879,-0.010906,0.11859,0.10537,0.11139,0.086022,0.18021
0.031962,-0.010356,0.1187,0.10461,0.11111,0.086435,0.17763
0.031082,-0.0098233,0.11869,0.10395,0.11037,0.086654,0.17487
0.030214,-0.008816,0.11798,0.10354,0.1091,0.086721,0.17183
0.029035,-0.0085549,0.11752,0.10318,0.10725,0.086589,0.1683
0.027792,-0.0084045,0.1177,0.10272,0.10535,0.086664,0.16492
0.026484,-0.0080035,0.11717,0.1024,0.10378,0.087135,0.16203
0.025195,-0.0078399,0.11658,0.1018,0.10301,0.087624,0.15941
0.024012,-0.0075512,0.11586,0.10089,0.10278,0.088091,0.15697
0.022489,-0.0074238,0.116,0.099974,0.1028,0.088327,0.15457
0.02117,-0.0070761,0.11569,0.099136,0.10307,0.088354,0.15254
0.019529,-0.0065181,0.11555,0.098339,0.10275,0.087682,0.15072
0.018015,-0.0059958,0.11554,0.097726,0.10207,0.086465,0.14906
0.016294,-0.0052835,0.1156,0.096943,0.10074,0.084896,0.14649
0.014511,-0.0045555,0.11571,0.096213,0.098846,0.082894,0.143
0.012738,-0.0038123,0.11599,0.095254,0.096802,0.081542,0.13938
0.010984,-0.0030367,0.11627,0.094267,0.094594,0.08094,0.13606
0.0090226,-0.0024868,0.11664,0.093056,0.092682,0.081027,0.13246
0.0068019,-0.0017905,0.11687,0.091797,0.091232,0.08097,0.12902
0.0045011,-0.0011095,0.11717,0.09063,0.090082,0.081,0.12511
0.0020563,-0.0005183,0.1171,0.089282,0.088794,0.081107,0.12104
-0.00022548,0.00016523,0.11714,0.088463,0.087511,0.080907,0.11683
-0.0027611,0.00094308,0.11697,0.087723,0.085466,0.080076,0.11241
-0.0052993,0.0019918,0.11689,0.087221,0.082886,0.078654,0.10725
-0.0076977,0.0028668,0.11697,0.08628,0.07952,0.077146,0.10115
-0.010239,0.0039133,0.11688,0.085922,0.075775,0.075415,0.094501
-0.012923,0.0047427,0.11657,0.08517,0.071558,0.074194,0.087286
-0.015657,0.0057051,0.11609,0.084531,0.068019,0.073732,0.080946
-0.018573,0.0065556,0.11566,0.083518,0.065296,0.074002,0.075556
-0.021392,0.007237,0.11536,0.082315,0.063594,0.074545,0.070961
-0.024178,0.0077895,0.11501,0.080972,0.062428,0.074833,0.066652
-0.02701,0.0082291,0.11467,0.07978,0.061178,0.074964,0.062557
-0.02975,0.0087232,0.11418,0.079067,0.059684,0.07436,0.058424
-0.032539,0.0092709,0.11382,0.078142,0.057183,0.075664,0.058358
-0.035261,0.0098739,0.11345,0.077571,0.053937,0.071939,0.048631
-0.038279,0.010628,0.11332,0.076544,0.049873,0.071135,0.042761
-0.041448,0.011816,0.11323,0.075512,0.045909,0.072645,0.042578
-0.044508,0.013057,0.11316,0.074077,0.04255,0.072445,0.036296
-0.047774,0.014351,0.11327,0.072554,0.040004,0.072807,0.03037
-0.051015,0.015366,0.11335,0.0709,0.038059,0.073369,0.024931
-0.054107,0.016098,0.11313,0.069121,0.036233,0.074329,0.019758
-0.057124,0.01672,0.11306,0.067496,0.034417,0.074778,0.015554
-0.060058,0.017878,0.11293,0.066072,0.032105,0.074898,0.012075
-0.063168,0.019112,0.11301,0.06484,0.02928,0.074298,0.0089577
-0.066188,0.020184,0.11359,0.063603,0.025391,0.073193,0.0058181
-0.069261,0.02118,0.11442,0.0623,0.021026,0.071848,0.0018428
-0.072342,0.022336,0.11495,0.061002,0.016729,0.070569,-0.0032464
-0.075653,0.023439,0.11526,0.0594,0.012483,0.069802,-0.0092734
-0.078916,0.024512,0.11521,0.057837,0.0093722,0.069691,-0.015198
-0.082217,0.025563,0.11482,0.056278,0.0071362,0.069404,-0.020968
-0.085696,0.026678,0.11433,0.0549,0.0050263,0.069329,-0.025742
-0.088989,0.027634,0.11385,0.053996,0.0030918,0.069108,-0.029386
-0.092184,0.028437,0.11388,0.053666,0.00046594,0.068737,-0.032199
-0.095154,0.029274,0.1143,0.053467,-0.002929,0.06814,-0.035059
-0.09805,0.030169,0.11477,0.053471,-0.0063931,0.067411,-0.038419
-0.101,0.031126,0.1153,0.05301,-0.0097681,0.06665,-0.041948
-0.1041,0.032326,0.11594,0.052148,-0.012111,0.065872,-0.044824
-0.10734,0.033588,0.11612,0.051093,-0.012873,0.065495,-0.046691
-0.11073,0.034808,0.11629,0.049793,-0.012778,0.065165,-0.047873
-0.11394,0.036045,0.11635,0.049614,-0.016221,0.063496,-0.04979
-0.11714,0.037352,0.1162,0.047851,-0.012908,0.064329,-0.051896
-0.12048,0.038924,0.11584,0.048026,-0.014265,0.063408,-0.054678
-0.12374,0.040226,0.11547,0.048658,-0.016691,0.062334,-0.057622
-0.12746,0.041765,0.11509,0.049665,-0.020126,0.060899,-0.060406
-0.13105,0.043428,0.11497,0.050032,-0.0236,0.058254,-0.064254
-0.13443,0.045056,0.11487,0.051943,-0.026607,0.058072,-0.065329
-0.1377,0.046587,0.11487,0.052597,-0.028832,0.057008,-0.06722
-0.14091,0.047979,0.11504,0.052864,-0.030163,0.056293,-0.068991
-0.14398,0.049185,0.11514,0.052712,-0.030741,0.055738,-0.071202
-0.14714,0.049968,0.11525,0.052328,-0.034345,0.053808,-0.075103
-0.1504,0.051141,0.11527,0.052093,-0.032861,0.05426,-0.077491
-0.1538,0.052207,0.11529,0.052465,-0.034999,0.053324,-0.080467
-0.15713,0.053338,0.11541,0.05333,-0.038367,0.052061,-0.083335
-0.16065,0.054543,0.11536,0.054386,-0.042882,0.050768,-0.086176
-0.16404,0.055823,0.11564,0.055632,-0.047755,0.049494,-0.089253
-0.16704,0.05666,0.11647,0.05645,-0.052207,0.048037,-0.092693
-0.16982,0.057353,0.11756,0.056917,-0.056019,0.046582,-0.096103
-0.17241,0.057894,0.11844,0.05676,-0.058479,0.045634,-0.099187
-0.17486,0.058391,0.11909,0.055949,-0.05983,0.044908,-0.10251
-0.17738,0.058887,0.11941,0.055045,-0.060461,0.044045,-0.10626
-0.17989,0.059439,0.11969,0.054034,-0.061154,0.042987,-0.11094
-0.18234,0.060215,0.11967,0.053718,-0.062252,0.041887,-0.11622
-0.18505,0.061158,0.11936,0.054094,-0.064387,0.040885,-0.12194
-0.18778,0.062128,0.11903,0.054848,-0.067935,0.039673,-0.12783
-0.1905,0.06317,0.11856,0.05593,-0.072466,0.037205,-0.13377
-0.19326,0.064336,0.11832,0.056956,-0.077711,0.035447,-0.13994
-0.19557,0.065478,0.11837,0.057306,-0.082352,0.033571,-0.14679
-0.19782,0.066417,0.11839,0.057354,-0.085811,0.031303,-0.15436
-0.19983,0.067466,0.11813,0.056792,-0.087623,0.028522,-0.16268
-0.20188,0.068338,0.11766,0.055784,-0.088135,0.025674,-0.17104
-0.20399,0.069296,0.11694,0.054948,-0.087727,0.0232,-0.17858
-0.20402,0.069364,0.11686,0.053792,-0.085555,0.021548,-0.18466
-0.20634,0.070484,0.11587,0.053376,-0.085792,0.020313,-0.19006
-0.21052,0.072713,0.11479,0.054369,-0.089332,0.017892,-0.19599
-0.21255,0.073943,0.11456,0.054501,-0.090808,0.012756,-0.20278
-0.21414,0.075132,0.11449,0.054554,-0.096138,0.012255,-0.21026
-0.21422,0.075318,0.11428,0.054156,-0.098815,0.010086,-0.21918
-0.21774,0.077447,0.11468,0.053921,-0.10442,0.007354,-0.22854
-0.21949,0.078335,0.11452,0.054218,-0.10611,0.0034836,-0.23677
-0.22135,0.079387,0.11381,0.053161,-0.10768,-0.00027146,-0.24436
-0.22321,0.080351,0.11275,0.049445,-0.10504,-0.00090665,-0.25097
-0.22533,0.081443,0.11133,0.047761,-0.10337,-0.0018316,-0.25585
-0.22739,0.082503,0.11048,0.046238,-0.10244,-0.002647,-0.26049
-0.22943,0.083671,0.11013,0.046518,-0.10433,-0.0055494,-0.26531
-0.2312,0.084929,0.11044,0.045155,-0.105,-0.0066992,-0.27045
-0.23309,0.086339,0.11095,0.043441,-0.10895,-0.0063969,-0.2757
-0.23494,0.087868,0.1118,0.04323,-0.11345,-0.0082483,-0.28157
-0.23668,0.089251,0.11236,0.043037,-0.11802,-0.010388,-0.28802
-0.23838,0.090581,0.11313,0.043305,-0.12024,-0.014072,-0.29495
-0.23997,0.091813,0.11379,0.042635,-0.12438,-0.01609,-0.302
-0.23997,0.091813,0.11379,0.039819,-0.12658,-0.015702,-0.30851
-0.24162,0.093089,0.11403,0.038919,-0.1282,-0.016477,-0.31374
-0.24334,0.094291,0.11415,0.037813,-0.12956,-0.017291,-0.31768
-0.24523,0.095398,0.11403,0.038227,-0.13141,-0.019735,-0.32086
-0.247,0.096761,0.11383,0.037565,-0.13316,-0.019573,-0.32415
-0.24873,0.098106,0.11328,0.036899,-0.13789,-0.019468,-0.32849
-0.25044,0.099585,0.11293,0.0374,-0.1428,-0.021302,-0.33443
-0.25224,0.10096,0.1123,0.037674,-0.14798,-0.023604,-0.34211
-0.25413,0.10237,0.11163,0.038502,-0.14948,-0.027038,-0.35065
-0.25604,0.10373,0.11099,0.038806,-0.15459,-0.028384,-0.35967
-0.25801,0.10499,0.10998,0.03797,-0.16007,-0.029433,-0.36876
-0.26012,0.10619,0.10879,0.03788,-0.16189,-0.031067,-0.37632
-0.2622,0.10731,0.10754,0.037949,-0.16301,-0.032865,-0.38238
-0.26418,0.10845,0.10628,0.038842,-0.16414,-0.035513,-0.38756
-0.26612,0.10966,0.10519,0.039051,-0.16509,-0.037291,-0.39221
-0.26794,0.11084,0.10433,0.039102,-0.16807,-0.037767,-0.39664
-0.26967,0.11199,0.10372,0.039876,-0.17165,-0.039659,-0.4025
-0.27117,0.11306,0.1033,0.04045,-0.17586,-0.041791,-0.40934
-0.27271,0.11444,0.10322,0.04096,-0.17741,-0.044267,-0.41639
-0.27435,0.11581,0.10327,0.041278,-0.18191,-0.045632,-0.42314
-0.27615,0.11681,0.10291,0.041096,-0.18676,-0.046803,-0.42868
-0.27775,0.11717,0.10237,0.040546,-0.18867,-0.048198,-0.43306
-0.27941,0.11758,0.10192,0.039909,-0.19003,-0.049128,-0.43623
-0.28111,0.11816,0.10117,0.040048,-0.19147,-0.050587,-0.43861
-0.28248,0.11893,0.10052,0.039414,-0.19219,-0.051133,-0.44049
-0.28367,0.11974,0.10028,0.038254,-0.19275,-0.052055,-0.44269
-0.28489,0.12021,0.10033,0.038078,-0.19436,-0.0536,-0.44538
-0.28592,0.1208,0.10032,0.038132,-0.19679,-0.055502,-0.44923
-0.28718,0.12137,0.10002,0.038456,-0.19798,-0.057217,-0.45356
-0.28838,0.12192,0.099524,0.038824,-0.20101,-0.057281,-0.45822
-0.28977,0.12242,0.098445,0.039812,-0.20627,-0.057651,-0.46243
-0.29122,0.12303,0.097219,0.040598,-0.20863,-0.058136,-0.46576
-0.29269,0.12353,0.096147,0.041151,-0.21024,-0.058809,-0.46827
-0.29363,0.12391,0.095506,0.041333,-0.2111,-0.059475,-0.46996
-0.29461,0.12415,0.095461,0.04149,-0.21178,-0.060195,-0.47089
-0.29536,0.1242,0.095562,0.041257,-0.20938,-0.061268,-0.47094
-0.2961,0.12437,0.095768,0.040876,-0.20845,-0.062693,-0.47154
-0.29679,0.12464,0.095798,0.040882,-0.20763,-0.064657,-0.47326
-0.29759,0.12524,0.095579,0.041163,-0.20849,-0.066901,-0.47665
-0.29864,0.12602,0.095297,0.041296,-0.20879,-0.068391,-0.48052
-0.29993,0.12703,0.094611,0.042522,-0.21157,-0.068816,-0.48447
-0.30116,0.12792,0.094473,0.043648,-0.21487,-0.069653,-0.48924
-0.30234,0.1287,0.09448,0.044657,-0.21841,-0.070365,-0.494
-0.3034,0.12932,0.095089,0.044234,-0.22035,-0.071754,-0.4991
-0.30425,0.13,0.095836,0.044902,-0.22347,-0.072782,-0.5027
-0.30535,0.13071,0.096474,0.045447,-0.22582,-0.073707,-0.50534
-0.30626,0.13133,0.097032,0.04545,-0.22546,-0.074224,-0.50625
-0.30715,0.132,0.097472,0.045138,-0.2251,-0.075811,-0.50765
-0.30791,0.13257,0.098056,0.045012,-0.22652,-0.078327,-0.51067
-0.30876,0.1331,0.09846,0.044489,-0.22654,-0.078884,-0.51402
-0.30945,0.13387,0.098826,0.044359,-0.22704,-0.080022,-0.51833
-0.31009,0.13472,0.099203,0.044411,-0.2285,-0.08135,-0.52322
-0.31105,0.13538,0.099577,0.044631,-0.23107,-0.082827,-0.52805
-0.31205,0.13622,0.099777,0.045133,-0.23424,-0.084013,-0.53213
-0.31293,0.13694,0.099906,0.045935,-0.23784,-0.085076,-0.53536
-0.31404,0.13763,0.099851,0.046581,-0.24145,-0.085115,-0.5376
-0.31485,0.1381,0.099877,0.047432,-0.24405,-0.085472,-0.53912
-0.31555,0.13831,0.10048,0.04765,-0.24617,-0.085956,-0.54044
-0.31594,0.13824,0.10092,0.047395,-0.24726,-0.087193,-0.54234
-0.31633,0.13829,0.10153,0.046562,-0.24812,-0.088856,-0.54519
-0.31682,0.13857,0.10173,0.045835,-0.24837,-0.090889,-0.5485
-0.31742,0.13871,0.10165,0.045088,-0.24874,-0.092819,-0.55188
-0.31805,0.13904,0.10141,0.044765,-0.24926,-0.094856,-0.55543
-0.31862,0.13915,0.10088,0.044703,-0.25038,-0.096561,-0.55912
-0.31953,0.13951,0.1,0.045188,-0.25208,-0.097755,-0.56254
-0.32032,0.13986,0.099046,0.045937,-0.25409,-0.098621,-0.56559
-0.32125,0.14049,0.098205,0.047161,-0.25595,-0.099383,-0.56776
-0.32198,0.1407,0.097803,0.047601,-0.25806,-0.099767,-0.56941
-0.32255,0.14105,0.097462,0.048115,-0.25945,-0.1,-0.57021
-0.32299,0.14118,0.097697,0.048173,-0.26025,-0.10058,-0.571
-0.32335,0.14127,0.098021,0.047739,-0.26076,-0.10171,-0.57228
-0.32349,0.14132,0.098554,0.047393,-0.26076,-0.10305,-0.57413
-0.32373,0.14151,0.098811,0.046951,-0.26089,-0.10418,-0.57648
-0.32405,0.14186,0.098719,0.046861,-0.26101,-0.10501,-0.57902
-0.32444,0.14226,0.09834,0.047264,-0.26085,-0.1061,-0.58169
-0.325,0.1426,0.097799,0.047547,-0.26094,-0.10682,-0.58403
-0.32536,0.14274,0.097154,0.048087,-0.26133,-0.10743,-0.58626
-0.32583,0.14287,0.096396,0.048457,-0.26208,-0.10762,-0.58815
-0.32615,0.14291,0.095556,0.049201,-0.26218,-0.1077,-0.58898
-0.32644,0.14301,0.095012,0.049601,-0.26221,-0.10731,-0.58875
-0.32687,0.14297,0.094297,0.049688,-0.26177,-0.10749,-0.58818
-0.32727,0.14302,0.09373,0.049543,-0.26098,-0.10734,-0.5872
-0.3274,0.14301,0.093698,0.04902,-0.25992,-0.10748,-0.58674
-0.32736,0.14309,0.093865,0.048719,-0.25827,-0.10776,-0.58652
-0.3274,0.14336,0.094051,0.04828,-0.2572,-0.10766,-0.58715
-0.32756,0.14364,0.094323,0.048063,-0.25689,-0.10803,-0.58886
-0.32742,0.14361,0.094559,0.047922,-0.25748,-0.10831,-0.59133
-0.32747,0.14394,0.094548,0.048369,-0.25855,-0.10877,-0.59397
-0.32796,0.144,0.094254,0.048661,-0.26034,-0.1093,-0.59604
-0.32828,0.14408,0.093998,0.049157,-0.26179,-0.10817,-0.59663
-0.32861,0.14403,0.093641,0.049509,-0.26257,-0.10854,-0.59642
-0.32889,0.144,0.09359,0.049509,-0.26261,-0.10867,-0.59461
-0.32919,0.14403,0.0934,0.04933,-0.26144,-0.10899,-0.59175
-0.32934,0.144,0.093382,0.048513,-0.25952,-0.10915,-0.58851
-0.32931,0.14396,0.093506,0.047698,-0.25671,-0.10906,-0.58512
-0.32924,0.144,0.093798,0.047109,-0.25411,-0.10888,-0.58249
-0.32901,0.14404,0.09398,0.046586,-0.25242,-0.1087,-0.58128
-0.32881,0.14408,0.094305,0.046489,-0.25191,-0.10876,-0.58154
-0.32883,0.14413,0.094239,0.046484,-0.25275,-0.10858,-0.58279
-0.32907,0.14423,0.093832,0.046932,-0.25426,-0.10864,-0.58449
-0.32943,0.14446,0.093204,0.047731,-0.25573,-0.10867,-0.58548
-0.32993,0.14456,0.092002,0.048534,-0.2565,-0.10872,-0.58566
-0.33025,0.14459,0.090585,0.049189,-0.25627,-0.10871,-0.58451
-0.3309,0.1447,0.089188,0.049719,-0.25509,-0.10853,-0.5824
-0.33117,0.14457,0.088007,0.049594,-0.25306,-0.10828,-0.57999
-0.33132,0.14444,0.087243,0.04914,-0.25048,-0.10792,-0.57779
-0.33118,0.1444,0.086936,0.048721,-0.2479,-0.10808,-0.5766
-0.33114,0.14448,0.087103,0.048549,-0.24613,-0.10846,-0.57705
-0.3309,0.14449,0.087552,0.048388,-0.2455,-0.10894,-0.57893
-0.33074,0.14448,0.087747,0.048619,-0.24606,-0.10938,-0.58153
-0.33063,0.14455,0.087808,0.04937,-0.24768,-0.10985,-0.58402
-0.33087,0.14454,0.087359,0.050519,-0.24956,-0.11017,-0.58535
-0.33137,0.14482,0.08659,0.051678,-0.25119,-0.11042,-0.5855
-0.3321,0.14523,0.08518,0.052605,-0.2518,-0.11073,-0.58462
-0.33268,0.14522,0.083877,0.052852,-0.25171,-0.11076,-0.58275
-0.33323,0.14504,0.082392,0.052708,-0.25034,-0.11089,-0.58094
-0.33323,0.14476,0.081624,0.052272,-0.24859,-0.11075,-0.57926
-0.33344,0.14502,0.081184,0.051028,-0.24732,-0.11079,-0.579
-0.33342,0.14533,0.080796,0.050353,-0.24568,-0.11081,-0.57903
-0.33343,0.14573,0.080968,0.049654,-0.24496,-0.11463,-0.58014
-0.33305,0.14605,0.081279,0.049454,-0.24483,-0.1145,-0.58049
-0.33302,0.14675,0.081431,0.049835,-0.24531,-0.11436,-0.58049
-0.33308,0.1476,0.080898,0.050532,-0.24608,-0.1143,-0.58021
-0.33356,0.14815,0.08018,0.051018,-0.24704,-0.11417,-0.5796
-0.3339,0.14875,0.07904,0.051603,-0.24748,-0.11381,-0.57849
-0.33439,0.14925,0.077863,0.051772,-0.24767,-0.11352,-0.57733
-0.33474,0.14957,0.07669,0.051811,-0.24706,-0.11319,-0.57622
-0.33476,0.14975,0.076243,0.051675,-0.24629,-0.11282,-0.575
-0.33462,0.14967,0.076059,0.051565,-0.24509,-0.11233,-0.57356
-0.33459,0.14958,0.076035,0.051168,-0.24397,-0.11223,-0.57309
-0.3344,0.14946,0.075865,0.051167,-0.24253,-0.11253,-0.57336
-0.33404,0.14955,0.075675,0.051173,-0.24168,-0.11262,-0.57441
-0.33383,0.1497,0.075256,0.051341,-0.24166,-0.11279,-0.57566
-0.33389,0.15008,0.074564,0.051791,-0.24264,-0.11293,-0.57675
-0.33414,0.15038,0.073769,0.051962,-0.2445,-0.11358,-0.57739
-0.33418,0.15063,0.073023,0.052181,-0.24606,-0.11331,-0.57728
-0.33453,0.15069,0.072301,0.052216,-0.24753,-0.11336,-0.57709
-0.33465,0.15072,0.071606,0.052094,-0.2481,-0.11344,-0.57677
-0.33454,0.15073,0.071266,0.051711,-0.2479,-0.11342,-0.57643
-0.33428,0.15081,0.070743,0.051486,-0.24679,-0.1124,-0.57626
-0.33412,0.15081,0.070215,0.051264,-0.24541,-0.11253,-0.57627
-0.33415,0.15083,0.0696,0.051066,-0.24434,-0.11289,-0.5765
-0.33414,0.15089,0.069009,0.050918,-0.24372,-0.11315,-0.5768
-0.3342,0.15117,0.068091,0.051017,-0.24358,-0.11322,-0.57719
-0.33443,0.15153,0.06702,0.051331,-0.24423,-0.11313,-0.57752
-0.33465,0.15194,0.066003,0.05193,-0.24496,-0.11294,-0.57717
-0.33488,0.15223,0.065072,0.052392,-0.24574,-0.11296,-0.57689
-0.33524,0.15253,0.064146,0.052472,-0.24634,-0.11305,-0.57632
-0.33546,0.15281,0.063215,0.052695,-0.24621,-0.11298,-0.57527
-0.33568,0.1531,0.062588,0.052457,-0.24567,-0.11249,-0.57427
-0.33564,0.15318,0.062304,0.05201,-0.2448,-0.1119,-0.57333
-0.33562,0.15313,0.062349,0.051266,-0.24422,-0.11195,-0.57368
-0.3355,0.15305,0.062355,0.051102,-0.24339,-0.11185,-0.57402
-0.33536,0.15326,0.062255,0.05121,-0.24277,-0.11211,-0.57464
-0.33553,0.15337,0.061845,0.051411,-0.24286,-0.11201,-0.57541
-0.3353,0.15351,0.061716,0.051417,-0.24328,-0.11206,-0.57611
-0.33547,0.15342,0.061263,0.051597,-0.24409,-0.11237,-0.57646
-0.3356,0.15341,0.060568,0.051876,-0.24473,-0.11248,-0.57642
-0.33573,0.15339,0.059706,0.052154,-0.24497,-0.11249,-0.57601
-0.33579,0.15358,0.059069,0.05239,-0.24477,-0.11173,-0.57538
-0.33586,0.15364,0.058463,0.052311,-0.24412,-0.11188,-0.57425
-0.3359,0.15356,0.058297,0.052224,-0.2434,-0.1116,-0.57261
-0.33587,0.15349,0.058326,0.052043,-0.24261,-0.1117,-0.57201
-0.3356,0.15355,0.058847,0.051793,-0.24202,-0.11167,-0.57228
-0.33526,0.15343,0.059577,0.051417,-0.24199,-0.11143,-0.57305
-0.33502,0.15345,0.060385,0.051664,-0.24241,-0.11153,-0.57405
-0.33497,0.15337,0.061063,0.051573,-0.24337,-0.11162,-0.57515
-0.33492,0.15336,0.061601,0.051689,-0.24424,-0.11162,-0.57594
-0.33479,0.15329,0.061989,0.051712,-0.24483,-0.11176,-0.57626
-0.33472,0.15317,0.062104,0.051859,-0.24481,-0.11165,-0.57538
-0.33467,0.153,0.061677,0.052007,-0.24423,-0.11155,-0.57378
-0.33464,0.15275,0.060944,0.052261,-0.24328,-0.11149,-0.57178
-0.33458,0.15234,0.060181,0.051984,-0.24247,-0.11115,-0.56994
-0.33417,0.15182,0.060019,0.051744,-0.24168,-0.11132,-0.57024
-0.33366,0.15124,0.06005,0.051189,-0.2416,-0.11107,-0.56929
-0.33319,0.15047,0.060089,0.050578,-0.24204,-0.11088,-0.5691
-0.33264,0.14989,0.060066,0.050283,-0.24267,-0.11076,-0.56947
-0.33219,0.14919,0.059665,0.049964,-0.24321,-0.11062,-0.57025
-0.33163,0.14854,0.059039,0.049953,-0.24363,-0.11056,-0.57081
-0.33089,0.14783,0.058293,0.049868,-0.24347,-0.11016,-0.5705
-0.33015,0.14709,0.057508,0.04983,-0.24302,-0.10996,-0.56931
-0.32931,0.14613,0.056727,0.049487,-0.24266,-0.10973,-0.56762
-0.32824,0.14515,0.055965,0.049174,-0.24216,-0.10933,-0.56534
-0.32719,0.14408,0.05534,0.048857,-0.24148,-0.10885,-0.56252
-0.32622,0.14287,0.054651,0.048394,-0.24091,-0.10779,-0.55932
-0.32531,0.14142,0.054165,0.047652,-0.24077,-0.10707,-0.55626
-0.32416,0.14015,0.05395,0.047164,-0.24031,-0.10606,-0.55272
-0.32314,0.13898,0.053742,0.046688,-0.23967,-0.10487,-0.54885
-0.32211,0.13785,0.053386,0.046237,-0.23821,-0.10418,-0.54476
-0.32096,0.13682,0.053019,0.045871,-0.23603,-0.10364,-0.5405
-0.3197,0.13565,0.052489,0.045662,-0.23351,-0.10278,-0.53611
-0.31836,0.13464,0.05203,0.045573,-0.23111,-0.10208,-0.53167
-0.31698,0.13348,0.051943,0.045574,-0.22906,-0.1013,-0.52649
-0.31552,0.13201,0.051742,0.045391,-0.22776,-0.10029,-0.5205
-0.31409,0.13054,0.051594,0.045393,-0.22682,-0.099017,-0.51395
-0.31277,0.12903,0.051505,0.045647,-0.22609,-0.097595,-0.5074
-0.31149,0.1276,0.051085,0.04571,-0.2257,-0.096055,-0.50181
-0.31005,0.12616,0.050498,0.045634,-0.22502,-0.094901,-0.49781
-0.30855,0.12491,0.049828,0.045602,-0.22394,-0.094343,-0.49476
-0.30709,0.12383,0.048757,0.045515,-0.22248,-0.094081,-0.49277
-0.30573,0.12243,0.047495,0.045468,-0.22077,-0.093803,-0.49089
-0.3042,0.12118,0.04608,0.045736,-0.21859,-0.093698,-0.48909
-0.30265,0.11977,0.044686,0.046025,-0.21649,-0.093288,-0.48678
-0.3012,0.11851,0.043512,0.046593,-0.21468,-0.092954,-0.48353
-0.29975,0.11717,0.04272,0.047061,-0.21314,-0.092511,-0.47994
-0.29816,0.11569,0.042556,0.04744,-0.21197,-0.091899,-0.47587
-0.29641,0.11471,0.043013,0.04791,-0.21104,-0.091384,-0.47233
-0.29473,0.11387,0.043232,0.048104,-0.21052,-0.090463,-0.46918
-0.29308,0.11332,0.043587,0.048204,-0.21018,-0.08966,-0.46701
-0.29132,0.11238,0.043895,0.048436,-0.20967,-0.089181,-0.46551
-0.28942,0.11121,0.044212,0.048531,-0.20914,-0.089451,-0.4646
-0.28749,0.10977,0.04453,0.04856,-0.2084,-0.088855,-0.4635
-0.28564,0.10872,0.045082,0.048386,-0.20717,-0.088324,-0.46214
-0.28372,0.10771,0.045869,0.048101,-0.20554,-0.088036,-0.46036
-0.28155,0.10653,0.047095,0.048089,-0.2035,-0.087611,-0.45785
-0.2794,0.10531,0.047836,0.048371,-0.2011,-0.087184,-0.45483
-0.27726,0.10426,0.048404,0.048713,-0.1987,-0.086367,-0.45158
-0.27503,0.10307,0.048455,0.049341,-0.19629,-0.085596,-0.44834
-0.27281,0.10163,0.048196,0.049886,-0.19432,-0.084938,-0.44547
-0.27066,0.10021,0.047562,0.05038,-0.19271,-0.084403,-0.44304
-0.26844,0.098845,0.047329,0.050573,-0.19175,-0.08586,-0.44137
-0.26613,0.097298,0.047332,0.050977,-0.1909,-0.085264,-0.43959
-0.26358,0.095462,0.047818,0.05114,-0.19035,-0.083991,-0.43773
-0.26121,0.093584,0.048306,0.051595,-0.18962,-0.083057,-0.43522
-0.25889,0.091773,0.048675,0.052203,-0.18824,-0.082094,-0.43184
-0.25668,0.089912,0.048465,0.052737,-0.18634,-0.079422,-0.42655
-0.25486,0.088328,0.048042,0.053243,-0.18394,-0.078531,-0.42034
-0.2529,0.086766,0.047682,0.053455,-0.18105,-0.077453,-0.41374
-0.25088,0.085415,0.047956,0.053471,-0.17859,-0.076522,-0.40809
-0.2486,0.084183,0.048706,0.053424,-0.17647,-0.076005,-0.40384
-0.24637,0.083091,0.049474,0.053391,-0.1752,-0.077098,-0.40157
-0.24426,0.082107,0.050367,0.05343,-0.17468,-0.076675,-0.40005
-0.24209,0.08084,0.051299,0.053646,-0.17494,-0.076206,-0.39898
-0.23987,0.079614,0.052274,0.054135,-0.17508,-0.075455,-0.39718
-0.23773,0.078116,0.05301,0.054941,-0.17488,-0.074852,-0.39431
-0.23531,0.07663,0.053742,0.055825,-0.17426,-0.074136,-0.38993
-0.23304,0.075183,0.053923,0.056741,-0.17283,-0.07303,-0.38376
-0.23306,0.075128,0.054119,0.058126,-0.17328,-0.07178,-0.37657
-0.23073,0.073605,0.053873,0.058616,-0.17049,-0.070448,-0.36973
-0.22642,0.070639,0.053154,0.058073,-0.16533,-0.069023,-0.36467
-0.22445,0.069592,0.052905,0.058206,-0.16253,-0.06831,-0.36152
-0.22262,0.06853,0.052984,0.058183,-0.15988,-0.068028,-0.3602
-0.22278,0.068837,0.053294,0.058676,-0.15964,-0.067637,-0.36018
-0.221,0.068101,0.053731,0.059026,-0.15788,-0.067475,-0.36035
-0.21791,0.066234,0.053749,0.05938,-0.15477,-0.067153,-0.35961
-0.21645,0.065089,0.054095,0.060285,-0.1537,-0.066813,-0.35774
-0.21637,0.064912,0.05482,0.061938,-0.15453,-0.066249,-0.35484
-0.21483,0.063631,0.05496,0.063473,-0.15348,-0.06552,-0.35114
-0.21318,0.062459,0.055444,0.064922,-0.15261,-0.064779,-0.34757
-0.21178,0.061516,0.055913,0.066093,-0.15179,-0.064066,-0.34473
-0.21018,0.060515,0.056862,0.066623,-0.15105,-0.063131,-0.34284
-0.20864,0.059723,0.0581,0.066976,-0.1497,-0.06296,-0.34174
-0.20748,0.059071,0.059293,0.066996,-0.14815,-0.062906,-0.34149
-0.20612,0.058366,0.060432,0.067185,-0.14568,-0.062942,-0.34111
-0.20465,0.05763,0.061494,0.067388,-0.14271,-0.063043,-0.34059
-0.20319,0.057182,0.062377,0.067871,-0.13966,-0.06316,-0.33942
-0.2015,0.056725,0.062894,0.068626,-0.13658,-0.063236,-0.33716
-0.19962,0.055875,0.063447,0.069712,-0.13349,-0.063279,-0.33391
-0.19777,0.055224,0.063875,0.070693,-0.13097,-0.063067,-0.32991
-0.19563,0.054484,0.064189,0.071722,-0.1288,-0.062468,-0.32532
-0.19357,0.05373,0.064695,0.072599,-0.12677,-0.064276,-0.32112
-0.19177,0.052953,0.064987,0.073281,-0.12487,-0.063771,-0.31728
-0.18989,0.051949,0.065455,0.073299,-0.12333,-0.0634,-0.31421
-0.18821,0.050994,0.065858,0.073246,-0.12158,-0.063032,-0.31165
-0.18668,0.050273,0.06592,0.073167,-0.11966,-0.062517,-0.30938
-0.18486,0.049622,0.065864,0.073158,-0.11725,-0.062073,-0.30687
-0.18306,0.049065,0.065515,0.073565,-0.11425,-0.061648,-0.30367
-0.18111,0.048319,0.065075,0.073919,-0.11105,-0.060992,-0.29968
-0.179,0.047622,0.064525,0.074809,-0.10769,-0.060006,-0.29462
-0.17689,0.04669,0.064028,0.075724,-0.10476,-0.058942,-0.2892
-0.17501,0.045554,0.063793,0.076384,-0.10231,-0.056671,-0.28369
-0.17336,0.044607,0.063666,0.076945,-0.10034,-0.05557,-0.2791
-0.1716,0.04353,0.06442,0.076608,-0.098967,-0.05438,-0.27539
-0.16995,0.042816,0.06503,0.076271,-0.096566,-0.053352,-0.27193
-0.16841,0.042353,0.065821,0.07579,-0.093008,-0.052672,-0.2686
-0.16669,0.04193,0.066466,0.075616,-0.087958,-0.048758,-0.2639
-0.16484,0.041249,0.067208,0.075053,-0.082164,-0.04875,-0.25917
-0.1628,0.040689,0.067814,0.075008,-0.075736,-0.048704,-0.2529
-0.16067,0.040021,0.068288,0.075398,-0.069378,-0.048139,-0.24481
-0.15859,0.039191,0.068677,0.076048,-0.063372,-0.047229,-0.23567
-0.15691,0.038261,0.068893,0.076947,-0.058436,-0.046154,-0.2267
-0.1553,0.037216,0.069859,0.077807,-0.055384,-0.045532,-0.21935
-0.15395,0.036247,0.070943,0.078542,-0.054211,-0.045198,-0.2144
-0.15238,0.035328,0.071964,0.079161,-0.054009,-0.044733,-0.21116
-0.15088,0.034682,0.073153,0.079776,-0.054224,-0.044498,-0.20895
-0.14928,0.03394,0.074016,0.080469,-0.053767,-0.044494,-0.20692
-0.14764,0.033348,0.07462,0.081144,-0.05261,-0.044252,-0.20418
-0.14588,0.032576,0.074891,0.081494,-0.050447,-0.043605,-0.20011
-0.14411,0.031917,0.074736,0.082184,-0.047319,-0.042718,-0.1945
-0.14209,0.031174,0.074442,0.082831,-0.043143,-0.041383,-0.18759
-0.1402,0.030464,0.073809,0.08351,-0.038719,-0.041716,-0.1806
-0.13849,0.029631,0.073307,0.084107,-0.034627,-0.040664,-0.174
-0.13697,0.029005,0.073142,0.084555,-0.031411,-0.039863,-0.16872
-0.1353,0.028331,0.073252,0.084948,-0.029296,-0.03919,-0.1649
-0.13384,0.028002,0.07344,0.085732,-0.027769,-0.038919,-0.16251
-0.13233,0.027551,0.07381,0.086247,-0.027153,-0.041843,-0.16165
-0.1309,0.0272,0.074027,0.086901,-0.026551,-0.041361,-0.16042
-0.12944,0.02687,0.074214,0.087187,-0.025405,-0.040726,-0.15883
-0.12784,0.02636,0.074438,0.087219,-0.023276,-0.040092,-0.15609
-0.12614,0.025735,0.074409,0.087007,-0.019871,-0.039327,-0.15161
-0.12452,0.025141,0.074398,0.086647,-0.015391,-0.040077,-0.14595
-0.12301,0.024596,0.074466,0.086319,-0.0098488,-0.038956,-0.13918
-0.12134,0.024138,0.074639,0.08579,-0.0041527,-0.037943,-0.13271
-0.11983,0.024025,0.074777,0.085637,0.0010155,-0.037026,-0.12743
-0.11847,0.023917,0.075106,0.085439,0.0048718,-0.03648,-0.12377
-0.1171,0.023509,0.075407,0.085444,0.0074981,-0.036346,-0.12135
-0.11566,0.023111,0.07571,0.085984,0.0090156,-0.036299,-0.11966
-0.11407,0.022952,0.07616,0.086606,0.0094969,-0.03601,-0.11773
-0.11255,0.023106,0.076403,0.087573,0.0099716,-0.035759,-0.11519
-0.11085,0.022812,0.076797,0.088522,0.01084,-0.035098,-0.1113
-0.10932,0.022279,0.077296,0.089232,0.012344,-0.035938,-0.10653
-0.10782,0.021425,0.077953,0.089697,0.014925,-0.034592,-0.10093
-0.10665,0.020511,0.078575,0.089631,0.017682,-0.033582,-0.095512
-0.1054,0.019552,0.079227,0.089268,0.020753,-0.032739,-0.091003
-0.10403,0.018837,0.080169,0.088744,0.023594,-0.032106,-0.087549
-0.10275,0.018483,0.080473,0.088565,0.026207,-0.034557,-0.08548
-0.10162,0.018547,0.080605,0.088848,0.028152,-0.034305,-0.083764
-0.10018,0.018296,0.080774,0.089464,0.02951,-0.034486,-0.082694
-0.098725,0.0181,0.081167,0.090436,0.030016,-0.034426,-0.08191
-0.097591,0.017662,0.081602,0.091442,0.030126,-0.034419,-0.080905
-0.096641,0.01738,0.082016,0.092504,0.030518,-0.038213,-0.07907
-0.095683,0.016862,0.082466,0.093342,0.031713,-0.03778,-0.074835
-0.094726,0.01645,0.082963,0.093754,0.033614,-0.036778,-0.069281
-0.093733,0.015929,0.083247,0.093731,0.03569,-0.035767,-0.063548
-0.09257,0.015463,0.083647,0.093548,0.037586,-0.035089,-0.058952
-0.090989,0.014981,0.084061,0.093309,0.038946,-0.035792,-0.056054
-0.089136,0.014549,0.08455,0.093273,0.039796,-0.035471,-0.054466
-0.087161,0.014035,0.084727,0.09351,0.040196,-0.035187,-0.053566
-0.085018,0.013465,0.084913,0.09397,0.04023,-0.034778,-0.052673
-0.083026,0.012994,0.084772,0.094687,0.04054,-0.034443,-0.051317
-0.081251,0.012598,0.084212,0.095647,0.041212,-0.037648,-0.049228
-0.079611,0.012163,0.083484,0.096586,0.042772,-0.037513,-0.045533
-0.077976,0.011809,0.082913,0.097313,0.044908,-0.037316,-0.040702
-0.076307,0.011431,0.082104,0.097805,0.047235,-0.037121,-0.035087
-0.074509,0.011109,0.081138,0.09822,0.0498,-0.036655,-0.029486
-0.072541,0.010947,0.080289,0.098531,0.05184,-0.037421,-0.025149
-0.070552,0.01061,0.079229,0.098756,0.053379,-0.03688,-0.022145
-0.068582,0.010452,0.078381,0.099295,0.054172,-0.036671,-0.020852
-0.066883,0.010243,0.077799,0.099755,0.054106,-0.036381,-0.020872
-0.065301,0.010244,0.077575,0.1002,0.053928,-0.03606,-0.021301
-0.064053,0.0099772,0.077759,0.10036,0.053474,-0.040018,-0.022133
-0.062785,0.0097379,0.078192,0.10076,0.053782,-0.039964,-0.021585
-0.061909,0.0096005,0.078971,0.10067,0.054252,-0.039977,-0.020138
-0.060888,0.0094382,0.080232,0.10032,0.055342,-0.040037,-0.017708
-0.060226,0.009759,0.081488,0.10027,0.056297,-0.040058,-0.015028
-0.059184,0.010146,0.082883,0.099987,0.057455,-0.045373,-0.013472
-0.057839,0.0104,0.084608,0.099717,0.057971,-0.045472,-0.012369
-0.056749,0.010548,0.086115,0.099372,0.057467,-0.045747,-0.012761
-0.055647,0.010634,0.087669,0.099292,0.056354,-0.04568,-0.014362
-0.054895,0.010642,0.08893,0.099175,0.054405,-0.045643,-0.016736
-0.054519,0.010623,0.089904,0.099442,0.052544,-0.046493,-0.019329
-0.054402,0.010465,0.090656,0.099594,0.051096,-0.046719,-0.020855
-0.054299,0.01041,0.091272,0.099865,0.050768,-0.046984,-0.021158
-0.054431,0.010327,0.091374,0.10006,0.051352,-0.047127,-0.020011
-0.054642,0.010249,0.091442,0.10001,0.052764,-0.046926,-0.017795
-0.054603,0.010069,0.091394,0.099858,0.054531,-0.047801,-0.015836
-0.054594,0.0098361,0.091475,0.099549,0.055862,-0.047402,-0.014371
-0.05448,0.0096304,0.091407,0.099461,0.056411,-0.047102,-0.013923
-0.054569,0.0094012,0.091359,0.099519,0.056225,-0.047091,-0.01482
-0.05491,0.0092737,0.091308,0.099421,0.055058,-0.047076,-0.016375
-0.055144,0.0093948,0.091245,0.099632,0.053651,-0.052008,-0.018992
-0.055571,0.0094362,0.091001,0.099973,0.052558,-0.052005,-0.020353
-0.055735,0.009417,0.091015,0.1002,0.052162,-0.051872,-0.020757
-0.055983,0.009476,0.0911,0.10039,0.052558,-0.051754,-0.019912
-0.056075,0.0093207,0.09116,0.10053,0.053787,-0.051576,-0.018371
-0.056217,0.0092154,0.091334,0.10034,0.054611,-0.053174,-0.017106
-0.056532,0.0092246,0.091162,0.10027,0.055395,-0.052936,-0.016294
-0.056712,0.0092329,0.091178,0.10013,0.055481,-0.052841,-0.016531
-0.056963,0.0091599,0.090981,0.10001,0.054954,-0.052945,-0.017774
-0.057311,0.0093327,0.091048,0.099798,0.053699,-0.053315,-0.019839
-0.057754,0.0096898,0.091025,0.10009,0.052546,-0.054109,-0.022039
-0.058254,0.010175,0.091275,0.10014,0.051074,-0.054445,-0.024393
-0.058572,0.010392,0.09161,0.10038,0.050163,-0.054953,-0.026226
-0.058828,0.010636,0.092153,0.10061,0.049704,-0.055029,-0.026864
-0.059018,0.01083,0.092626,0.10069,0.049777,-0.055148,-0.026301
-0.059058,0.010888,0.093227,0.10052,0.050174,-0.055259,-0.025044
-0.059183,0.011034,0.093801,0.10044,0.050648,-0.055207,-0.024032
-0.059279,0.011092,0.094119,0.10027,0.050887,-0.055303,-0.024009
-0.059553,0.011232,0.094136,0.10005,0.050635,-0.055426,-0.024973
-0.060152,0.011399,0.093958,0.10012,0.050225,-0.055744,-0.026349
-0.060438,0.011376,0.093915,0.099919,0.049726,-0.05659,-0.028013
-0.060965,0.01151,0.093872,0.099894,0.049067,-0.056853,-0.02945
-0.061328,0.011706,0.093908,0.099877,0.04869,-0.056917,-0.030106
-0.06143,0.011997,0.094019,0.099931,0.04882,-0.056898,-0.029968
-0.061621,0.012269,0.094222,0.09979,0.049295,-0.056709,-0.029081
-0.061601,0.012593,0.094308,0.099586,0.050199,-0.058735,-0.027993
-0.061583,0.012703,0.094277,0.099118,0.051154,-0.058472,-0.0262
-0.061572,0.01279,0.094195,0.098786,0.052022,-0.05816,-0.024564
-0.061713,0.012688,0.093941,0.098313,0.052289,-0.058046,-0.02372
-0.061704,0.01245,0.09382,0.097953,0.052114,-0.057959,-0.02373
-0.061942,0.012498,0.093284,0.097867,0.051729,-0.061624,-0.025026
-0.062325,0.012491,0.092553,0.097752,0.050981,-0.06177,-0.026241
-0.062685,0.012589,0.091804,0.097609,0.050432,-0.061738,-0.027143
-0.06305,0.012548,0.091045,0.097527,0.050164,-0.061711,-0.027763
-0.063388,0.01256,0.090457,0.097346,0.050129,-0.061687,-0.02806
-0.063706,0.012604,0.090287,0.097261,0.050289,-0.063011,-0.027932
-0.063765,0.01278,0.090438,0.097064,0.05056,-0.062692,-0.02728
-0.064086,0.013258,0.090786,0.096913,0.050784,-0.062383,-0.026001
-0.064392,0.01381,0.091462,0.096688,0.050773,-0.062148,-0.025424
-0.064532,0.014421,0.092229,0.096667,0.05069,-0.062066,-0.025432
-0.06475,0.014749,0.092598,0.096312,0.050219,-0.06232,-0.026338
-0.064728,0.014805,0.093194,0.096062,0.04977,-0.062678,-0.027299
-0.064754,0.01499,0.093735,0.095899,0.049268,-0.062635,-0.027944
-0.065005,0.015199,0.093905,0.095513,0.049191,-0.062363,-0.028085
-0.065108,0.015458,0.094126,0.095484,0.049471,-0.062115,-0.027701
-0.065226,0.01523,0.094364,0.095329,0.049788,-0.062724,-0.026842
-0.065408,0.01476,0.094402,0.095266,0.050194,-0.062696,-0.02575
-0.065647,0.014586,0.094158,0.095109,0.050415,-0.062025,-0.024095
-0.065926,0.014387,0.093476,0.095111,0.05064,-0.062087,-0.023163
-0.066177,0.014277,0.092911,0.094965,0.050478,-0.062249,-0.022837
-0.066487,0.014428,0.092229,0.094747,0.050235,-0.062387,-0.023199
-0.066835,0.01472,0.091734,0.094513,0.049589,-0.062477,-0.024004
-0.066865,0.014849,0.091728,0.094476,0.049074,-0.062316,-0.024606
-0.066765,0.014764,0.092101,0.094513,0.048573,-0.061767,-0.024685
-0.066673,0.014435,0.092706,0.094505,0.048161,-0.061501,-0.024608
-0.066454,0.01434,0.09347,0.094488,0.047759,-0.061523,-0.024382
-0.066449,0.01436,0.093793,0.094233,0.04735,-0.061576,-0.024688
-0.066346,0.014493,0.094146,0.094317,0.047318,-0.061408,-0.023247
-0.066552,0.01462,0.094128,0.094105,0.047221,-0.061467,-0.022849
-0.066902,0.014681,0.094407,0.093589,0.04672,-0.061276,-0.022899
-0.067126,0.014764,0.09471,0.093356,0.046582,-0.061054,-0.022844
-0.067195,0.014632,0.09499,0.093132,0.046439,-0.061138,-0.023174
-0.06731,0.014474,0.095282,0.093033,0.046335,-0.060867,-0.023472
-0.06718,0.014448,0.095551,0.093234,0.046443,-0.060732,-0.024068
-0.067281,0.014448,0.095876,0.093436,0.046284,-0.060819,-0.024827
-0.067198,0.014397,0.096276,0.093827,0.046383,-0.060879,-0.025391
-0.067135,0.014423,0.096613,0.094183,0.046699,-0.060984,-0.02569
-0.067161,0.014241,0.097226,0.094241,0.046695,-0.060971,-0.025568
-0.067101,0.013788,0.097706,0.094133,0.046853,-0.061116,-0.025047
-0.067279,0.013495,0.097852,0.094032,0.047181,-0.061049,-0.024456
-0.067399,0.013392,0.097801,0.093885,0.0474,-0.060884,-0.023774
-0.067506,0.013338,0.097725,0.093758,0.047489,-0.060997,-0.023276
-0.067668,0.013391,0.097425,0.093787,0.047583,-0.060747,-0.023269
-0.067895,0.013601,0.097251,0.093825,0.047357,-0.060588,-0.023457
-0.068123,0.013996,0.097356,0.094021,0.046994,-0.060468,-0.023815
-0.068169,0.013861,0.097565,0.094317,0.04676,-0.06029,-0.024012
-0.06809,0.013295,0.098562,0.09437,0.046481,-0.060004,-0.023911
-0.067959,0.012623,0.099783,0.094184,0.0464,-0.059877,-0.023441
-0.067766,0.011984,0.10124,0.09385,0.046544,-0.059616,-0.022746
-0.067654,0.01161,0.10253,0.093592,0.046988,-0.059384,-0.021871
-0.067489,0.0114,0.10345,0.093194,0.047351,-0.058943,-0.021436
-0.067384,0.011236,0.10385,0.092939,0.047553,-0.059819,-0.022084
-0.067331,0.011211,0.10403,0.093046,0.04746,-0.06013,-0.022842
-0.067379,0.011124,0.10388,0.093167,0.047202,-0.060265,-0.023735
-0.067358,0.011201,0.10376,0.093529,0.047096,-0.060685,-0.024404
-0.067494,0.011278,0.10368,0.093591,0.04678,-0.060905,-0.025004
-0.067495,0.011468,0.10374,0.093768,0.046797,-0.060935,-0.025046
-0.067465,0.011707,0.10408,0.093736,0.046636,-0.060888,-0.024602
-0.067391,0.011709,0.10483,0.093457,0.046722,-0.060572,-0.023739
-0.06723,0.011841,0.1056,0.093214,0.046758,-0.060402,-0.023287
-0.067089,0.012162,0.10614,0.093035,0.046665,-0.060353,-0.0231
-0.067094,0.012357,0.10674,0.092863,0.046413,-0.062571,-0.023704
-0.067076,0.012655,0.10721,0.09283,0.046174,-0.062801,-0.024116
-0.067159,0.012924,0.10748,0.092707,0.045947,-0.0628,-0.024481
-0.067294,0.013299,0.10751,0.092874,0.046046,-0.062833,-0.024415
-0.067245,0.013431,0.10756,0.092859,0.046056,-0.062532,-0.024184
-0.067266,0.013698,0.10756,0.093036,0.046072,-0.063067,-0.023847
-0.067094,0.013746,0.10763,0.093184,0.046272,-0.062858,-0.02352
-0.067059,0.013717,0.1078,0.093174,0.046235,-0.062759,-0.023417
-0.066968,0.013582,0.1082,0.09309,0.046082,-0.062749,-0.023464
-0.06705,0.013554,0.10834,0.093114,0.045945,-0.062503,-0.023007
-0.067071,0.013821,0.10835,0.093205,0.045825,-0.062477,-0.022694
-0.06721,0.014089,0.10833,0.093252,0.045711,-0.062206,-0.022496
-0.067211,0.014434,0.10821,0.093565,0.046025,-0.062316,-0.022842
-0.067283,0.01465,0.10812,0.093615,0.04625,-0.062359,-0.02341
-0.067304,0.014917,0.10812,0.093772,0.046547,-0.062437,-0.023898
-0.067347,0.014966,0.10849,0.09397,0.046835,-0.062711,-0.023873
-0.067349,0.01497,0.10904,0.093927,0.046815,-0.062764,-0.023952
-0.067414,0.015133,0.10959,0.093732,0.046834,-0.062875,-0.02376
-0.067385,0.015191,0.11031,0.093527,0.046801,-0.062889,-0.022971
-0.067423,0.015301,0.11098,0.093326,0.046722,-0.062922,-0.021941
-0.067438,0.015251,0.1117,0.092945,0.046411,-0.06288,-0.021202
-0.067485,0.01523,0.11226,0.092821,0.046208,-0.062873,-0.020586
-0.067563,0.015309,0.11246,0.092751,0.046067,-0.062984,-0.020734
-0.067724,0.015736,0.11239,0.092839,0.046129,-0.063085,-0.021255
-0.068031,0.016028,0.11211,0.092981,0.046415,-0.063293,-0.021697
-0.068249,0.016454,0.11175,0.093376,0.047079,-0.060653,-0.021425
-0.06857,0.016887,0.11144,0.093573,0.047604,-0.060638,-0.021533
-0.069106,0.017131,0.11066,0.093766,0.048201,-0.060274,-0.020443
-0.069527,0.017452,0.11031,0.09365,0.048488,-0.060347,-0.019603
-0.069853,0.017885,0.10987,0.093438,0.048525,-0.060368,-0.018834
-0.070253,0.018349,0.10929,0.093241,0.048328,-0.060098,-0.018191
-0.070638,0.01886,0.10882,0.093189,0.048134,-0.059803,-0.017869
-0.070901,0.019026,0.10849,0.092801,0.047708,-0.059812,-0.018386
-0.071055,0.019136,0.10814,0.092657,0.047288,-0.059923,-0.019013
-0.071134,0.019139,0.10767,0.092911,0.047299,-0.059899,-0.019142
-0.071171,0.019136,0.10738,0.0927,0.04719,-0.05974,-0.019515
-0.071271,0.019033,0.1072,0.092373,0.047457,-0.060005,-0.019934
-0.070975,0.01877,0.10731,0.092235,0.047822,-0.060145,-0.019792
