-0.4892,0.33483,-0.39571,-1.0544,1.0156,-0.20959,-0.11279
-0.48926,0.33484,-0.39599,-1.0544,1.0157,-0.20974,-0.11298
-0.4893,0.33486,-0.39645,-1.0545,1.0158,-0.20978,-0.11305
-0.48928,0.33493,-0.39693,-1.0543,1.016,-0.20997,-0.11305
-0.48929,0.33523,-0.39711,-1.0539,1.0162,-0.21005,-0.11297
-0.48949,0.33586,-0.39726,-1.0536,1.0163,-0.21021,-0.11279
-0.4895,0.33658,-0.39657,-1.0535,1.0161,-0.21021,-0.11276
-0.48949,0.33707,-0.39599,-1.0536,1.016,-0.21022,-0.11274
-0.48943,0.33737,-0.3956,-1.0539,1.0158,-0.21026,-0.11295
-0.48957,0.33722,-0.3955,-1.0542,1.0158,-0.21022,-0.11309
-0.48946,0.33723,-0.39547,-1.0543,1.0162,-0.21006,-0.11309
-0.48957,0.33756,-0.39576,-1.0542,1.0164,-0.21011,-0.11304
-0.48963,0.33766,-0.39599,-1.0541,1.0161,-0.21014,-0.11318
-0.48979,0.33748,-0.39614,-1.0537,1.0161,-0.21023,-0.11312
-0.49001,0.33725,-0.39621,-1.0535,1.016,-0.2102,-0.11298
-0.49013,0.33736,-0.39673,-1.0531,1.0163,-0.21026,-0.11293
-0.49038,0.33757,-0.39735,-1.0529,1.0165,-0.21036,-0.1129
-0.49072,0.33774,-0.39809,-1.0528,1.0167,-0.21042,-0.11274
-0.49098,0.33811,-0.3987,-1.0527,1.0171,-0.21045,-0.1125
-0.49106,0.3386,-0.39879,-1.0524,1.0174,-0.21064,-0.11248
-0.49105,0.33814,-0.39829,-1.0523,1.0175,-0.21052,-0.11249
-0.49086,0.3373,-0.39767,-1.0522,1.0175,-0.2106,-0.11264
-0.49068,0.33639,-0.39689,-1.0521,1.0174,-0.21068,-0.11292
-0.4907,0.33591,-0.39614,-1.0519,1.0172,-0.21055,-0.11291
-0.49075,0.33565,-0.39582,-1.0518,1.0171,-0.21049,-0.11301
-0.49066,0.33581,-0.39531,-1.0517,1.0169,-0.21069,-0.11318
-0.49085,0.33604,-0.39529,-1.0518,1.0167,-0.21082,-0.11334
-0.49093,0.33653,-0.39538,-1.0519,1.0169,-0.21082,-0.11325
-0.49104,0.33698,-0.39564,-1.0519,1.017,-0.21089,-0.1133
-0.49113,0.33737,-0.39586,-1.0519,1.017,-0.21084,-0.11308
-0.49096,0.33749,-0.39619,-1.0519,1.0171,-0.21067,-0.11308
-0.49103,0.33761,-0.39641,-1.0517,1.0171,-0.21058,-0.11304
-0.49101,0.3376,-0.39659,-1.0517,1.017,-0.2105,-0.1129
-0.49109,0.3377,-0.39692,-1.0517,1.017,-0.21055,-0.113
-0.49113,0.33776,-0.39703,-1.0516,1.0171,-0.2105,-0.11303
-0.49107,0.33793,-0.39709,-1.0515,1.0173,-0.2105,-0.113
-0.49123,0.33796,-0.39734,-1.0515,1.0174,-0.2105,-0.11301
-0.49146,0.33818,-0.39765,-1.0515,1.0174,-0.21062,-0.11304
-0.49172,0.33841,-0.39791,-1.0514,1.0173,-0.21072,-0.1129
-0.49179,0.33888,-0.39785,-1.0513,1.0172,-0.21081,-0.11287
-0.49173,0.33914,-0.39735,-1.0511,1.0171,-0.21098,-0.11282
-0.49159,0.33939,-0.39668,-1.0511,1.017,-0.21087,-0.11282
-0.49136,0.3395,-0.39574,-1.0512,1.0169,-0.21087,-0.11282
-0.49105,0.33931,-0.39492,-1.0514,1.0169,-0.21095,-0.11301
-0.49096,0.33893,-0.39451,-1.0516,1.0169,-0.21095,-0.11294
-0.49087,0.33854,-0.39429,-1.0516,1.0171,-0.21081,-0.11265
-0.49076,0.33818,-0.39458,-1.0516,1.0172,-0.21078,-0.11244
-0.49071,0.33811,-0.39497,-1.0514,1.0174,-0.21071,-0.1124
-0.4906,0.33798,-0.39532,-1.0512,1.0176,-0.21071,-0.11239
-0.49065,0.33781,-0.39569,-1.051,1.0175,-0.21076,-0.11231
-0.49061,0.33772,-0.39578,-1.0509,1.0175,-0.21067,-0.11237
-0.49037,0.3377,-0.39552,-1.0507,1.0175,-0.21074,-0.11217
-0.49013,0.33774,-0.39525,-1.0505,1.0177,-0.21076,-0.11221
-0.48997,0.33774,-0.3949,-1.0504,1.0178,-0.21076,-0.11221
-0.48978,0.33777,-0.39449,-1.0505,1.0178,-0.21078,-0.11232
-0.48955,0.33753,-0.39405,-1.0506,1.0178,-0.21067,-0.11224
-0.48963,0.33737,-0.39398,-1.0507,1.0175,-0.21079,-0.11235
-0.48949,0.33733,-0.39381,-1.0505,1.0174,-0.21095,-0.11227
-0.48942,0.33729,-0.39388,-1.0507,1.0172,-0.21113,-0.11217
-0.48944,0.33739,-0.39387,-1.0508,1.0171,-0.21112,-0.11209
-0.48937,0.33773,-0.39409,-1.0506,1.0175,-0.21111,-0.11199
-0.48938,0.33792,-0.39401,-1.0507,1.0177,-0.21115,-0.11218
-0.48919,0.33802,-0.39393,-1.0507,1.018,-0.21092,-0.11192
-0.4892,0.33807,-0.3939,-1.0508,1.018,-0.21072,-0.11184
-0.4892,0.3382,-0.39388,-1.0506,1.018,-0.21085,-0.11169
-0.48917,0.33824,-0.3937,-1.0506,1.0178,-0.21096,-0.1118
-0.48914,0.33818,-0.39359,-1.0505,1.0175,-0.21112,-0.11199
-0.48923,0.33831,-0.39338,-1.0504,1.0173,-0.21113,-0.11198
-0.48923,0.33832,-0.39313,-1.0505,1.0168,-0.21118,-0.11192
-0.48915,0.3385,-0.39273,-1.0507,1.0167,-0.21123,-0.11206
-0.48899,0.33849,-0.39235,-1.0509,1.0167,-0.21132,-0.1119
-0.48882,0.33867,-0.39196,-1.0511,1.0168,-0.2113,-0.11179
-0.48866,0.33891,-0.39186,-1.0512,1.017,-0.21128,-0.11187
-0.48848,0.33911,-0.39184,-1.0513,1.017,-0.21118,-0.11173
-0.48833,0.33924,-0.39187,-1.0514,1.0171,-0.21121,-0.11186
-0.48823,0.33935,-0.39178,-1.0513,1.0171,-0.21108,-0.11174
-0.48823,0.33935,-0.39178,-1.0514,1.0169,-0.21115,-0.11202
-0.48818,0.33949,-0.39172,-1.0514,1.0168,-0.21108,-0.11201
-0.48818,0.33963,-0.39178,-1.0514,1.0168,-0.21109,-0.11201
-0.48814,0.33971,-0.39162,-1.0515,1.0167,-0.21097,-0.11185
-0.48808,0.33972,-0.39142,-1.0517,1.0167,-0.21108,-0.11179
-0.48809,0.33979,-0.39135,-1.0518,1.0167,-0.21113,-0.11154
-0.48792,0.3398,-0.39135,-1.052,1.0166,-0.21102,-0.11135
-0.48794,0.33987,-0.39139,-1.0521,1.0165,-0.21113,-0.11129
-0.48799,0.34011,-0.39152,-1.0523,1.0163,-0.21116,-0.11132
-0.48803,0.34026,-0.39161,-1.0525,1.0162,-0.2112,-0.11153
-0.48805,0.34052,-0.39193,-1.0524,1.0161,-0.2113,-0.11161
-0.48808,0.34088,-0.3923,-1.0525,1.0162,-0.21147,-0.11187
-0.48815,0.34109,-0.3925,-1.0525,1.0164,-0.21143,-0.11192
-0.48829,0.34104,-0.3927,-1.0525,1.0166,-0.21139,-0.11167
-0.48847,0.34097,-0.39267,-1.0525,1.0167,-0.21124,-0.11131
-0.48854,0.34078,-0.39239,-1.0526,1.0167,-0.21139,-0.11116
-0.4886,0.34055,-0.39228,-1.0526,1.0166,-0.21134,-0.11091
-0.48868,0.34026,-0.39235,-1.0526,1.0166,-0.21127,-0.11087
-0.48874,0.34004,-0.39235,-1.0527,1.0166,-0.2112,-0.11084
-0.48892,0.34009,-0.3923,-1.0527,1.0165,-0.21127,-0.11089
-0.48898,0.34024,-0.39193,-1.0529,1.0165,-0.21109,-0.11079
-0.48911,0.34053,-0.39192,-1.053,1.0165,-0.21094,-0.11091
-0.48933,0.34072,-0.39207,-1.0529,1.0164,-0.21093,-0.11099
-0.48939,0.34058,-0.39263,-1.0529,1.0166,-0.21105,-0.11108
-0.48965,0.34,-0.39341,-1.0527,1.0168,-0.21123,-0.1112
-0.48979,0.33952,-0.39377,-1.0527,1.017,-0.2113,-0.11103
-0.49011,0.33958,-0.39421,-1.0527,1.0172,-0.21123,-0.11094
-0.49029,0.33937,-0.39409,-1.0527,1.0172,-0.21128,-0.11075
-0.49029,0.33905,-0.39353,-1.0526,1.0172,-0.21137,-0.11065
-0.49039,0.33895,-0.39297,-1.0526,1.0173,-0.21139,-0.1107
-0.49048,0.339,-0.39254,-1.0526,1.0172,-0.21135,-0.11052
-0.49071,0.33934,-0.39284,-1.0523,1.0173,-0.21148,-0.11027
-0.49093,0.33969,-0.39282,-1.0524,1.0173,-0.21138,-0.11021
-0.49114,0.34037,-0.39284,-1.0522,1.0174,-0.21143,-0.11004
-0.49118,0.34036,-0.39263,-1.0522,1.0173,-0.21142,-0.10974
-0.49126,0.33972,-0.39214,-1.0522,1.0172,-0.21165,-0.1096
-0.49111,0.33884,-0.39153,-1.052,1.0174,-0.21179,-0.10954
-0.49104,0.338,-0.39121,-1.0517,1.0174,-0.21194,-0.10947
-0.49115,0.33744,-0.39127,-1.0516,1.0177,-0.21215,-0.10949
-0.4914,0.33708,-0.39174,-1.0513,1.0181,-0.2123,-0.1094
-0.49177,0.33725,-0.39258,-1.051,1.0186,-0.21211,-0.10918
-0.49224,0.33753,-0.39336,-1.051,1.0186,-0.21183,-0.10928
-0.49256,0.33798,-0.39392,-1.0508,1.0186,-0.21179,-0.10946
-0.49284,0.33833,-0.39416,-1.0506,1.0185,-0.21188,-0.10945
-0.49317,0.3388,-0.39433,-1.0503,1.0185,-0.21193,-0.10934
-0.49338,0.33901,-0.39436,-1.0502,1.0186,-0.21186,-0.10929
-0.49367,0.33906,-0.39434,-1.05,1.0188,-0.21196,-0.10923
-0.49399,0.33916,-0.39442,-1.0499,1.0192,-0.21209,-0.10932
-0.4943,0.33917,-0.39457,-1.0498,1.0195,-0.21205,-0.10917
-0.49459,0.33921,-0.39454,-1.05,1.0195,-0.21213,-0.1094
-0.49492,0.3393,-0.39474,-1.0499,1.0195,-0.21209,-0.10923
-0.4952,0.33933,-0.39507,-1.0499,1.0194,-0.21211,-0.10934
-0.49541,0.33954,-0.3953,-1.0497,1.0194,-0.2121,-0.10923
-0.49585,0.3399,-0.3958,-1.0494,1.0196,-0.21224,-0.10937
-0.49624,0.33999,-0.39616,-1.0494,1.0197,-0.21236,-0.10936
-0.49631,0.33988,-0.39606,-1.0491,1.0199,-0.2125,-0.10924
-0.49654,0.33989,-0.39615,-1.0488,1.0202,-0.21256,-0.10899
-0.49668,0.3398,-0.39633,-1.0486,1.0204,-0.21257,-0.10899
-0.49683,0.33944,-0.3967,-1.0483,1.0207,-0.21257,-0.10883
-0.4972,0.33921,-0.39729,-1.0477,1.0211,-0.21274,-0.1086
-0.49768,0.33909,-0.39801,-1.0472,1.0214,-0.21274,-0.10855
-0.49822,0.33912,-0.39889,-1.0467,1.0217,-0.21256,-0.10848
-0.49864,0.33931,-0.39969,-1.0459,1.0223,-0.21265,-0.10844
-0.49909,0.33926,-0.40036,-1.0454,1.0227,-0.21271,-0.10832
-0.49958,0.33937,-0.40108,-1.0446,1.0231,-0.21266,-0.10817
-0.4999,0.33925,-0.40168,-1.044,1.0236,-0.2129,-0.10806
-0.50007,0.3393,-0.4022,-1.0435,1.0241,-0.21285,-0.10809
-0.50038,0.33918,-0.4028,-1.0429,1.0245,-0.21301,-0.10803
-0.50083,0.33939,-0.40368,-1.0425,1.0248,-0.21325,-0.10807
-0.50117,0.33937,-0.40454,-1.0419,1.0253,-0.21338,-0.10783
-0.50173,0.33948,-0.40547,-1.0414,1.0254,-0.21353,-0.10794
-0.50232,0.33972,-0.40648,-1.0409,1.0255,-0.21386,-0.10804
-0.50275,0.3399,-0.4076,-1.0404,1.0258,-0.21405,-0.10797
-0.50338,0.33999,-0.40891,-1.0397,1.0263,-0.21423,-0.10769
-0.50408,0.34035,-0.41026,-1.039,1.0267,-0.2144,-0.10752
-0.50486,0.34058,-0.41169,-1.0383,1.0274,-0.21464,-0.10706
-0.50576,0.34089,-0.41308,-1.0375,1.0282,-0.21482,-0.10647
-0.50668,0.34102,-0.41437,-1.0369,1.0289,-0.21506,-0.10609
-0.50753,0.34114,-0.41537,-1.036,1.0298,-0.21536,-0.10547
-0.50839,0.3416,-0.4162,-1.0348,1.0306,-0.21577,-0.10493
-0.50915,0.34186,-0.41706,-1.0338,1.0313,-0.21606,-0.10451
-0.5101,0.3421,-0.41786,-1.0325,1.0321,-0.21667,-0.10409
-0.511,0.34239,-0.41866,-1.0315,1.033,-0.21763,-0.10382
-0.51197,0.34272,-0.4195,-1.0303,1.0339,-0.21822,-0.10312
-0.513,0.34288,-0.42046,-1.0292,1.0348,-0.21849,-0.10298
-0.51396,0.34298,-0.42149,-1.028,1.0356,-0.21872,-0.10315
-0.51496,0.34313,-0.42263,-1.0268,1.0362,-0.21922,-0.10368
-0.51591,0.34326,-0.42374,-1.0257,1.0367,-0.21985,-0.10424
-0.51696,0.34361,-0.42527,-1.0245,1.0375,-0.22031,-0.10423
-0.51821,0.34377,-0.427,-1.0232,1.0383,-0.22066,-0.10363
-0.51934,0.34395,-0.42871,-1.0223,1.039,-0.22099,-0.10315
-0.52041,0.34405,-0.4305,-1.0212,1.0397,-0.2213,-0.10264
-0.52149,0.34426,-0.43222,-1.0201,1.0399,-0.22141,-0.10255
-0.52244,0.3444,-0.43392,-1.019,1.04,-0.22186,-0.10238
-0.5234,0.34451,-0.43568,-1.0178,1.0405,-0.22227,-0.10233
-0.52422,0.34447,-0.43729,-1.0169,1.0409,-0.2225,-0.1023
-0.52504,0.34468,-0.4388,-1.0158,1.0417,-0.22273,-0.10214
-0.52615,0.34498,-0.44032,-1.0147,1.0425,-0.22309,-0.10196
-0.52731,0.34543,-0.44189,-1.0133,1.0433,-0.22321,-0.10157
-0.52834,0.34571,-0.44327,-1.0118,1.0443,-0.22347,-0.10106
-0.5294,0.34616,-0.44463,-1.0103,1.0449,-0.22387,-0.10085
-0.5304,0.34642,-0.44565,-1.0091,1.0452,-0.22441,-0.10079
-0.53137,0.34692,-0.44661,-1.008,1.0455,-0.2248,-0.1008
-0.53225,0.34739,-0.44746,-1.0069,1.0461,-0.22533,-0.10063
-0.53331,0.34771,-0.44846,-1.006,1.0466,-0.22598,-0.10061
-0.53429,0.34797,-0.44942,-1.0051,1.0472,-0.22668,-0.10039
-0.53529,0.34805,-0.45028,-1.0043,1.0476,-0.22733,-0.09999
-0.53522,0.34801,-0.45035,-1.0036,1.0484,-0.2277,-0.099475
-0.53618,0.34817,-0.45116,-1.0028,1.0487,-0.22804,-0.099096
-0.53846,0.3484,-0.45351,-1.0012,1.0488,-0.22843,-0.098519
-0.53972,0.34865,-0.45448,-0.99984,1.0494,-0.22883,-0.097726
-0.54118,0.34919,-0.45563,-0.99844,1.0502,-0.22935,-0.097059
-0.54129,0.34968,-0.45531,-0.99768,1.0517,-0.22966,-0.096434
-0.54308,0.3504,-0.45642,-0.99639,1.0524,-0.23008,-0.096365
-0.54621,0.35149,-0.45867,-0.99446,1.0525,-0.23048,-0.096668
-0.54753,0.35173,-0.45942,-0.99315,1.0532,-0.23104,-0.097078
-0.54884,0.35209,-0.46024,-0.99165,1.054,-0.23193,-0.09731
-0.54888,0.35223,-0.46034,-0.99068,1.0556,-0.23273,-0.096874
-0.55015,0.35286,-0.46077,-0.98927,1.0564,-0.23364,-0.096107
-0.55137,0.35305,-0.46093,-0.9879,1.057,-0.23436,-0.095269
-0.55263,0.35289,-0.46052,-0.98674,1.0572,-0.23517,-0.094494
-0.5539,0.35291,-0.46028,-0.98548,1.0573,-0.23594,-0.093874
-0.55536,0.35319,-0.46073,-0.98437,1.0573,-0.23649,-0.093462
-0.55662,0.35357,-0.46175,-0.98293,1.0576,-0.23718,-0.093336
-0.55796,0.35398,-0.46302,-0.98162,1.0579,-0.23773,-0.093658
-0.55933,0.35476,-0.46452,-0.9804,1.0584,-0.23987,-0.093971
-0.56045,0.35488,-0.46599,-0.97923,1.059,-0.24062,-0.094833
-0.56155,0.35437,-0.46715,-0.97807,1.0596,-0.24116,-0.095338
-0.5625,0.35346,-0.46807,-0.97708,1.0601,-0.24164,-0.095538
-0.56353,0.35263,-0.46921,-0.97589,1.0609,-0.24205,-0.095252
-0.56447,0.35199,-0.47067,-0.97479,1.0616,-0.24251,-0.094576
-0.56576,0.35173,-0.47277,-0.97356,1.0624,-0.24296,-0.093719
-0.56696,0.35191,-0.47506,-0.97241,1.0631,-0.24355,-0.09257
-0.56827,0.35202,-0.47719,-0.97148,1.0636,-0.24401,-0.091562
-0.5696,0.35252,-0.47906,-0.97047,1.0641,-0.24444,-0.090888
-0.57099,0.35281,-0.48068,-0.96958,1.0644,-0.24474,-0.090633
-0.57236,0.35318,-0.48212,-0.96864,1.0647,-0.24506,-0.090677
-0.57348,0.35364,-0.48306,-0.96772,1.0651,-0.24507,-0.090654
-0.57454,0.35362,-0.48362,-0.96687,1.0654,-0.24517,-0.090633
-0.57558,0.3536,-0.484,-0.96674,1.0647,-0.24349,-0.090327
-0.57658,0.35364,-0.48446,-0.96566,1.0653,-0.24361,-0.089827
-0.57757,0.35358,-0.48498,-0.96384,1.0668,-0.24576,-0.089245
-0.57857,0.35367,-0.48549,-0.96276,1.0673,-0.24609,-0.088526
-0.57946,0.35362,-0.48631,-0.96175,1.0678,-0.24654,-0.087995
-0.58043,0.35383,-0.48712,-0.96161,1.0674,-0.24504,-0.087713
-0.58138,0.35416,-0.48794,-0.95949,1.069,-0.24729,-0.087841
-0.5823,0.3544,-0.4885,-0.95818,1.0695,-0.2477,-0.088331
-0.58333,0.35451,-0.48909,-0.95674,1.0701,-0.24814,-0.08863
-0.58427,0.3546,-0.48971,-0.95509,1.0709,-0.24883,-0.088755
-0.58533,0.35431,-0.49065,-0.95476,1.0707,-0.24733,-0.088777
-0.58618,0.35394,-0.49146,-0.95316,1.0716,-0.24817,-0.088146
-0.58706,0.35337,-0.49248,-0.95061,1.0739,-0.25128,-0.087086
-0.58827,0.35295,-0.49353,-0.94915,1.075,-0.2519,-0.08596
-0.58923,0.35266,-0.49476,-0.9478,1.0761,-0.25241,-0.0852
-0.5904,0.35236,-0.49599,-0.94755,1.0757,-0.25073,-0.084897
-0.59163,0.35208,-0.49702,-0.94635,1.0765,-0.251,-0.084632
-0.59283,0.35175,-0.49777,-0.94431,1.0785,-0.25283,-0.084533
-0.5943,0.35145,-0.49837,-0.9432,1.079,-0.2528,-0.08463
-0.5957,0.3514,-0.49878,-0.94201,1.0797,-0.25289,-0.084786
-0.59704,0.35122,-0.49913,-0.94194,1.0788,-0.25175,-0.085219
-0.59843,0.35086,-0.4994,-0.94104,1.0795,-0.25187,-0.084761
-0.5996,0.35064,-0.49962,-0.93896,1.0817,-0.25358,-0.083729
-0.60105,0.3504,-0.50005,-0.93805,1.0819,-0.25452,-0.083333
-0.60214,0.35019,-0.50016,-0.93724,1.0823,-0.25535,-0.08275
-0.60328,0.34996,-0.50042,-0.93733,1.0813,-0.25498,-0.082518
-0.60442,0.34974,-0.50068,-0.93659,1.0816,-0.25549,-0.08207
-0.60569,0.34945,-0.50113,-0.93522,1.0832,-0.25718,-0.081688
-0.60711,0.34924,-0.50177,-0.93434,1.0836,-0.25756,-0.081692
-0.60828,0.34915,-0.50226,-0.93316,1.0844,-0.25766,-0.081313
-0.60931,0.34922,-0.50289,-0.93291,1.0839,-0.25663,-0.081413
-0.61051,0.34947,-0.50363,-0.93143,1.085,-0.25691,-0.081013
-0.61148,0.34985,-0.50452,-0.92856,1.0876,-0.25918,-0.079999
-0.61232,0.35018,-0.50533,-0.92693,1.0887,-0.26,-0.079663
-0.61314,0.35048,-0.50643,-0.9253,1.0899,-0.26093,-0.079064
-0.61421,0.35057,-0.50756,-0.92503,1.0897,-0.26018,-0.079157
-0.61507,0.35069,-0.50858,-0.92365,1.0907,-0.26086,-0.079186
-0.61593,0.35072,-0.50952,-0.9211,1.0928,-0.26321,-0.078946
-0.6168,0.35092,-0.51053,-0.91949,1.0938,-0.26397,-0.078959
-0.61769,0.35129,-0.51131,-0.91774,1.0946,-0.26507,-0.078659
-0.61852,0.35179,-0.51225,-0.91732,1.0945,-0.26425,-0.078602
-0.61916,0.35219,-0.51317,-0.91533,1.0954,-0.26508,-0.07781
-0.61981,0.35253,-0.51421,-0.91145,1.0973,-0.26841,-0.076554
-0.62057,0.35273,-0.51528,-0.90906,1.0982,-0.26961,-0.075704
-0.62113,0.35296,-0.51641,-0.90681,1.0994,-0.27068,-0.074693
-0.6217,0.35319,-0.51754,-0.90629,1.0997,-0.26922,-0.074562
-0.62238,0.35325,-0.51887,-0.90414,1.1009,-0.27028,-0.074678
-0.62286,0.35333,-0.52002,-0.90041,1.1028,-0.27394,-0.074715
-0.62347,0.35321,-0.52154,-0.89834,1.1038,-0.27561,-0.075601
-0.6242,0.35337,-0.52328,-0.8978,1.1043,-0.27522,-0.077031
-0.62493,0.35358,-0.52501,-0.89562,1.1053,-0.27759,-0.078104
-0.62557,0.35376,-0.52673,-0.89337,1.1063,-0.28056,-0.078916
-0.62631,0.35405,-0.52831,-0.88978,1.1084,-0.28524,-0.078646
-0.62717,0.35457,-0.52968,-0.88805,1.1098,-0.28692,-0.078366
-0.62777,0.35517,-0.5307,-0.8875,1.11,-0.28598,-0.077676
-0.6285,0.35563,-0.53137,-0.88623,1.1111,-0.28673,-0.077062
-0.62922,0.35594,-0.53237,-0.88511,1.1123,-0.28707,-0.07671
-0.62986,0.35653,-0.53313,-0.88404,1.1133,-0.28761,-0.076712
-0.63029,0.35692,-0.53374,-0.88318,1.1145,-0.28785,-0.076619
-0.63086,0.35731,-0.53433,-0.88215,1.1153,-0.28811,-0.076733
-0.6314,0.35763,-0.53487,-0.88123,1.116,-0.28862,-0.07671
-0.6321,0.35777,-0.53553,-0.88021,1.1166,-0.28893,-0.076559
-0.63288,0.35792,-0.53623,-0.87926,1.117,-0.28934,-0.076318
-0.6337,0.35799,-0.53703,-0.8785,1.1174,-0.28951,-0.075728
-0.63469,0.35808,-0.53802,-0.87775,1.1182,-0.28971,-0.074666
-0.6355,0.35825,-0.53873,-0.87716,1.1192,-0.28993,-0.07349
-0.63639,0.35893,-0.53917,-0.87644,1.1202,-0.28994,-0.072437
-0.63715,0.35973,-0.53963,-0.87598,1.1208,-0.29012,-0.072109
-0.63815,0.3602,-0.54015,-0.8756,1.121,-0.29021,-0.07224
-0.63902,0.36014,-0.54073,-0.8753,1.121,-0.29029,-0.072276
-0.63973,0.36015,-0.54078,-0.87492,1.1209,-0.29076,-0.072406
-0.64063,0.36047,-0.54064,-0.87454,1.1211,-0.29113,-0.07221
-0.6413,0.36079,-0.5404,-0.87417,1.1214,-0.29167,-0.071598
-0.64164,0.36053,-0.53933,-0.87391,1.1218,-0.29202,-0.070185
-0.64189,0.36025,-0.53794,-0.87376,1.1221,-0.29245,-0.06918
-0.64212,0.36002,-0.53684,-0.87367,1.1223,-0.29277,-0.06849
-0.64258,0.3601,-0.53651,-0.87321,1.1223,-0.29324,-0.068087
-0.64318,0.36013,-0.53653,-0.87303,1.1222,-0.29361,-0.068041
-0.64383,0.36049,-0.53679,-0.87271,1.1222,-0.29394,-0.06814
-0.64472,0.36102,-0.53754,-0.87233,1.1222,-0.29418,-0.068358
-0.64545,0.36115,-0.53772,-0.87207,1.1223,-0.29437,-0.068748
-0.64612,0.36065,-0.53773,-0.87149,1.1227,-0.29495,-0.068644
-0.64663,0.35998,-0.53735,-0.87091,1.1231,-0.29544,-0.068626
-0.6471,0.35917,-0.53687,-0.87035,1.1236,-0.29604,-0.068156
-0.64759,0.35878,-0.53669,-0.86985,1.1243,-0.29679,-0.067379
-0.64812,0.35867,-0.53651,-0.86935,1.1249,-0.29759,-0.066454
-0.64869,0.35891,-0.53646,-0.86855,1.1255,-0.29802,-0.066271
-0.6493,0.35911,-0.53667,-0.86791,1.1258,-0.29818,-0.066859
-0.64983,0.35964,-0.53669,-0.86732,1.1257,-0.29833,-0.068038
-0.65032,0.35991,-0.53657,-0.867,1.1255,-0.29863,-0.069141
-0.65074,0.36003,-0.53652,-0.86669,1.1253,-0.29923,-0.070009
-0.65134,0.36004,-0.53666,-0.86647,1.1252,-0.2999,-0.070138
-0.65197,0.35994,-0.5372,-0.86609,1.1255,-0.30096,-0.069568
-0.65252,0.35979,-0.53795,-0.86557,1.1261,-0.30256,-0.068688
-0.65309,0.3597,-0.53888,-0.86506,1.1265,-0.30415,-0.067988
-0.65368,0.35955,-0.53999,-0.86436,1.1266,-0.30546,-0.067722
-0.65435,0.35946,-0.54124,-0.86395,1.1267,-0.30617,-0.06809
-0.65504,0.3594,-0.54244,-0.86343,1.1267,-0.30674,-0.068489
-0.65578,0.35946,-0.54381,-0.86289,1.127,-0.30713,-0.06899
-0.65647,0.35977,-0.54487,-0.86251,1.1268,-0.30731,-0.069659
-0.65685,0.35987,-0.54541,-0.86221,1.127,-0.30712,-0.070186
-0.6572,0.35977,-0.54552,-0.86191,1.127,-0.30719,-0.070728
-0.65742,0.35956,-0.54532,-0.86168,1.127,-0.30717,-0.071027
-0.65741,0.35903,-0.54487,-0.86156,1.1271,-0.30719,-0.071184
-0.65747,0.3583,-0.54459,-0.86139,1.1272,-0.30755,-0.071253
-0.65765,0.35745,-0.54465,-0.86105,1.127,-0.30769,-0.071398
-0.65766,0.35673,-0.54488,-0.86083,1.1268,-0.30756,-0.071772
-0.65795,0.35614,-0.54538,-0.86069,1.1265,-0.30736,-0.072249
-0.65779,0.35571,-0.54568,-0.86047,1.1263,-0.30701,-0.072674
-0.65771,0.35536,-0.54586,-0.86038,1.1261,-0.3066,-0.073198
-0.65733,0.35492,-0.54561,-0.86044,1.126,-0.30624,-0.073968
-0.65696,0.35416,-0.54544,-0.86054,1.1259,-0.30603,-0.07459
-0.65655,0.35332,-0.54563,-0.86052,1.1262,-0.30587,-0.074918
-0.65602,0.35211,-0.5463,-0.86069,1.1263,-0.30582,-0.075015
-0.65549,0.35146,-0.54799,-0.86032,1.1267,-0.30593,-0.07466
-0.65519,0.35163,-0.55046,-0.86026,1.1268,-0.30595,-0.074536
-0.6552,0.35257,-0.5528,-0.8603,1.1265,-0.30586,-0.074427
-0.65519,0.3543,-0.55523,-0.86036,1.1264,-0.30565,-0.074673
-0.65549,0.35633,-0.55743,-0.86025,1.1263,-0.3057,-0.075143
-0.65558,0.35807,-0.55909,-0.86033,1.1263,-0.30538,-0.075536
-0.65563,0.35979,-0.56014,-0.86017,1.1265,-0.30512,-0.075923
-0.6558,0.36127,-0.56104,-0.86017,1.1267,-0.3049,-0.076378
-0.65589,0.36262,-0.56177,-0.85937,1.1274,-0.305,-0.076398
-0.65589,0.36358,-0.56205,-0.85887,1.1277,-0.30487,-0.076496
-0.6559,0.36439,-0.5623,-0.85807,1.1281,-0.30498,-0.076499
-0.65585,0.36501,-0.56259,-0.85739,1.1284,-0.30561,-0.076452
-0.65588,0.36568,-0.56269,-0.85693,1.1286,-0.30586,-0.076219
-0.65578,0.3662,-0.56268,-0.85685,1.1289,-0.30588,-0.07607
-0.65591,0.36673,-0.56272,-0.85677,1.1292,-0.30591,-0.076082
-0.65577,0.3672,-0.5626,-0.8571,1.129,-0.30581,-0.076456
-0.65565,0.36769,-0.56248,-0.85739,1.1288,-0.30567,-0.076637
-0.65558,0.36813,-0.56265,-0.85766,1.1286,-0.30552,-0.076645
-0.65544,0.36844,-0.56282,-0.85782,1.1283,-0.30539,-0.076615
-0.65535,0.36873,-0.56287,-0.8579,1.1281,-0.30558,-0.076331
-0.6554,0.36887,-0.56299,-0.85803,1.1278,-0.30551,-0.075901
-0.6556,0.36932,-0.56311,-0.8581,1.1277,-0.30567,-0.075549
-0.65578,0.36965,-0.56321,-0.85807,1.1276,-0.30563,-0.075407
-0.65572,0.3699,-0.56303,-0.85814,1.1278,-0.30546,-0.075426
-0.65562,0.37018,-0.56292,-0.85819,1.1279,-0.30538,-0.075555
-0.65541,0.37038,-0.56219,-0.85812,1.1281,-0.30533,-0.075769
-0.65529,0.37048,-0.56154,-0.85819,1.128,-0.30521,-0.075968
-0.65499,0.37048,-0.56069,-0.85835,1.128,-0.30526,-0.076185
-0.65484,0.37058,-0.55963,-0.85833,1.1276,-0.30523,-0.076045
-0.65489,0.37068,-0.55863,-0.8585,1.1272,-0.30532,-0.075899
-0.65495,0.37049,-0.55771,-0.85893,1.1267,-0.30526,-0.075826
-0.65474,0.37052,-0.55683,-0.85897,1.1264,-0.30528,-0.075504
-0.65454,0.37049,-0.5556,-0.85917,1.1259,-0.30507,-0.075365
-0.65437,0.37029,-0.55485,-0.85959,1.1256,-0.30511,-0.075406
-0.65392,0.37012,-0.55398,-0.86,1.1254,-0.30508,-0.075509
-0.65368,0.36986,-0.55304,-0.86045,1.1253,-0.3049,-0.075581
-0.65342,0.36957,-0.55222,-0.86083,1.1253,-0.30479,-0.075701
-0.65296,0.36913,-0.5514,-0.86124,1.1252,-0.30461,-0.075885
-0.65261,0.36851,-0.55077,-0.86158,1.1249,-0.30431,-0.076011
-0.65217,0.36826,-0.55003,-0.86184,1.1248,-0.30405,-0.076202
-0.65171,0.36811,-0.54937,-0.8621,1.1247,-0.30362,-0.076387
-0.65131,0.3679,-0.54867,-0.86265,1.1243,-0.30351,-0.076404
-0.65078,0.36808,-0.54773,-0.86299,1.1241,-0.3033,-0.076206
-0.65031,0.36851,-0.54686,-0.86351,1.1238,-0.30308,-0.076165
-0.64993,0.36915,-0.54592,-0.86408,1.1234,-0.30271,-0.076302
-0.64947,0.36969,-0.5452,-0.86474,1.123,-0.30251,-0.076798
-0.64901,0.3698,-0.54466,-0.86528,1.1226,-0.30197,-0.077102
-0.64841,0.37013,-0.54389,-0.86594,1.1223,-0.30112,-0.077592
-0.64786,0.37004,-0.54296,-0.86668,1.1217,-0.30006,-0.077995
-0.64734,0.3703,-0.5423,-0.86737,1.1214,-0.29929,-0.078381
-0.64685,0.37091,-0.54154,-0.86794,1.121,-0.29872,-0.078419
-0.64624,0.37089,-0.54024,-0.86863,1.1204,-0.29845,-0.078218
-0.64547,0.37051,-0.53863,-0.86946,1.1199,-0.2981,-0.077905
-0.64476,0.37008,-0.53701,-0.87024,1.1195,-0.29757,-0.077582
-0.6443,0.37,-0.53585,-0.87082,1.1193,-0.29689,-0.077514
-0.64391,0.3701,-0.53538,-0.87133,1.1193,-0.29607,-0.07751
-0.64366,0.3705,-0.53518,-0.87192,1.1192,-0.29521,-0.077674
-0.64336,0.37111,-0.53511,-0.87239,1.1192,-0.29413,-0.077637
-0.64288,0.37146,-0.53472,-0.87305,1.119,-0.2933,-0.077862
-0.64225,0.37126,-0.53364,-0.8735,1.1186,-0.29286,-0.077925
-0.64117,0.37065,-0.53189,-0.87429,1.1177,-0.29223,-0.078149
-0.64008,0.36985,-0.53019,-0.87497,1.1171,-0.29155,-0.078178
-0.63908,0.36922,-0.52895,-0.8757,1.1167,-0.29057,-0.078031
-0.63795,0.3687,-0.52791,-0.87668,1.1164,-0.2898,-0.078077
-0.63735,0.3684,-0.52716,-0.87745,1.116,-0.28894,-0.078229
-0.63682,0.36824,-0.52681,-0.87843,1.1155,-0.28809,-0.078639
-0.63621,0.36834,-0.52667,-0.87924,1.1148,-0.28744,-0.079157
-0.63555,0.36832,-0.52656,-0.88004,1.1143,-0.28678,-0.07958
-0.63484,0.36841,-0.52605,-0.88068,1.1138,-0.28631,-0.079861
-0.63409,0.36834,-0.52548,-0.88134,1.1133,-0.28584,-0.079961
-0.63307,0.36833,-0.52418,-0.88199,1.1129,-0.28549,-0.079888
-0.63193,0.36818,-0.52277,-0.88279,1.1123,-0.28531,-0.080002
-0.63086,0.36796,-0.52121,-0.88375,1.1115,-0.28489,-0.080274
-0.62967,0.36765,-0.51986,-0.88478,1.1106,-0.28477,-0.080753
-0.6286,0.36757,-0.51866,-0.88579,1.1099,-0.28447,-0.081231
-0.62754,0.36726,-0.51744,-0.88701,1.109,-0.28433,-0.081665
-0.62644,0.3669,-0.51611,-0.88832,1.1082,-0.28384,-0.082063
-0.62542,0.36678,-0.51489,-0.8895,1.1074,-0.28363,-0.082578
-0.62445,0.36659,-0.51365,-0.89083,1.1066,-0.28328,-0.082853
-0.62353,0.36617,-0.51228,-0.89233,1.1057,-0.2829,-0.083302
-0.62258,0.36612,-0.51095,-0.89373,1.1048,-0.28247,-0.083683
-0.62149,0.36582,-0.50921,-0.89519,1.104,-0.28202,-0.083878
-0.62035,0.36541,-0.50736,-0.89676,1.1031,-0.28144,-0.084255
-0.61904,0.36503,-0.5051,-0.89825,1.1022,-0.28057,-0.08461
-0.6176,0.36464,-0.5028,-0.89969,1.1015,-0.27978,-0.084982
-0.61622,0.3643,-0.50061,-0.90127,1.1006,-0.27911,-0.085435
-0.61489,0.36387,-0.49851,-0.90291,1.0998,-0.2783,-0.085814
-0.61361,0.36332,-0.49656,-0.90472,1.099,-0.27727,-0.086257
-0.61235,0.36289,-0.49474,-0.90633,1.0983,-0.27642,-0.086683
-0.61111,0.36242,-0.493,-0.90776,1.0977,-0.27606,-0.086869
-0.60993,0.36197,-0.49142,-0.90922,1.097,-0.27567,-0.086899
-0.60884,0.3615,-0.4901,-0.9106,1.0962,-0.27555,-0.086897
-0.60776,0.36111,-0.48914,-0.9119,1.0956,-0.27513,-0.087147
-0.60672,0.36094,-0.48812,-0.91318,1.095,-0.27465,-0.087667
-0.60575,0.36062,-0.48742,-0.91444,1.0947,-0.27439,-0.088192
-0.60567,0.36034,-0.4872,-0.91549,1.0942,-0.27405,-0.08826
-0.60465,0.36023,-0.48624,-0.9166,1.0941,-0.27406,-0.088423
-0.60295,0.36007,-0.48431,-0.91794,1.094,-0.27383,-0.088445
-0.60188,0.35997,-0.48288,-0.91917,1.0934,-0.27355,-0.088618
-0.60083,0.35978,-0.48118,-0.92033,1.0925,-0.27317,-0.088902
-0.60081,0.35946,-0.48117,-0.92123,1.0919,-0.27299,-0.089077
-0.59972,0.35896,-0.47946,-0.92282,1.0911,-0.27255,-0.089276
-0.59857,0.35876,-0.47772,-0.92426,1.0903,-0.27034,-0.089236
-0.59746,0.35861,-0.47585,-0.92575,1.0895,-0.27004,-0.089605
-0.59615,0.35809,-0.47391,-0.92753,1.0885,-0.27191,-0.090464
-0.59504,0.35774,-0.47211,-0.92908,1.0876,-0.27187,-0.090731
-0.59395,0.35725,-0.47034,-0.93091,1.0869,-0.27172,-0.090821
-0.59309,0.35687,-0.46865,-0.93247,1.0865,-0.26925,-0.090639
-0.59227,0.3567,-0.46725,-0.93397,1.086,-0.26925,-0.090768
-0.59139,0.35654,-0.46576,-0.93543,1.0855,-0.2717,-0.090938
-0.59048,0.35626,-0.46427,-0.93688,1.0849,-0.27166,-0.091018
-0.58958,0.35599,-0.46264,-0.93852,1.084,-0.27136,-0.09115
-0.58851,0.35577,-0.4609,-0.94004,1.0832,-0.26878,-0.091011
-0.58767,0.35554,-0.45921,-0.94155,1.0823,-0.26842,-0.091325
-0.58672,0.35537,-0.45724,-0.94336,1.0813,-0.268,-0.091774
-0.58577,0.35519,-0.45527,-0.94517,1.0802,-0.26742,-0.092503
-0.58478,0.35494,-0.4535,-0.94696,1.0793,-0.26676,-0.093357
-0.58388,0.35464,-0.45177,-0.94887,1.0786,-0.26627,-0.094009
-0.58308,0.35427,-0.45043,-0.95063,1.0781,-0.2657,-0.094301
-0.58236,0.35394,-0.44901,-0.9524,1.0775,-0.26574,-0.094446
-0.58155,0.35384,-0.4475,-0.95401,1.0769,-0.26586,-0.094143
-0.58075,0.35394,-0.44607,-0.95538,1.0765,-0.26597,-0.09373
-0.58018,0.35418,-0.44455,-0.95691,1.076,-0.26569,-0.093304
-0.5792,0.35447,-0.44273,-0.95825,1.075,-0.26551,-0.09329
-0.57824,0.35468,-0.44079,-0.9598,1.074,-0.26517,-0.093579
-0.5772,0.3547,-0.43868,-0.96153,1.0731,-0.26503,-0.094059
-0.57614,0.3548,-0.43659,-0.96335,1.0724,-0.2645,-0.094806
-0.57529,0.35475,-0.43501,-0.96506,1.0717,-0.26354,-0.095469
-0.57433,0.35455,-0.43354,-0.96658,1.0713,-0.26277,-0.096286
-0.5733,0.35435,-0.43199,-0.96782,1.0707,-0.26223,-0.096807
-0.57253,0.35419,-0.4309,-0.96894,1.0701,-0.26179,-0.096814
-0.57191,0.35396,-0.43017,-0.97016,1.0694,-0.26158,-0.096635
-0.57106,0.35398,-0.4294,-0.97104,1.0691,-0.26163,-0.096451
-0.57047,0.35405,-0.42868,-0.97205,1.0685,-0.26152,-0.096403
-0.56951,0.35413,-0.42783,-0.97309,1.0681,-0.26123,-0.096361
-0.56863,0.35437,-0.427,-0.97422,1.0679,-0.26093,-0.096347
-0.56802,0.35467,-0.42609,-0.97535,1.0673,-0.26076,-0.096411
-0.56729,0.35488,-0.42537,-0.97648,1.067,-0.26033,-0.096657
-0.56675,0.35474,-0.42448,-0.97758,1.0666,-0.25981,-0.096864
-0.56589,0.35444,-0.42359,-0.97846,1.0664,-0.25934,-0.096906
-0.56506,0.35447,-0.42263,-0.97922,1.0662,-0.25904,-0.09692
-0.56435,0.35493,-0.42157,-0.98018,1.0656,-0.25857,-0.097042
-0.56335,0.35503,-0.42008,-0.98118,1.0651,-0.25823,-0.097246
-0.5625,0.35523,-0.41786,-0.98232,1.0643,-0.25769,-0.097471
-0.56154,0.35547,-0.41616,-0.98357,1.064,-0.25738,-0.097781
-0.56067,0.35586,-0.41489,-0.98483,1.0634,-0.25701,-0.097987
-0.55979,0.35597,-0.41366,-0.98608,1.063,-0.25687,-0.097898
-0.55877,0.35633,-0.41277,-0.98724,1.0626,-0.25648,-0.097722
-0.55795,0.357,-0.41157,-0.98829,1.062,-0.25609,-0.097612
-0.55688,0.357,-0.41005,-0.98947,1.0615,-0.25579,-0.097525
-0.5555,0.35636,-0.40807,-0.99055,1.0608,-0.25538,-0.097574
-0.55402,0.35562,-0.40603,-0.99166,1.0602,-0.25458,-0.097793
-0.55267,0.35491,-0.40432,-0.99259,1.0597,-0.25345,-0.098145
-0.55134,0.3544,-0.40313,-0.99365,1.0594,-0.25248,-0.098678
-0.55017,0.35413,-0.4023,-0.99468,1.0591,-0.25153,-0.098952
-0.54911,0.35432,-0.40175,-0.99565,1.059,-0.25104,-0.099235
-0.54818,0.35479,-0.4014,-0.99678,1.0584,-0.25069,-0.099621
-0.54693,0.35549,-0.40089,-0.99761,1.0579,-0.25047,-0.0997
-0.54568,0.35632,-0.40026,-0.99852,1.0574,-0.25031,-0.099581
-0.54436,0.35713,-0.3993,-0.99946,1.0569,-0.24992,-0.099191
-0.54275,0.35775,-0.39819,-1.0004,1.0564,-0.24982,-0.098965
-0.54112,0.35809,-0.39691,-1.0013,1.0558,-0.24948,-0.098923
-0.53952,0.35849,-0.39575,-1.0022,1.0552,-0.24906,-0.099225
-0.53803,0.35899,-0.39462,-1.0028,1.0548,-0.24843,-0.099502
-0.53666,0.35953,-0.39387,-1.0035,1.0545,-0.2476,-0.10012
-0.53528,0.35998,-0.39312,-1.004,1.0543,-0.24713,-0.10048
-0.53411,0.36057,-0.39248,-1.0046,1.0541,-0.24677,-0.10093
-0.53315,0.36117,-0.39201,-1.0053,1.0535,-0.24651,-0.1014
-0.53188,0.36208,-0.39139,-1.0057,1.0535,-0.24622,-0.10163
-0.53075,0.36285,-0.39073,-1.0062,1.0531,-0.24594,-0.10164
-0.52973,0.36367,-0.38987,-1.0066,1.053,-0.24553,-0.10159
-0.52884,0.36442,-0.38902,-1.0071,1.0528,-0.24518,-0.10162
-0.52771,0.36493,-0.38797,-1.0076,1.0527,-0.24472,-0.10192
-0.5265,0.36537,-0.3864,-1.0083,1.0523,-0.24443,-0.10228
-0.5251,0.36589,-0.38464,-1.0088,1.0519,-0.24371,-0.10235
-0.52339,0.36632,-0.3826,-1.0096,1.0517,-0.24294,-0.10248
-0.52163,0.36664,-0.38062,-1.0103,1.0512,-0.24202,-0.1026
-0.51996,0.36696,-0.37879,-1.0113,1.0508,-0.24132,-0.10259
-0.51807,0.36719,-0.37698,-1.0122,1.0502,-0.24044,-0.10242
-0.51606,0.3675,-0.37526,-1.013,1.0499,-0.23994,-0.10254
-0.51432,0.36757,-0.37396,-1.014,1.0493,-0.23934,-0.10276
-0.51265,0.36761,-0.3728,-1.0148,1.0491,-0.2388,-0.10292
-0.51126,0.36751,-0.37184,-1.0157,1.0487,-0.23833,-0.10299
-0.51,0.36769,-0.37101,-1.0167,1.0483,-0.23781,-0.1033
-0.50879,0.36775,-0.36999,-1.0178,1.0478,-0.2372,-0.10361
-0.50744,0.36803,-0.36905,-1.019,1.0471,-0.2362,-0.10434
-0.50621,0.3686,-0.36787,-1.02,1.0464,-0.23495,-0.10508
-0.50504,0.36921,-0.36652,-1.0213,1.0453,-0.23383,-0.10612
-0.50371,0.36992,-0.36466,-1.0228,1.044,-0.23278,-0.10665
-0.50213,0.37059,-0.36225,-1.0248,1.0426,-0.23188,-0.10717
-0.50027,0.37108,-0.35932,-1.0268,1.0414,-0.2308,-0.10724
-0.49882,0.37159,-0.35614,-1.0291,1.0399,-0.22946,-0.10731
-0.49717,0.37183,-0.35269,-1.0319,1.0387,-0.22772,-0.10729
-0.4957,0.37204,-0.34926,-1.0347,1.0372,-0.22596,-0.10711
-0.49403,0.37241,-0.34545,-1.0373,1.0358,-0.22438,-0.10657
-0.49238,0.37243,-0.34179,-1.04,1.0341,-0.22305,-0.10646
-0.49048,0.3725,-0.33819,-1.0428,1.0323,-0.22214,-0.1069
-0.48863,0.37264,-0.33511,-1.0454,1.0306,-0.22094,-0.10737
-0.48692,0.37292,-0.33239,-1.0481,1.0289,-0.21962,-0.1079
-0.4852,0.37297,-0.33025,-1.0508,1.0276,-0.21861,-0.10829
-0.4837,0.37312,-0.32846,-1.0535,1.0262,-0.21728,-0.10851
-0.48242,0.37331,-0.32726,-1.0558,1.0249,-0.21599,-0.10847
-0.48131,0.37361,-0.32639,-1.0581,1.0238,-0.21443,-0.10856
-0.48026,0.37366,-0.3257,-1.0604,1.023,-0.21289,-0.10823
-0.47916,0.37374,-0.32498,-1.0622,1.0222,-0.21158,-0.10798
-0.47797,0.3737,-0.32421,-1.0642,1.0213,-0.21019,-0.10788
-0.47637,0.37365,-0.32309,-1.0661,1.0206,-0.20894,-0.1081
-0.4749,0.3735,-0.32188,-1.068,1.0195,-0.2078,-0.10806
-0.47308,0.37337,-0.32034,-1.07,1.0186,-0.20699,-0.10879
-0.47116,0.37318,-0.3187,-1.072,1.0175,-0.2061,-0.10951
-0.46947,0.37309,-0.31694,-1.074,1.0164,-0.20512,-0.11018
-0.46791,0.37298,-0.31532,-1.0762,1.0152,-0.20383,-0.11072
-0.46667,0.37292,-0.31385,-1.0781,1.0142,-0.20249,-0.11088
-0.46523,0.37292,-0.31189,-1.0799,1.0137,-0.20133,-0.11067
-0.46397,0.37274,-0.31,-1.0818,1.0126,-0.20066,-0.11045
-0.46233,0.37274,-0.30792,-1.0834,1.0118,-0.20006,-0.10991
-0.46078,0.37283,-0.30591,-1.0851,1.0107,-0.19906,-0.10971
-0.45907,0.37285,-0.30383,-1.0866,1.0096,-0.19782,-0.10979
-0.45725,0.37264,-0.30192,-1.0881,1.0086,-0.19621,-0.11021
-0.45544,0.37239,-0.30001,-1.0897,1.0076,-0.19466,-0.11098
-0.45346,0.3721,-0.29852,-1.091,1.0069,-0.193,-0.11147
-0.45176,0.37168,-0.29736,-1.0923,1.0062,-0.1914,-0.11198
-0.45053,0.37139,-0.29659,-1.0935,1.0054,-0.18995,-0.11194
-0.4495,0.37098,-0.29598,-1.0945,1.0048,-0.18888,-0.11112
-0.44857,0.37049,-0.29535,-1.0956,1.0043,-0.18794,-0.11
-0.44804,0.37074,-0.29482,-1.0961,1.0039,-0.18709,-0.10877
-0.44705,0.37118,-0.29379,-1.0968,1.0036,-0.18593,-0.10786
-0.44603,0.37149,-0.29252,-1.0976,1.0031,-0.18484,-0.10765
-0.44469,0.37163,-0.29102,-1.0987,1.0024,-0.1839,-0.10834
-0.44319,0.37128,-0.28913,-1.1,1.0016,-0.18277,-0.10907
-0.44171,0.37062,-0.28711,-1.1014,1.0008,-0.18169,-0.10962
-0.44023,0.37018,-0.28505,-1.1029,1.0001,-0.18026,-0.10964
-0.43871,0.36975,-0.2829,-1.1043,0.99944,-0.17891,-0.10947
-0.43724,0.36898,-0.28046,-1.1057,0.99867,-0.17791,-0.10921
-0.4355,0.36788,-0.27781,-1.1069,0.99798,-0.17734,-0.10914
-0.43377,0.36667,-0.27546,-1.1082,0.99743,-0.17684,-0.10874
-0.43199,0.36588,-0.27352,-1.1095,0.99673,-0.17642,-0.10838
-0.43008,0.36525,-0.27194,-1.111,0.9962,-0.17593,-0.10849
-0.42799,0.36465,-0.27063,-1.1123,0.99574,-0.17558,-0.1089
-0.42614,0.36441,-0.26973,-1.1137,0.99512,-0.17507,-0.10954
-0.4244,0.3639,-0.26851,-1.1151,0.99427,-0.17431,-0.11054
-0.42257,0.36293,-0.26713,-1.1164,0.99357,-0.17319,-0.11152
-0.42084,0.36153,-0.26557,-1.1176,0.99271,-0.17253,-0.11203
-0.41908,0.36022,-0.26421,-1.1186,0.9921,-0.17187,-0.11209
-0.41754,0.35899,-0.26338,-1.1195,0.99166,-0.17113,-0.11162
-0.41608,0.35823,-0.26296,-1.1204,0.99122,-0.17008,-0.1109
-0.41459,0.35781,-0.26261,-1.1214,0.99101,-0.16899,-0.11008
-0.41321,0.35753,-0.26235,-1.1224,0.99093,-0.16801,-0.10956
-0.41188,0.35745,-0.26181,-1.1236,0.99068,-0.1672,-0.10941
-0.41061,0.35727,-0.26107,-1.125,0.99014,-0.16646,-0.10987
-0.40957,0.35726,-0.26013,-1.1263,0.98952,-0.16567,-0.11052
-0.4088,0.35723,-0.25882,-1.1277,0.98859,-0.16498,-0.11131
-0.40773,0.35709,-0.25704,-1.1288,0.98802,-0.1643,-0.11172
-0.40675,0.35681,-0.25532,-1.1298,0.98731,-0.16403,-0.1119
-0.40548,0.35673,-0.25341,-1.1304,0.98694,-0.16346,-0.11142
-0.40419,0.35662,-0.25152,-1.1312,0.98651,-0.16269,-0.11081
-0.40282,0.35652,-0.24999,-1.132,0.98632,-0.16176,-0.11042
-0.40152,0.35636,-0.24846,-1.1328,0.98612,-0.16068,-0.11006
-0.40002,0.35616,-0.2468,-1.134,0.98585,-0.1596,-0.11033
-0.39841,0.35595,-0.24516,-1.1354,0.98537,-0.15851,-0.11093
-0.39656,0.35564,-0.24345,-1.1366,0.98484,-0.15755,-0.11165
-0.39427,0.35474,-0.24159,-1.1383,0.98444,-0.15656,-0.11233
-0.39215,0.35391,-0.23968,-1.1398,0.98374,-0.15576,-0.11256
-0.39012,0.35282,-0.23798,-1.1415,0.98298,-0.15471,-0.11217
-0.38842,0.35164,-0.23683,-1.1433,0.98215,-0.15379,-0.11176
-0.387,0.35015,-0.23549,-1.145,0.98111,-0.15265,-0.11095
-0.38545,0.34861,-0.23403,-1.1469,0.98035,-0.15121,-0.11004
-0.3837,0.34729,-0.23235,-1.1485,0.98002,-0.15028,-0.10953
-0.3817,0.3461,-0.23034,-1.1503,0.97957,-0.14958,-0.10949
-0.37972,0.34509,-0.22805,-1.152,0.97891,-0.14921,-0.10998
-0.3774,0.34426,-0.22533,-1.1536,0.97818,-0.14898,-0.11071
-0.37542,0.34351,-0.2229,-1.1552,0.9772,-0.14859,-0.1112
-0.37347,0.3426,-0.22033,-1.1566,0.97612,-0.14826,-0.11159
-0.37169,0.34201,-0.21792,-1.1581,0.97552,-0.14791,-0.11195
-0.37033,0.34143,-0.21619,-1.1595,0.97522,-0.14761,-0.1121
-0.36907,0.34099,-0.21478,-1.1605,0.97459,-0.14744,-0.11188
-0.36832,0.34066,-0.21379,-1.1613,0.97394,-0.14754,-0.11195
-0.3676,0.34058,-0.21312,-1.1617,0.97353,-0.14749,-0.1116
-0.3671,0.34037,-0.21237,-1.1626,0.97374,-0.14729,-0.11201
-0.3666,0.3406,-0.21182,-1.1628,0.97403,-0.14727,-0.11241
-0.36603,0.34077,-0.21127,-1.1631,0.97435,-0.1473,-0.11272
-0.36557,0.34125,-0.21068,-1.1632,0.97446,-0.1474,-0.11285
-0.36542,0.34165,-0.2103,-1.1633,0.97473,-0.14738,-0.11275
-0.36536,0.34205,-0.2099,-1.1631,0.97507,-0.14736,-0.11279
-0.36547,0.34236,-0.20948,-1.163,0.97544,-0.14722,-0.11287
-0.36557,0.34249,-0.20911,-1.1629,0.97576,-0.14722,-0.11301
-0.36564,0.34245,-0.20867,-1.163,0.97579,-0.14705,-0.11299
-0.36574,0.34248,-0.20833,-1.1629,0.97576,-0.14709,-0.11315
-0.36563,0.34247,-0.20786,-1.1629,0.97572,-0.14701,-0.11341
-0.36569,0.34246,-0.20735,-1.1631,0.97533,-0.14709,-0.11375
-0.36564,0.34262,-0.20714,-1.1633,0.97509,-0.14714,-0.11407
-0.3656,0.34287,-0.20678,-1.1635,0.97495,-0.14704,-0.11416
-0.36581,0.34298,-0.20683,-1.1635,0.97487,-0.14699,-0.11401
-0.36626,0.34316,-0.20701,-1.1634,0.97463,-0.14712,-0.1139
-0.36669,0.34321,-0.20688,-1.1637,0.97432,-0.1471,-0.11374
-0.36706,0.34348,-0.20672,-1.1638,0.97395,-0.1472,-0.11364
-0.36717,0.3437,-0.20634,-1.1641,0.97378,-0.14733,-0.11332
-0.36713,0.34392,-0.20605,-1.1643,0.97371,-0.14749,-0.11307
-0.36691,0.34425,-0.2057,-1.1645,0.97374,-0.14751,-0.11277
-0.3666,0.34458,-0.20541,-1.1647,0.97383,-0.14742,-0.11253
-0.36639,0.3447,-0.20561,-1.1648,0.9741,-0.14725,-0.11211
-0.36615,0.34489,-0.20601,-1.1649,0.97418,-0.14696,-0.11199
-0.36625,0.34484,-0.20712,-1.1652,0.97408,-0.14686,-0.11235
-0.36623,0.34498,-0.2083,-1.1651,0.97396,-0.14689,-0.11267
-0.36665,0.34543,-0.20973,-1.1648,0.97354,-0.14707,-0.11294
-0.36707,0.34579,-0.21119,-1.1644,0.9732,-0.14711,-0.11282
-0.36748,0.34618,-0.21258,-1.1641,0.97276,-0.14706,-0.11273
-0.36764,0.34691,-0.21369,-1.1637,0.97267,-0.14718,-0.11244
-0.36781,0.34748,-0.2145,-1.1636,0.97265,-0.14694,-0.1123
-0.36771,0.34817,-0.21479,-1.1635,0.97276,-0.1471,-0.11224
-0.36764,0.34877,-0.21497,-1.1635,0.9726,-0.14712,-0.11192
-0.36737,0.34923,-0.21485,-1.1637,0.97264,-0.14694,-0.11141
-0.36697,0.34986,-0.21447,-1.1638,0.97275,-0.14692,-0.11131
-0.36684,0.35007,-0.21427,-1.1641,0.97248,-0.1469,-0.11142
-0.36657,0.35018,-0.21412,-1.1643,0.97244,-0.14698,-0.1115
-0.36642,0.35038,-0.21413,-1.1642,0.97213,-0.14695,-0.11206
-0.36649,0.35042,-0.21441,-1.1643,0.97185,-0.14717,-0.11247
-0.3665,0.35048,-0.21445,-1.1646,0.97162,-0.14731,-0.11292
-0.36652,0.35072,-0.21597,-1.1646,0.97202,-0.14737,-0.11285
-0.36653,0.35124,-0.21695,-1.1644,0.9724,-0.14738,-0.11245
-0.3669,0.35191,-0.21832,-1.1643,0.97272,-0.14745,-0.11216
-0.36738,0.35255,-0.22,-1.1643,0.97276,-0.14746,-0.11167
-0.36803,0.35315,-0.22194,-1.1643,0.97251,-0.14747,-0.11156
-0.36861,0.35348,-0.22343,-1.1645,0.97222,-0.14745,-0.1114
-0.36931,0.35414,-0.22459,-1.1645,0.97183,-0.1475,-0.11134
-0.3698,0.35483,-0.22527,-1.1645,0.97153,-0.14739,-0.11152
-0.37033,0.35482,-0.2254,-1.1646,0.97123,-0.14738,-0.11187
-0.37057,0.35451,-0.22501,-1.1648,0.97104,-0.1476,-0.11229
-0.3707,0.35427,-0.22464,-1.1649,0.97094,-0.14753,-0.11214
-0.37083,0.35412,-0.2246,-1.1648,0.97103,-0.14763,-0.11189
-0.37087,0.35425,-0.22439,-1.1647,0.97121,-0.14763,-0.11148
-0.37101,0.35454,-0.22445,-1.1648,0.97115,-0.14747,-0.11124
-0.37111,0.3552,-0.22466,-1.1647,0.9713,-0.14751,-0.11106
-0.37107,0.35532,-0.22493,-1.1646,0.97141,-0.14734,-0.11086
-0.37094,0.35503,-0.22531,-1.1646,0.97134,-0.14726,-0.11117
-0.37108,0.35455,-0.22589,-1.1644,0.9711,-0.14728,-0.11159
-0.37134,0.35411,-0.22693,-1.1642,0.97088,-0.14731,-0.11183
-0.37128,0.3541,-0.22672,-1.164,0.97058,-0.14768,-0.11225
-0.37249,0.35434,-0.23064,-1.1632,0.97096,-0.14846,-0.11251
-0.37247,0.35456,-0.23054,-1.1629,0.97108,-0.14791,-0.11183
-0.37334,0.35494,-0.23251,-1.1625,0.97131,-0.14802,-0.11154
-0.3739,0.35528,-0.2341,-1.1621,0.97151,-0.14814,-0.11121
-0.37452,0.35551,-0.23512,-1.1617,0.97142,-0.14819,-0.11097
-0.37506,0.35577,-0.23539,-1.1616,0.97106,-0.14864,-0.111
-0.37541,0.35589,-0.23507,-1.1614,0.9708,-0.14823,-0.11117
-0.37551,0.35595,-0.23445,-1.1615,0.97054,-0.14829,-0.11161
-0.37582,0.35607,-0.23359,-1.1616,0.9704,-0.14836,-0.11197
-0.37619,0.356,-0.2333,-1.1616,0.97031,-0.14861,-0.11258
-0.37679,0.35594,-0.23324,-1.1615,0.97008,-0.14902,-0.1123
-0.37765,0.35602,-0.23387,-1.161,0.96975,-0.14899,-0.11251
-0.37851,0.35581,-0.23487,-1.1605,0.9696,-0.14914,-0.11253
-0.37949,0.35571,-0.23608,-1.1598,0.96938,-0.14928,-0.11237
-0.38044,0.3556,-0.23747,-1.159,0.96947,-0.14956,-0.11219
-0.38139,0.35548,-0.23887,-1.1583,0.96926,-0.14979,-0.112
-0.38233,0.35508,-0.23996,-1.1577,0.96938,-0.15015,-0.11185
-0.38326,0.35463,-0.24113,-1.157,0.96946,-0.1505,-0.11142
-0.38396,0.35419,-0.24199,-1.1563,0.96983,-0.15065,-0.11098
-0.38474,0.35348,-0.24296,-1.1558,0.97009,-0.15084,-0.1107
-0.38553,0.35264,-0.24387,-1.1551,0.97027,-0.15091,-0.11057
-0.3862,0.35191,-0.24461,-1.1544,0.97056,-0.15108,-0.11025
-0.38706,0.35152,-0.24542,-1.1536,0.97069,-0.15137,-0.11007
-0.38808,0.35128,-0.24639,-1.1528,0.97065,-0.15147,-0.1098
-0.3891,0.35094,-0.24744,-1.1519,0.97048,-0.15194,-0.1097
-0.39009,0.35065,-0.24838,-1.1509,0.97029,-0.15231,-0.10964
-0.39107,0.35019,-0.24936,-1.1502,0.9703,-0.15246,-0.1096
-0.39219,0.34986,-0.25046,-1.1492,0.97054,-0.15268,-0.10948
-0.39323,0.34949,-0.25157,-1.1484,0.97081,-0.1529,-0.10925
-0.39419,0.34902,-0.25236,-1.1477,0.97097,-0.15306,-0.10888
-0.39514,0.34865,-0.25312,-1.1472,0.97108,-0.15331,-0.10872
-0.396,0.34835,-0.25385,-1.1464,0.97135,-0.15364,-0.10822
-0.39695,0.34807,-0.25453,-1.1457,0.97135,-0.15429,-0.10776
-0.39804,0.34785,-0.25538,-1.1451,0.97121,-0.15492,-0.10711
-0.39919,0.34779,-0.25608,-1.1445,0.97103,-0.15545,-0.10654
-0.4003,0.34797,-0.25683,-1.1437,0.97093,-0.15585,-0.1061
-0.40139,0.34804,-0.25746,-1.1431,0.97096,-0.15619,-0.10593
-0.40236,0.34821,-0.258,-1.1424,0.97129,-0.15628,-0.10573
-0.40336,0.34844,-0.25869,-1.1419,0.97165,-0.15646,-0.10558
-0.40445,0.34867,-0.25954,-1.141,0.97242,-0.15676,-0.10562
-0.40553,0.34883,-0.26055,-1.1401,0.97313,-0.15682,-0.10543
-0.40693,0.34874,-0.26143,-1.1391,0.97342,-0.15724,-0.1054
-0.40837,0.34872,-0.26242,-1.138,0.97369,-0.15775,-0.10531
-0.40997,0.34876,-0.26335,-1.1369,0.97377,-0.15831,-0.10508
-0.41139,0.34894,-0.26413,-1.1356,0.97425,-0.15896,-0.10466
-0.41261,0.34891,-0.26463,-1.1347,0.9748,-0.15934,-0.10429
-0.41349,0.34889,-0.26482,-1.1338,0.97566,-0.15947,-0.10425
-0.41434,0.34896,-0.26526,-1.133,0.97651,-0.15977,-0.10447
-0.41512,0.34877,-0.26532,-1.1323,0.97717,-0.15991,-0.10472
-0.41581,0.34842,-0.26533,-1.1319,0.97753,-0.16018,-0.10525
-0.41664,0.34807,-0.26526,-1.1314,0.97753,-0.16038,-0.10581
-0.41754,0.34746,-0.2655,-1.131,0.97756,-0.16104,-0.10639
-0.41854,0.347,-0.26616,-1.1303,0.97781,-0.16181,-0.10669
-0.41999,0.34648,-0.26713,-1.1297,0.97779,-0.16241,-0.10649
-0.42136,0.34602,-0.26811,-1.129,0.97831,-0.16273,-0.1057
-0.42267,0.34554,-0.26896,-1.1284,0.97877,-0.16293,-0.10533
-0.42377,0.34495,-0.26975,-1.1281,0.97928,-0.16305,-0.10537
-0.42508,0.34427,-0.27073,-1.1277,0.9796,-0.16311,-0.10569
-0.42637,0.34387,-0.2718,-1.1273,0.97998,-0.16341,-0.10604
-0.42781,0.34343,-0.27306,-1.1268,0.98041,-0.16402,-0.10625
-0.42928,0.34306,-0.27442,-1.1261,0.981,-0.16468,-0.10619
-0.43097,0.34288,-0.27588,-1.1253,0.98151,-0.16576,-0.10605
-0.43258,0.34277,-0.27723,-1.1242,0.98209,-0.1667,-0.10581
-0.43439,0.34287,-0.27861,-1.1232,0.98261,-0.16739,-0.10534
-0.43621,0.34268,-0.28016,-1.1223,0.98331,-0.16771,-0.10486
-0.4381,0.34262,-0.28148,-1.1214,0.98412,-0.16819,-0.10435
-0.44003,0.34234,-0.28282,-1.1207,0.98486,-0.16861,-0.10387
-0.44188,0.34197,-0.28384,-1.12,0.98545,-0.16893,-0.10352
-0.44375,0.34167,-0.28485,-1.119,0.98584,-0.16943,-0.10334
-0.44582,0.34129,-0.28591,-1.1183,0.9859,-0.17015,-0.10369
-0.44798,0.34114,-0.28693,-1.1171,0.98589,-0.17108,-0.10418
-0.45024,0.341,-0.28825,-1.1159,0.98612,-0.17155,-0.10423
-0.45241,0.34101,-0.28949,-1.1146,0.98648,-0.17208,-0.10406
-0.45458,0.341,-0.29077,-1.1133,0.98712,-0.17251,-0.10342
-0.45656,0.34139,-0.29202,-1.1119,0.98838,-0.17301,-0.10231
-0.45882,0.3417,-0.29325,-1.1107,0.98953,-0.1735,-0.10118
-0.46125,0.34188,-0.2948,-1.1095,0.99043,-0.17388,-0.10017
-0.46353,0.3416,-0.29653,-1.1085,0.99124,-0.17431,-0.099756
-0.46546,0.34107,-0.298,-1.1074,0.99165,-0.17469,-0.099609
-0.46751,0.34112,-0.29944,-1.1062,0.99185,-0.17522,-0.10009
-0.46962,0.34142,-0.30113,-1.1051,0.99205,-0.17578,-0.10075
-0.47175,0.34153,-0.30257,-1.1039,0.99228,-0.17618,-0.10097
-0.47391,0.34142,-0.30362,-1.1025,0.99281,-0.17653,-0.10056
-0.47598,0.34151,-0.30496,-1.1012,0.99325,-0.17708,-0.09976
-0.47806,0.34186,-0.30642,-1.0998,0.994,-0.17745,-0.098775
-0.47972,0.34195,-0.30767,-1.0985,0.99486,-0.17791,-0.097809
-0.48145,0.34228,-0.30874,-1.0971,0.99556,-0.17855,-0.097065
-0.48313,0.34271,-0.31006,-1.0958,0.99642,-0.17908,-0.096518
-0.48481,0.34282,-0.31101,-1.0946,0.99712,-0.17952,-0.09606
-0.48668,0.34231,-0.31184,-1.0934,0.9976,-0.17984,-0.096417
-0.4883,0.3418,-0.31256,-1.092,0.9985,-0.18027,-0.097036
-0.48994,0.34136,-0.31325,-1.0906,0.99915,-0.18081,-0.097476
-0.49171,0.34118,-0.31435,-1.089,0.99983,-0.18139,-0.097609
-0.49357,0.34131,-0.31581,-1.0871,1.0005,-0.18209,-0.097219
-0.49522,0.34162,-0.31766,-1.0853,1.0014,-0.1832,-0.096567
-0.49668,0.34214,-0.3197,-1.0833,1.0025,-0.18447,-0.095827
-0.49789,0.3426,-0.32159,-1.0815,1.0038,-0.18549,-0.095075
-0.49881,0.34292,-0.32345,-1.0798,1.0052,-0.18666,-0.094722
-0.49972,0.34312,-0.32531,-1.0782,1.0066,-0.18754,-0.09474
-0.50039,0.34299,-0.32693,-1.0769,1.0079,-0.18809,-0.095004
-0.50101,0.34289,-0.32856,-1.0768,1.008,-0.18527,-0.09475
-0.50168,0.34257,-0.33026,-1.0753,1.0092,-0.1854,-0.094717
-0.50242,0.34226,-0.33225,-1.0726,1.0119,-0.18883,-0.094688
-0.50311,0.34222,-0.33445,-1.0707,1.0134,-0.18945,-0.093922
-0.50377,0.34241,-0.33678,-1.0684,1.0151,-0.19067,-0.092949
-0.50432,0.3427,-0.33903,-1.0677,1.0159,-0.18857,-0.091861
-0.50489,0.3432,-0.34109,-1.0651,1.0176,-0.18994,-0.090789
-0.50534,0.34381,-0.34305,-1.0608,1.0207,-0.19485,-0.090003
-0.50584,0.344,-0.34468,-1.0584,1.0227,-0.19627,-0.08938
-0.5063,0.34405,-0.34604,-1.0563,1.0246,-0.19728,-0.088981
-0.50694,0.34409,-0.34734,-1.0558,1.0249,-0.1951,-0.088956
-0.50767,0.34403,-0.34847,-1.054,1.0265,-0.19602,-0.089207
-0.50872,0.34418,-0.35018,-1.0521,1.0278,-0.1972,-0.089386
-0.50998,0.34434,-0.3517,-1.0483,1.0305,-0.20106,-0.088795
-0.51124,0.3445,-0.35324,-1.0462,1.032,-0.20237,-0.087834
-0.51255,0.34495,-0.35511,-1.0457,1.0318,-0.20143,-0.087172
-0.51416,0.34542,-0.35705,-1.0435,1.0333,-0.20343,-0.085721
-0.51554,0.34623,-0.35888,-1.0389,1.0378,-0.20807,-0.083289
-0.51736,0.34689,-0.36081,-1.0363,1.0397,-0.21019,-0.082052
-0.51916,0.34738,-0.36237,-1.0335,1.0414,-0.21255,-0.081382
-0.52089,0.34794,-0.36402,-1.0328,1.0407,-0.21259,-0.082585
-0.52277,0.34843,-0.36519,-1.03,1.0423,-0.21446,-0.083248
-0.5247,0.34901,-0.36608,-1.0251,1.0461,-0.21811,-0.082965
-0.52671,0.34963,-0.36676,-1.0228,1.0478,-0.21951,-0.083597
-0.52851,0.35037,-0.36756,-1.0203,1.0495,-0.22152,-0.083957
-0.53043,0.35098,-0.36855,-1.02,1.0483,-0.22194,-0.084766
-0.53234,0.35143,-0.36956,-1.0177,1.0502,-0.22522,-0.083788
-0.53403,0.35189,-0.37087,-1.0134,1.0544,-0.23139,-0.081598
-0.53578,0.35244,-0.37211,-1.0112,1.0553,-0.23564,-0.081473
-0.53756,0.35304,-0.37357,-1.0089,1.0559,-0.23995,-0.082253
-0.53939,0.35371,-0.37522,-1.0085,1.0552,-0.24098,-0.084062
-0.54145,0.35407,-0.37752,-1.0062,1.0561,-0.24414,-0.085163
-0.54343,0.35449,-0.3798,-1.0022,1.0596,-0.24972,-0.085598
-0.54541,0.35496,-0.38228,-0.99979,1.0611,-0.2524,-0.086676
-0.54726,0.35527,-0.38474,-0.99741,1.0628,-0.2546,-0.087399
-0.54922,0.35571,-0.3874,-0.99667,1.0625,-0.25425,-0.088097
-0.55091,0.35613,-0.38985,-0.99429,1.0642,-0.25668,-0.087882
-0.5527,0.35647,-0.39209,-0.99036,1.0682,-0.26249,-0.086918
-0.55448,0.35692,-0.3942,-0.9898,1.0677,-0.26295,-0.086912
-0.55627,0.35732,-0.39608,-0.98581,1.0706,-0.26989,-0.086445
-0.55811,0.35765,-0.39781,-0.98544,1.0698,-0.27052,-0.087161
-0.56012,0.35813,-0.39968,-0.98304,1.0705,-0.27323,-0.08731
-0.56227,0.35855,-0.40168,-0.98074,1.0711,-0.27546,-0.087421
-0.56435,0.35909,-0.40348,-0.97835,1.072,-0.27718,-0.087374
-0.56627,0.35961,-0.40497,-0.97601,1.0734,-0.27841,-0.087165
-0.56807,0.36032,-0.40627,-0.97391,1.0748,-0.27957,-0.087176
-0.56979,0.36104,-0.4076,-0.97161,1.0767,-0.28065,-0.087076
-0.57153,0.36174,-0.40874,-0.96934,1.0784,-0.28195,-0.087104
-0.57307,0.36242,-0.41012,-0.96572,1.0817,-0.28692,-0.087384
-0.57454,0.36327,-0.41147,-0.96488,1.0814,-0.28648,-0.088393
-0.57619,0.3639,-0.41318,-0.96267,1.0828,-0.28978,-0.089265
-0.57804,0.36461,-0.41525,-0.9604,1.0838,-0.29276,-0.089805
-0.58014,0.36542,-0.4178,-0.95795,1.0849,-0.29516,-0.089692
-0.58245,0.36619,-0.42053,-0.95552,1.0862,-0.29709,-0.089411
-0.58453,0.36698,-0.42326,-0.95308,1.0874,-0.29896,-0.089213
-0.58669,0.36778,-0.42591,-0.95076,1.0885,-0.30046,-0.089414
-0.58864,0.36865,-0.42816,-0.94857,1.0897,-0.30217,-0.08987
-0.59042,0.36955,-0.43011,-0.94645,1.0909,-0.30424,-0.090495
-0.59202,0.37042,-0.43209,-0.94442,1.0925,-0.30658,-0.091573
-0.59343,0.37105,-0.43384,-0.94278,1.0939,-0.30915,-0.09304
-0.59484,0.37178,-0.43553,-0.94083,1.0949,-0.31198,-0.094462
-0.59633,0.37256,-0.43727,-0.93878,1.0956,-0.31433,-0.095334
-0.5979,0.37328,-0.43916,-0.93656,1.0965,-0.31672,-0.095477
-0.59931,0.3741,-0.44098,-0.93416,1.0976,-0.31935,-0.094713
-0.60072,0.37486,-0.44257,-0.93174,1.099,-0.32186,-0.093602
-0.60207,0.37573,-0.44435,-0.92937,1.1003,-0.32411,-0.092682
-0.60342,0.37697,-0.44592,-0.92694,1.1016,-0.32625,-0.092181
-0.6047,0.37809,-0.44781,-0.92446,1.1033,-0.32813,-0.091696
-0.60588,0.37922,-0.45,-0.9219,1.1051,-0.33025,-0.09163
-0.60705,0.38009,-0.45218,-0.91907,1.1069,-0.33196,-0.091868
-0.60791,0.38073,-0.45408,-0.9164,1.1085,-0.33363,-0.092729
-0.6088,0.38169,-0.45582,-0.91342,1.1101,-0.33535,-0.09361
-0.60973,0.38256,-0.45749,-0.91084,1.1111,-0.33701,-0.094558
-0.61068,0.38287,-0.4586,-0.90855,1.1122,-0.33782,-0.09513
-0.6114,0.38277,-0.45943,-0.90655,1.1135,-0.3384,-0.095438
-0.61239,0.38282,-0.46064,-0.90464,1.1146,-0.33913,-0.095066
-0.61341,0.38291,-0.46223,-0.90285,1.1153,-0.34026,-0.094438
-0.61429,0.38305,-0.46415,-0.901,1.116,-0.34157,-0.093474
-0.61532,0.38386,-0.4663,-0.89914,1.1163,-0.34304,-0.09244
-0.61619,0.38466,-0.46826,-0.89743,1.1166,-0.34437,-0.091474
-0.61676,0.38524,-0.47002,-0.89582,1.1171,-0.34569,-0.090889
-0.6172,0.38501,-0.47094,-0.8942,1.1175,-0.34697,-0.090794
-0.61739,0.38431,-0.47148,-0.89272,1.1175,-0.34763,-0.091243
-0.61741,0.38353,-0.47196,-0.89131,1.1176,-0.34778,-0.091579
-0.61763,0.38285,-0.47256,-0.88992,1.1181,-0.34799,-0.091225
-0.61797,0.38262,-0.47339,-0.88837,1.119,-0.34819,-0.090367
-0.61829,0.38269,-0.4744,-0.88696,1.1199,-0.34848,-0.08974
-0.61883,0.3832,-0.4756,-0.88557,1.1208,-0.34913,-0.089078
-0.6194,0.3838,-0.47686,-0.88407,1.1217,-0.34985,-0.088361
-0.62013,0.38435,-0.47813,-0.88249,1.1226,-0.35091,-0.087634
-0.62067,0.38491,-0.47922,-0.88093,1.1234,-0.35237,-0.087444
-0.62133,0.38532,-0.48046,-0.87923,1.1241,-0.35374,-0.087238
-0.62187,0.38575,-0.48166,-0.87752,1.1247,-0.3551,-0.087389
-0.62237,0.38614,-0.4827,-0.87587,1.1251,-0.35638,-0.0877
-0.62273,0.38641,-0.48372,-0.87424,1.1253,-0.35785,-0.087936
-0.62303,0.3867,-0.48481,-0.87242,1.1255,-0.35869,-0.08785
-0.62314,0.38715,-0.48583,-0.87064,1.1257,-0.35896,-0.087615
-0.62336,0.38759,-0.48689,-0.86889,1.1259,-0.35931,-0.087669
-0.62353,0.38792,-0.48764,-0.86753,1.1258,-0.35943,-0.087722
-0.62356,0.38827,-0.48844,-0.86629,1.1261,-0.35938,-0.087976
-0.6238,0.3886,-0.48948,-0.86524,1.1268,-0.35916,-0.087825
-0.62412,0.38871,-0.49013,-0.86411,1.1274,-0.35892,-0.087634
-0.62422,0.38878,-0.49056,-0.86311,1.1285,-0.35865,-0.087209
-0.62436,0.38894,-0.49125,-0.86206,1.1294,-0.3585,-0.086667
-0.62434,0.38879,-0.49169,-0.8608,1.1301,-0.35837,-0.086051
-0.6243,0.3885,-0.49194,-0.85976,1.1308,-0.35828,-0.085835
-0.6245,0.3883,-0.49237,-0.85882,1.1315,-0.35859,-0.086189
-0.62472,0.3882,-0.4931,-0.85802,1.1323,-0.35924,-0.086878
-0.62514,0.38818,-0.49425,-0.85745,1.1332,-0.35982,-0.087583
-0.62552,0.38796,-0.49569,-0.85703,1.1342,-0.36029,-0.087965
-0.62595,0.38783,-0.49721,-0.85648,1.1351,-0.36047,-0.087935
-0.62635,0.38741,-0.49846,-0.85605,1.1357,-0.36051,-0.087649
-0.62658,0.38717,-0.49917,-0.85571,1.136,-0.36057,-0.087369
-0.62683,0.38718,-0.49971,-0.85538,1.1361,-0.36089,-0.087267
-0.62694,0.38716,-0.49974,-0.85529,1.136,-0.361,-0.087011
-0.62691,0.38722,-0.49957,-0.85512,1.1358,-0.36104,-0.086519
-0.62677,0.3872,-0.49924,-0.85538,1.1358,-0.36093,-0.086319
-0.62654,0.38729,-0.49869,-0.85563,1.1357,-0.36092,-0.086217
-0.62634,0.38738,-0.49802,-0.85589,1.1354,-0.36065,-0.086238
-0.62648,0.38762,-0.49769,-0.85595,1.1352,-0.3606,-0.086416
-0.62654,0.38771,-0.49738,-0.85593,1.135,-0.36083,-0.086563
-0.62704,0.38791,-0.49736,-0.85592,1.1346,-0.36085,-0.086866
-0.62744,0.38821,-0.49763,-0.85583,1.1343,-0.36088,-0.08697
-0.62786,0.38866,-0.49808,-0.85561,1.1343,-0.36099,-0.086739
-0.62798,0.38901,-0.49836,-0.85592,1.1345,-0.36084,-0.086478
-0.62844,0.38938,-0.4991,-0.85598,1.1349,-0.36076,-0.086023
-0.62892,0.38965,-0.50031,-0.85605,1.1353,-0.36067,-0.085477
-0.62921,0.38988,-0.50096,-0.85625,1.1355,-0.36061,-0.085115
-0.62957,0.39017,-0.50141,-0.85658,1.135,-0.36034,-0.084934
-0.62993,0.39056,-0.50174,-0.85659,1.1347,-0.36019,-0.084706
-0.6302,0.39112,-0.50175,-0.85687,1.1343,-0.36004,-0.084861
-0.63027,0.39171,-0.50152,-0.85705,1.1338,-0.35976,-0.085325
-0.63038,0.39236,-0.50127,-0.85731,1.1332,-0.35938,-0.085663
-0.63034,0.39279,-0.50076,-0.85792,1.1327,-0.3591,-0.08589
-0.63041,0.39301,-0.50093,-0.85839,1.1326,-0.35883,-0.085282
-0.63028,0.3933,-0.50042,-0.85908,1.1323,-0.3589,-0.084496
-0.63016,0.39361,-0.49992,-0.85968,1.132,-0.35862,-0.083675
-0.63014,0.39375,-0.49961,-0.86035,1.1314,-0.35821,-0.083105
-0.63021,0.39399,-0.49953,-0.861,1.1307,-0.35797,-0.083252
-0.63047,0.39454,-0.49973,-0.86136,1.1299,-0.35765,-0.083654
-0.6306,0.39515,-0.49992,-0.8618,1.1294,-0.35703,-0.084025
-0.63078,0.39568,-0.50027,-0.86238,1.1289,-0.3565,-0.084631
-0.63094,0.39624,-0.50039,-0.86307,1.1288,-0.35624,-0.085109
-0.63123,0.39686,-0.50051,-0.8638,1.1287,-0.35576,-0.085257
-0.63121,0.3974,-0.50034,-0.86456,1.1285,-0.35583,-0.085036
-0.63108,0.39797,-0.50002,-0.86537,1.1281,-0.35579,-0.084639
-0.6311,0.39889,-0.49979,-0.86622,1.1275,-0.35536,-0.084898
-0.63106,0.40023,-0.49942,-0.86696,1.1267,-0.3553,-0.084387
-0.63114,0.40202,-0.49935,-0.8675,1.126,-0.35523,-0.084082
-0.63126,0.40391,-0.4997,-0.86814,1.1254,-0.35504,-0.084146
-0.63139,0.40573,-0.50051,-0.86869,1.1247,-0.35473,-0.084693
-0.63164,0.40755,-0.50153,-0.86936,1.1243,-0.35425,-0.085612
-0.63183,0.40911,-0.50294,-0.86971,1.1244,-0.35375,-0.086172
-0.63234,0.41056,-0.50486,-0.87011,1.1244,-0.35287,-0.086676
-0.63272,0.41223,-0.50701,-0.87065,1.1246,-0.3525,-0.087016
-0.63342,0.41434,-0.50946,-0.87104,1.1245,-0.35221,-0.086941
-0.63403,0.41631,-0.51204,-0.87139,1.1245,-0.35185,-0.086461
-0.63468,0.41853,-0.51461,-0.87194,1.1244,-0.3517,-0.085989
-0.63536,0.42117,-0.51666,-0.87276,1.1239,-0.35153,-0.08554
-0.63597,0.42419,-0.51851,-0.87367,1.1233,-0.35134,-0.08537
-0.63658,0.42738,-0.52013,-0.87469,1.1225,-0.35109,-0.085371
-0.6374,0.43027,-0.52206,-0.87585,1.1215,-0.35088,-0.085778
-0.63804,0.43293,-0.52374,-0.87701,1.1205,-0.35054,-0.086442
-0.63861,0.43544,-0.52503,-0.87794,1.1196,-0.35027,-0.087114
-0.63895,0.43791,-0.52612,-0.87875,1.1192,-0.34965,-0.087453
-0.63938,0.44019,-0.52712,-0.87939,1.1188,-0.34928,-0.087472
-0.63963,0.44205,-0.52779,-0.87994,1.1184,-0.34906,-0.087377
-0.63985,0.44381,-0.52824,-0.88053,1.1183,-0.34889,-0.087258
-0.64009,0.4456,-0.52891,-0.88099,1.1179,-0.34874,-0.087246
-0.64053,0.44736,-0.53006,-0.88147,1.1177,-0.34866,-0.087131
-0.64071,0.44913,-0.53084,-0.88203,1.1174,-0.34858,-0.087148
-0.64081,0.45072,-0.53186,-0.88276,1.1171,-0.34837,-0.087338
-0.64082,0.45226,-0.53247,-0.88349,1.1168,-0.34828,-0.087704
-0.64084,0.45337,-0.53299,-0.88444,1.1164,-0.34779,-0.088254
-0.64064,0.45442,-0.53332,-0.88505,1.1163,-0.34691,-0.088738
-0.64034,0.45522,-0.53342,-0.88587,1.116,-0.34598,-0.0895
-0.6397,0.4558,-0.53303,-0.88669,1.1157,-0.34508,-0.090007
-0.63909,0.45639,-0.53252,-0.88763,1.1153,-0.34442,-0.090255
-0.63854,0.45689,-0.53216,-0.88864,1.1148,-0.34396,-0.090223
-0.63783,0.45736,-0.53172,-0.88986,1.1141,-0.34349,-0.090335
-0.63739,0.45794,-0.53158,-0.89103,1.1134,-0.34308,-0.090675
-0.6369,0.45846,-0.53132,-0.89246,1.1123,-0.34257,-0.091318
-0.63659,0.45884,-0.53131,-0.89397,1.1115,-0.34194,-0.09222
-0.63624,0.45891,-0.53088,-0.89555,1.1105,-0.34102,-0.093041
-0.6359,0.45875,-0.53008,-0.89709,1.1097,-0.33992,-0.093623
-0.63533,0.45831,-0.52888,-0.89861,1.1088,-0.3388,-0.094156
-0.63466,0.45752,-0.52752,-0.90004,1.1079,-0.33778,-0.094702
-0.63371,0.45652,-0.52596,-0.90157,1.1068,-0.3367,-0.094982
-0.63273,0.45543,-0.52422,-0.90291,1.1057,-0.33568,-0.095092
-0.63157,0.45423,-0.52259,-0.9044,1.1046,-0.33461,-0.095227
-0.63038,0.4528,-0.52107,-0.90586,1.1034,-0.33339,-0.095363
-0.62916,0.45109,-0.51948,-0.90756,1.1023,-0.33238,-0.095559
-0.62815,0.44955,-0.51816,-0.90915,1.1014,-0.33134,-0.095572
-0.62705,0.44791,-0.5168,-0.91108,1.1005,-0.33001,-0.095493
-0.62615,0.44613,-0.51535,-0.91301,1.0995,-0.32882,-0.09529
-0.62537,0.44434,-0.51368,-0.91477,1.0982,-0.32774,-0.094958
-0.62428,0.44268,-0.51179,-0.91622,1.097,-0.3267,-0.09435
-0.62285,0.44081,-0.50936,-0.9177,1.0954,-0.3256,-0.093909
-0.62096,0.43884,-0.50655,-0.91922,1.094,-0.32427,-0.093567
-0.61905,0.43687,-0.50369,-0.92089,1.0925,-0.32311,-0.093495
-0.61693,0.43488,-0.50093,-0.92251,1.0914,-0.32186,-0.093399
-0.6149,0.4329,-0.49823,-0.92411,1.0907,-0.32013,-0.092871
-0.61298,0.43075,-0.49558,-0.92586,1.0901,-0.31829,-0.092255
-0.61119,0.4285,-0.49287,-0.92759,1.0894,-0.31589,-0.091563
-0.60961,0.42599,-0.49035,-0.92923,1.0884,-0.31303,-0.090903
-0.608,0.4239,-0.48822,-0.93065,1.0872,-0.31021,-0.090434
-0.60652,0.42209,-0.48615,-0.93205,1.0857,-0.3079,-0.090215
-0.60507,0.4205,-0.48436,-0.93354,1.0843,-0.30648,-0.09023
-0.60358,0.41914,-0.48271,-0.93515,1.0828,-0.30491,-0.090461
-0.60204,0.41784,-0.48083,-0.93685,1.0813,-0.30354,-0.090781
-0.6005,0.41674,-0.47896,-0.93853,1.08,-0.30199,-0.091392
-0.59881,0.41566,-0.47719,-0.94031,1.0792,-0.29982,-0.091532
-0.59735,0.41477,-0.47548,-0.94205,1.0783,-0.29755,-0.091237
-0.59602,0.41426,-0.47388,-0.94363,1.0776,-0.29517,-0.090801
-0.59461,0.41361,-0.47204,-0.94504,1.077,-0.29332,-0.089897
-0.59301,0.41311,-0.46952,-0.94674,1.0759,-0.29166,-0.089463
-0.59143,0.41262,-0.46681,-0.94847,1.0745,-0.29013,-0.089628
-0.58947,0.41201,-0.46388,-0.95027,1.0729,-0.28857,-0.090166
-0.58737,0.41133,-0.46067,-0.9525,1.0709,-0.28719,-0.091168
-0.58539,0.4105,-0.45822,-0.95477,1.0689,-0.28556,-0.092294
-0.5832,0.40985,-0.45619,-0.95692,1.0673,-0.28367,-0.093396
-0.5814,0.40902,-0.45472,-0.95907,1.0661,-0.28177,-0.094039
-0.57984,0.40834,-0.45363,-0.96104,1.065,-0.2799,-0.094319
-0.57842,0.40791,-0.45302,-0.96262,1.0643,-0.27789,-0.093905
-0.57719,0.40719,-0.45237,-0.96424,1.0637,-0.27591,-0.093185
-0.57605,0.40658,-0.45157,-0.9657,1.063,-0.27349,-0.092265
-0.57459,0.40584,-0.45025,-0.9673,1.0621,-0.27136,-0.091897
-0.57283,0.40521,-0.44858,-0.96912,1.0611,-0.26914,-0.09199
-0.57107,0.4047,-0.44641,-0.97095,1.0599,-0.26721,-0.092435
-0.56886,0.40409,-0.44387,-0.97311,1.0587,-0.26523,-0.09309
-0.56694,0.40401,-0.44136,-0.97545,1.0573,-0.26308,-0.093833
-0.56482,0.40231,-0.43839,-0.97787,1.056,-0.26084,-0.09423
-0.56325,0.40145,-0.4358,-0.98024,1.0544,-0.25897,-0.094587
-0.56148,0.40022,-0.43327,-0.98274,1.0528,-0.25745,-0.094431
-0.56016,0.39986,-0.43111,-0.9852,1.0511,-0.25592,-0.094295
-0.55865,0.39884,-0.4287,-0.98766,1.0494,-0.25446,-0.09445
-0.5571,0.39734,-0.426,-0.99009,1.0476,-0.25269,-0.094848
-0.55546,0.3967,-0.42353,-0.99269,1.046,-0.25077,-0.095757
-0.55369,0.39592,-0.42127,-0.9955,1.0444,-0.24879,-0.096852
-0.55189,0.3957,-0.41887,-0.9984,1.0427,-0.2466,-0.097787
-0.55017,0.39499,-0.41648,-1.0014,1.0412,-0.24411,-0.098498
-0.54828,0.39427,-0.41413,-1.0046,1.0395,-0.24172,-0.099142
-0.54644,0.39297,-0.41184,-1.0077,1.0377,-0.2396,-0.099243
-0.54491,0.39218,-0.40989,-1.0106,1.0361,-0.23765,-0.09875
-0.54362,0.39202,-0.4081,-1.0132,1.0343,-0.23581,-0.098096
-0.54206,0.39112,-0.4063,-1.0157,1.0327,-0.23393,-0.097534
-0.54034,0.39028,-0.40454,-1.0181,1.031,-0.23208,-0.097594
-0.53852,0.38912,-0.40264,-1.0207,1.0291,-0.22987,-0.098226
-0.53699,0.38831,-0.40084,-1.0232,1.0273,-0.22758,-0.099101
-0.53577,0.38816,-0.39934,-1.0259,1.0256,-0.22491,-0.1003
-0.53442,0.38718,-0.3975,-1.0287,1.024,-0.22193,-0.1014
-0.5332,0.38646,-0.3958,-1.0315,1.0228,-0.21894,-0.1022
-0.53188,0.38612,-0.39394,-1.0342,1.0214,-0.21662,-0.1025
-0.53084,0.38596,-0.39243,-1.037,1.0198,-0.21481,-0.10242
-0.52965,0.38563,-0.39045,-1.0398,1.0181,-0.21309,-0.1018
-0.52855,0.38489,-0.38884,-1.0426,1.0163,-0.21111,-0.10112
-0.52716,0.38388,-0.38716,-1.0454,1.0142,-0.20905,-0.1005
-0.52559,0.38243,-0.38573,-1.0484,1.0124,-0.20701,-0.1004
-0.5241,0.38201,-0.38378,-1.0515,1.0104,-0.20505,-0.10085
-0.52288,0.38166,-0.38199,-1.0546,1.0084,-0.20309,-0.10191
-0.52141,0.38105,-0.37996,-1.0576,1.0064,-0.20101,-0.10277
-0.52023,0.38034,-0.37823,-1.0605,1.0045,-0.19902,-0.1032
-0.51913,0.37974,-0.37704,-1.0631,1.003,-0.19728,-0.10302
-0.51798,0.37947,-0.37591,-1.0657,1.0017,-0.1957,-0.10279
-0.51664,0.3788,-0.37506,-1.0681,1.0003,-0.19415,-0.10222
-0.51523,0.37806,-0.37399,-1.0706,0.99893,-0.19273,-0.1018
-0.51338,0.37731,-0.37263,-1.0729,0.99779,-0.19118,-0.10177
-0.51111,0.3758,-0.3704,-1.0754,0.99664,-0.18983,-0.10221
-0.50886,0.37376,-0.36791,-1.0779,0.99529,-0.18811,-0.10264
-0.50669,0.37165,-0.36559,-1.0804,0.99383,-0.18646,-0.10364
-0.50491,0.36988,-0.36359,-1.0826,0.99233,-0.18445,-0.10428
-0.50333,0.36813,-0.36252,-1.0847,0.991,-0.18273,-0.10486
-0.5022,0.36748,-0.36195,-1.0867,0.98984,-0.18155,-0.10518
-0.50119,0.36713,-0.36122,-1.0884,0.98863,-0.18055,-0.10505
-0.50039,0.36692,-0.361,-1.09,0.98764,-0.17958,-0.10463
-0.49968,0.36641,-0.36076,-1.0916,0.98655,-0.17842,-0.10413
-0.49871,0.36606,-0.36014,-1.0927,0.98539,-0.17727,-0.10356
-0.49759,0.36533,-0.35915,-1.0941,0.9844,-0.17635,-0.10369
-0.49636,0.3646,-0.35755,-1.0955,0.98355,-0.17513,-0.10424
-0.49515,0.36388,-0.3556,-1.0971,0.98287,-0.17377,-0.10514
-0.49415,0.36308,-0.35392,-1.0986,0.98221,-0.17231,-0.10601
-0.49322,0.36232,-0.35228,-1.1001,0.98168,-0.17116,-0.10706
-0.49227,0.36137,-0.35048,-1.1016,0.98071,-0.17006,-0.108
-0.49131,0.3605,-0.34869,-1.1031,0.97973,-0.16964,-0.10856
-0.49051,0.35964,-0.34681,-1.1043,0.97862,-0.16972,-0.10836
-0.48965,0.35886,-0.34506,-1.1054,0.97754,-0.17002,-0.10781
-0.4887,0.35829,-0.34309,-1.1066,0.97666,-0.17008,-0.10726
-0.48766,0.35769,-0.34128,-1.1077,0.976,-0.17018,-0.10694
-0.48658,0.35701,-0.33961,-1.109,0.97529,-0.16978,-0.10723
-0.48548,0.3564,-0.33849,-1.1099,0.97499,-0.1692,-0.10772
-0.48447,0.35584,-0.33769,-1.1107,0.97467,-0.1688,-0.10819
-0.48381,0.35522,-0.33751,-1.1116,0.97447,-0.16832,-0.10854
-0.48348,0.3546,-0.33749,-1.1121,0.97415,-0.16784,-0.10848
-0.48329,0.35389,-0.33739,-1.1128,0.97371,-0.16755,-0.10802
-0.48339,0.35348,-0.33746,-1.1133,0.97329,-0.16729,-0.10709
-0.48332,0.35337,-0.33719,-1.1137,0.97332,-0.16688,-0.10582
-0.4832,0.35322,-0.33671,-1.1141,0.97319,-0.16659,-0.1048
-0.48306,0.35284,-0.33566,-1.1147,0.973,-0.16644,-0.10405
-0.48235,0.35246,-0.33424,-1.1155,0.97297,-0.16639,-0.1041
-0.48163,0.35214,-0.33281,-1.1162,0.97277,-0.16628,-0.10477
-0.48093,0.35174,-0.33142,-1.117,0.9724,-0.16615,-0.10559
-0.48007,0.35185,-0.33015,-1.1176,0.97183,-0.16596,-0.10629
-0.47918,0.35173,-0.32897,-1.1183,0.97157,-0.16569,-0.10653
-0.4784,0.3517,-0.32775,-1.1188,0.97124,-0.16549,-0.10639
-0.47758,0.3516,-0.32686,-1.1193,0.97101,-0.16562,-0.10607
-0.47681,0.35143,-0.32602,-1.1196,0.97086,-0.16539,-0.10548
-0.47611,0.35111,-0.3253,-1.1201,0.97063,-0.16533,-0.10499
-0.47513,0.35071,-0.32486,-1.1207,0.97085,-0.16512,-0.10478
-0.47423,0.35039,-0.32479,-1.1214,0.97073,-0.16504,-0.10486
-0.47322,0.35052,-0.32489,-1.1219,0.97072,-0.16491,-0.10505
-0.47219,0.35062,-0.32518,-1.1224,0.97038,-0.16488,-0.10518
-0.47123,0.35092,-0.32537,-1.1228,0.96995,-0.16465,-0.10536
-0.47046,0.35138,-0.32556,-1.123,0.96938,-0.16472,-0.10567
-0.46977,0.35162,-0.32596,-1.1233,0.96903,-0.16459,-0.10591
-0.46919,0.35179,-0.32604,-1.1237,0.96868,-0.1646,-0.10596
-0.46865,0.35205,-0.32599,-1.124,0.96867,-0.16456,-0.10554
-0.46811,0.35262,-0.32585,-1.1242,0.96904,-0.16444,-0.10528
-0.46779,0.35336,-0.32563,-1.1243,0.9693,-0.1645,-0.10518
-0.46701,0.35406,-0.32517,-1.1246,0.9695,-0.16449,-0.10507
-0.46638,0.35472,-0.32479,-1.1246,0.96975,-0.16453,-0.10519
-0.4659,0.35522,-0.32438,-1.1249,0.96977,-0.16471,-0.1054
-0.46538,0.35564,-0.32365,-1.125,0.96979,-0.16485,-0.10572
-0.46516,0.356,-0.32302,-1.1251,0.96973,-0.16498,-0.10592
-0.46507,0.35644,-0.32241,-1.1252,0.96951,-0.16525,-0.10645
-0.46522,0.35666,-0.32194,-1.1253,0.96918,-0.16532,-0.10649
-0.4653,0.3568,-0.32172,-1.1255,0.96902,-0.16525,-0.10639
-0.46549,0.35721,-0.32181,-1.1254,0.96904,-0.16524,-0.10585
-0.46556,0.35752,-0.32193,-1.1254,0.96926,-0.16515,-0.10522
-0.46574,0.35793,-0.32202,-1.1254,0.96942,-0.165,-0.1047
-0.46568,0.35847,-0.32215,-1.1254,0.96966,-0.1651,-0.10408
-0.46594,0.35883,-0.32234,-1.1256,0.96966,-0.16521,-0.10388
-0.46627,0.3591,-0.32269,-1.1258,0.96966,-0.16507,-0.10378
-0.46683,0.35947,-0.32321,-1.1259,0.96947,-0.16501,-0.10408
-0.46736,0.35985,-0.32367,-1.126,0.96906,-0.16517,-0.10445
-0.468,0.36038,-0.32415,-1.1259,0.96909,-0.16521,-0.10464
-0.46849,0.36075,-0.32474,-1.1257,0.9694,-0.16515,-0.10472
-0.46916,0.36124,-0.32544,-1.1257,0.96963,-0.16522,-0.10457
-0.46961,0.36163,-0.32597,-1.1255,0.97,-0.16533,-0.10421
-0.47004,0.36208,-0.32633,-1.1253,0.97005,-0.16543,-0.10374
-0.47052,0.36228,-0.32674,-1.1253,0.96996,-0.16549,-0.10349
-0.47119,0.36271,-0.3269,-1.1254,0.96998,-0.16577,-0.1035
-0.47195,0.36347,-0.32694,-1.1257,0.96993,-0.16591,-0.10368
-0.47261,0.36389,-0.3274,-1.126,0.96996,-0.16576,-0.10386
-0.47336,0.36439,-0.32787,-1.1261,0.96998,-0.16591,-0.10452
-0.47398,0.36464,-0.32894,-1.1258,0.97002,-0.16604,-0.10497
-0.47446,0.36443,-0.32994,-1.1256,0.97014,-0.16591,-0.1053
-0.47473,0.3646,-0.33079,-1.125,0.97031,-0.16617,-0.10541
-0.47495,0.3654,-0.33159,-1.1244,0.97076,-0.16639,-0.10524
-0.47519,0.36586,-0.33202,-1.124,0.97086,-0.16651,-0.10507
-0.47536,0.36627,-0.33166,-1.1238,0.97074,-0.16678,-0.10508
-0.47552,0.36684,-0.33149,-1.1238,0.97103,-0.16674,-0.1049
-0.47584,0.36718,-0.33157,-1.124,0.97117,-0.16676,-0.10504
-0.47631,0.36765,-0.33205,-1.1242,0.97123,-0.16669,-0.10501
-0.47645,0.36843,-0.33249,-1.1242,0.97141,-0.16669,-0.10499
-0.47675,0.36913,-0.33303,-1.1244,0.97144,-0.16663,-0.10497
-0.47689,0.36943,-0.33341,-1.1242,0.9716,-0.16679,-0.10494
-0.47676,0.36896,-0.33322,-1.124,0.97156,-0.1669,-0.10465
-0.47676,0.3682,-0.33304,-1.1236,0.97165,-0.16712,-0.10434
-0.47669,0.36746,-0.3327,-1.1234,0.97164,-0.16723,-0.10399
-0.47666,0.36693,-0.33257,-1.1233,0.97203,-0.16733,-0.10351
-0.47687,0.36671,-0.3325,-1.1235,0.97207,-0.16741,-0.10332
-0.47697,0.36685,-0.33247,-1.1236,0.97235,-0.16732,-0.10347
-0.47716,0.36719,-0.3325,-1.1239,0.97234,-0.1674,-0.10372
-0.47738,0.36754,-0.33285,-1.1241,0.97215,-0.16733,-0.10381
-0.47777,0.36816,-0.33333,-1.1242,0.9719,-0.16727,-0.10368
-0.4779,0.36869,-0.33363,-1.1242,0.97206,-0.16751,-0.10336
-0.47825,0.36918,-0.33378,-1.1243,0.97193,-0.16774,-0.10299
-0.47911,0.36971,-0.33441,-1.124,0.97178,-0.16817,-0.10314
-0.47958,0.37001,-0.33469,-1.1239,0.97203,-0.16834,-0.10289
-0.48009,0.37025,-0.33514,-1.1239,0.97232,-0.16829,-0.10193
-0.48071,0.3705,-0.33563,-1.1239,0.97253,-0.16845,-0.10154
-0.48127,0.37097,-0.33622,-1.1239,0.97278,-0.16829,-0.10147
-0.48201,0.37126,-0.33688,-1.1241,0.97265,-0.16847,-0.10168
-0.48204,0.37166,-0.33689,-1.1242,0.97303,-0.16846,-0.10188
-0.48257,0.37217,-0.33735,-1.1242,0.97286,-0.16832,-0.10211
-0.4831,0.37268,-0.33777,-1.1241,0.97273,-0.16833,-0.10199
-0.48348,0.37277,-0.33778,-1.1241,0.97273,-0.16851,-0.10178
-0.48393,0.37285,-0.33762,-1.1242,0.9727,-0.16903,-0.10201
-0.48422,0.37297,-0.33766,-1.1243,0.97278,-0.16949,-0.10173
-0.48463,0.37293,-0.33781,-1.1245,0.97278,-0.16959,-0.10145
-0.48505,0.37298,-0.33801,-1.1245,0.97269,-0.16981,-0.10103
-0.48544,0.37309,-0.33838,-1.1245,0.97269,-0.16981,-0.10081
-0.48583,0.37302,-0.33888,-1.1243,0.97248,-0.16978,-0.10061
-0.48625,0.37304,-0.33949,-1.1244,0.97209,-0.16985,-0.1008
-0.48672,0.37317,-0.3403,-1.1244,0.97197,-0.16985,-0.10112
-0.48718,0.37328,-0.34101,-1.1242,0.97195,-0.16988,-0.10157
-0.48754,0.37339,-0.34147,-1.124,0.97203,-0.16979,-0.10196
-0.48795,0.37354,-0.34198,-1.1239,0.97224,-0.16974,-0.10202
-0.48825,0.37369,-0.34245,-1.1238,0.97274,-0.16966,-0.10192
-0.48851,0.37373,-0.34288,-1.1238,0.97318,-0.16965,-0.10166
-0.48877,0.37395,-0.34311,-1.1237,0.9734,-0.16967,-0.10113
-0.48899,0.37416,-0.34334,-1.1238,0.97362,-0.1697,-0.10058
-0.48921,0.3745,-0.34345,-1.1238,0.97343,-0.16976,-0.10019
-0.48942,0.37468,-0.34349,-1.1242,0.97317,-0.16971,-0.10029
-0.48939,0.37504,-0.34354,-1.1242,0.97283,-0.16969,-0.10054
-0.48937,0.37532,-0.34357,-1.1243,0.97258,-0.16966,-0.10114
-0.48948,0.37559,-0.34388,-1.1243,0.97248,-0.1696,-0.10162
-0.48962,0.37588,-0.34394,-1.1246,0.97243,-0.16943,-0.10191
-0.48965,0.37631,-0.3442,-1.1246,0.97298,-0.16943,-0.10205
-0.48967,0.37651,-0.34426,-1.1247,0.97327,-0.16953,-0.10183
-0.48963,0.37664,-0.34439,-1.1249,0.97343,-0.16931,-0.10129
-0.4896,0.37678,-0.34452,-1.125,0.97358,-0.16943,-0.10062
-0.48979,0.37692,-0.34485,-1.1251,0.97346,-0.1693,-0.10012
-0.48986,0.37711,-0.34525,-1.1251,0.97335,-0.16933,-0.099978
-0.48995,0.37738,-0.3457,-1.125,0.97341,-0.16933,-0.10011
-0.49004,0.37765,-0.34615,-1.125,0.9733,-0.16952,-0.10041
-0.49009,0.37797,-0.34642,-1.1247,0.97306,-0.16964,-0.10061
-0.49013,0.37813,-0.34647,-1.1247,0.97285,-0.1697,-0.10074
-0.49023,0.37831,-0.34655,-1.1246,0.97252,-0.16961,-0.10069
-0.49024,0.37852,-0.34642,-1.1242,0.97234,-0.16974,-0.10051
-0.49024,0.37862,-0.34635,-1.124,0.97212,-0.16988,-0.1004
-0.4904,0.37877,-0.34642,-1.1236,0.97198,-0.16997,-0.10001
-0.49044,0.37903,-0.3464,-1.1232,0.97218,-0.17003,-0.099738
-0.49059,0.37919,-0.34647,-1.1228,0.97255,-0.1699,-0.099484
-0.49078,0.3793,-0.34672,-1.1227,0.97289,-0.16974,-0.099587
-0.49104,0.37953,-0.34719,-1.1224,0.97339,-0.16958,-0.09973
-0.49126,0.3796,-0.34761,-1.1222,0.97367,-0.16967,-0.1
-0.49161,0.37975,-0.34811,-1.122,0.97369,-0.16956,-0.09989
-0.49192,0.37989,-0.34878,-1.1219,0.97369,-0.16974,-0.099918
-0.49224,0.3801,-0.34885,-1.122,0.97336,-0.16974,-0.099874
-0.49248,0.38021,-0.34924,-1.1221,0.97309,-0.16984,-0.099947
-0.49262,0.38027,-0.34919,-1.1221,0.97291,-0.16995,-0.09995
-0.4926,0.38032,-0.34883,-1.1221,0.97286,-0.17015,-0.099594
-0.49267,0.38041,-0.34832,-1.1223,0.97275,-0.17018,-0.099294
-0.49259,0.38035,-0.3477,-1.1224,0.97282,-0.17054,-0.099144
-0.49249,0.38047,-0.34717,-1.1225,0.97294,-0.17048,-0.099123
-0.49243,0.38066,-0.34675,-1.1225,0.97321,-0.17072,-0.099345
-0.49243,0.38086,-0.34662,-1.1225,0.97359,-0.17061,-0.099153
-0.49262,0.38108,-0.3468,-1.1224,0.97372,-0.17062,-0.099052
-0.49272,0.38144,-0.34723,-1.1224,0.97375,-0.17065,-0.099055
-0.49259,0.38213,-0.34777,-1.1223,0.97394,-0.1706,-0.099159
-0.49308,0.38259,-0.34851,-1.1225,0.97365,-0.17058,-0.099369
-0.49334,0.383,-0.34935,-1.1223,0.97366,-0.17034,-0.099205
-0.49349,0.38294,-0.35008,-1.1224,0.97344,-0.17027,-0.09916
-0.49352,0.38308,-0.3503,-1.1225,0.97324,-0.17019,-0.09902
-0.49372,0.38348,-0.35044,-1.1227,0.9729,-0.17003,-0.098877
-0.49376,0.3841,-0.35008,-1.1228,0.97284,-0.16996,-0.098704
-0.49361,0.38421,-0.34911,-1.1231,0.97285,-0.16993,-0.098709
-0.49353,0.38405,-0.34793,-1.1233,0.97308,-0.16979,-0.098472
-0.49326,0.38455,-0.34703,-1.1233,0.97344,-0.16979,-0.09865
-0.4935,0.38504,-0.34674,-1.1234,0.97337,-0.16987,-0.098665
-0.49358,0.38581,-0.34654,-1.1233,0.97324,-0.1699,-0.098799
-0.49389,0.38659,-0.34673,-1.1234,0.97316,-0.16991,-0.098797
-0.49404,0.38751,-0.34688,-1.1234,0.97309,-0.17001,-0.098778
-0.49422,0.38775,-0.34679,-1.1235,0.97284,-0.17017,-0.098734
-0.49425,0.38736,-0.34666,-1.1234,0.97276,-0.17016,-0.098663
-0.49422,0.38663,-0.34645,-1.1234,0.97269,-0.17016,-0.098697
-0.49425,0.38601,-0.34653,-1.1233,0.97283,-0.17017,-0.098802
-0.4943,0.38543,-0.34667,-1.1233,0.97286,-0.17006,-0.09875
-0.4944,0.38525,-0.34686,-1.1232,0.97285,-0.16988,-0.098722
-0.49458,0.38516,-0.34724,-1.1234,0.97277,-0.16993,-0.098846
-0.49494,0.38532,-0.34749,-1.1233,0.9726,-0.16996,-0.099007
-0.49521,0.38556,-0.34781,-1.1235,0.9725,-0.16994,-0.098825
-0.49544,0.38595,-0.34788,-1.1235,0.97236,-0.17,-0.098576
-0.49574,0.38613,-0.34818,-1.1236,0.97218,-0.17004,-0.09819
-0.49591,0.38609,-0.3482,-1.1235,0.97206,-0.17021,-0.09815
-0.49591,0.38594,-0.34823,-1.1234,0.97202,-0.17022,-0.098165
-0.49613,0.38584,-0.34849,-1.1234,0.97212,-0.17014,-0.098115
-0.49632,0.38576,-0.34857,-1.1233,0.97224,-0.17012,-0.098031
-0.49667,0.38573,-0.3489,-1.1234,0.97224,-0.16981,-0.098212
-0.49695,0.3856,-0.3493,-1.1234,0.97232,-0.16972,-0.098389
-0.49721,0.3857,-0.3496,-1.1235,0.97215,-0.1697,-0.098769
-0.49753,0.38581,-0.34974,-1.1236,0.97203,-0.16958,-0.098904
-0.49773,0.38581,-0.34991,-1.1238,0.97206,-0.1696,-0.098992
-0.49787,0.38594,-0.34982,-1.1238,0.97208,-0.16966,-0.098888
-0.498,0.38606,-0.34961,-1.1238,0.97197,-0.16961,-0.09864
-0.49799,0.38605,-0.34928,-1.1238,0.9719,-0.16952,-0.098498
-0.49781,0.38592,-0.34877,-1.1238,0.97215,-0.16976,-0.098606
-0.49775,0.38574,-0.34835,-1.124,0.97241,-0.16965,-0.098405
-0.49755,0.38498,-0.34789,-1.1241,0.97254,-0.16976,-0.098416
-0.49739,0.38438,-0.34752,-1.1242,0.97246,-0.16975,-0.098343
-0.49735,0.38423,-0.34743,-1.1243,0.97234,-0.16977,-0.098374
-0.49739,0.38428,-0.34759,-1.1245,0.97205,-0.16981,-0.098504
-0.49752,0.38445,-0.34778,-1.1243,0.97196,-0.16985,-0.098362
-0.49773,0.38453,-0.34789,-1.1245,0.97185,-0.16985,-0.098295
-0.49772,0.38468,-0.34784,-1.1245,0.97194,-0.1698,-0.098336
-0.49776,0.38481,-0.34818,-1.1244,0.97225,-0.1698,-0.098346
-0.49774,0.38485,-0.3482,-1.1245,0.9725,-0.16983,-0.098434
-0.49772,0.38495,-0.3482,-1.1244,0.97281,-0.16981,-0.098339
-0.49759,0.38499,-0.3483,-1.1243,0.97325,-0.16981,-0.098244
-0.49778,0.38512,-0.3483,-1.1242,0.97315,-0.16985,-0.09813
-0.49805,0.38527,-0.3484,-1.124,0.97326,-0.16996,-0.098238
-0.49816,0.38554,-0.34806,-1.1239,0.97326,-0.16991,-0.098124
-0.49831,0.38581,-0.34775,-1.124,0.97321,-0.16992,-0.098156
-0.49825,0.38603,-0.34721,-1.1241,0.97341,-0.17028,-0.09808
-0.49816,0.38609,-0.34669,-1.1244,0.97341,-0.17028,-0.09798
-0.49828,0.3862,-0.3464,-1.1246,0.97337,-0.17042,-0.097742
-0.49825,0.38634,-0.34621,-1.1248,0.97352,-0.17043,-0.097592
-0.49829,0.38633,-0.34614,-1.125,0.97355,-0.17033,-0.097644
