-0.55818,0.31762,-0.38022,-0.98497,1.0355,-0.18342,0.021936
-0.55803,0.31774,-0.37943,-0.98402,1.0352,-0.18526,0.021796
-0.55808,0.3179,-0.37935,-0.98398,1.035,-0.18534,0.022107
-0.55801,0.31785,-0.37942,-0.98404,1.0349,-0.18528,0.022579
-0.55798,0.31779,-0.37966,-0.98415,1.0351,-0.18523,0.02295
-0.55812,0.31769,-0.38021,-0.98429,1.0351,-0.18511,0.022891
-0.55819,0.31807,-0.38055,-0.98406,1.0353,-0.18512,0.02266
-0.55842,0.31812,-0.38136,-0.98397,1.0356,-0.1852,0.022514
-0.55872,0.31811,-0.38234,-0.98371,1.0356,-0.18508,0.022262
-0.55898,0.31819,-0.38298,-0.98341,1.0358,-0.18524,0.022244
-0.55896,0.31838,-0.38304,-0.98307,1.036,-0.1853,0.022229
-0.55898,0.3184,-0.38286,-0.98297,1.036,-0.18559,0.022027
-0.55886,0.31838,-0.3824,-0.98294,1.0361,-0.18566,0.022262
-0.5589,0.31852,-0.38177,-0.98308,1.0359,-0.18513,0.022545
-0.5587,0.31882,-0.38099,-0.98301,1.036,-0.18506,0.022718
-0.55883,0.31887,-0.38044,-0.98323,1.0356,-0.18496,0.022615
-0.55856,0.31943,-0.37948,-0.98304,1.0355,-0.18492,0.022497
-0.55874,0.31971,-0.37952,-0.98292,1.0356,-0.18501,0.022308
-0.55878,0.31999,-0.38002,-0.9828,1.0355,-0.18519,0.021996
-0.55903,0.32039,-0.38081,-0.98244,1.0356,-0.18522,0.021728
-0.55922,0.32084,-0.3818,-0.9823,1.0356,-0.1854,0.021283
-0.55936,0.32148,-0.38258,-0.98202,1.0359,-0.18494,0.02139
-0.55933,0.3223,-0.38347,-0.98159,1.0362,-0.18498,0.021384
-0.55935,0.32279,-0.38404,-0.98165,1.0363,-0.18507,0.021384
-0.55927,0.3235,-0.38434,-0.98147,1.0365,-0.18509,0.021569
-0.5592,0.32414,-0.3844,-0.98137,1.0366,-0.18518,0.021926
-0.55911,0.32456,-0.38423,-0.98161,1.0365,-0.18522,0.022083
-0.55918,0.32504,-0.3839,-0.98177,1.0363,-0.18523,0.022345
-0.55901,0.32536,-0.3836,-0.98183,1.0363,-0.18488,0.022384
-0.55893,0.32564,-0.38328,-0.98192,1.0362,-0.18489,0.022286
-0.55888,0.32597,-0.38308,-0.98192,1.0362,-0.18489,0.022286
-0.55904,0.3265,-0.38287,-0.98178,1.0362,-0.18508,0.022172
-0.55907,0.32713,-0.38288,-0.98162,1.0365,-0.1849,0.022167
-0.55893,0.32769,-0.38248,-0.98159,1.0365,-0.18695,0.021943
-0.55898,0.32844,-0.38232,-0.98168,1.0364,-0.18694,0.022103
-0.55912,0.32928,-0.38205,-0.98172,1.0363,-0.18695,0.022344
-0.55934,0.32989,-0.38198,-0.98218,1.0364,-0.18632,0.022852
-0.55944,0.33028,-0.38194,-0.98235,1.0364,-0.18624,0.023087
-0.55953,0.33051,-0.38186,-0.98238,1.0365,-0.18585,0.023287
-0.55938,0.33109,-0.3818,-0.9823,1.0367,-0.18587,0.023283
-0.55931,0.3318,-0.38173,-0.98219,1.0371,-0.18599,0.023289
-0.55943,0.33214,-0.38167,-0.98223,1.0371,-0.1859,0.023361
-0.55934,0.33206,-0.38128,-0.98226,1.0371,-0.18577,0.023722
-0.55936,0.33184,-0.38098,-0.98215,1.0372,-0.18597,0.023361
-0.55933,0.33165,-0.38086,-0.98222,1.0373,-0.1857,0.024101
-0.55961,0.3317,-0.38086,-0.98225,1.0371,-0.18572,0.024288
-0.55961,0.33208,-0.38051,-0.98204,1.0371,-0.18601,0.024518
-0.55981,0.33226,-0.38081,-0.98195,1.0374,-0.18582,0.024846
-0.55996,0.33231,-0.38094,-0.98192,1.0376,-0.18627,0.024699
-0.55996,0.33233,-0.38089,-0.98172,1.0379,-0.18619,0.024806
-0.55999,0.33191,-0.38032,-0.98153,1.038,-0.18609,0.024729
-0.55996,0.33158,-0.37948,-0.98132,1.0377,-0.18624,0.024283
-0.55998,0.33089,-0.37857,-0.98136,1.0375,-0.18607,0.024205
-0.56019,0.33041,-0.37812,-0.98129,1.0378,-0.18613,0.023876
-0.56042,0.33015,-0.378,-0.98111,1.0382,-0.18634,0.023727
-0.56066,0.32986,-0.37799,-0.98111,1.0386,-0.18627,0.023585
-0.56075,0.32986,-0.3782,-0.98101,1.0391,-0.18582,0.023737
-0.56104,0.32967,-0.37827,-0.98105,1.039,-0.18567,0.023891
-0.56109,0.32928,-0.37824,-0.98109,1.0388,-0.18567,0.023891
-0.56116,0.32859,-0.37826,-0.98123,1.0386,-0.18585,0.024085
-0.56102,0.32783,-0.37806,-0.98122,1.0386,-0.18589,0.024217
-0.56083,0.32691,-0.37783,-0.98082,1.0387,-0.18687,0.024233
-0.56068,0.32594,-0.3777,-0.98082,1.0387,-0.1867,0.024253
-0.56039,0.32479,-0.37775,-0.98087,1.039,-0.18654,0.024077
-0.56046,0.32351,-0.37809,-0.9808,1.039,-0.18667,0.023691
-0.56041,0.32233,-0.37848,-0.98059,1.0392,-0.18646,0.023682
-0.56038,0.32142,-0.37874,-0.98037,1.0393,-0.18636,0.023775
-0.56034,0.32089,-0.37894,-0.98009,1.0392,-0.1863,0.024156
-0.5602,0.32047,-0.37881,-0.97983,1.0391,-0.18633,0.024285
-0.56011,0.3201,-0.37826,-0.97971,1.0388,-0.1863,0.024364
-0.55987,0.3197,-0.37752,-0.97969,1.039,-0.18633,0.024416
-0.55959,0.31924,-0.37677,-0.97988,1.0392,-0.18606,0.024658
-0.5594,0.31856,-0.376,-0.97994,1.0396,-0.186,0.024879
-0.55932,0.31785,-0.37535,-0.9797,1.0398,-0.18595,0.024912
-0.55935,0.31737,-0.37488,-0.97932,1.04,-0.18669,0.024714
-0.5594,0.31723,-0.37469,-0.97879,1.0401,-0.18658,0.024528
-0.55951,0.31716,-0.37417,-0.97934,1.0399,-0.18435,0.024541
-0.55945,0.3171,-0.37371,-0.97894,1.0399,-0.18445,0.024524
-0.55957,0.31695,-0.37307,-0.97876,1.0399,-0.18453,0.0245
-0.55929,0.31661,-0.37242,-0.97888,1.0398,-0.18457,0.024282
-0.5592,0.31656,-0.37189,-0.97891,1.04,-0.18458,0.024366
-0.55903,0.3166,-0.37163,-0.9788,1.0406,-0.18465,0.024421
-0.55906,0.31667,-0.3716,-0.97844,1.041,-0.1847,0.024708
-0.559,0.31656,-0.37138,-0.97789,1.0415,-0.1849,0.02491
-0.55911,0.31685,-0.37121,-0.97742,1.0416,-0.18496,0.024837
-0.55897,0.31738,-0.37084,-0.97684,1.0416,-0.18492,0.02454
-0.5592,0.31772,-0.37045,-0.97648,1.041,-0.18513,0.024058
-0.55921,0.31828,-0.36967,-0.97622,1.0407,-0.18523,0.023686
-0.55939,0.31892,-0.36911,-0.97638,1.0403,-0.18534,0.02325
-0.55956,0.31958,-0.36838,-0.97646,1.0399,-0.1854,0.023236
-0.55946,0.32033,-0.36767,-0.97666,1.0398,-0.18533,0.02339
-0.55959,0.32117,-0.36724,-0.97686,1.0396,-0.18537,0.023784
-0.5596,0.32205,-0.36719,-0.97685,1.0396,-0.18521,0.024261
-0.55971,0.32302,-0.36717,-0.97672,1.0392,-0.18527,0.02425
-0.55988,0.32384,-0.36727,-0.97644,1.0387,-0.18507,0.02403
-0.56003,0.32479,-0.36738,-0.97601,1.038,-0.18534,0.023274
-0.56007,0.32564,-0.36734,-0.97567,1.0375,-0.18524,0.022617
-0.56032,0.32635,-0.36714,-0.97543,1.0371,-0.18541,0.022043
-0.56046,0.32707,-0.36683,-0.97539,1.037,-0.18551,0.021696
-0.56076,0.32784,-0.36667,-0.9753,1.0374,-0.18567,0.021647
-0.56097,0.32859,-0.36639,-0.97552,1.0378,-0.18562,0.021886
-0.56109,0.32936,-0.36592,-0.97554,1.0381,-0.18564,0.022131
-0.56117,0.33012,-0.36523,-0.97563,1.0381,-0.18563,0.02241
-0.56126,0.33069,-0.36442,-0.97578,1.0377,-0.18574,0.022619
-0.56147,0.3312,-0.36361,-0.97584,1.0372,-0.18563,0.022798
-0.56159,0.33171,-0.36285,-0.97584,1.0367,-0.18571,0.022522
-0.56179,0.33202,-0.3623,-0.97594,1.0361,-0.18583,0.021985
-0.56221,0.33238,-0.36203,-0.97589,1.0356,-0.18601,0.021769
-0.56271,0.33293,-0.36203,-0.97586,1.0351,-0.18584,0.021554
-0.56321,0.33356,-0.36236,-0.97553,1.0352,-0.18595,0.021591
-0.56373,0.33396,-0.36273,-0.97511,1.0353,-0.18617,0.021459
-0.56379,0.33424,-0.36293,-0.97492,1.0357,-0.18633,0.021325
-0.56461,0.33461,-0.36369,-0.97434,1.0359,-0.18656,0.021205
-0.56542,0.3351,-0.36434,-0.97383,1.0358,-0.18662,0.021161
-0.56645,0.33542,-0.36485,-0.97336,1.0357,-0.18674,0.021331
-0.56752,0.33552,-0.36523,-0.97294,1.0355,-0.18667,0.021386
-0.56856,0.33573,-0.36528,-0.97242,1.035,-0.18678,0.021341
-0.56964,0.33602,-0.36519,-0.97191,1.0345,-0.18684,0.020786
-0.57077,0.3362,-0.36495,-0.97139,1.0337,-0.18683,0.020144
-0.57193,0.33623,-0.36464,-0.97102,1.0332,-0.18694,0.019242
-0.57304,0.33651,-0.364,-0.97058,1.0327,-0.18705,0.018753
-0.57434,0.33664,-0.36324,-0.97029,1.0324,-0.18706,0.018952
-0.57569,0.33675,-0.36233,-0.97027,1.0321,-0.1872,0.01937
-0.57698,0.33672,-0.36145,-0.97009,1.0319,-0.18733,0.02014
-0.57815,0.33683,-0.36067,-0.96981,1.0317,-0.18743,0.020741
-0.57948,0.33724,-0.3602,-0.96928,1.0313,-0.18743,0.021045
-0.58121,0.33774,-0.36013,-0.96845,1.0307,-0.18755,0.020988
-0.58296,0.33786,-0.36023,-0.96756,1.0299,-0.18763,0.020524
-0.58493,0.33766,-0.36047,-0.96681,1.0288,-0.18782,0.019543
-0.58676,0.33769,-0.36048,-0.96594,1.0282,-0.18804,0.018461
-0.58856,0.33794,-0.3603,-0.9652,1.0279,-0.18807,0.017632
-0.59086,0.33825,-0.35996,-0.96443,1.0283,-0.18799,0.017439
-0.59294,0.3384,-0.35907,-0.96371,1.029,-0.18797,0.017761
-0.59521,0.33836,-0.3581,-0.96309,1.0297,-0.18787,0.018729
-0.59744,0.33872,-0.35705,-0.96225,1.0303,-0.18773,0.019708
-0.59951,0.33866,-0.35611,-0.96169,1.0305,-0.18759,0.020443
-0.60198,0.33915,-0.35465,-0.96091,1.03,-0.18758,0.020542
-0.60424,0.33971,-0.35321,-0.96011,1.0289,-0.18769,0.020267
-0.60623,0.34051,-0.35146,-0.95931,1.0273,-0.18766,0.019639
-0.60839,0.34096,-0.34918,-0.95861,1.0254,-0.18788,0.018875
-0.61006,0.34087,-0.34617,-0.95797,1.0235,-0.18803,0.017779
-0.61231,0.34101,-0.34344,-0.95768,1.0221,-0.18829,0.016804
-0.61433,0.34082,-0.34049,-0.95734,1.0213,-0.1885,0.01631
-0.61604,0.3407,-0.338,-0.95706,1.0212,-0.18875,0.016347
-0.61856,0.3409,-0.33645,-0.95679,1.0215,-0.18876,0.016758
-0.62077,0.3414,-0.33544,-0.95657,1.0219,-0.18892,0.017336
-0.62325,0.34164,-0.33445,-0.9559,1.0222,-0.1889,0.018054
-0.62572,0.34223,-0.33389,-0.95518,1.0217,-0.18874,0.01849
-0.62822,0.34301,-0.3339,-0.95421,1.0205,-0.18874,0.018365
-0.63081,0.34335,-0.33288,-0.95307,1.0188,-0.18878,0.017743
-0.63352,0.34396,-0.33254,-0.95191,1.0166,-0.18871,0.016716
-0.63647,0.34443,-0.33201,-0.951,1.0149,-0.18859,0.015503
-0.63917,0.34504,-0.33144,-0.95013,1.0143,-0.18812,0.014676
-0.64215,0.34574,-0.33106,-0.9495,1.0144,-0.18753,0.014202
-0.64544,0.34614,-0.33039,-0.94892,1.015,-0.18712,0.014262
-0.64849,0.34688,-0.32974,-0.94843,1.0159,-0.18716,0.014805
-0.65161,0.34766,-0.32915,-0.94807,1.017,-0.18702,0.015694
-0.65482,0.34864,-0.3286,-0.94724,1.0182,-0.18692,0.016709
-0.65815,0.34997,-0.32806,-0.9464,1.0184,-0.1869,0.016992
-0.66145,0.35097,-0.32713,-0.94511,1.0179,-0.1869,0.016899
-0.66496,0.3519,-0.3259,-0.94379,1.0166,-0.18696,0.016471
-0.66823,0.35261,-0.32394,-0.94258,1.0147,-0.18716,0.015564
-0.67162,0.35336,-0.32182,-0.94132,1.0127,-0.18743,0.014543
-0.67485,0.35396,-0.31951,-0.94038,1.0112,-0.18777,0.013479
-0.67808,0.35447,-0.31681,-0.93972,1.0102,-0.18794,0.012952
-0.68126,0.3549,-0.31453,-0.93903,1.0099,-0.18808,0.012797
-0.68438,0.35551,-0.31266,-0.93818,1.0103,-0.18799,0.013385
-0.68738,0.35601,-0.31105,-0.93746,1.0107,-0.18788,0.014075
-0.6904,0.35662,-0.30975,-0.93644,1.0105,-0.18765,0.014666
-0.69343,0.35717,-0.3087,-0.93509,1.01,-0.18732,0.014806
-0.69638,0.35779,-0.30788,-0.93346,1.0086,-0.18729,0.014288
-0.69957,0.35842,-0.30747,-0.93146,1.0068,-0.18713,0.013613
-0.70297,0.35925,-0.30722,-0.92945,1.0048,-0.18717,0.012356
-0.70641,0.35993,-0.30704,-0.9275,1.0031,-0.18709,0.011134
-0.70962,0.36069,-0.30679,-0.92579,1.0022,-0.18696,0.010136
-0.71292,0.36155,-0.30616,-0.92425,1.0019,-0.18661,0.0095801
-0.71617,0.36232,-0.30524,-0.92294,1.0022,-0.18638,0.0098839
-0.71923,0.36314,-0.3039,-0.9219,1.0027,-0.18617,0.010316
-0.72203,0.36397,-0.30221,-0.92099,1.0032,-0.18594,0.010999
-0.7247,0.365,-0.30029,-0.91992,1.003,-0.18579,0.011397
-0.72747,0.36611,-0.29835,-0.91849,1.0021,-0.18554,0.01134
-0.73018,0.36698,-0.29605,-0.91686,1.0001,-0.18536,0.01073
-0.73301,0.36798,-0.29395,-0.91506,0.99731,-0.1853,0.0095146
-0.73605,0.36884,-0.29201,-0.9132,0.99424,-0.18533,0.0081311
-0.739,0.36975,-0.29006,-0.9115,0.99127,-0.18513,0.0064412
-0.74208,0.37035,-0.2883,-0.91001,0.98913,-0.18494,0.0049244
-0.74528,0.37103,-0.28671,-0.90868,0.98796,-0.18515,0.0037914
-0.74841,0.37156,-0.28518,-0.90791,0.98768,-0.18509,0.0031674
-0.75157,0.37194,-0.28396,-0.90718,0.98862,-0.18483,0.0033991
-0.75451,0.37269,-0.28294,-0.90621,0.9903,-0.18449,0.0039938
-0.75728,0.37349,-0.28175,-0.90512,0.99151,-0.18416,0.0045353
-0.76003,0.37432,-0.28046,-0.90384,0.99169,-0.18373,0.0044788
-0.76273,0.37525,-0.27938,-0.90204,0.99087,-0.18355,0.0041087
-0.76558,0.37608,-0.27842,-0.89995,0.98903,-0.1836,0.0032002
-0.76831,0.37705,-0.27747,-0.89769,0.98666,-0.18385,0.0018398
-0.77109,0.37794,-0.27654,-0.89556,0.98401,-0.18416,0.00016836
-0.77377,0.37879,-0.27555,-0.89375,0.98157,-0.18411,-0.001584
-0.77633,0.37946,-0.27451,-0.89258,0.97956,-0.18404,-0.0031022
-0.7787,0.38013,-0.27373,-0.8915,0.97869,-0.18396,-0.003833
-0.78092,0.38072,-0.27301,-0.89074,0.97854,-0.18388,-0.004187
-0.78293,0.3812,-0.27239,-0.89025,0.97883,-0.18342,-0.0041203
-0.78515,0.38166,-0.2722,-0.88965,0.9791,-0.18298,-0.0041426
-0.78724,0.38199,-0.27208,-0.88887,0.97911,-0.18273,-0.0043312
-0.78973,0.38267,-0.27246,-0.88768,0.97857,-0.18226,-0.0046742
-0.79219,0.38343,-0.27261,-0.88599,0.97733,-0.18197,-0.0052053
-0.79477,0.38424,-0.27304,-0.88416,0.97542,-0.18157,-0.0061769
-0.7975,0.38491,-0.27333,-0.88252,0.97302,-0.18132,-0.0075196
-0.80028,0.38565,-0.27296,-0.88105,0.97053,-0.18133,-0.0086973
-0.80281,0.38654,-0.272,-0.88016,0.96841,-0.18128,-0.0098385
-0.80523,0.38737,-0.27075,-0.87978,0.96673,-0.18133,-0.010567
-0.80773,0.38799,-0.26896,-0.87975,0.96553,-0.18121,-0.010568
-0.81011,0.38883,-0.26718,-0.87946,0.96516,-0.18117,-0.010064
-0.8128,0.38934,-0.26546,-0.87939,0.96465,-0.18078,-0.0090664
-0.81541,0.38997,-0.26355,-0.87903,0.96418,-0.18043,-0.0083379
-0.81846,0.39068,-0.26206,-0.87814,0.96355,-0.17999,-0.0075089
-0.82166,0.39173,-0.26065,-0.87643,0.96271,-0.17973,-0.0072142
-0.8251,0.3928,-0.25911,-0.87472,0.96135,-0.17937,-0.0075031
-0.82876,0.39409,-0.2577,-0.87287,0.9599,-0.17929,-0.0084535
-0.83241,0.39566,-0.25592,-0.87087,0.95853,-0.17919,-0.0094278
-0.83597,0.39733,-0.25372,-0.86909,0.9574,-0.17925,-0.010619
-0.8397,0.39862,-0.25113,-0.86779,0.95657,-0.17924,-0.011274
-0.84328,0.39953,-0.2484,-0.86704,0.95594,-0.17912,-0.011189
-0.84652,0.40018,-0.24514,-0.86661,0.95567,-0.1789,-0.01039
-0.8499,0.40102,-0.24181,-0.86624,0.95514,-0.17873,-0.0093321
-0.85336,0.40207,-0.23874,-0.86597,0.95413,-0.17829,-0.0084869
-0.85667,0.40301,-0.2355,-0.86521,0.95291,-0.17812,-0.0080487
-0.85997,0.40375,-0.23202,-0.86406,0.95136,-0.17798,-0.008232
-0.86318,0.40441,-0.22846,-0.86276,0.94958,-0.17788,-0.0088266
-0.86669,0.40533,-0.22528,-0.86154,0.94751,-0.17804,-0.009702
-0.86989,0.40621,-0.22248,-0.86024,0.94596,-0.17832,-0.010917
-0.87323,0.40728,-0.21996,-0.85907,0.94492,-0.17857,-0.011909
-0.87655,0.40831,-0.21776,-0.85809,0.94447,-0.17867,-0.012546
-0.87955,0.40913,-0.2154,-0.85738,0.94444,-0.17875,-0.012892
-0.88227,0.40982,-0.21277,-0.85676,0.9449,-0.17868,-0.012842
-0.88494,0.41028,-0.20979,-0.85678,0.94469,-0.17827,-0.012983
-0.88746,0.41064,-0.20721,-0.85661,0.94475,-0.17803,-0.013383
-0.88979,0.41104,-0.20494,-0.85619,0.94447,-0.17784,-0.01382
-0.89224,0.41151,-0.2035,-0.85577,0.94344,-0.17755,-0.014759
-0.89473,0.41212,-0.20251,-0.85525,0.94165,-0.1774,-0.016006
-0.89719,0.41269,-0.202,-0.85454,0.93951,-0.1772,-0.017152
-0.89951,0.41317,-0.20157,-0.85365,0.9373,-0.17715,-0.018207
-0.90164,0.41366,-0.20131,-0.85294,0.93487,-0.1767,-0.019241
-0.90356,0.41434,-0.20108,-0.85177,0.93304,-0.17614,-0.020011
-0.90547,0.41475,-0.20089,-0.85089,0.93145,-0.17593,-0.020878
-0.90719,0.41525,-0.20059,-0.8502,0.93035,-0.17577,-0.021967
-0.90874,0.41602,-0.20027,-0.84931,0.92992,-0.17565,-0.022774
-0.9101,0.41662,-0.19979,-0.84849,0.9301,-0.17538,-0.023564
-0.91156,0.41724,-0.19923,-0.84767,0.93054,-0.175,-0.024198
-0.91325,0.418,-0.19877,-0.8471,0.9306,-0.17453,-0.024815
-0.9147,0.41877,-0.19808,-0.84615,0.93094,-0.17414,-0.025034
-0.91605,0.41954,-0.19716,-0.84516,0.93089,-0.17393,-0.025251
-0.9173,0.4202,-0.19604,-0.84426,0.93009,-0.17363,-0.025544
-0.91867,0.4209,-0.19464,-0.84316,0.92875,-0.17351,-0.025948
-0.91957,0.42168,-0.19266,-0.84225,0.92685,-0.17357,-0.027169
-0.92064,0.42267,-0.19068,-0.8413,0.92478,-0.17379,-0.028982
-0.92162,0.42352,-0.1887,-0.84095,0.92235,-0.17415,-0.031192
-0.92227,0.42417,-0.18658,-0.84014,0.9209,-0.17442,-0.033162
-0.92301,0.42471,-0.18462,-0.83941,0.91973,-0.17465,-0.035175
-0.92376,0.42522,-0.18306,-0.83852,0.91927,-0.17441,-0.03671
-0.92455,0.42596,-0.18189,-0.83765,0.91921,-0.17444,-0.038668
-0.92528,0.42658,-0.18064,-0.83715,0.91894,-0.17426,-0.040602
-0.92591,0.42724,-0.17979,-0.83617,0.91914,-0.17436,-0.042707
-0.92688,0.42782,-0.17914,-0.83524,0.91902,-0.17432,-0.044202
-0.92755,0.4285,-0.17874,-0.83379,0.91922,-0.17447,-0.045505
-0.92836,0.42895,-0.1785,-0.83237,0.91931,-0.17464,-0.046892
-0.92918,0.42959,-0.17834,-0.83073,0.91897,-0.17479,-0.048602
-0.92996,0.43028,-0.17832,-0.8294,0.91828,-0.17531,-0.050936
-0.93074,0.43099,-0.178,-0.82797,0.91742,-0.17575,-0.053526
-0.93156,0.43144,-0.17782,-0.82669,0.91673,-0.17595,-0.055808
-0.93235,0.43206,-0.17751,-0.82592,0.91636,-0.17593,-0.057922
-0.93313,0.43253,-0.17704,-0.8251,0.91671,-0.17548,-0.058947
-0.93407,0.43311,-0.1768,-0.8245,0.91765,-0.17486,-0.059393
-0.93474,0.43348,-0.17625,-0.82416,0.91886,-0.17429,-0.059549
-0.93546,0.43379,-0.17548,-0.82437,0.91966,-0.17401,-0.059897
-0.93589,0.43404,-0.17437,-0.82453,0.91967,-0.17385,-0.060353
-0.93638,0.43435,-0.17319,-0.82488,0.91879,-0.17376,-0.061234
-0.93691,0.43452,-0.17214,-0.82499,0.91734,-0.17381,-0.061999
-0.93746,0.43474,-0.17145,-0.82474,0.91551,-0.17396,-0.06306
-0.93808,0.43514,-0.1707,-0.8247,0.91305,-0.17413,-0.064597
-0.93886,0.43546,-0.17012,-0.82448,0.91061,-0.1742,-0.066299
-0.93945,0.43575,-0.16941,-0.82469,0.90847,-0.17414,-0.068222
-0.9401,0.43604,-0.16891,-0.82474,0.90705,-0.17379,-0.06972
-0.94076,0.43647,-0.16853,-0.82493,0.90647,-0.17355,-0.070849
-0.94145,0.43675,-0.16824,-0.82509,0.90667,-0.17345,-0.071291
-0.94205,0.43701,-0.16797,-0.82531,0.90706,-0.1728,-0.070474
-0.94255,0.43718,-0.16782,-0.82531,0.9078,-0.17341,-0.070731
-0.94311,0.43756,-0.16748,-0.82486,0.90801,-0.17334,-0.070381
-0.9436,0.43795,-0.16731,-0.82406,0.9075,-0.17264,-0.06924
-0.94414,0.43846,-0.16729,-0.82298,0.9061,-0.17271,-0.069901
-0.94465,0.43893,-0.16709,-0.82164,0.90388,-0.17324,-0.071483
-0.94521,0.43937,-0.16665,-0.82071,0.90108,-0.1737,-0.074012
-0.94563,0.43969,-0.16617,-0.81996,0.89838,-0.17457,-0.07696
-0.94599,0.44012,-0.16552,-0.81924,0.89621,-0.17531,-0.079589
-0.94658,0.44037,-0.16528,-0.81877,0.89488,-0.17575,-0.081684
-0.94721,0.44065,-0.16511,-0.8183,0.8945,-0.17624,-0.08276
-0.94791,0.44076,-0.16503,-0.81816,0.89462,-0.17619,-0.082605
-0.94851,0.44107,-0.16486,-0.81794,0.89497,-0.17626,-0.082081
-0.94895,0.44131,-0.16463,-0.81755,0.89566,-0.17617,-0.081268
-0.94948,0.44157,-0.16447,-0.8174,0.89544,-0.17614,-0.080793
-0.94995,0.44181,-0.16391,-0.81677,0.89508,-0.1763,-0.080645
-0.9504,0.442,-0.16346,-0.81615,0.8945,-0.17651,-0.080833
-0.95074,0.4421,-0.16269,-0.81564,0.89364,-0.17676,-0.081265
-0.9513,0.44228,-0.16181,-0.8153,0.89266,-0.17694,-0.081637
-0.95163,0.44235,-0.16082,-0.81492,0.89201,-0.17717,-0.081967
-0.95205,0.44219,-0.15973,-0.81476,0.89119,-0.17726,-0.081907
-0.95219,0.44207,-0.15882,-0.81455,0.89133,-0.17746,-0.081395
-0.95235,0.4417,-0.15837,-0.81416,0.8921,-0.17748,-0.080347
-0.95271,0.44151,-0.1584,-0.81351,0.8932,-0.17749,-0.079367
-0.95292,0.4413,-0.15859,-0.81311,0.8943,-0.17712,-0.078816
-0.95306,0.44114,-0.15874,-0.81332,0.89398,-0.17714,-0.080011
-0.95311,0.44101,-0.15925,-0.81257,0.89536,-0.17709,-0.080635
-0.95329,0.44101,-0.15972,-0.81139,0.89802,-0.17688,-0.08088
-0.95361,0.44119,-0.16051,-0.81093,0.89886,-0.17669,-0.081489
-0.9541,0.44136,-0.16128,-0.8106,0.89913,-0.17667,-0.081808
-0.95438,0.44118,-0.16152,-0.81089,0.89873,-0.17712,-0.082277
-0.95459,0.44078,-0.16142,-0.81115,0.89795,-0.17716,-0.08162
-0.9546,0.44073,-0.16095,-0.81164,0.89616,-0.17693,-0.080998
-0.95461,0.44098,-0.16062,-0.81253,0.89477,-0.17697,-0.080778
-0.95466,0.44131,-0.15973,-0.81369,0.89343,-0.17702,-0.080869
-0.95451,0.44125,-0.15869,-0.81428,0.89275,-0.17764,-0.080833
-0.95432,0.44142,-0.1576,-0.81505,0.89211,-0.17762,-0.081023
-0.95417,0.44129,-0.15678,-0.81589,0.89197,-0.17742,-0.081142
-0.95399,0.44141,-0.15643,-0.8157,0.89207,-0.17741,-0.081048
-0.95419,0.44144,-0.15654,-0.81558,0.8918,-0.1774,-0.081149
-0.95404,0.44149,-0.15661,-0.81558,0.8918,-0.17753,-0.08163
-0.95404,0.44169,-0.15684,-0.81525,0.89142,-0.1774,-0.081668
-0.95396,0.44156,-0.15715,-0.81446,0.89061,-0.17762,-0.081822
-0.95392,0.44127,-0.15754,-0.81404,0.89075,-0.17754,-0.081695
-0.95386,0.44113,-0.15774,-0.81352,0.89121,-0.17767,-0.081531
-0.95354,0.44105,-0.15798,-0.81304,0.89207,-0.17759,-0.081148
-0.95356,0.4412,-0.15839,-0.81258,0.89291,-0.17774,-0.081138
-0.95366,0.44168,-0.15872,-0.81218,0.89362,-0.17768,-0.081164
-0.95379,0.44211,-0.15924,-0.81184,0.8942,-0.17763,-0.081485
-0.95403,0.44262,-0.15983,-0.81147,0.8945,-0.17753,-0.081647
-0.9542,0.44304,-0.16021,-0.81147,0.8945,-0.17718,-0.081895
-0.95428,0.44324,-0.1606,-0.8112,0.89429,-0.17666,-0.081639
-0.95449,0.44334,-0.16104,-0.81021,0.89306,-0.17644,-0.080955
-0.95468,0.44335,-0.16153,-0.80982,0.89169,-0.17591,-0.080731
-0.95478,0.44339,-0.16171,-0.80956,0.88994,-0.17577,-0.08071
-0.9549,0.44338,-0.16182,-0.80991,0.88974,-0.17603,-0.080949
-0.95466,0.44343,-0.16146,-0.81013,0.88795,-0.17612,-0.081236
-0.95454,0.44336,-0.16134,-0.8109,0.88619,-0.17611,-0.081627
-0.9543,0.44317,-0.16153,-0.81136,0.88654,-0.17634,-0.081396
-0.95422,0.44327,-0.16196,-0.81178,0.88719,-0.17633,-0.081086
-0.95406,0.44324,-0.16269,-0.81153,0.88794,-0.17627,-0.080461
-0.95386,0.44327,-0.16336,-0.81176,0.88886,-0.17616,-0.080403
-0.95358,0.4432,-0.16379,-0.81191,0.88912,-0.17628,-0.080538
-0.95383,0.44346,-0.16373,-0.81207,0.888,-0.17638,-0.080559
-0.95356,0.44357,-0.16395,-0.81193,0.88704,-0.17648,-0.080655
-0.95266,0.4432,-0.1646,-0.81118,0.88879,-0.17631,-0.080128
-0.95217,0.44284,-0.16497,-0.81084,0.88816,-0.17618,-0.079862
-0.95162,0.44266,-0.16556,-0.8104,0.88812,-0.17601,-0.079771
-0.95155,0.44257,-0.1654,-0.81147,0.88671,-0.17598,-0.080126
-0.9509,0.44256,-0.16594,-0.81167,0.8883,-0.17571,-0.079929
-0.95036,0.44247,-0.16643,-0.81098,0.88947,-0.17568,-0.078714
-0.94955,0.44244,-0.16652,-0.8113,0.89209,-0.17565,-0.077311
-0.94905,0.44243,-0.16673,-0.81195,0.89512,-0.17554,-0.075312
-0.94844,0.4424,-0.16626,-0.81298,0.89831,-0.17523,-0.072915
-0.94765,0.44233,-0.16535,-0.81477,0.90308,-0.17431,-0.07038
-0.94707,0.44227,-0.16437,-0.81492,0.90317,-0.17455,-0.068576
-0.9463,0.44232,-0.16341,-0.8149,0.90427,-0.17466,-0.067848
-0.94546,0.4425,-0.16226,-0.81454,0.90406,-0.17482,-0.068023
-0.94461,0.44252,-0.16073,-0.81399,0.90162,-0.17441,-0.068569
-0.9437,0.44237,-0.15887,-0.81408,0.90053,-0.17495,-0.069945
-0.94294,0.44223,-0.15699,-0.8143,0.90026,-0.1754,-0.070823
-0.94212,0.44161,-0.15528,-0.81468,0.89985,-0.17567,-0.071036
-0.94129,0.44103,-0.15403,-0.81495,0.9018,-0.17553,-0.070184
-0.94073,0.44021,-0.15332,-0.81521,0.9036,-0.1753,-0.0687
-0.94032,0.43943,-0.15337,-0.815,0.90545,-0.17506,-0.067099
-0.93982,0.43874,-0.15353,-0.81493,0.90622,-0.17513,-0.066558
-0.93968,0.43831,-0.1537,-0.81422,0.90748,-0.17501,-0.066442
-0.93955,0.43812,-0.15381,-0.81309,0.90777,-0.1752,-0.067143
-0.93958,0.43802,-0.15382,-0.81088,0.90704,-0.17518,-0.06801
-0.93985,0.43797,-0.15357,-0.81019,0.90659,-0.17564,-0.069926
-0.93984,0.43781,-0.15262,-0.81044,0.90609,-0.17593,-0.072009
-0.93966,0.4376,-0.15098,-0.81076,0.90574,-0.17581,-0.073097
-0.93935,0.43733,-0.14916,-0.81165,0.90585,-0.17556,-0.073124
-0.93919,0.43692,-0.14757,-0.81288,0.90672,-0.17522,-0.072069
-0.93905,0.43658,-0.14657,-0.81374,0.90829,-0.1749,-0.070333
-0.93923,0.43616,-0.14642,-0.81451,0.90981,-0.17457,-0.068656
-0.93928,0.43564,-0.14677,-0.81483,0.91109,-0.17425,-0.06736
-0.93942,0.43533,-0.14797,-0.81469,0.91188,-0.1741,-0.066905
-0.93943,0.43488,-0.14921,-0.81436,0.91217,-0.17412,-0.067117
-0.93966,0.43451,-0.15032,-0.81406,0.91159,-0.1742,-0.067651
-0.9399,0.43431,-0.15111,-0.81386,0.91066,-0.17423,-0.068302
-0.94002,0.43392,-0.15154,-0.81406,0.90972,-0.1741,-0.068785
-0.93991,0.43368,-0.15203,-0.81414,0.90914,-0.17384,-0.069095
-0.93968,0.43337,-0.15236,-0.81426,0.90912,-0.17377,-0.068881
-0.93944,0.43312,-0.15281,-0.81441,0.90928,-0.17372,-0.068273
-0.93922,0.43296,-0.15335,-0.81448,0.90989,-0.17339,-0.067346
-0.93892,0.43264,-0.15386,-0.81497,0.91011,-0.1731,-0.066554
-0.93845,0.4324,-0.1541,-0.81554,0.91033,-0.17257,-0.065821
-0.93806,0.43218,-0.15452,-0.8162,0.91051,-0.17233,-0.065565
-0.93795,0.43203,-0.15525,-0.81664,0.91047,-0.1723,-0.065445
-0.93753,0.43186,-0.15619,-0.81664,0.91071,-0.1721,-0.06545
-0.93713,0.43167,-0.15737,-0.81649,0.91085,-0.17215,-0.06573
-0.93677,0.43159,-0.15812,-0.81643,0.91081,-0.17194,-0.065819
-0.93628,0.43151,-0.15887,-0.8164,0.91088,-0.17196,-0.065861
-0.93561,0.43141,-0.15938,-0.81629,0.9112,-0.17181,-0.065397
-0.93494,0.43114,-0.15995,-0.81652,0.91172,-0.17147,-0.064717
-0.93412,0.43078,-0.16034,-0.81668,0.91223,-0.17123,-0.063828
-0.93325,0.43045,-0.16048,-0.81719,0.91244,-0.17101,-0.063157
-0.93228,0.42996,-0.16072,-0.81793,0.91228,-0.17079,-0.062882
-0.9314,0.42963,-0.1613,-0.81828,0.91232,-0.17076,-0.062851
-0.93065,0.42948,-0.16251,-0.8183,0.91247,-0.17084,-0.063321
-0.92983,0.42925,-0.1638,-0.81797,0.91285,-0.1709,-0.063783
-0.92908,0.42888,-0.16512,-0.8175,0.91328,-0.17108,-0.064195
-0.92801,0.42811,-0.16568,-0.81733,0.9137,-0.17143,-0.064456
-0.9267,0.42721,-0.16587,-0.81742,0.9141,-0.17155,-0.064511
-0.92537,0.4266,-0.16578,-0.81789,0.9145,-0.17179,-0.064205
-0.92375,0.42632,-0.1655,-0.81845,0.91546,-0.17198,-0.063736
-0.92182,0.42559,-0.16489,-0.81952,0.91652,-0.17189,-0.063017
-0.91977,0.4249,-0.16468,-0.82015,0.91835,-0.17166,-0.061677
-0.91794,0.42394,-0.16529,-0.82071,0.92024,-0.17137,-0.060129
-0.91587,0.42286,-0.16621,-0.8207,0.92215,-0.17092,-0.058463
-0.91407,0.42154,-0.16767,-0.82079,0.9234,-0.1708,-0.057819
-0.91233,0.42027,-0.16949,-0.82047,0.92399,-0.17075,-0.057921
-0.91025,0.41913,-0.17133,-0.8198,0.92423,-0.17101,-0.058655
-0.90807,0.41795,-0.17318,-0.81883,0.92438,-0.17118,-0.059468
-0.90596,0.41678,-0.17517,-0.81758,0.92494,-0.17124,-0.059836
-0.90378,0.41553,-0.1767,-0.81666,0.92582,-0.17137,-0.059815
-0.90102,0.41415,-0.17798,-0.81634,0.927,-0.17126,-0.05949
-0.8983,0.41291,-0.1788,-0.81642,0.92846,-0.17128,-0.05884
-0.89563,0.41177,-0.17977,-0.81681,0.93031,-0.17108,-0.057249
-0.89303,0.41034,-0.18062,-0.81791,0.93236,-0.17046,-0.055081
-0.8904,0.40932,-0.18081,-0.81903,0.93437,-0.17023,-0.053259
-0.88754,0.40798,-0.18028,-0.82064,0.93584,-0.16995,-0.051887
-0.88463,0.40684,-0.17931,-0.8222,0.93712,-0.16976,-0.051554
-0.88182,0.40607,-0.17838,-0.82322,0.93824,-0.16977,-0.051964
-0.87885,0.40531,-0.17761,-0.82402,0.93934,-0.16986,-0.052816
-0.87596,0.40451,-0.17743,-0.82465,0.94076,-0.16998,-0.053565
-0.87305,0.4037,-0.17786,-0.82504,0.94257,-0.17017,-0.05334
-0.87055,0.40285,-0.17894,-0.82555,0.94459,-0.17034,-0.052618
-0.86788,0.40185,-0.1798,-0.82651,0.94639,-0.17042,-0.051666
-0.86521,0.40041,-0.18068,-0.82788,0.94799,-0.1703,-0.050351
-0.86271,0.39891,-0.18173,-0.82925,0.94948,-0.1701,-0.048889
-0.85996,0.39782,-0.18324,-0.83056,0.95119,-0.16957,-0.047368
-0.85755,0.39668,-0.18524,-0.83193,0.95277,-0.16915,-0.046279
-0.85483,0.39572,-0.1876,-0.8326,0.95508,-0.16898,-0.045611
-0.85237,0.39514,-0.19037,-0.83287,0.95722,-0.16877,-0.045358
-0.84997,0.39455,-0.19351,-0.8325,0.95941,-0.16879,-0.045296
-0.84773,0.39381,-0.19616,-0.83227,0.961,-0.16843,-0.045114
-0.84541,0.39296,-0.19784,-0.83245,0.96202,-0.16812,-0.044475
-0.84288,0.39223,-0.19864,-0.83302,0.96281,-0.16787,-0.043405
-0.84027,0.39111,-0.19869,-0.83441,0.96319,-0.16726,-0.041905
-0.8375,0.39005,-0.19855,-0.83603,0.96375,-0.16698,-0.040604
-0.83493,0.38921,-0.19892,-0.83797,0.96456,-0.16616,-0.039293
-0.8321,0.38867,-0.19953,-0.83972,0.9658,-0.16515,-0.038296
-0.82904,0.38768,-0.20033,-0.84125,0.96746,-0.16492,-0.037998
-0.82589,0.38676,-0.20154,-0.84275,0.96908,-0.16472,-0.038198
-0.82275,0.38599,-0.20317,-0.84389,0.97077,-0.16438,-0.038228
-0.81979,0.38515,-0.20517,-0.84497,0.97241,-0.16412,-0.038109
-0.81719,0.38427,-0.20741,-0.84609,0.97383,-0.16397,-0.038002
-0.81469,0.38349,-0.20936,-0.84729,0.9749,-0.16388,-0.03772
-0.81208,0.38249,-0.21112,-0.84862,0.97555,-0.16375,-0.037354
-0.80953,0.38167,-0.21271,-0.84984,0.97592,-0.16365,-0.036491
-0.80677,0.38079,-0.21449,-0.85098,0.97639,-0.16283,-0.035616
-0.80401,0.3801,-0.21667,-0.85205,0.97703,-0.16255,-0.034935
-0.80138,0.37921,-0.21912,-0.85288,0.97795,-0.16231,-0.034399
-0.79888,0.37827,-0.22167,-0.85421,0.97856,-0.16204,-0.034347
-0.79624,0.37716,-0.22403,-0.85541,0.97934,-0.16168,-0.034262
-0.79373,0.37597,-0.22593,-0.85699,0.98007,-0.16117,-0.03431
-0.79129,0.37477,-0.22766,-0.85838,0.98111,-0.16085,-0.03408
-0.78914,0.37385,-0.2295,-0.85956,0.98245,-0.16072,-0.033477
-0.78696,0.37279,-0.2316,-0.86034,0.98423,-0.16065,-0.032525
-0.78468,0.37189,-0.23376,-0.86114,0.98605,-0.16074,-0.031552
-0.78186,0.37088,-0.23589,-0.86165,0.98816,-0.16105,-0.030867
-0.77901,0.37006,-0.23825,-0.86204,0.99003,-0.16112,-0.030562
-0.77623,0.36908,-0.24086,-0.86225,0.99166,-0.16123,-0.030662
-0.77335,0.36798,-0.2436,-0.86269,0.99272,-0.16107,-0.03113
-0.77074,0.36657,-0.24598,-0.86388,0.99321,-0.16099,-0.031936
-0.76809,0.36507,-0.24833,-0.86502,0.99405,-0.16068,-0.032251
-0.76564,0.36337,-0.25056,-0.86667,0.99524,-0.1606,-0.032458
-0.76312,0.36211,-0.25274,-0.86843,0.99705,-0.16046,-0.032383
-0.76045,0.36084,-0.25538,-0.87016,0.99982,-0.16037,-0.031657
-0.75772,0.35954,-0.25815,-0.87172,1.0035,-0.16016,-0.030285
-0.75503,0.35845,-0.26131,-0.8729,1.0077,-0.15986,-0.028337
-0.75255,0.35732,-0.26431,-0.8742,1.0116,-0.15957,-0.026246
-0.75009,0.35624,-0.26674,-0.87547,1.0145,-0.15938,-0.024688
-0.74793,0.35506,-0.26851,-0.87704,1.016,-0.15909,-0.023966
-0.74574,0.35378,-0.26953,-0.87858,1.0165,-0.15907,-0.023863
-0.74385,0.35281,-0.27055,-0.87985,1.0166,-0.15926,-0.024315
-0.74215,0.35224,-0.27198,-0.8809,1.0167,-0.15939,-0.024838
-0.74036,0.3517,-0.27326,-0.88214,1.0172,-0.1595,-0.024949
-0.73838,0.35125,-0.27439,-0.88363,1.0189,-0.15956,-0.024496
-0.73619,0.35067,-0.27548,-0.88534,1.0219,-0.1594,-0.022927
-0.73379,0.35002,-0.27664,-0.88726,1.0261,-0.15925,-0.020347
-0.73127,0.34902,-0.27783,-0.88921,1.0313,-0.15895,-0.016847
-0.72869,0.34806,-0.27887,-0.89094,1.0367,-0.15846,-0.012995
-0.72631,0.34689,-0.28029,-0.89236,1.0416,-0.15788,-0.0093101
-0.72426,0.34603,-0.28176,-0.89323,1.0452,-0.15761,-0.0068934
-0.72238,0.34522,-0.28338,-0.89357,1.0476,-0.15737,-0.0052737
-0.72052,0.34455,-0.28496,-0.89377,1.0488,-0.15724,-0.0044522
-0.71869,0.34428,-0.28635,-0.89373,1.0494,-0.15737,-0.0041268
-0.7168,0.34424,-0.28774,-0.89353,1.0499,-0.15747,-0.0037102
-0.7147,0.34428,-0.28915,-0.89356,1.0506,-0.1575,-0.0032249
-0.7123,0.34436,-0.29046,-0.89381,1.0523,-0.15738,-0.0019797
-0.71006,0.34409,-0.29216,-0.89454,1.055,-0.15701,0.00033444
-0.70793,0.34338,-0.29366,-0.89569,1.059,-0.15677,0.0037879
-0.70585,0.34224,-0.29484,-0.8971,1.0635,-0.15608,0.0078294
-0.70395,0.34151,-0.2954,-0.89896,1.0673,-0.15528,0.01181
-0.70195,0.34099,-0.29554,-0.90027,1.071,-0.15514,0.014951
-0.70001,0.34062,-0.29495,-0.9014,1.0734,-0.15512,0.017151
-0.69817,0.34028,-0.29418,-0.90186,1.0747,-0.15518,0.018451
-0.6964,0.34024,-0.29353,-0.90186,1.0753,-0.15536,0.019427
-0.69453,0.34001,-0.29306,-0.90205,1.0757,-0.15571,0.020369
-0.69285,0.33971,-0.29286,-0.90217,1.0764,-0.15619,0.021651
-0.69126,0.33936,-0.29293,-0.90237,1.078,-0.15668,0.023927
-0.68958,0.33894,-0.29304,-0.90292,1.0804,-0.15686,0.027194
-0.68807,0.33846,-0.29326,-0.90347,1.0833,-0.15669,0.031496
-0.68628,0.33767,-0.29316,-0.90393,1.0863,-0.15755,0.030827
-0.6845,0.33661,-0.29311,-0.90418,1.0889,-0.15614,0.039827
-0.68262,0.33574,-0.29318,-0.90416,1.091,-0.15632,0.042724
-0.68086,0.33487,-0.29316,-0.90406,1.0918,-0.15649,0.044233
-0.67915,0.33403,-0.29351,-0.90356,1.0922,-0.15659,0.045109
-0.67743,0.33341,-0.29377,-0.9031,1.0922,-0.15753,0.04454
-0.67585,0.33284,-0.29422,-0.90268,1.0922,-0.15728,0.045362
-0.67442,0.33212,-0.29431,-0.90254,1.0925,-0.15742,0.046341
-0.67277,0.33136,-0.29418,-0.90235,1.0937,-0.15742,0.048083
-0.67096,0.33059,-0.29415,-0.90232,1.0959,-0.15707,0.050552
-0.66881,0.32991,-0.29389,-0.90208,1.0987,-0.1582,0.050148
-0.66668,0.32893,-0.29377,-0.90189,1.1009,-0.15642,0.056129
-0.66427,0.32819,-0.29394,-0.90126,1.1028,-0.15615,0.058247
-0.66209,0.32753,-0.29436,-0.90032,1.1038,-0.15767,0.057686
-0.65984,0.32691,-0.29497,-0.89931,1.1043,-0.15759,0.058648
-0.65795,0.32609,-0.29599,-0.8983,1.1044,-0.15766,0.058723
-0.65632,0.32532,-0.29671,-0.89732,1.1047,-0.15802,0.058208
-0.65478,0.32463,-0.29764,-0.89654,1.1059,-0.15839,0.057836
-0.65328,0.32409,-0.29856,-0.89606,1.1082,-0.15846,0.058219
-0.65189,0.32377,-0.29936,-0.89553,1.1114,-0.15845,0.059615
-0.6501,0.32361,-0.29962,-0.89525,1.115,-0.15828,0.061944
-0.64789,0.32316,-0.29979,-0.89504,1.1185,-0.15804,0.064979
-0.64538,0.32237,-0.29967,-0.8949,1.1213,-0.15763,0.068759
-0.64244,0.32127,-0.29906,-0.89489,1.1231,-0.15733,0.072231
-0.63949,0.32003,-0.29856,-0.89466,1.1244,-0.15721,0.07495
-0.63695,0.31874,-0.29828,-0.89451,1.125,-0.15706,0.076928
-0.63431,0.31747,-0.29799,-0.89445,1.1251,-0.15697,0.078204
-0.63203,0.31629,-0.29761,-0.89471,1.1251,-0.15684,0.078747
-0.62969,0.31549,-0.29751,-0.89482,1.1258,-0.15672,0.07914
-0.62734,0.31469,-0.29784,-0.89502,1.1274,-0.15666,0.079682
-0.62479,0.31393,-0.29814,-0.89525,1.1294,-0.1567,0.080702
-0.6222,0.31306,-0.29881,-0.89553,1.1321,-0.15646,0.082847
-0.61947,0.3121,-0.29976,-0.89578,1.1344,-0.156,0.085876
-0.61654,0.31126,-0.30085,-0.89571,1.1363,-0.1557,0.089125
-0.61348,0.31018,-0.3018,-0.89573,1.1377,-0.15532,0.092453
-0.61032,0.30912,-0.30253,-0.89582,1.1389,-0.15485,0.095282
-0.60724,0.30805,-0.30329,-0.89621,1.1398,-0.15433,0.097604
-0.6043,0.30725,-0.30397,-0.89663,1.1409,-0.1537,0.099658
-0.60144,0.30638,-0.3045,-0.8975,1.1421,-0.15294,0.10186
-0.59879,0.30566,-0.3052,-0.89822,1.1438,-0.1521,0.10455
-0.59618,0.30514,-0.30596,-0.89911,1.1455,-0.15084,0.10771
-0.59368,0.30461,-0.30674,-0.89978,1.147,-0.14934,0.1112
-0.5912,0.30437,-0.30719,-0.90043,1.1481,-0.14843,0.11419
-0.58877,0.30419,-0.30762,-0.90086,1.1489,-0.14788,0.11712
-0.58634,0.30394,-0.30775,-0.90113,1.1495,-0.14772,0.11983
-0.58375,0.30359,-0.30782,-0.90134,1.1503,-0.14755,0.12243
-0.58142,0.30371,-0.30798,-0.90126,1.1513,-0.14756,0.12521
-0.57962,0.30379,-0.30825,-0.90132,1.1522,-0.14753,0.12759
-0.57811,0.30397,-0.30818,-0.90153,1.1533,-0.14742,0.13003
-0.57629,0.30382,-0.30773,-0.90183,1.1546,-0.14715,0.13288
-0.57455,0.30341,-0.30739,-0.90225,1.1562,-0.14653,0.13671
-0.5728,0.30311,-0.30673,-0.90246,1.1578,-0.1454,0.14161
-0.57077,0.30281,-0.30598,-0.90281,1.159,-0.14445,0.14652
-0.5686,0.30257,-0.30526,-0.90296,1.16,-0.14402,0.1512
-0.56639,0.30239,-0.30433,-0.90291,1.1608,-0.14396,0.15538
-0.56398,0.3023,-0.30342,-0.90295,1.1614,-0.14385,0.15877
-0.5616,0.30229,-0.30291,-0.90251,1.1625,-0.14396,0.1621
-0.55926,0.30201,-0.30269,-0.90222,1.1637,-0.14404,0.16545
-0.55688,0.30178,-0.30295,-0.90168,1.1654,-0.14355,0.16942
-0.55456,0.30149,-0.30331,-0.90119,1.1675,-0.14266,0.17398
-0.55253,0.30102,-0.30358,-0.90092,1.1693,-0.14158,0.17912
-0.55058,0.30064,-0.30372,-0.90061,1.1709,-0.14033,0.18472
-0.54839,0.30015,-0.30381,-0.90056,1.1724,-0.13898,0.19029
-0.54622,0.29984,-0.30385,-0.90025,1.1734,-0.13792,0.19525
-0.544,0.29961,-0.30425,-0.89981,1.1742,-0.13703,0.19948
-0.54158,0.29943,-0.30472,-0.89914,1.1748,-0.13631,0.2033
-0.53911,0.29942,-0.30543,-0.89824,1.1753,-0.1357,0.20654
-0.53657,0.29944,-0.3061,-0.89734,1.1764,-0.13478,0.2098
-0.53423,0.29944,-0.3067,-0.89673,1.1775,-0.13365,0.2131
-0.53209,0.29954,-0.30695,-0.89607,1.1787,-0.13234,0.2167
-0.52998,0.29936,-0.30686,-0.89573,1.1797,-0.13132,0.21988
-0.52812,0.29909,-0.3069,-0.89556,1.1804,-0.13034,0.22288
-0.52648,0.29908,-0.30664,-0.89509,1.1805,-0.12971,0.22504
-0.52462,0.29922,-0.3061,-0.89438,1.1805,-0.1298,0.2258
-0.5227,0.29949,-0.30563,-0.89363,1.1805,-0.13018,0.22507
-0.52108,0.30009,-0.30551,-0.89241,1.1807,-0.13079,0.22405
-0.5193,0.30075,-0.30532,-0.89094,1.1815,-0.13078,0.22382
-0.51779,0.30131,-0.30492,-0.88968,1.1822,-0.13019,0.22414
-0.51773,0.30163,-0.3047,-0.88924,1.1812,-0.12963,0.22455
-0.51663,0.3024,-0.30422,-0.88813,1.182,-0.12947,0.2247
-0.51458,0.30292,-0.30338,-0.88697,1.1836,-0.12916,0.22506
-0.51362,0.30296,-0.30306,-0.88618,1.1846,-0.12835,0.22667
-0.51262,0.30319,-0.30253,-0.8852,1.1856,-0.12752,0.22818
-0.51267,0.30348,-0.30271,-0.88448,1.1856,-0.12665,0.22982
-0.51164,0.30396,-0.30174,-0.8834,1.1859,-0.12639,0.23087
-0.50902,0.3045,-0.30002,-0.88174,1.1875,-0.12658,0.2315
-0.50772,0.30429,-0.29884,-0.88054,1.1883,-0.12644,0.23267
-0.50768,0.30406,-0.29869,-0.87945,1.1884,-0.12638,0.23392
-0.50658,0.30396,-0.29793,-0.87851,1.1895,-0.12589,0.23543
-0.50568,0.30386,-0.2972,-0.87755,1.1909,-0.12498,0.23728
-0.50509,0.30397,-0.2966,-0.87661,1.192,-0.12394,0.23945
-0.50444,0.30391,-0.29586,-0.87595,1.1932,-0.12312,0.24205
-0.50402,0.3036,-0.29501,-0.87542,1.1943,-0.12232,0.24521
-0.50322,0.30316,-0.29413,-0.87481,1.1953,-0.122,0.24813
-0.50235,0.30278,-0.29338,-0.87426,1.1959,-0.1216,0.25062
-0.50143,0.30276,-0.2931,-0.87343,1.1965,-0.12111,0.25272
-0.50044,0.30278,-0.29299,-0.87294,1.1969,-0.12033,0.2543
-0.49935,0.30308,-0.29318,-0.8725,1.1975,-0.11915,0.25596
-0.49845,0.30314,-0.29344,-0.87228,1.1979,-0.11756,0.258
-0.49759,0.30303,-0.29387,-0.87217,1.1985,-0.11557,0.26037
-0.49685,0.30286,-0.29408,-0.87209,1.1988,-0.11367,0.26268
-0.49614,0.30273,-0.2943,-0.87198,1.1991,-0.11208,0.26498
-0.49537,0.30276,-0.29453,-0.87165,1.1992,-0.11091,0.26709
-0.49459,0.30293,-0.2947,-0.87119,1.1993,-0.10991,0.26909
-0.49375,0.30299,-0.29466,-0.87102,1.1989,-0.10941,0.27019
-0.49286,0.30321,-0.29465,-0.8707,1.1986,-0.10924,0.27057
-0.49204,0.30337,-0.29473,-0.87051,1.1981,-0.10939,0.2705
-0.49105,0.30356,-0.2948,-0.87041,1.1979,-0.10937,0.2699
-0.49022,0.30399,-0.29498,-0.8701,1.198,-0.10937,0.2691
-0.48958,0.30447,-0.29497,-0.87012,1.198,-0.10919,0.26826
-0.48917,0.30521,-0.29481,-0.86995,1.198,-0.10908,0.26792
-0.4891,0.30604,-0.29471,-0.86955,1.1982,-0.10899,0.26828
-0.48913,0.30657,-0.29413,-0.86951,1.1981,-0.10865,0.26933
-0.48899,0.30717,-0.29347,-0.86952,1.1982,-0.10863,0.27038
-0.4888,0.30766,-0.29267,-0.86959,1.1979,-0.1085,0.27117
-0.48882,0.30767,-0.29204,-0.87005,1.1971,-0.10838,0.27108
-0.48845,0.30759,-0.29129,-0.87006,1.1968,-0.10867,0.27056
-0.48806,0.30732,-0.29054,-0.87038,1.1961,-0.10892,0.26934
-0.48781,0.30724,-0.28981,-0.87063,1.1957,-0.10924,0.26802
-0.4876,0.30727,-0.28934,-0.8707,1.1954,-0.10944,0.26705
-0.48758,0.30735,-0.28892,-0.87084,1.1952,-0.10953,0.26651
-0.48786,0.30727,-0.28855,-0.87102,1.1953,-0.10956,0.26657
-0.48811,0.30706,-0.2882,-0.8712,1.1955,-0.10913,0.26733
-0.48848,0.30679,-0.28823,-0.87126,1.1956,-0.10893,0.26838
-0.48862,0.30661,-0.28815,-0.87131,1.1956,-0.10864,0.26946
-0.48877,0.30648,-0.28836,-0.87114,1.1956,-0.10847,0.27037
-0.48879,0.30616,-0.28857,-0.87124,1.1954,-0.10846,0.27043
-0.48876,0.30578,-0.2888,-0.87126,1.1951,-0.1084,0.26976
-0.48866,0.30564,-0.28911,-0.87091,1.195,-0.10838,0.26892
-0.48883,0.30519,-0.28939,-0.87104,1.1947,-0.10821,0.26779
-0.48909,0.30493,-0.28935,-0.871,1.1945,-0.1081,0.26691
-0.48957,0.30465,-0.28901,-0.87086,1.1943,-0.10794,0.26628
-0.48989,0.30426,-0.28854,-0.87094,1.1942,-0.1079,0.26598
-0.48987,0.30403,-0.28763,-0.87081,1.1943,-0.10782,0.26612
-0.48986,0.30388,-0.28677,-0.87088,1.194,-0.10779,0.26647
-0.48956,0.30366,-0.28588,-0.8709,1.1939,-0.10767,0.26666
-0.48922,0.30353,-0.2853,-0.87095,1.1935,-0.10741,0.26642
-0.48906,0.30349,-0.28505,-0.87092,1.1931,-0.10727,0.26567
-0.48907,0.3034,-0.28507,-0.87068,1.1929,-0.10726,0.26473
-0.48933,0.30317,-0.28537,-0.87077,1.1926,-0.10729,0.26349
-0.48978,0.30308,-0.28572,-0.87067,1.1921,-0.1073,0.26216
-0.49006,0.30332,-0.28598,-0.87034,1.1921,-0.10724,0.26117
-0.49055,0.30381,-0.28599,-0.86994,1.1919,-0.10748,0.26043
-0.4907,0.3041,-0.28582,-0.86961,1.1921,-0.10787,0.26023
-0.49072,0.30459,-0.28533,-0.86918,1.1922,-0.10811,0.26056
-0.4907,0.30472,-0.28463,-0.86923,1.1922,-0.1078,0.26143
-0.49039,0.30485,-0.28374,-0.86934,1.1922,-0.10781,0.26207
-0.49015,0.30466,-0.28261,-0.86973,1.1916,-0.1076,0.26263
-0.49001,0.30445,-0.28174,-0.87003,1.1911,-0.10734,0.26275
-0.48999,0.30424,-0.28096,-0.87025,1.1905,-0.1073,0.26225
-0.48994,0.30405,-0.28014,-0.87044,1.1898,-0.1071,0.26139
-0.49009,0.30392,-0.27984,-0.87044,1.1894,-0.10706,0.26034
-0.49042,0.30404,-0.28006,-0.87021,1.1892,-0.10725,0.25956
-0.49073,0.30415,-0.28051,-0.86973,1.1894,-0.10744,0.25938
-0.49096,0.30431,-0.281,-0.86926,1.1898,-0.10757,0.25956
-0.49088,0.3043,-0.28141,-0.86904,1.1903,-0.10758,0.26012
-0.49105,0.30434,-0.28169,-0.86874,1.1906,-0.10769,0.26076
-0.49115,0.30425,-0.2818,-0.86853,1.1907,-0.10762,0.26139
-0.49102,0.30424,-0.28192,-0.86839,1.1908,-0.10767,0.26178
-0.49128,0.30397,-0.28192,-0.86878,1.1903,-0.10774,0.26153
-0.49148,0.30357,-0.28166,-0.86893,1.19,-0.10779,0.26117
-0.4917,0.30346,-0.28138,-0.86889,1.1897,-0.10764,0.26081
-0.49217,0.30295,-0.28111,-0.86908,1.1894,-0.10756,0.26025
-0.49249,0.3029,-0.28103,-0.86891,1.1891,-0.10765,0.25979
-0.49263,0.30289,-0.28078,-0.86877,1.1888,-0.10786,0.25958
-0.49304,0.30289,-0.28048,-0.86858,1.1887,-0.10816,0.25946
-0.49331,0.30294,-0.28011,-0.86859,1.1886,-0.1085,0.25925
-0.49354,0.30317,-0.27983,-0.8684,1.1887,-0.1085,0.2595
-0.49395,0.30337,-0.27962,-0.86849,1.1885,-0.10813,0.26016
-0.49415,0.30394,-0.2792,-0.86845,1.1886,-0.10763,0.26075
-0.49455,0.30441,-0.27902,-0.86864,1.1882,-0.10732,0.26082
-0.4948,0.30445,-0.2792,-0.8687,1.1878,-0.10696,0.26048
-0.495,0.30436,-0.27953,-0.86843,1.1877,-0.10662,0.25996
-0.49542,0.30446,-0.28026,-0.86817,1.1876,-0.10664,0.25899
-0.49554,0.30495,-0.28105,-0.86785,1.1878,-0.10642,0.25812
-0.49601,0.30557,-0.28164,-0.8675,1.1878,-0.10622,0.25741
-0.4964,0.30565,-0.28195,-0.8672,1.1879,-0.10632,0.25714
-0.49684,0.30585,-0.28215,-0.86705,1.1878,-0.10632,0.2572
-0.49733,0.30612,-0.28232,-0.867,1.1876,-0.10622,0.25763
-0.49782,0.30606,-0.28243,-0.86721,1.1873,-0.10605,0.25839
-0.49815,0.30594,-0.28199,-0.86764,1.1868,-0.10593,0.2587
-0.49851,0.30578,-0.2816,-0.86808,1.1864,-0.10588,0.259
-0.49886,0.30558,-0.28075,-0.86847,1.1858,-0.10572,0.25868
-0.49894,0.30511,-0.27967,-0.86898,1.1853,-0.10549,0.25791
-0.4991,0.30438,-0.27832,-0.86938,1.1846,-0.1056,0.25661
-0.49938,0.30373,-0.277,-0.86959,1.1841,-0.10571,0.25498
-0.49969,0.303,-0.27614,-0.86971,1.1833,-0.10576,0.25309
-0.50021,0.30235,-0.27561,-0.86978,1.1828,-0.10572,0.25145
-0.50103,0.30229,-0.27551,-0.86948,1.1823,-0.10542,0.25071
-0.5018,0.30216,-0.27606,-0.86917,1.1821,-0.10564,0.25058
-0.50273,0.30234,-0.2763,-0.86884,1.1818,-0.10574,0.25107
-0.50356,0.30221,-0.27648,-0.86873,1.1818,-0.10585,0.25171
-0.50438,0.30213,-0.2764,-0.86898,1.1816,-0.10592,0.25188
-0.50514,0.30207,-0.27634,-0.86903,1.1815,-0.10586,0.25179
-0.50591,0.30209,-0.27607,-0.86905,1.1815,-0.10566,0.25107
-0.50664,0.30215,-0.27562,-0.86896,1.1815,-0.10528,0.25018
-0.50722,0.3023,-0.27522,-0.86904,1.1812,-0.10506,0.24875
-0.50793,0.30245,-0.27454,-0.8689,1.1801,-0.10487,0.24693
-0.50856,0.30273,-0.27398,-0.86872,1.1792,-0.10467,0.2446
-0.50917,0.30302,-0.27367,-0.86856,1.1777,-0.10485,0.24223
-0.50975,0.30317,-0.27348,-0.8682,1.1758,-0.10513,0.24034
-0.51036,0.30353,-0.27321,-0.86797,1.1737,-0.10543,0.23904
-0.51108,0.30376,-0.27303,-0.86823,1.1726,-0.10547,0.2383
-0.51166,0.3039,-0.27268,-0.86845,1.1715,-0.10535,0.23808
-0.51227,0.30409,-0.27244,-0.86878,1.1707,-0.10507,0.23771
-0.51296,0.30409,-0.2723,-0.86924,1.1701,-0.1047,0.23684
-0.51326,0.30416,-0.27212,-0.86962,1.1692,-0.10434,0.23511
-0.5138,0.30398,-0.27206,-0.86981,1.1672,-0.1041,0.23244
-0.51429,0.30395,-0.2719,-0.86968,1.1653,-0.104,0.22902
-0.5151,0.30441,-0.27167,-0.86942,1.1628,-0.10394,0.22545
-0.51552,0.30442,-0.27144,-0.86974,1.1598,-0.10366,0.22231
-0.51631,0.305,-0.27095,-0.86995,1.1576,-0.10318,0.22048
-0.51693,0.30527,-0.26995,-0.87047,1.1563,-0.10281,0.22023
-0.51796,0.30551,-0.26894,-0.8713,1.1558,-0.1025,0.22054
-0.51858,0.30546,-0.26777,-0.87251,1.156,-0.10217,0.22067
-0.51901,0.30544,-0.26649,-0.8737,1.1558,-0.10197,0.22005
-0.51907,0.30514,-0.26555,-0.87477,1.1552,-0.10168,0.21854
-0.51972,0.30501,-0.26478,-0.87556,1.1538,-0.10128,0.21635
-0.52067,0.30513,-0.26374,-0.87625,1.1517,-0.10095,0.21358
-0.52145,0.30538,-0.26303,-0.87672,1.1496,-0.1002,0.21088
-0.5224,0.30553,-0.26256,-0.87734,1.1479,-0.09935,0.2083
-0.52328,0.30595,-0.26249,-0.8781,1.147,-0.098745,0.20608
-0.5242,0.3065,-0.26225,-0.87886,1.1468,-0.097908,0.20415
-0.5253,0.30671,-0.26163,-0.8796,1.1469,-0.0974,0.20214
-0.52621,0.30726,-0.26152,-0.88036,1.1466,-0.096986,0.19956
-0.52709,0.30779,-0.26153,-0.88101,1.1459,-0.096767,0.1968
-0.52796,0.3088,-0.26224,-0.88142,1.1446,-0.096701,0.19377
-0.52914,0.30906,-0.2627,-0.88179,1.1427,-0.096832,0.19024
-0.53038,0.30921,-0.26252,-0.88225,1.1408,-0.096757,0.18686
-0.53169,0.30961,-0.26305,-0.88257,1.1393,-0.096286,0.18396
-0.53298,0.30978,-0.26364,-0.88317,1.1385,-0.095797,0.18134
-0.53416,0.31007,-0.26436,-0.88407,1.1383,-0.09533,0.1789
-0.53569,0.31019,-0.26422,-0.88499,1.1383,-0.095095,0.17651
-0.53701,0.31054,-0.26453,-0.88583,1.1386,-0.095068,0.17448
-0.53865,0.3111,-0.26467,-0.88663,1.1382,-0.095739,0.17265
-0.54016,0.31162,-0.26468,-0.88724,1.1376,-0.096956,0.17099
-0.54188,0.31233,-0.26462,-0.88802,1.1362,-0.098526,0.16843
-0.54366,0.31306,-0.26451,-0.88875,1.1343,-0.10053,0.16494
-0.54544,0.31381,-0.26423,-0.88971,1.1323,-0.10188,0.16132
-0.54719,0.31458,-0.26395,-0.8907,1.1301,-0.10248,0.158
-0.54915,0.31513,-0.26358,-0.89191,1.1282,-0.10239,0.1544
-0.55137,0.31583,-0.26335,-0.89317,1.1267,-0.10245,0.15096
-0.55367,0.31651,-0.26305,-0.89434,1.1256,-0.10242,0.14705
-0.55612,0.3171,-0.26313,-0.89569,1.1243,-0.10231,0.14297
-0.5584,0.31778,-0.26309,-0.8965,1.123,-0.10251,0.13877
-0.56094,0.31856,-0.26325,-0.89724,1.1209,-0.10335,0.13434
-0.56347,0.31961,-0.26333,-0.89775,1.1184,-0.10477,0.12918
-0.56587,0.32048,-0.26325,-0.89869,1.115,-0.10628,0.12309
-0.56841,0.32153,-0.26334,-0.89904,1.1113,-0.10801,0.11644
-0.5711,0.32236,-0.26365,-0.8998,1.107,-0.10923,0.10922
-0.57383,0.32332,-0.26413,-0.90044,1.1035,-0.10969,0.10288
-0.57675,0.32417,-0.26456,-0.90145,1.1008,-0.10942,0.097491
-0.57957,0.32486,-0.26486,-0.90265,1.0991,-0.10888,0.092897
-0.58235,0.32541,-0.26521,-0.90399,1.0979,-0.10859,0.088587
-0.58519,0.32585,-0.26555,-0.90519,1.0967,-0.10846,0.084493
-0.58793,0.32634,-0.26604,-0.9059,1.0952,-0.10906,0.08036
-0.59071,0.32689,-0.2664,-0.90682,1.0927,-0.10776,0.080293
-0.59344,0.32749,-0.26677,-0.9074,1.0894,-0.11148,0.070566
-0.59645,0.32825,-0.2669,-0.90842,1.0854,-0.11229,0.064696
-0.59962,0.32943,-0.26699,-0.90945,1.0814,-0.11078,0.064514
-0.60268,0.33067,-0.26706,-0.91089,1.078,-0.11098,0.058232
-0.60595,0.33197,-0.26695,-0.91241,1.0755,-0.11061,0.052305
-0.60919,0.33298,-0.26687,-0.91407,1.0735,-0.11005,0.046867
-0.61228,0.33372,-0.26709,-0.91585,1.0717,-0.10909,0.041693
-0.6153,0.33434,-0.26716,-0.91747,1.0699,-0.10864,0.037489
-0.61823,0.3355,-0.26729,-0.9189,1.0676,-0.10852,0.034011
-0.62134,0.33673,-0.26721,-0.92013,1.0648,-0.10912,0.030893
-0.62436,0.3378,-0.26663,-0.92136,1.0609,-0.11023,0.027754
-0.62744,0.3388,-0.2658,-0.92267,1.0565,-0.11157,0.023778
-0.63052,0.33995,-0.26527,-0.92396,1.0522,-0.11285,0.018689
-0.63383,0.34106,-0.26496,-0.92557,1.048,-0.11362,0.012662
-0.63709,0.34213,-0.26501,-0.92713,1.0449,-0.11373,0.0067378
-0.64039,0.34318,-0.2654,-0.92869,1.0426,-0.11402,0.00096711
-0.64387,0.3443,-0.26589,-0.93007,1.0405,-0.11409,-0.0038061
-0.64716,0.34525,-0.26637,-0.93097,1.0386,-0.11431,-0.0074503
-0.65036,0.34606,-0.26634,-0.9313,1.0359,-0.11468,-0.010263
-0.65333,0.34689,-0.26592,-0.9315,1.0326,-0.11528,-0.013124
-0.65623,0.34779,-0.26545,-0.9315,1.0291,-0.11601,-0.016483
-0.65918,0.34874,-0.26492,-0.93196,1.0257,-0.11677,-0.020013
-0.66228,0.34994,-0.26428,-0.93282,1.0234,-0.11755,-0.022888
-0.66551,0.35121,-0.2641,-0.93387,1.0226,-0.11793,-0.024755
-0.6689,0.35243,-0.26393,-0.93517,1.0227,-0.11826,-0.025938
-0.67211,0.35366,-0.26387,-0.93535,1.0193,-0.11993,-0.027854
-0.67531,0.35497,-0.26402,-0.93712,1.0226,-0.11909,-0.02996
-0.67866,0.35654,-0.26438,-0.93694,1.0212,-0.12001,-0.032742
-0.68192,0.35784,-0.26475,-0.93631,1.0188,-0.12109,-0.035687
-0.68564,0.35938,-0.26513,-0.9353,1.0154,-0.12252,-0.03847
-0.68923,0.36105,-0.26525,-0.93494,1.0119,-0.12517,-0.042319
-0.6926,0.36267,-0.26535,-0.93302,1.0089,-0.12535,-0.043394
-0.69587,0.3642,-0.26535,-0.93237,1.0067,-0.12641,-0.045284
-0.69908,0.3656,-0.26519,-0.9321,1.0053,-0.12713,-0.047055
-0.70216,0.3668,-0.26508,-0.93226,1.0047,-0.12768,-0.049266
-0.70532,0.36759,-0.26497,-0.93264,1.0011,-0.12961,-0.053168
-0.70857,0.36876,-0.26495,-0.93287,1.0026,-0.12916,-0.055556
-0.71197,0.36983,-0.26493,-0.9325,1.0005,-0.1301,-0.058532
-0.71531,0.37096,-0.26481,-0.93164,0.99712,-0.13136,-0.0614
-0.71882,0.37216,-0.26486,-0.93058,0.9926,-0.13265,-0.06424
-0.72222,0.37344,-0.26458,-0.92933,0.98773,-0.13393,-0.067317
-0.72522,0.37428,-0.26375,-0.92852,0.98328,-0.13538,-0.070757
-0.72799,0.37497,-0.26266,-0.92805,0.97946,-0.13684,-0.074167
-0.73058,0.37551,-0.26178,-0.92821,0.977,-0.13779,-0.077251
-0.73304,0.37601,-0.26113,-0.92902,0.97565,-0.13851,-0.080571
-0.73556,0.37651,-0.26081,-0.92992,0.97502,-0.13938,-0.084327
-0.73807,0.37706,-0.26053,-0.93093,0.97433,-0.14043,-0.089008
-0.74052,0.37783,-0.26055,-0.93125,0.97323,-0.14153,-0.094285
-0.74322,0.37878,-0.26086,-0.93087,0.9711,-0.14254,-0.10001
-0.74595,0.37975,-0.26119,-0.93012,0.96755,-0.14375,-0.10589
-0.74868,0.38079,-0.26166,-0.92904,0.96302,-0.14622,-0.11184
-0.75143,0.38195,-0.2619,-0.92801,0.95777,-0.14797,-0.11801
-0.75374,0.3831,-0.26185,-0.92766,0.95313,-0.14985,-0.12485
-0.75599,0.38404,-0.26183,-0.92761,0.94967,-0.15212,-0.13243
-0.75801,0.38508,-0.26209,-0.92817,0.94786,-0.1549,-0.14074
-0.76006,0.38596,-0.26256,-0.92918,0.94735,-0.15775,-0.14911
-0.76217,0.38691,-0.26328,-0.93002,0.94776,-0.16022,-0.15665
-0.7622,0.38698,-0.26336,-0.93117,0.94993,-0.16187,-0.16272
-0.76451,0.3881,-0.26435,-0.93159,0.94969,-0.16311,-0.16813
-0.76869,0.39033,-0.26543,-0.9306,0.94615,-0.16553,-0.17406
-0.77073,0.39156,-0.26566,-0.93047,0.94468,-0.17067,-0.18084
-0.77231,0.39275,-0.26573,-0.93041,0.93935,-0.17117,-0.18833
-0.77239,0.39294,-0.26594,-0.93081,0.93667,-0.17334,-0.19725
-0.77591,0.39507,-0.26554,-0.93105,0.93106,-0.17607,-0.2066
-0.77766,0.39595,-0.2657,-0.93075,0.92937,-0.17994,-0.21484
-0.77953,0.39701,-0.26641,-0.93181,0.9278,-0.18369,-0.22243
-0.78139,0.39797,-0.26748,-0.93552,0.93044,-0.18433,-0.22903
-0.78351,0.39906,-0.26889,-0.93721,0.93212,-0.18525,-0.23391
-0.78556,0.40012,-0.26974,-0.93873,0.93304,-0.18607,-0.23855
-0.78761,0.40129,-0.27009,-0.93845,0.93116,-0.18897,-0.24337
-0.78937,0.40255,-0.26978,-0.93981,0.93049,-0.19012,-0.24851
-0.79126,0.40396,-0.26927,-0.94153,0.92653,-0.18982,-0.25377
-0.79311,0.40549,-0.26842,-0.94174,0.92203,-0.19167,-0.25964
-0.79486,0.40687,-0.26786,-0.94193,0.91746,-0.19381,-0.26608
-0.79656,0.4082,-0.26709,-0.94166,0.91525,-0.19749,-0.27301
-0.79814,0.40943,-0.26643,-0.94233,0.9111,-0.19951,-0.28007
-0.79814,0.40943,-0.26643,-0.94515,0.9089,-0.19912,-0.28657
-0.7998,0.41071,-0.26619,-0.94605,0.90728,-0.1999,-0.2918
-0.80152,0.41191,-0.26607,-0.94715,0.90593,-0.20071,-0.29574
-0.8034,0.41302,-0.26619,-0.94674,0.90407,-0.20316,-0.29892
-0.80518,0.41438,-0.26639,-0.9474,0.90233,-0.20299,-0.30222
-0.8069,0.41572,-0.26694,-0.94807,0.89759,-0.20289,-0.30655
-0.80861,0.4172,-0.26729,-0.94757,0.89268,-0.20472,-0.31249
-0.81041,0.41858,-0.26792,-0.94729,0.8875,-0.20703,-0.32017
-0.8123,0.41999,-0.26859,-0.94647,0.886,-0.21046,-0.32871
-0.81422,0.42135,-0.26923,-0.94616,0.88089,-0.21181,-0.33774
-0.81619,0.42261,-0.27024,-0.947,0.87541,-0.21285,-0.34683
-0.8183,0.42381,-0.27143,-0.94709,0.87359,-0.21449,-0.35439
-0.82037,0.42492,-0.27268,-0.94702,0.87248,-0.21629,-0.36045
-0.82235,0.42607,-0.27394,-0.94613,0.87134,-0.21893,-0.36563
-0.8243,0.42728,-0.27503,-0.94592,0.87039,-0.22071,-0.37027
-0.82611,0.42846,-0.27589,-0.94587,0.86742,-0.22119,-0.37471
-0.82785,0.42961,-0.2765,-0.94509,0.86383,-0.22308,-0.38056
-0.82935,0.43068,-0.27692,-0.94452,0.85963,-0.22521,-0.3874
-0.83089,0.43206,-0.277,-0.94401,0.85807,-0.22769,-0.39445
-0.83252,0.43343,-0.27696,-0.94369,0.85358,-0.22905,-0.40121
-0.83432,0.43442,-0.27731,-0.94387,0.84872,-0.23022,-0.40674
-0.83593,0.43479,-0.27785,-0.94442,0.84682,-0.23162,-0.41113
-0.83759,0.4352,-0.2783,-0.94506,0.84545,-0.23255,-0.41429
-0.83928,0.43578,-0.27905,-0.94492,0.84402,-0.23401,-0.41668
-0.84066,0.43655,-0.27971,-0.94555,0.84329,-0.23455,-0.41856
-0.84184,0.43735,-0.27994,-0.94671,0.84273,-0.23548,-0.42075
-0.84306,0.43783,-0.27989,-0.94689,0.84112,-0.23702,-0.42344
-0.84409,0.43842,-0.2799,-0.94683,0.8387,-0.23892,-0.42729
-0.84536,0.43899,-0.2802,-0.94651,0.83751,-0.24064,-0.43163
-0.84655,0.43954,-0.2807,-0.94614,0.83447,-0.2407,-0.43629
-0.84794,0.44004,-0.28178,-0.94515,0.82921,-0.24107,-0.4405
-0.84939,0.44064,-0.283,-0.94437,0.82685,-0.24156,-0.44383
-0.85086,0.44115,-0.28407,-0.94382,0.82525,-0.24223,-0.44633
-0.8518,0.44153,-0.28471,-0.94363,0.82438,-0.2429,-0.44802
-0.85279,0.44177,-0.28476,-0.94348,0.82371,-0.24362,-0.44895
-0.85354,0.44182,-0.28466,-0.94371,0.8261,-0.24469,-0.44901
-0.85428,0.44199,-0.28445,-0.94409,0.82704,-0.24611,-0.4496
-0.85496,0.44226,-0.28442,-0.94408,0.82785,-0.24808,-0.45132
-0.85577,0.44286,-0.28464,-0.9438,0.82699,-0.25032,-0.45471
-0.85682,0.44364,-0.28492,-0.94367,0.82669,-0.25181,-0.45858
-0.85811,0.44465,-0.28561,-0.94244,0.82392,-0.25224,-0.46254
-0.85934,0.44554,-0.28575,-0.94132,0.82061,-0.25307,-0.4673
-0.86051,0.44632,-0.28574,-0.94031,0.81707,-0.25379,-0.47206
-0.86157,0.44694,-0.28513,-0.94073,0.81514,-0.25518,-0.47716
-0.86243,0.44762,-0.28438,-0.94006,0.81202,-0.2562,-0.48077
-0.86353,0.44833,-0.28375,-0.93952,0.80967,-0.25713,-0.4834
-0.86443,0.44895,-0.28319,-0.93952,0.81002,-0.25765,-0.48432
-0.86533,0.44962,-0.28275,-0.93983,0.81039,-0.25923,-0.48571
-0.86608,0.45019,-0.28216,-0.93995,0.80896,-0.26175,-0.48873
-0.86693,0.45072,-0.28176,-0.94048,0.80895,-0.26231,-0.49208
-0.86763,0.45149,-0.28139,-0.94061,0.80845,-0.26344,-0.49639
-0.86827,0.45234,-0.28102,-0.94056,0.80698,-0.26477,-0.50128
-0.86922,0.453,-0.28064,-0.94034,0.80441,-0.26625,-0.50611
-0.87022,0.45384,-0.28044,-0.93983,0.80124,-0.26743,-0.51019
-0.87111,0.45456,-0.28031,-0.93903,0.79765,-0.2685,-0.51343
-0.87222,0.45524,-0.28037,-0.93839,0.79403,-0.26854,-0.51567
-0.87302,0.45572,-0.28034,-0.93753,0.79143,-0.26889,-0.51718
-0.87372,0.45593,-0.27974,-0.93732,0.78931,-0.26938,-0.5185
-0.87412,0.45586,-0.2793,-0.93757,0.78823,-0.27061,-0.5204
-0.8745,0.45591,-0.27869,-0.9384,0.78737,-0.27228,-0.52326
-0.87499,0.45619,-0.27849,-0.93913,0.78711,-0.27431,-0.52657
-0.8756,0.45633,-0.27857,-0.93988,0.78674,-0.27624,-0.52994
-0.87623,0.45666,-0.27881,-0.9402,0.78622,-0.27828,-0.5335
-0.8768,0.45677,-0.27934,-0.94026,0.78511,-0.27998,-0.53719
-0.87771,0.45713,-0.28022,-0.93978,0.78341,-0.28118,-0.54061
-0.87849,0.45748,-0.28117,-0.93903,0.78139,-0.28204,-0.54366
-0.87943,0.45811,-0.28201,-0.93781,0.77954,-0.2828,-0.54583
-0.88016,0.45832,-0.28242,-0.93737,0.77743,-0.28319,-0.54747
-0.88073,0.45867,-0.28276,-0.93685,0.77603,-0.28342,-0.54827
-0.88116,0.4588,-0.28252,-0.93679,0.77523,-0.284,-0.54907
-0.88152,0.45889,-0.2822,-0.93723,0.77473,-0.28513,-0.55035
-0.88166,0.45894,-0.28167,-0.93757,0.77473,-0.28647,-0.55219
-0.8819,0.45913,-0.28141,-0.93802,0.7746,-0.2876,-0.55454
-0.88222,0.45948,-0.2815,-0.93811,0.77447,-0.28844,-0.55708
-0.88261,0.45987,-0.28188,-0.9377,0.77463,-0.28952,-0.55976
-0.88317,0.46022,-0.28242,-0.93742,0.77454,-0.29024,-0.5621
-0.88354,0.46036,-0.28307,-0.93688,0.77415,-0.29085,-0.56433
-0.884,0.46049,-0.28382,-0.93651,0.7734,-0.29104,-0.56621
-0.88432,0.46053,-0.28466,-0.93577,0.77331,-0.29113,-0.56705
-0.88462,0.46063,-0.28521,-0.93537,0.77328,-0.29074,-0.56682
-0.88504,0.46058,-0.28592,-0.93528,0.77371,-0.29091,-0.56624
-0.88545,0.46063,-0.28649,-0.93542,0.7745,-0.29076,-0.56526
-0.88558,0.46063,-0.28652,-0.93595,0.77556,-0.2909,-0.56481
-0.88554,0.46071,-0.28636,-0.93625,0.77722,-0.29118,-0.56458
-0.88557,0.46098,-0.28617,-0.93669,0.77828,-0.29108,-0.56522
-0.88573,0.46126,-0.2859,-0.9369,0.77859,-0.29145,-0.56693
-0.8856,0.46123,-0.28566,-0.93704,0.77801,-0.29173,-0.56939
-0.88565,0.46156,-0.28567,-0.9366,0.77693,-0.29219,-0.57203
-0.88614,0.46162,-0.28597,-0.93631,0.77514,-0.29273,-0.57411
-0.88645,0.4617,-0.28622,-0.93581,0.77369,-0.29159,-0.5747
-0.88678,0.46165,-0.28658,-0.93546,0.77292,-0.29196,-0.57449
-0.88707,0.46162,-0.28663,-0.93546,0.77288,-0.2921,-0.57268
-0.88736,0.46165,-0.28682,-0.93564,0.77404,-0.29241,-0.56981
-0.88752,0.46161,-0.28684,-0.93645,0.77596,-0.29257,-0.56658
-0.88748,0.46158,-0.28671,-0.93727,0.77877,-0.29248,-0.56318
-0.88741,0.46162,-0.28642,-0.93786,0.78137,-0.2923,-0.56056
-0.88719,0.46166,-0.28624,-0.93838,0.78306,-0.29213,-0.55934
-0.88698,0.4617,-0.28592,-0.93848,0.78357,-0.29218,-0.5596
-0.88701,0.46174,-0.28598,-0.93848,0.78274,-0.292,-0.56086
-0.88725,0.46185,-0.28639,-0.93803,0.78123,-0.29206,-0.56256
-0.88761,0.46208,-0.28702,-0.93724,0.77975,-0.29209,-0.56355
-0.8881,0.46218,-0.28822,-0.93643,0.77898,-0.29215,-0.56372
-0.88843,0.46221,-0.28964,-0.93578,0.77921,-0.29213,-0.56257
-0.88908,0.46232,-0.29103,-0.93525,0.7804,-0.29195,-0.56046
-0.88934,0.46218,-0.29221,-0.93537,0.78242,-0.2917,-0.55806
-0.88949,0.46205,-0.29298,-0.93583,0.78501,-0.29134,-0.55586
-0.88935,0.46202,-0.29328,-0.93625,0.78759,-0.2915,-0.55466
-0.88932,0.46209,-0.29312,-0.93642,0.78935,-0.29188,-0.55511
-0.88908,0.4621,-0.29267,-0.93658,0.78998,-0.29236,-0.55699
-0.88892,0.46209,-0.29247,-0.93635,0.78942,-0.2928,-0.55959
-0.88881,0.46216,-0.29241,-0.9356,0.7878,-0.29327,-0.56208
-0.88905,0.46215,-0.29286,-0.93445,0.78592,-0.29359,-0.56341
-0.88954,0.46244,-0.29363,-0.93329,0.78429,-0.29384,-0.56356
-0.89028,0.46285,-0.29504,-0.93236,0.78368,-0.29415,-0.56268
-0.89086,0.46284,-0.29634,-0.93212,0.78378,-0.29418,-0.56082
-0.8914,0.46265,-0.29783,-0.93226,0.78515,-0.29431,-0.559
-0.8914,0.46238,-0.2986,-0.9327,0.78689,-0.29417,-0.55732
-0.89162,0.46263,-0.29904,-0.93394,0.78816,-0.29421,-0.55706
-0.8916,0.46295,-0.29942,-0.93461,0.7898,-0.29423,-0.5571
-0.89161,0.46335,-0.29925,-0.93531,0.79053,-0.29805,-0.5582
-0.89122,0.46367,-0.29894,-0.93551,0.79065,-0.29792,-0.55855
-0.89119,0.46436,-0.29879,-0.93513,0.79018,-0.29778,-0.55856
-0.89126,0.46522,-0.29932,-0.93443,0.7894,-0.29772,-0.55827
-0.89173,0.46576,-0.30004,-0.93395,0.78844,-0.29759,-0.55766
-0.89208,0.46636,-0.30118,-0.93336,0.788,-0.29724,-0.55656
-0.89256,0.46687,-0.30236,-0.9332,0.78782,-0.29694,-0.55539
-0.89292,0.46719,-0.30353,-0.93316,0.78842,-0.29661,-0.55428
-0.89293,0.46736,-0.30398,-0.93329,0.7892,-0.29625,-0.55306
-0.8928,0.46728,-0.30416,-0.9334,0.79039,-0.29575,-0.55162
-0.89277,0.4672,-0.30419,-0.9338,0.79151,-0.29565,-0.55115
-0.89257,0.46708,-0.30435,-0.9338,0.79295,-0.29595,-0.55142
-0.89221,0.46717,-0.30455,-0.93379,0.79381,-0.29604,-0.55248
-0.892,0.46732,-0.30496,-0.93363,0.79382,-0.29621,-0.55372
-0.89207,0.4677,-0.30566,-0.93318,0.79284,-0.29635,-0.55482
-0.89231,0.468,-0.30645,-0.93301,0.79099,-0.297,-0.55546
-0.89236,0.46825,-0.3072,-0.93279,0.78943,-0.29673,-0.55535
-0.89271,0.46831,-0.30792,-0.93275,0.78795,-0.29678,-0.55515
-0.89283,0.46834,-0.30861,-0.93287,0.78738,-0.29686,-0.55484
-0.89272,0.46835,-0.30895,-0.93326,0.78758,-0.29684,-0.55449
-0.89246,0.46843,-0.30948,-0.93348,0.78869,-0.29582,-0.55433
-0.8923,0.46843,-0.31001,-0.9337,0.79007,-0.29595,-0.55434
-0.89232,0.46844,-0.31062,-0.9339,0.79115,-0.29631,-0.55456
-0.89232,0.46851,-0.31121,-0.93405,0.79176,-0.29657,-0.55486
-0.89237,0.46879,-0.31213,-0.93395,0.7919,-0.29665,-0.55526
-0.89261,0.46914,-0.3132,-0.93364,0.79125,-0.29655,-0.55558
-0.89283,0.46956,-0.31422,-0.93304,0.79052,-0.29636,-0.55524
-0.89305,0.46985,-0.31515,-0.93258,0.78975,-0.29638,-0.55495
-0.89341,0.47015,-0.31607,-0.93249,0.78915,-0.29647,-0.55438
-0.89364,0.47043,-0.31701,-0.93227,0.78928,-0.2964,-0.55333
-0.89386,0.47071,-0.31763,-0.93251,0.78981,-0.29591,-0.55233
-0.89381,0.47079,-0.31792,-0.93296,0.79068,-0.29532,-0.5514
-0.89379,0.47074,-0.31787,-0.9337,0.79127,-0.29538,-0.55175
-0.89368,0.47067,-0.31786,-0.93387,0.79209,-0.29527,-0.55209
-0.89354,0.47088,-0.31797,-0.93376,0.79272,-0.29553,-0.55271
-0.8937,0.47099,-0.31838,-0.93356,0.79263,-0.29543,-0.55348
-0.89348,0.47113,-0.3185,-0.93355,0.7922,-0.29548,-0.55417
-0.89364,0.47104,-0.31896,-0.93337,0.79139,-0.29579,-0.55452
-0.89378,0.47103,-0.31965,-0.93309,0.79075,-0.2959,-0.55449
-0.89391,0.47101,-0.32051,-0.93281,0.79052,-0.29591,-0.55407
-0.89396,0.4712,-0.32115,-0.93258,0.79071,-0.29516,-0.55345
-0.89404,0.47126,-0.32176,-0.93266,0.79136,-0.2953,-0.55232
-0.89407,0.47118,-0.32192,-0.93274,0.79209,-0.29502,-0.55068
-0.89404,0.47111,-0.32189,-0.93292,0.79287,-0.29512,-0.55008
-0.89378,0.47117,-0.32137,-0.93317,0.79346,-0.29509,-0.55034
-0.89344,0.47104,-0.32064,-0.93355,0.7935,-0.29485,-0.55111
-0.8932,0.47107,-0.31984,-0.9333,0.79307,-0.29495,-0.55211
-0.89314,0.47099,-0.31916,-0.93339,0.79212,-0.29504,-0.55322
-0.8931,0.47098,-0.31862,-0.93328,0.79125,-0.29504,-0.554
-0.89297,0.47091,-0.31823,-0.93325,0.79065,-0.29518,-0.55433
-0.8929,0.47079,-0.31812,-0.93311,0.79068,-0.29507,-0.55345
-0.89285,0.47062,-0.31854,-0.93296,0.79126,-0.29497,-0.55184
-0.89281,0.47037,-0.31928,-0.93271,0.7922,-0.29491,-0.54985
-0.89276,0.46996,-0.32004,-0.93298,0.79302,-0.29457,-0.548
-0.89234,0.46944,-0.3202,-0.93322,0.79381,-0.29474,-0.5483
-0.89183,0.46886,-0.32017,-0.93378,0.79388,-0.29449,-0.54735
-0.89136,0.46809,-0.32013,-0.93439,0.79344,-0.29431,-0.54717
-0.89082,0.46751,-0.32015,-0.93468,0.79282,-0.29418,-0.54754
-0.89037,0.4668,-0.32056,-0.935,0.79228,-0.29405,-0.54831
-0.88981,0.46616,-0.32118,-0.93501,0.79185,-0.29398,-0.54888
-0.88907,0.46545,-0.32193,-0.9351,0.79201,-0.29358,-0.54857
-0.88833,0.46471,-0.32271,-0.93514,0.79246,-0.29339,-0.54737
-0.88749,0.46375,-0.32349,-0.93548,0.79283,-0.29315,-0.54569
-0.88641,0.46276,-0.32426,-0.93579,0.79332,-0.29275,-0.54341
-0.88536,0.4617,-0.32488,-0.93611,0.79401,-0.29227,-0.54059
-0.88439,0.46049,-0.32557,-0.93657,0.79457,-0.29121,-0.53739
-0.88349,0.45904,-0.32606,-0.93732,0.79471,-0.29049,-0.53432
-0.88233,0.45777,-0.32627,-0.9378,0.79517,-0.28948,-0.53079
-0.88131,0.4566,-0.32648,-0.93828,0.79582,-0.28829,-0.52691
-0.88029,0.45547,-0.32683,-0.93873,0.79728,-0.2876,-0.52282
-0.87914,0.45443,-0.3272,-0.9391,0.79945,-0.28706,-0.51856
-0.87787,0.45327,-0.32773,-0.9393,0.80198,-0.2862,-0.51418
-0.87653,0.45226,-0.32819,-0.93939,0.80437,-0.2855,-0.50974
-0.87516,0.45109,-0.32828,-0.93939,0.80642,-0.28473,-0.50455
-0.8737,0.44963,-0.32848,-0.93958,0.80772,-0.28371,-0.49856
-0.87226,0.44816,-0.32863,-0.93957,0.80866,-0.28244,-0.49201
-0.87095,0.44665,-0.32871,-0.93932,0.8094,-0.28102,-0.48546
-0.86966,0.44522,-0.32913,-0.93926,0.80979,-0.27948,-0.47987
-0.86823,0.44378,-0.32972,-0.93933,0.81047,-0.27832,-0.47588
-0.86672,0.44253,-0.33039,-0.93936,0.81154,-0.27776,-0.47282
-0.86526,0.44144,-0.33146,-0.93945,0.813,-0.2775,-0.47084
-0.8639,0.44005,-0.33273,-0.9395,0.81472,-0.27722,-0.46895
-0.86238,0.4388,-0.33414,-0.93923,0.8169,-0.27712,-0.46715
-0.86083,0.43739,-0.33553,-0.93894,0.81899,-0.27671,-0.46484
-0.85937,0.43613,-0.33671,-0.93837,0.8208,-0.27638,-0.46159
-0.85792,0.43478,-0.3375,-0.93791,0.82234,-0.27593,-0.458
-0.85633,0.43331,-0.33766,-0.93753,0.82352,-0.27532,-0.45393
-0.85458,0.43232,-0.33721,-0.93706,0.82445,-0.27481,-0.45039
-0.85291,0.43149,-0.33699,-0.93686,0.82496,-0.27388,-0.44725
-0.85126,0.43094,-0.33663,-0.93676,0.8253,-0.27308,-0.44507
-0.8495,0.43,-0.33632,-0.93653,0.82581,-0.2726,-0.44357
-0.84759,0.42882,-0.33601,-0.93644,0.82634,-0.27287,-0.44266
-0.84566,0.42739,-0.33569,-0.93641,0.82708,-0.27228,-0.44156
-0.84382,0.42633,-0.33514,-0.93658,0.82831,-0.27175,-0.44021
-0.84189,0.42533,-0.33435,-0.93687,0.82994,-0.27146,-0.43842
-0.83973,0.42415,-0.33312,-0.93688,0.83199,-0.27103,-0.43591
-0.83757,0.42292,-0.33238,-0.9366,0.83439,-0.27061,-0.4329
-0.83543,0.42188,-0.33182,-0.93625,0.83678,-0.26979,-0.42965
-0.8332,0.42068,-0.33177,-0.93563,0.83919,-0.26902,-0.4264
-0.83098,0.41925,-0.33202,-0.93508,0.84117,-0.26836,-0.42354
-0.82884,0.41782,-0.33266,-0.93459,0.84278,-0.26782,-0.42111
-0.82661,0.41646,-0.33289,-0.93439,0.84373,-0.26928,-0.41944
-0.82431,0.41492,-0.33289,-0.93399,0.84459,-0.26869,-0.41766
-0.82176,0.41308,-0.3324,-0.93383,0.84514,-0.26741,-0.41579
-0.81938,0.4112,-0.33191,-0.93337,0.84587,-0.26648,-0.41328
-0.81706,0.40939,-0.33155,-0.93276,0.84725,-0.26552,-0.4099
-0.81486,0.40753,-0.33176,-0.93223,0.84915,-0.26284,-0.40461
-0.81304,0.40595,-0.33218,-0.93172,0.85155,-0.26195,-0.3984
-0.81107,0.40438,-0.33254,-0.93151,0.85443,-0.26087,-0.3918
-0.80905,0.40303,-0.33226,-0.9315,0.8569,-0.25994,-0.38616
-0.80677,0.4018,-0.33151,-0.93154,0.85901,-0.25943,-0.3819
-0.80454,0.40071,-0.33075,-0.93158,0.86028,-0.26052,-0.37963
-0.80244,0.39972,-0.32985,-0.93154,0.8608,-0.2601,-0.37812
-0.80027,0.39846,-0.32892,-0.93132,0.86054,-0.25963,-0.37705
-0.79804,0.39723,-0.32795,-0.93083,0.8604,-0.25888,-0.37524
-0.79591,0.39573,-0.32721,-0.93003,0.8606,-0.25827,-0.37237
-0.79349,0.39425,-0.32648,-0.92914,0.86122,-0.25756,-0.36799
-0.79122,0.3928,-0.3263,-0.92823,0.86265,-0.25645,-0.36183
-0.79123,0.39275,-0.3261,-0.92684,0.8622,-0.2552,-0.35463
-0.78891,0.39122,-0.32635,-0.92635,0.865,-0.25387,-0.34779
-0.7846,0.38826,-0.32707,-0.92689,0.87015,-0.25244,-0.34273
-0.78263,0.38721,-0.32732,-0.92676,0.87296,-0.25173,-0.33958
-0.7808,0.38615,-0.32724,-0.92678,0.87561,-0.25145,-0.33826
-0.78096,0.38646,-0.32693,-0.92629,0.87584,-0.25106,-0.33824
-0.77918,0.38572,-0.32649,-0.92594,0.87761,-0.2509,-0.33841
-0.77608,0.38385,-0.32647,-0.92559,0.88072,-0.25057,-0.33767
-0.77463,0.38271,-0.32613,-0.92468,0.88178,-0.25023,-0.3358
-0.77455,0.38253,-0.3254,-0.92303,0.88095,-0.24967,-0.33291
-0.773,0.38125,-0.32526,-0.92149,0.88201,-0.24894,-0.3292
-0.77136,0.38008,-0.32478,-0.92004,0.88287,-0.2482,-0.32563
-0.76996,0.37913,-0.32431,-0.91887,0.88369,-0.24749,-0.32279
-0.76835,0.37813,-0.32336,-0.91834,0.88444,-0.24655,-0.3209
-0.76682,0.37734,-0.32212,-0.91799,0.88578,-0.24638,-0.31981
-0.76565,0.37669,-0.32093,-0.91797,0.88733,-0.24633,-0.31955
-0.76429,0.37598,-0.31979,-0.91778,0.8898,-0.24636,-0.31917
-0.76283,0.37525,-0.31873,-0.91758,0.89277,-0.24646,-0.31866
-0.76136,0.3748,-0.31784,-0.9171,0.89582,-0.24658,-0.31749
-0.75967,0.37434,-0.31733,-0.91634,0.8989,-0.24666,-0.31522
-0.7578,0.37349,-0.31677,-0.91526,0.90199,-0.2467,-0.31198
-0.75595,0.37284,-0.31635,-0.91427,0.90451,-0.24649,-0.30797
-0.75381,0.3721,-0.31603,-0.91325,0.90668,-0.24589,-0.30339
-0.75175,0.37135,-0.31553,-0.91237,0.90871,-0.2477,-0.29919
-0.74994,0.37057,-0.31523,-0.91169,0.91061,-0.24719,-0.29535
-0.74807,0.36957,-0.31477,-0.91167,0.91215,-0.24682,-0.29227
-0.74638,0.36861,-0.31436,-0.91172,0.9139,-0.24645,-0.28972
-0.74486,0.36789,-0.3143,-0.9118,0.91582,-0.24594,-0.28744
-0.74304,0.36724,-0.31436,-0.91181,0.91824,-0.24549,-0.28494
-0.74124,0.36668,-0.31471,-0.9114,0.92124,-0.24507,-0.28174
-0.73928,0.36594,-0.31515,-0.91105,0.92444,-0.24441,-0.27774
-0.73718,0.36524,-0.3157,-0.91016,0.9278,-0.24343,-0.27269
-0.73506,0.36431,-0.31619,-0.90924,0.93072,-0.24236,-0.26727
-0.73319,0.36317,-0.31643,-0.90858,0.93317,-0.24009,-0.26175
-0.73153,0.36222,-0.31655,-0.90802,0.93514,-0.23899,-0.25717
-0.72978,0.36115,-0.3158,-0.90836,0.93652,-0.2378,-0.25346
-0.72813,0.36043,-0.31519,-0.9087,0.93892,-0.23677,-0.24999
-0.72658,0.35997,-0.3144,-0.90918,0.94248,-0.23609,-0.24666
-0.72486,0.35955,-0.31375,-0.90935,0.94753,-0.23218,-0.24197
-0.72301,0.35887,-0.31301,-0.90991,0.95332,-0.23217,-0.23724
-0.72097,0.35831,-0.31241,-0.90996,0.95975,-0.23213,-0.23097
-0.71885,0.35764,-0.31193,-0.90957,0.96611,-0.23156,-0.22288
-0.71676,0.35681,-0.31154,-0.90892,0.97211,-0.23065,-0.21373
-0.71508,0.35588,-0.31133,-0.90802,0.97705,-0.22958,-0.20476
-0.71348,0.35483,-0.31036,-0.90716,0.9801,-0.22895,-0.19741
-0.71213,0.35387,-0.30928,-0.90643,0.98127,-0.22862,-0.19247
-0.71056,0.35295,-0.30826,-0.90581,0.98147,-0.22815,-0.18922
-0.70906,0.3523,-0.30707,-0.90519,0.98126,-0.22792,-0.18702
-0.70746,0.35156,-0.3062,-0.9045,0.98172,-0.22792,-0.18498
-0.70581,0.35097,-0.3056,-0.90382,0.98287,-0.22767,-0.18224
-0.70406,0.35019,-0.30533,-0.90347,0.98504,-0.22703,-0.17818
-0.70228,0.34953,-0.30548,-0.90278,0.98817,-0.22614,-0.17257
-0.70027,0.34879,-0.30578,-0.90214,0.99234,-0.2248,-0.16566
-0.69837,0.34808,-0.30641,-0.90146,0.99676,-0.22514,-0.15867
-0.69667,0.34725,-0.30691,-0.90086,1.0009,-0.22409,-0.15207
-0.69515,0.34662,-0.30708,-0.90041,1.0041,-0.22328,-0.14678
-0.69348,0.34595,-0.30697,-0.90002,1.0062,-0.22261,-0.14297
-0.69202,0.34562,-0.30678,-0.89923,1.0077,-0.22234,-0.14058
-0.69051,0.34517,-0.30641,-0.89872,1.0083,-0.22526,-0.13972
-0.68907,0.34482,-0.30619,-0.89807,1.0089,-0.22478,-0.13849
-0.68762,0.34449,-0.30601,-0.89778,1.0101,-0.22415,-0.1369
-0.68601,0.34398,-0.30578,-0.89775,1.0122,-0.22351,-0.13415
-0.68432,0.34335,-0.30581,-0.89796,1.0156,-0.22275,-0.12968
-0.6827,0.34276,-0.30582,-0.89832,1.0201,-0.2235,-0.12401
-0.68118,0.34221,-0.30575,-0.89865,1.0256,-0.22238,-0.11724
-0.67951,0.34176,-0.30558,-0.89918,1.0313,-0.22136,-0.11078
-0.678,0.34164,-0.30544,-0.89933,1.0365,-0.22045,-0.1055
-0.67665,0.34154,-0.30511,-0.89953,1.0404,-0.2199,-0.10183
-0.67527,0.34113,-0.30481,-0.89952,1.043,-0.21977,-0.099416
-0.67384,0.34073,-0.30451,-0.89898,1.0445,-0.21972,-0.097727
-0.67224,0.34057,-0.30406,-0.89836,1.045,-0.21943,-0.095795
-0.67072,0.34072,-0.30382,-0.89739,1.0455,-0.21918,-0.09325
-0.66903,0.34043,-0.30342,-0.89644,1.0463,-0.21852,-0.089367
-0.66749,0.3399,-0.30292,-0.89574,1.0478,-0.21936,-0.084597
-0.666,0.33904,-0.30227,-0.89527,1.0504,-0.21801,-0.078997
-0.66483,0.33813,-0.30165,-0.89534,1.0532,-0.217,-0.073577
-0.66358,0.33717,-0.30099,-0.8957,1.0562,-0.21616,-0.069067
-0.66221,0.33646,-0.30005,-0.89622,1.0591,-0.21553,-0.065614
-0.66093,0.3361,-0.29975,-0.8964,1.0617,-0.21798,-0.063545
-0.65979,0.33616,-0.29962,-0.89612,1.0636,-0.21773,-0.061829
-0.65835,0.33591,-0.29945,-0.8955,1.065,-0.21791,-0.060759
-0.6569,0.33572,-0.29905,-0.89453,1.0655,-0.21785,-0.059974
-0.65577,0.33528,-0.29862,-0.89353,1.0656,-0.21784,-0.058969
-0.65482,0.335,-0.2982,-0.89246,1.066,-0.22163,-0.057134
-0.65386,0.33448,-0.29775,-0.89162,1.0672,-0.2212,-0.052899
-0.6529,0.33407,-0.29726,-0.89121,1.0691,-0.2202,-0.047346
-0.65191,0.33355,-0.29697,-0.89124,1.0712,-0.21919,-0.041612
-0.65075,0.33308,-0.29657,-0.89142,1.0731,-0.21851,-0.037016
-0.64916,0.3326,-0.29616,-0.89166,1.0744,-0.21921,-0.034119
-0.64731,0.33217,-0.29567,-0.89169,1.0753,-0.21889,-0.03253
-0.64534,0.33165,-0.29549,-0.89146,1.0757,-0.21861,-0.031631
-0.64319,0.33108,-0.29531,-0.891,1.0757,-0.2182,-0.030737
-0.6412,0.33061,-0.29545,-0.89028,1.076,-0.21786,-0.029382
-0.63943,0.33022,-0.29601,-0.88932,1.0767,-0.22107,-0.027293
-0.63779,0.32978,-0.29674,-0.88838,1.0783,-0.22093,-0.023598
-0.63615,0.32943,-0.29731,-0.88765,1.0804,-0.22074,-0.018767
-0.63448,0.32905,-0.29812,-0.88716,1.0827,-0.22054,-0.013151
-0.63268,0.32873,-0.29908,-0.88675,1.0853,-0.22008,-0.0075509
-0.63072,0.32857,-0.29993,-0.88644,1.0873,-0.22084,-0.0032136
-0.62873,0.32823,-0.30099,-0.88621,1.0889,-0.2203,-0.00020953
-0.62676,0.32807,-0.30184,-0.88567,1.0897,-0.22009,0.0010835
-0.62506,0.32786,-0.30242,-0.88521,1.0896,-0.2198,0.0010634
-0.62348,0.32786,-0.30264,-0.88476,1.0894,-0.21948,0.00063502
-0.62223,0.3276,-0.30246,-0.88461,1.089,-0.22344,-0.00019729
-0.62096,0.32736,-0.30203,-0.88421,1.0893,-0.22339,0.00035041
-0.62008,0.32722,-0.30125,-0.8843,1.0897,-0.2234,0.0017979
-0.61906,0.32706,-0.29999,-0.88465,1.0908,-0.22346,0.0042272
-0.6184,0.32738,-0.29873,-0.8847,1.0918,-0.22348,0.0069075
-0.61736,0.32776,-0.29734,-0.88498,1.0929,-0.22879,0.0084632
-0.61601,0.32802,-0.29561,-0.88525,1.0935,-0.22889,0.0095669
-0.61492,0.32817,-0.29411,-0.8856,1.093,-0.22917,0.0091741
-0.61382,0.32825,-0.29255,-0.88568,1.0918,-0.2291,0.0075739
-0.61307,0.32826,-0.29129,-0.88579,1.0899,-0.22906,0.0051997
-0.61269,0.32824,-0.29032,-0.88552,1.088,-0.22991,0.0026067
-0.61258,0.32808,-0.28956,-0.88537,1.0866,-0.23014,0.0010803
-0.61247,0.32803,-0.28895,-0.8851,1.0863,-0.23041,0.0007777
-0.61261,0.32795,-0.28885,-0.8849,1.0868,-0.23055,0.001925
-0.61282,0.32787,-0.28878,-0.88496,1.0882,-0.23035,0.0041401
-0.61278,0.32769,-0.28883,-0.88511,1.09,-0.23122,0.0060993
-0.61277,0.32745,-0.28875,-0.88542,1.0913,-0.23082,0.0075647
-0.61266,0.32725,-0.28881,-0.88551,1.0919,-0.23052,0.0080121
-0.61274,0.32702,-0.28886,-0.88545,1.0917,-0.23051,0.0071156
-0.61308,0.32689,-0.28891,-0.88555,1.0905,-0.2305,0.0055608
-0.61332,0.32701,-0.28898,-0.88533,1.0891,-0.23543,0.0029431
-0.61375,0.32705,-0.28922,-0.88499,1.088,-0.23543,0.0015829
-0.61391,0.32704,-0.28921,-0.88477,1.0876,-0.23529,0.0011784
-0.61416,0.32709,-0.28912,-0.88458,1.088,-0.23518,0.0020234
-0.61425,0.32694,-0.28906,-0.88444,1.0893,-0.235,0.003565
-0.61439,0.32683,-0.28889,-0.88463,1.0901,-0.2366,0.0048298
-0.61471,0.32684,-0.28906,-0.8847,1.0909,-0.23636,0.0056418
-0.61489,0.32685,-0.28904,-0.88483,1.091,-0.23626,0.0054044
-0.61514,0.32678,-0.28924,-0.88496,1.0904,-0.23637,0.0041618
-0.61549,0.32695,-0.28917,-0.88517,1.0892,-0.23674,0.0020963
-0.61593,0.32731,-0.2892,-0.88487,1.088,-0.23753,-0.00010298
-0.61643,0.32779,-0.28895,-0.88483,1.0866,-0.23787,-0.0024576
-0.61675,0.32801,-0.28861,-0.88458,1.0856,-0.23837,-0.0042909
-0.617,0.32825,-0.28807,-0.88436,1.0852,-0.23845,-0.0049282
-0.61719,0.32845,-0.28759,-0.88428,1.0853,-0.23857,-0.0043658
-0.61723,0.32851,-0.28699,-0.88444,1.0857,-0.23868,-0.0031089
-0.61736,0.32865,-0.28642,-0.88453,1.0861,-0.23863,-0.0020968
-0.61745,0.32871,-0.2861,-0.8847,1.0864,-0.23872,-0.0020739
-0.61773,0.32885,-0.28608,-0.88492,1.0861,-0.23885,-0.0030375
-0.61833,0.32902,-0.28626,-0.88485,1.0857,-0.23917,-0.004413
-0.61861,0.32899,-0.28631,-0.88505,1.0852,-0.24001,-0.0060779
-0.61914,0.32913,-0.28635,-0.88507,1.0846,-0.24027,-0.007514
-0.6195,0.32932,-0.28631,-0.88509,1.0842,-0.24034,-0.0081702
-0.61961,0.32962,-0.2862,-0.88504,1.0843,-0.24032,-0.0080326
-0.6198,0.32989,-0.286,-0.88518,1.0848,-0.24013,-0.0071454
-0.61978,0.33021,-0.28591,-0.88538,1.0857,-0.24216,-0.0060575
-0.61976,0.33032,-0.28594,-0.88585,1.0866,-0.24189,-0.0042647
-0.61975,0.33041,-0.28603,-0.88618,1.0875,-0.24158,-0.0026281
-0.61989,0.33031,-0.28628,-0.88665,1.0878,-0.24147,-0.0017844
-0.61988,0.33007,-0.2864,-0.88701,1.0876,-0.24138,-0.0017945
-0.62012,0.33012,-0.28694,-0.8871,1.0872,-0.24505,-0.0030902
-0.6205,0.33011,-0.28767,-0.88722,1.0865,-0.24519,-0.0043056
-0.62086,0.33021,-0.28842,-0.88736,1.0859,-0.24516,-0.0052073
-0.62123,0.33017,-0.28918,-0.88744,1.0856,-0.24513,-0.0058275
-0.62156,0.33018,-0.28976,-0.88762,1.0856,-0.24511,-0.0061248
-0.62188,0.33022,-0.28993,-0.88771,1.0858,-0.24643,-0.0059964
-0.62194,0.3304,-0.28978,-0.8879,1.086,-0.24611,-0.0053448
-0.62226,0.33088,-0.28943,-0.88805,1.0863,-0.2458,-0.0040651
-0.62257,0.33143,-0.28876,-0.88828,1.0863,-0.24557,-0.003488
-0.62271,0.33204,-0.28799,-0.8883,1.0862,-0.24549,-0.0034963
-0.62293,0.33237,-0.28762,-0.88866,1.0857,-0.24574,-0.0044029
-0.6229,0.33242,-0.28703,-0.88891,1.0853,-0.2461,-0.005364
-0.62293,0.33261,-0.28649,-0.88907,1.0848,-0.24606,-0.0060083
-0.62318,0.33282,-0.28631,-0.88945,1.0847,-0.24578,-0.0061492
-0.62328,0.33308,-0.28609,-0.88948,1.085,-0.24554,-0.0057651
-0.6234,0.33285,-0.28586,-0.88964,1.0853,-0.24614,-0.004906
-0.62358,0.33238,-0.28582,-0.8897,1.0857,-0.24612,-0.0038141
-0.62382,0.3322,-0.28606,-0.88986,1.0859,-0.24545,-0.0021596
-0.6241,0.332,-0.28674,-0.88986,1.0861,-0.24551,-0.0012275
-0.62435,0.3319,-0.28731,-0.89,1.086,-0.24567,-0.00090173
-0.62466,0.33205,-0.28799,-0.89022,1.0857,-0.24581,-0.0012636
-0.62501,0.33234,-0.28849,-0.89045,1.0851,-0.2459,-0.0020684
-0.62504,0.33247,-0.28849,-0.89049,1.0846,-0.24574,-0.0026706
-0.62494,0.33238,-0.28812,-0.89045,1.0841,-0.24519,-0.0027499
-0.62485,0.33205,-0.28751,-0.89046,1.0836,-0.24492,-0.0026728
-0.62463,0.33196,-0.28675,-0.89048,1.0832,-0.24494,-0.0024467
-0.62462,0.33198,-0.28643,-0.89073,1.0828,-0.245,-0.0027526
-0.62452,0.33211,-0.28607,-0.89065,1.0828,-0.24483,-0.0013113
-0.62473,0.33224,-0.28609,-0.89086,1.0827,-0.24489,-0.00091316
-0.62508,0.3323,-0.28581,-0.89138,1.0822,-0.2447,-0.00096393
-0.6253,0.33238,-0.28551,-0.89161,1.0821,-0.24447,-0.00090859
-0.62537,0.33225,-0.28523,-0.89184,1.0819,-0.24456,-0.0012387
-0.62549,0.33209,-0.28494,-0.89193,1.0818,-0.24429,-0.0015363
-0.62536,0.33207,-0.28467,-0.89173,1.0819,-0.24415,-0.0021324
-0.62546,0.33207,-0.28434,-0.89153,1.0818,-0.24424,-0.0028919
-0.62537,0.33202,-0.28394,-0.89114,1.0819,-0.2443,-0.0034559
-0.62531,0.33204,-0.28361,-0.89078,1.0822,-0.24441,-0.0037545
-0.62534,0.33186,-0.28299,-0.89073,1.0822,-0.24439,-0.0036321
-0.62528,0.33141,-0.28251,-0.89083,1.0823,-0.24454,-0.003111
-0.62545,0.33111,-0.28237,-0.89094,1.0827,-0.24447,-0.0025202
-0.62557,0.33101,-0.28242,-0.89108,1.0829,-0.24431,-0.0018388
-0.62568,0.33096,-0.2825,-0.89121,1.083,-0.24442,-0.0013402
-0.62584,0.33101,-0.2828,-0.89118,1.0831,-0.24417,-0.001334
-0.62607,0.33122,-0.28297,-0.89114,1.0828,-0.24401,-0.0015214
-0.6263,0.33161,-0.28286,-0.89095,1.0825,-0.24389,-0.0018794
-0.62634,0.33148,-0.28266,-0.89065,1.0822,-0.24371,-0.0020768
-0.62627,0.33091,-0.28166,-0.8906,1.082,-0.24343,-0.001976
-0.62613,0.33024,-0.28044,-0.89078,1.0819,-0.2433,-0.0015052
-0.62594,0.3296,-0.27898,-0.89112,1.082,-0.24304,-0.00081027
-0.62583,0.32923,-0.27769,-0.89137,1.0825,-0.24281,6.4529e-05
-0.62566,0.32902,-0.27677,-0.89177,1.0828,-0.24236,0.00049953
-0.62556,0.32885,-0.27637,-0.89203,1.083,-0.24324,-0.00014821
-0.62551,0.32883,-0.27619,-0.89192,1.0829,-0.24355,-0.00090622
-0.62555,0.32874,-0.27634,-0.8918,1.0827,-0.24369,-0.001799
-0.62553,0.32882,-0.27646,-0.89144,1.0826,-0.24411,-0.0024683
-0.62567,0.3289,-0.27654,-0.89138,1.0823,-0.24433,-0.0030688
-0.62567,0.32909,-0.27648,-0.8912,1.0823,-0.24436,-0.0031108
-0.62564,0.32933,-0.27614,-0.89123,1.0821,-0.24431,-0.0026667
-0.62557,0.32933,-0.27539,-0.89151,1.0822,-0.24399,-0.001804
-0.62541,0.32946,-0.27462,-0.89175,1.0822,-0.24382,-0.0013514
-0.62526,0.32978,-0.27408,-0.89193,1.0821,-0.24377,-0.0011642
-0.62527,0.32997,-0.27348,-0.8921,1.0819,-0.24599,-0.0017686
-0.62525,0.33027,-0.27301,-0.89214,1.0817,-0.24622,-0.0021804
-0.62533,0.33054,-0.27274,-0.89226,1.0814,-0.24622,-0.0025452
-0.62547,0.33092,-0.27271,-0.89209,1.0815,-0.24625,-0.0024795
-0.62542,0.33105,-0.27266,-0.89211,1.0815,-0.24595,-0.0022482
-0.62544,0.33132,-0.27266,-0.89193,1.0816,-0.24649,-0.0019112
-0.62527,0.33136,-0.27259,-0.89178,1.0818,-0.24628,-0.0015841
-0.62523,0.33134,-0.27242,-0.89179,1.0817,-0.24618,-0.0014816
-0.62514,0.3312,-0.27202,-0.89188,1.0816,-0.24617,-0.0015284
-0.62523,0.33117,-0.27188,-0.89185,1.0814,-0.24592,-0.0010719
-0.62525,0.33144,-0.27188,-0.89176,1.0813,-0.2459,-0.00075837
-0.62538,0.33171,-0.2719,-0.89172,1.0812,-0.24563,-0.00056082
-0.62539,0.33205,-0.27201,-0.8914,1.0815,-0.24574,-0.00090602
-0.62546,0.33227,-0.2721,-0.89135,1.0817,-0.24578,-0.0014747
-0.62548,0.33253,-0.2721,-0.89119,1.082,-0.24586,-0.0019624
-0.62552,0.33258,-0.27173,-0.891,1.0823,-0.24613,-0.0019372
-0.62552,0.33259,-0.27118,-0.89104,1.0823,-0.24618,-0.0020164
-0.62559,0.33275,-0.27063,-0.89123,1.0823,-0.2463,-0.0018249
-0.62556,0.33281,-0.26991,-0.89144,1.0823,-0.24631,-0.0010353
-0.6256,0.33292,-0.26924,-0.89164,1.0822,-0.24634,-5.892e-06
-0.62561,0.33287,-0.26852,-0.89202,1.0819,-0.2463,0.00073345
-0.62566,0.33285,-0.26796,-0.89215,1.0817,-0.24629,0.0013499
-0.62574,0.33293,-0.26776,-0.89222,1.0816,-0.24641,0.0012014
-0.6259,0.33335,-0.26784,-0.89213,1.0816,-0.24651,0.00068045
-0.62621,0.33365,-0.26811,-0.89199,1.0819,-0.24671,0.00023835
-0.62642,0.33407,-0.26847,-0.89159,1.0826,-0.24407,0.00051023
-0.62675,0.33451,-0.26878,-0.89139,1.0831,-0.24406,0.00040275
-0.62728,0.33475,-0.26956,-0.8912,1.0837,-0.2437,0.0014923
-0.6277,0.33507,-0.26991,-0.89132,1.084,-0.24377,0.0023322
-0.62803,0.3355,-0.27035,-0.89153,1.084,-0.24379,0.0031014
-0.62843,0.33597,-0.27093,-0.89173,1.0838,-0.24352,0.0037447
-0.62881,0.33648,-0.2714,-0.89178,1.0836,-0.24322,0.0040668
-0.62908,0.33664,-0.27173,-0.89217,1.0832,-0.24323,0.0035492
-0.62923,0.33675,-0.27208,-0.89231,1.0828,-0.24334,0.0029227
-0.62931,0.33676,-0.27255,-0.89206,1.0828,-0.24332,0.0027933
-0.62935,0.33675,-0.27284,-0.89227,1.0827,-0.24316,0.0024207
-0.62945,0.33665,-0.27302,-0.89259,1.0829,-0.24343,0.002001
-0.62915,0.33639,-0.27291,-0.89273,1.0833,-0.24357,0.0021435
