-0.50748,0.30018,-0.37806,-1.0105,1.0399,-0.25205,-0.11292
-0.50754,0.29983,-0.37745,-1.0105,1.0398,-0.25215,-0.11298
-0.50746,0.29938,-0.37718,-1.0106,1.0397,-0.25211,-0.11295
-0.50741,0.29915,-0.37704,-1.0108,1.0394,-0.25208,-0.11302
-0.5074,0.29898,-0.37745,-1.0109,1.0392,-0.25212,-0.11274
-0.50739,0.29904,-0.37812,-1.0109,1.039,-0.25203,-0.11252
-0.50752,0.2993,-0.37888,-1.011,1.0391,-0.25211,-0.11225
-0.50764,0.29972,-0.37971,-1.0108,1.0393,-0.25205,-0.112
-0.50766,0.29984,-0.38005,-1.0107,1.0395,-0.25205,-0.112
-0.50744,0.29969,-0.37992,-1.0109,1.0396,-0.25198,-0.11242
-0.50732,0.2997,-0.37946,-1.0107,1.0398,-0.25199,-0.11248
-0.50719,0.29957,-0.37897,-1.0106,1.0399,-0.25209,-0.11259
-0.50718,0.29958,-0.37859,-1.0108,1.0399,-0.25218,-0.11273
-0.50687,0.29977,-0.37805,-1.0108,1.0399,-0.25227,-0.11281
-0.50679,0.29989,-0.37758,-1.011,1.0398,-0.25224,-0.11274
-0.50663,0.30009,-0.37695,-1.0113,1.0395,-0.25245,-0.11286
-0.50646,0.3003,-0.37615,-1.0117,1.0393,-0.25247,-0.11285
-0.50662,0.30053,-0.37567,-1.0119,1.0388,-0.25247,-0.11285
-0.50653,0.30046,-0.37528,-1.012,1.0386,-0.25249,-0.11293
-0.50651,0.30038,-0.37523,-1.012,1.0384,-0.2524,-0.11311
-0.50648,0.30018,-0.37517,-1.0118,1.0382,-0.25242,-0.11328
-0.5063,0.29989,-0.3753,-1.0116,1.0386,-0.25225,-0.11323
-0.50632,0.29959,-0.37575,-1.0113,1.0389,-0.25248,-0.11349
-0.50634,0.29933,-0.3762,-1.0111,1.0391,-0.25265,-0.11343
-0.50637,0.29905,-0.37676,-1.0111,1.0394,-0.25249,-0.11343
-0.50656,0.29901,-0.37723,-1.0109,1.0395,-0.25256,-0.11323
-0.50655,0.2991,-0.37754,-1.0108,1.0397,-0.25255,-0.113
-0.50654,0.29934,-0.37747,-1.0111,1.0395,-0.2526,-0.11321
-0.50669,0.29934,-0.3775,-1.0111,1.0394,-0.2526,-0.11321
-0.50663,0.2993,-0.37668,-1.0111,1.0392,-0.2526,-0.11321
-0.50657,0.29919,-0.37599,-1.011,1.0391,-0.25261,-0.11331
-0.50647,0.29863,-0.37533,-1.011,1.039,-0.25269,-0.11332
-0.50634,0.29774,-0.37442,-1.011,1.0388,-0.25279,-0.11334
-0.5062,0.29684,-0.37369,-1.011,1.0386,-0.25276,-0.11316
-0.5062,0.29631,-0.37335,-1.0109,1.0386,-0.25273,-0.11298
-0.50614,0.29601,-0.37317,-1.011,1.0386,-0.25284,-0.11307
-0.5062,0.29567,-0.37311,-1.0111,1.0385,-0.25278,-0.11272
-0.50629,0.29539,-0.37317,-1.0112,1.0384,-0.2526,-0.11261
-0.50646,0.2953,-0.37349,-1.0112,1.0381,-0.25262,-0.11259
-0.50652,0.295,-0.37397,-1.0112,1.038,-0.2525,-0.11258
-0.50654,0.29485,-0.37441,-1.0111,1.038,-0.25237,-0.1127
-0.50649,0.29461,-0.37459,-1.0109,1.0383,-0.25238,-0.11267
-0.50634,0.29422,-0.37448,-1.0109,1.0386,-0.25243,-0.11285
-0.50638,0.29389,-0.37414,-1.0108,1.0386,-0.25235,-0.11295
-0.50616,0.29344,-0.3732,-1.0107,1.0384,-0.25235,-0.11297
-0.50586,0.29284,-0.37204,-1.0109,1.0382,-0.25251,-0.11315
-0.50549,0.29239,-0.37067,-1.011,1.038,-0.25286,-0.11308
-0.50493,0.29207,-0.36915,-1.0112,1.0378,-0.25302,-0.11291
-0.50443,0.29191,-0.36806,-1.011,1.0374,-0.2528,-0.11248
-0.50387,0.29161,-0.36705,-1.011,1.0371,-0.25278,-0.11237
-0.50349,0.29117,-0.36645,-1.0111,1.0369,-0.25285,-0.11244
-0.50314,0.29092,-0.36617,-1.0112,1.0371,-0.25303,-0.11288
-0.50284,0.29082,-0.36605,-1.0112,1.0371,-0.25301,-0.11336
-0.50274,0.29074,-0.36645,-1.0112,1.0372,-0.25303,-0.11358
-0.50282,0.29064,-0.36702,-1.011,1.0375,-0.25292,-0.11349
-0.50274,0.29066,-0.36742,-1.0108,1.0377,-0.25301,-0.11343
-0.50247,0.29066,-0.3677,-1.0105,1.0382,-0.25327,-0.11314
-0.50223,0.29077,-0.36773,-1.0102,1.0384,-0.25333,-0.11295
-0.50192,0.29092,-0.3677,-1.01,1.0384,-0.25335,-0.11262
-0.50157,0.29115,-0.36756,-1.0096,1.0381,-0.25334,-0.11241
-0.50128,0.2912,-0.36734,-1.0096,1.0383,-0.25337,-0.11246
-0.50087,0.29118,-0.36717,-1.0094,1.0382,-0.25342,-0.1128
-0.50071,0.29137,-0.36706,-1.0094,1.038,-0.25341,-0.11335
-0.5005,0.29147,-0.36728,-1.0093,1.038,-0.25342,-0.11355
-0.50053,0.29155,-0.36771,-1.0093,1.0381,-0.25344,-0.11368
-0.50062,0.29177,-0.36804,-1.0094,1.0381,-0.2534,-0.11354
-0.50068,0.29183,-0.36829,-1.0094,1.0381,-0.25384,-0.11338
-0.50077,0.29212,-0.36846,-1.0093,1.0381,-0.25397,-0.11304
-0.5007,0.29257,-0.36838,-1.0093,1.038,-0.25389,-0.11265
-0.50057,0.29279,-0.36821,-1.0099,1.0379,-0.25373,-0.11261
-0.50041,0.29317,-0.36775,-1.0101,1.0377,-0.25364,-0.11262
-0.50018,0.29378,-0.3674,-1.0101,1.0377,-0.25381,-0.11252
-0.50005,0.29431,-0.36702,-1.0103,1.0375,-0.25379,-0.11266
-0.49968,0.29491,-0.36648,-1.0105,1.0372,-0.25366,-0.11294
-0.49958,0.29547,-0.36633,-1.0108,1.037,-0.25371,-0.11324
-0.49952,0.29599,-0.36634,-1.011,1.037,-0.25383,-0.11344
-0.49959,0.29638,-0.36657,-1.0111,1.037,-0.25384,-0.11359
-0.49975,0.29692,-0.36716,-1.011,1.0371,-0.25394,-0.11361
-0.49986,0.29747,-0.36783,-1.0109,1.0373,-0.25397,-0.11338
-0.49999,0.29787,-0.36833,-1.011,1.0373,-0.25395,-0.11325
-0.5,0.29818,-0.36864,-1.011,1.0373,-0.25388,-0.11292
-0.49984,0.29862,-0.36869,-1.0111,1.0372,-0.25375,-0.11305
-0.49978,0.29924,-0.36864,-1.0111,1.037,-0.25379,-0.1133
-0.49965,0.29989,-0.36833,-1.0111,1.0367,-0.25391,-0.11358
-0.49974,0.30074,-0.36794,-1.0112,1.0364,-0.25404,-0.1139
-0.49979,0.30153,-0.36763,-1.0112,1.0365,-0.25403,-0.1139
-0.49992,0.30223,-0.36764,-1.0112,1.0364,-0.25394,-0.1141
-0.50019,0.30244,-0.36798,-1.011,1.0365,-0.2541,-0.11412
-0.5002,0.30254,-0.36835,-1.011,1.0366,-0.25418,-0.11404
-0.50029,0.30286,-0.36874,-1.0108,1.0367,-0.2543,-0.11392
-0.50049,0.30356,-0.36897,-1.0106,1.0367,-0.25433,-0.11356
-0.50044,0.30377,-0.36881,-1.0107,1.0368,-0.25408,-0.11325
-0.50032,0.30382,-0.36835,-1.0106,1.0369,-0.25404,-0.11317
-0.5003,0.30376,-0.36767,-1.0108,1.0366,-0.25402,-0.1132
-0.50015,0.30393,-0.36712,-1.0109,1.0365,-0.25413,-0.11329
-0.49996,0.30413,-0.36672,-1.011,1.0363,-0.25415,-0.11357
-0.49996,0.30404,-0.36614,-1.0112,1.0358,-0.25405,-0.11366
-0.5001,0.30471,-0.36654,-1.0113,1.0357,-0.25396,-0.11382
-0.49995,0.30508,-0.36642,-1.0115,1.0357,-0.25387,-0.11391
-0.49991,0.30488,-0.36609,-1.0115,1.0355,-0.25381,-0.11386
-0.50009,0.30491,-0.36619,-1.0114,1.0357,-0.25393,-0.11369
-0.50017,0.3047,-0.36606,-1.0115,1.0357,-0.25397,-0.11353
-0.50042,0.30451,-0.36603,-1.0114,1.0359,-0.254,-0.11345
-0.50056,0.30456,-0.36607,-1.0111,1.036,-0.25425,-0.11356
-0.50094,0.30491,-0.36611,-1.0109,1.0361,-0.25424,-0.11363
-0.50112,0.30539,-0.36602,-1.0107,1.036,-0.25406,-0.11381
-0.50135,0.30603,-0.36559,-1.0106,1.0357,-0.25399,-0.11409
-0.50153,0.3066,-0.36516,-1.0108,1.0351,-0.25397,-0.1143
-0.50171,0.30729,-0.3646,-1.0109,1.0347,-0.25382,-0.11425
-0.50169,0.30807,-0.36404,-1.011,1.0346,-0.25376,-0.11397
-0.50185,0.30849,-0.36352,-1.0112,1.0345,-0.25362,-0.11372
-0.50199,0.30878,-0.36326,-1.0112,1.0344,-0.25359,-0.11365
-0.50217,0.30892,-0.36331,-1.0115,1.0344,-0.25361,-0.11363
-0.50225,0.30917,-0.36366,-1.0115,1.0344,-0.25357,-0.11377
-0.50256,0.30932,-0.36407,-1.0113,1.0343,-0.25367,-0.11382
-0.50283,0.3095,-0.36461,-1.0114,1.0343,-0.25369,-0.11389
-0.50296,0.30967,-0.36496,-1.0115,1.0341,-0.25351,-0.11388
-0.5031,0.31008,-0.36507,-1.0117,1.0339,-0.2534,-0.11406
-0.50338,0.31056,-0.36489,-1.0119,1.0337,-0.25336,-0.11416
-0.50356,0.31105,-0.36462,-1.0122,1.0334,-0.25356,-0.11411
-0.50335,0.3114,-0.36402,-1.0127,1.0334,-0.25349,-0.11385
-0.50336,0.31179,-0.36308,-1.0132,1.0331,-0.25369,-0.11359
-0.50351,0.31212,-0.3621,-1.0138,1.0328,-0.25366,-0.11339
-0.50344,0.31201,-0.36086,-1.0145,1.0324,-0.25361,-0.11358
-0.5033,0.31143,-0.35985,-1.0151,1.0321,-0.25355,-0.11382
-0.50317,0.31123,-0.35882,-1.0156,1.0317,-0.25334,-0.1141
-0.50321,0.31113,-0.35807,-1.0161,1.031,-0.25334,-0.11431
-0.50301,0.31103,-0.35751,-1.0166,1.0307,-0.25318,-0.11418
-0.5027,0.31092,-0.35714,-1.0171,1.0304,-0.25297,-0.11395
-0.50262,0.3108,-0.35706,-1.0175,1.0301,-0.25272,-0.11385
-0.50244,0.31061,-0.35713,-1.0177,1.03,-0.25279,-0.11363
-0.5022,0.31051,-0.35719,-1.0179,1.0301,-0.2527,-0.11347
-0.50211,0.31057,-0.35759,-1.0179,1.0305,-0.25251,-0.11332
-0.50216,0.3105,-0.35808,-1.0179,1.0306,-0.25235,-0.11341
-0.50233,0.31038,-0.35871,-1.0178,1.0309,-0.25218,-0.11365
-0.50254,0.31046,-0.35907,-1.0177,1.0308,-0.25215,-0.11422
-0.50281,0.31043,-0.3596,-1.0176,1.0306,-0.25189,-0.11462
-0.50302,0.31062,-0.3599,-1.0175,1.0303,-0.25189,-0.11495
-0.50339,0.31062,-0.35974,-1.0175,1.0296,-0.25186,-0.11501
-0.50366,0.31074,-0.35949,-1.0175,1.0291,-0.25196,-0.11488
-0.50378,0.31101,-0.35933,-1.0174,1.0285,-0.25198,-0.11475
-0.50409,0.31129,-0.35917,-1.0175,1.028,-0.25206,-0.1149
-0.50452,0.31142,-0.35923,-1.0173,1.0276,-0.2521,-0.11511
-0.50484,0.31186,-0.35942,-1.0172,1.0275,-0.25208,-0.11532
-0.50552,0.3122,-0.3599,-1.0172,1.0274,-0.25199,-0.11561
-0.50617,0.31273,-0.36017,-1.0172,1.0273,-0.25187,-0.11615
-0.50698,0.31318,-0.3605,-1.0169,1.0273,-0.25174,-0.11621
-0.50786,0.3136,-0.36065,-1.0168,1.0271,-0.25183,-0.1164
-0.50853,0.31395,-0.36068,-1.0168,1.0268,-0.25174,-0.11617
-0.50922,0.31436,-0.36041,-1.0169,1.0264,-0.25157,-0.11596
-0.51008,0.31466,-0.36022,-1.0173,1.0262,-0.25154,-0.11582
-0.51073,0.31516,-0.36001,-1.0177,1.026,-0.25136,-0.11577
-0.51146,0.31565,-0.3595,-1.018,1.0256,-0.25128,-0.1159
-0.51221,0.31594,-0.359,-1.0186,1.0249,-0.25116,-0.11613
-0.51296,0.3163,-0.35849,-1.0192,1.0243,-0.25102,-0.11619
-0.51381,0.31676,-0.35806,-1.0198,1.0236,-0.25089,-0.1162
-0.51441,0.31718,-0.35754,-1.0203,1.0229,-0.25067,-0.11621
-0.51508,0.31778,-0.35734,-1.0209,1.0223,-0.25044,-0.11595
-0.5159,0.31822,-0.35705,-1.0216,1.0217,-0.25029,-0.11577
-0.5165,0.31893,-0.35722,-1.0221,1.0213,-0.25002,-0.11577
-0.51721,0.31946,-0.35725,-1.0227,1.0209,-0.24975,-0.11572
-0.51808,0.32021,-0.35744,-1.0234,1.0202,-0.24952,-0.11589
-0.51885,0.32101,-0.3579,-1.0239,1.0198,-0.24918,-0.11604
-0.51973,0.32183,-0.35828,-1.0244,1.0192,-0.24895,-0.11629
-0.52061,0.32262,-0.35877,-1.0248,1.0186,-0.2489,-0.11664
-0.52139,0.32352,-0.35917,-1.025,1.0181,-0.24849,-0.11701
-0.5223,0.32438,-0.35977,-1.0253,1.0175,-0.24847,-0.11756
-0.52299,0.32511,-0.3601,-1.0256,1.017,-0.24847,-0.11786
-0.52376,0.32581,-0.36063,-1.0261,1.0163,-0.24831,-0.11814
-0.52449,0.32636,-0.36106,-1.0265,1.0158,-0.24826,-0.11792
-0.52435,0.32626,-0.36089,-1.0277,1.0157,-0.24814,-0.11789
-0.52509,0.32681,-0.36133,-1.028,1.0154,-0.24797,-0.11792
-0.52696,0.32815,-0.36241,-1.0277,1.0142,-0.24788,-0.1182
-0.52773,0.32885,-0.36295,-1.0283,1.0139,-0.24778,-0.11877
-0.52867,0.32961,-0.36343,-1.0287,1.0133,-0.24752,-0.11949
-0.52856,0.32966,-0.36335,-1.0302,1.0134,-0.24753,-0.12018
-0.52933,0.3306,-0.36378,-1.0307,1.0132,-0.24723,-0.12068
-0.53141,0.33254,-0.36493,-1.0301,1.0126,-0.2471,-0.1217
-0.53259,0.33384,-0.36541,-1.0305,1.0123,-0.24705,-0.12202
-0.53261,0.33392,-0.36546,-1.0318,1.0124,-0.24693,-0.12171
-0.53368,0.33461,-0.36597,-1.0323,1.0116,-0.24676,-0.12225
-0.53455,0.33509,-0.36607,-1.0329,1.0107,-0.24661,-0.12344
-0.53552,0.33594,-0.36613,-1.0335,1.0094,-0.24636,-0.12417
-0.53607,0.33717,-0.36595,-1.0341,1.0084,-0.24616,-0.125
-0.53671,0.33789,-0.36525,-1.0351,1.0074,-0.24608,-0.12585
-0.53719,0.33819,-0.3644,-1.0362,1.0068,-0.24552,-0.12658
-0.53794,0.33856,-0.36393,-1.0372,1.0063,-0.24491,-0.12708
-0.53879,0.33934,-0.364,-1.038,1.0061,-0.24432,-0.12744
-0.53975,0.34004,-0.3645,-1.0388,1.0057,-0.24394,-0.12821
-0.54087,0.34103,-0.36569,-1.0392,1.0052,-0.24361,-0.12886
-0.5423,0.34223,-0.36703,-1.0396,1.0043,-0.24339,-0.12959
-0.54347,0.34317,-0.36788,-1.04,1.0035,-0.24313,-0.13022
-0.54431,0.34377,-0.36849,-1.0404,1.0028,-0.24306,-0.13085
-0.54518,0.3442,-0.36869,-1.0409,1.0022,-0.24279,-0.13127
-0.54597,0.34447,-0.36869,-1.0416,1.0019,-0.24259,-0.13189
-0.54686,0.34459,-0.36884,-1.0426,1.0015,-0.24217,-0.13228
-0.54774,0.34517,-0.36899,-1.0435,1.0013,-0.2416,-0.13249
-0.54893,0.34604,-0.36962,-1.0445,1.001,-0.24117,-0.1328
-0.55008,0.34702,-0.37036,-1.0455,1.0005,-0.24068,-0.13284
-0.55125,0.34822,-0.37079,-1.0466,0.99953,-0.24011,-0.13331
-0.55238,0.34949,-0.37118,-1.0474,0.9983,-0.23973,-0.13398
-0.55347,0.35082,-0.37134,-1.0481,0.99684,-0.23952,-0.13512
-0.55452,0.35198,-0.37152,-1.0489,0.99528,-0.23926,-0.13634
-0.55539,0.35304,-0.37133,-1.05,0.99391,-0.23922,-0.13773
-0.55621,0.3541,-0.371,-1.0509,0.99301,-0.23901,-0.13831
-0.55719,0.35519,-0.37093,-1.0521,0.99216,-0.23881,-0.13874
-0.55808,0.3563,-0.37105,-1.0531,0.99149,-0.23859,-0.13865
-0.55909,0.35755,-0.37143,-1.054,0.99045,-0.23806,-0.13887
-0.55995,0.35869,-0.37196,-1.055,0.98932,-0.23765,-0.13913
-0.56092,0.35987,-0.37242,-1.0559,0.98769,-0.23713,-0.13961
-0.56209,0.36132,-0.37317,-1.0568,0.98599,-0.23639,-0.1402
-0.56314,0.36285,-0.37372,-1.0576,0.98453,-0.23578,-0.14088
-0.56433,0.36418,-0.37408,-1.0586,0.98317,-0.23538,-0.14164
-0.56528,0.36566,-0.37446,-1.0595,0.98229,-0.23485,-0.14223
-0.56629,0.36701,-0.37471,-1.0606,0.98133,-0.23454,-0.14298
-0.56715,0.36797,-0.37487,-1.0616,0.98072,-0.23407,-0.14348
-0.56798,0.36894,-0.3751,-1.0626,0.98015,-0.23392,-0.14421
-0.56894,0.36989,-0.37524,-1.0634,0.97945,-0.23372,-0.14467
-0.56996,0.37075,-0.37559,-1.0644,0.97841,-0.23321,-0.14501
-0.57094,0.37195,-0.376,-1.0652,0.97719,-0.23287,-0.14584
-0.57202,0.37314,-0.3765,-1.0661,0.9757,-0.23243,-0.14655
-0.57311,0.37425,-0.37682,-1.0672,0.97416,-0.23211,-0.14741
-0.57419,0.3753,-0.37703,-1.0683,0.97301,-0.23187,-0.14821
-0.57535,0.37615,-0.37728,-1.0695,0.97219,-0.2315,-0.14869
-0.57637,0.37708,-0.37746,-1.0706,0.97181,-0.23142,-0.14892
-0.57743,0.37787,-0.37803,-1.0718,0.97162,-0.23109,-0.14906
-0.57838,0.37869,-0.37859,-1.0729,0.97129,-0.23075,-0.14936
-0.57949,0.37945,-0.37916,-1.0738,0.97045,-0.23043,-0.14979
-0.58061,0.38026,-0.37997,-1.0746,0.96935,-0.23021,-0.15051
-0.58158,0.38118,-0.38053,-1.0751,0.96796,-0.23004,-0.15116
-0.58263,0.38211,-0.38112,-1.0758,0.9663,-0.22984,-0.15199
-0.58364,0.38319,-0.38167,-1.0762,0.96466,-0.22973,-0.15261
-0.58466,0.38425,-0.38234,-1.0768,0.96321,-0.22958,-0.15325
-0.58559,0.38529,-0.38309,-1.0775,0.96221,-0.22912,-0.15362
-0.58656,0.38625,-0.3837,-1.0783,0.96157,-0.22879,-0.15395
-0.58746,0.3872,-0.38469,-1.079,0.96135,-0.22818,-0.15434
-0.58824,0.38802,-0.38554,-1.0798,0.96117,-0.22748,-0.15497
-0.58912,0.38882,-0.38648,-1.0806,0.96095,-0.22704,-0.15605
-0.59,0.38945,-0.38731,-1.0813,0.96041,-0.22667,-0.15718
-0.59107,0.39027,-0.38828,-1.0818,0.95962,-0.2265,-0.15821
-0.59191,0.39098,-0.38907,-1.0822,0.95838,-0.22661,-0.15927
-0.59294,0.39217,-0.39006,-1.0825,0.95727,-0.22644,-0.15992
-0.59395,0.39278,-0.39097,-1.0831,0.95624,-0.22635,-0.16026
-0.59495,0.39366,-0.39195,-1.0837,0.95561,-0.2263,-0.16045
-0.59569,0.39434,-0.39288,-1.0845,0.95535,-0.22639,-0.16067
-0.5964,0.39501,-0.3937,-1.0852,0.95534,-0.22612,-0.16077
-0.59697,0.39573,-0.39461,-1.0859,0.95537,-0.22598,-0.16114
-0.59753,0.39625,-0.39559,-1.0865,0.95511,-0.22569,-0.16176
-0.59849,0.39686,-0.39678,-1.0869,0.9547,-0.22546,-0.16227
-0.59958,0.39751,-0.39817,-1.0871,0.95455,-0.2252,-0.16269
-0.60068,0.39814,-0.39968,-1.0876,0.95447,-0.22482,-0.16283
-0.60185,0.39874,-0.40098,-1.0878,0.95469,-0.2246,-0.16236
-0.60287,0.39924,-0.40222,-1.0883,0.95502,-0.22446,-0.16196
-0.60385,0.39987,-0.40347,-1.0888,0.95557,-0.22444,-0.16149
-0.60469,0.40036,-0.40445,-1.0896,0.95575,-0.22417,-0.16114
-0.60577,0.40116,-0.40553,-1.0902,0.9559,-0.22376,-0.16098
-0.60679,0.40173,-0.40651,-1.0909,0.95564,-0.22341,-0.16091
-0.60778,0.40236,-0.40732,-1.0916,0.95489,-0.22298,-0.16135
-0.60883,0.40311,-0.4083,-1.0921,0.9541,-0.22259,-0.16156
-0.60991,0.40386,-0.40916,-1.0924,0.95325,-0.22217,-0.16174
-0.61089,0.40457,-0.4101,-1.0928,0.95273,-0.22211,-0.16197
-0.6119,0.40525,-0.41121,-1.0935,0.95251,-0.22189,-0.16205
-0.61297,0.40602,-0.4122,-1.0941,0.95235,-0.2219,-0.16194
-0.61405,0.40661,-0.41336,-1.0948,0.95232,-0.22176,-0.16192
-0.61501,0.40707,-0.41432,-1.0954,0.95224,-0.22158,-0.16186
-0.61594,0.40734,-0.41507,-1.0963,0.95176,-0.22138,-0.16198
-0.61683,0.40784,-0.41563,-1.0969,0.95121,-0.22112,-0.16198
-0.61782,0.40848,-0.41639,-1.0974,0.95067,-0.22081,-0.16232
-0.6187,0.40907,-0.41713,-1.098,0.95012,-0.2206,-0.16267
-0.61983,0.40948,-0.41791,-1.0987,0.94931,-0.22033,-0.16309
-0.62076,0.41014,-0.41853,-1.0994,0.94888,-0.22002,-0.16328
-0.62172,0.41106,-0.41893,-1.1002,0.9485,-0.21996,-0.16297
-0.62278,0.41179,-0.41951,-1.101,0.94825,-0.21981,-0.1626
-0.62353,0.41244,-0.42012,-1.1017,0.9481,-0.21963,-0.16256
-0.62442,0.41277,-0.42095,-1.1026,0.9477,-0.2195,-0.16276
-0.62522,0.41303,-0.42158,-1.1034,0.94718,-0.21932,-0.16315
-0.62628,0.41393,-0.42255,-1.1039,0.94659,-0.2193,-0.16343
-0.62726,0.41488,-0.42332,-1.1047,0.94554,-0.21906,-0.16364
-0.62812,0.4155,-0.42362,-1.1052,0.94481,-0.21894,-0.16368
-0.62893,0.41583,-0.42382,-1.106,0.94395,-0.21873,-0.1639
-0.62962,0.41607,-0.42392,-1.1068,0.94347,-0.21845,-0.16388
-0.63054,0.41652,-0.42454,-1.1075,0.94321,-0.21821,-0.16378
-0.63136,0.41689,-0.42541,-1.1082,0.94322,-0.2179,-0.16348
-0.63241,0.41764,-0.42636,-1.109,0.94262,-0.21772,-0.16344
-0.63331,0.41867,-0.42737,-1.1098,0.9422,-0.21739,-0.16319
-0.63422,0.41956,-0.42811,-1.1104,0.94136,-0.21716,-0.16309
-0.6352,0.42015,-0.42864,-1.1109,0.94041,-0.21702,-0.16318
-0.63601,0.42036,-0.42871,-1.1115,0.93951,-0.21694,-0.16317
-0.6365,0.42069,-0.4284,-1.1118,0.93877,-0.21694,-0.16349
-0.63709,0.42091,-0.42811,-1.1123,0.93795,-0.21678,-0.16354
-0.63765,0.42111,-0.42807,-1.113,0.9374,-0.21661,-0.1638
-0.63832,0.42155,-0.42832,-1.1135,0.93724,-0.21648,-0.1636
-0.63898,0.42203,-0.42861,-1.114,0.93724,-0.21647,-0.16348
-0.63982,0.42264,-0.42905,-1.1145,0.93693,-0.21643,-0.1633
-0.64047,0.4231,-0.42958,-1.115,0.93663,-0.21626,-0.16302
-0.64108,0.42361,-0.4302,-1.115,0.93651,-0.2165,-0.16278
-0.64174,0.42383,-0.43077,-1.115,0.93637,-0.21646,-0.16252
-0.64236,0.42388,-0.43104,-1.1151,0.9359,-0.21641,-0.1625
-0.64252,0.42398,-0.43109,-1.1149,0.93592,-0.21639,-0.16272
-0.64266,0.42405,-0.43112,-1.1148,0.93597,-0.21624,-0.1629
-0.64267,0.42399,-0.43148,-1.1149,0.93592,-0.21612,-0.16309
-0.64267,0.42404,-0.43192,-1.1148,0.93592,-0.21614,-0.16316
-0.64264,0.42392,-0.43245,-1.1148,0.93611,-0.21612,-0.16308
-0.64278,0.42402,-0.43297,-1.1148,0.93616,-0.21624,-0.16289
-0.64258,0.42409,-0.43322,-1.1148,0.93631,-0.21653,-0.16271
-0.64264,0.42416,-0.4337,-1.1148,0.93601,-0.21668,-0.16257
-0.64273,0.42424,-0.43393,-1.1148,0.93592,-0.21678,-0.16224
-0.64253,0.42444,-0.43395,-1.1148,0.93598,-0.21668,-0.16181
-0.64247,0.42428,-0.43403,-1.1149,0.93586,-0.21683,-0.16168
-0.64232,0.42388,-0.43368,-1.1151,0.93577,-0.21684,-0.16172
-0.64194,0.42341,-0.43308,-1.115,0.93591,-0.21685,-0.16169
-0.64151,0.42285,-0.43246,-1.1153,0.93602,-0.21665,-0.16188
-0.64111,0.42264,-0.43169,-1.1153,0.93621,-0.21658,-0.16184
-0.64098,0.42238,-0.4312,-1.1154,0.93616,-0.21658,-0.16184
-0.64064,0.42247,-0.43067,-1.1156,0.93585,-0.21659,-0.16194
-0.64044,0.42257,-0.43049,-1.1155,0.93556,-0.21658,-0.16189
-0.64012,0.42257,-0.43032,-1.1156,0.93516,-0.21663,-0.16184
-0.63986,0.42246,-0.4305,-1.1154,0.93501,-0.21673,-0.16127
-0.6398,0.42244,-0.43095,-1.1153,0.93486,-0.21675,-0.16102
-0.63977,0.42228,-0.43131,-1.1152,0.93491,-0.21684,-0.16063
-0.63961,0.42223,-0.43149,-1.1154,0.93497,-0.21679,-0.16079
-0.63957,0.42198,-0.43163,-1.1157,0.93512,-0.21684,-0.16095
-0.63926,0.42187,-0.43158,-1.1158,0.93535,-0.21691,-0.16125
-0.63912,0.42172,-0.4313,-1.1163,0.93517,-0.21688,-0.16159
-0.63876,0.42159,-0.43089,-1.1164,0.93499,-0.21704,-0.16175
-0.63841,0.42149,-0.43029,-1.1167,0.93448,-0.21699,-0.16205
-0.63789,0.42148,-0.42957,-1.1167,0.93411,-0.21696,-0.1621
-0.6377,0.42153,-0.42906,-1.1168,0.93377,-0.21675,-0.16173
-0.63751,0.42144,-0.42866,-1.1169,0.93359,-0.21673,-0.16164
-0.63719,0.42124,-0.42848,-1.1171,0.93388,-0.21665,-0.16132
-0.63711,0.42108,-0.42854,-1.1171,0.93418,-0.21663,-0.16136
-0.63706,0.42082,-0.42854,-1.1172,0.93427,-0.21654,-0.16145
-0.63696,0.42056,-0.42879,-1.1172,0.93438,-0.21662,-0.16164
-0.63681,0.42023,-0.42912,-1.1172,0.93455,-0.21677,-0.16175
-0.63668,0.41992,-0.42925,-1.1172,0.93454,-0.21689,-0.16176
-0.63653,0.41974,-0.42928,-1.1171,0.93442,-0.21689,-0.16195
-0.63623,0.41943,-0.42902,-1.1172,0.93423,-0.21682,-0.16181
-0.63594,0.41921,-0.42876,-1.1172,0.93409,-0.21684,-0.16167
-0.63558,0.41896,-0.42846,-1.1173,0.93412,-0.21691,-0.16132
-0.63517,0.41892,-0.42831,-1.1173,0.93429,-0.21685,-0.16112
-0.63495,0.41879,-0.42848,-1.1174,0.93433,-0.21689,-0.16101
-0.6346,0.41864,-0.4286,-1.1173,0.93453,-0.21703,-0.16086
-0.63438,0.41845,-0.42901,-1.1171,0.9347,-0.21701,-0.16057
-0.6343,0.41811,-0.42962,-1.1169,0.93473,-0.21711,-0.16043
-0.6341,0.41778,-0.43021,-1.1167,0.93484,-0.21734,-0.16051
-0.63386,0.41729,-0.43073,-1.1166,0.93498,-0.21744,-0.16048
-0.63374,0.41704,-0.43112,-1.1163,0.93499,-0.21756,-0.16049
-0.6336,0.41697,-0.43122,-1.1161,0.93507,-0.21767,-0.1604
-0.6333,0.41684,-0.4311,-1.116,0.93528,-0.21781,-0.16007
-0.63291,0.41689,-0.43094,-1.1157,0.93549,-0.21782,-0.15997
-0.63234,0.41673,-0.43064,-1.1155,0.93576,-0.2178,-0.15967
-0.63199,0.41666,-0.43028,-1.1153,0.93579,-0.21787,-0.15953
-0.63163,0.41659,-0.43011,-1.1151,0.93589,-0.21794,-0.15934
-0.63135,0.41642,-0.4301,-1.115,0.93602,-0.21812,-0.15924
-0.63094,0.41616,-0.43006,-1.1148,0.93624,-0.21839,-0.15907
-0.63083,0.41591,-0.43031,-1.1146,0.93636,-0.21848,-0.15909
-0.63058,0.41559,-0.43047,-1.1144,0.93629,-0.21862,-0.15931
-0.63031,0.41508,-0.43069,-1.1142,0.9363,-0.21856,-0.1591
-0.62999,0.41466,-0.43092,-1.1139,0.93657,-0.21868,-0.15873
-0.6296,0.41432,-0.43069,-1.1136,0.93672,-0.21877,-0.15835
-0.62913,0.41391,-0.43072,-1.1132,0.937,-0.21889,-0.15796
-0.6284,0.41366,-0.43051,-1.1129,0.93745,-0.21908,-0.15758
-0.62768,0.41326,-0.43034,-1.1126,0.9376,-0.21922,-0.15702
-0.62699,0.41317,-0.4302,-1.1121,0.93785,-0.21942,-0.15641
-0.62638,0.41308,-0.43021,-1.1118,0.93793,-0.21939,-0.15589
-0.62588,0.41309,-0.43008,-1.1113,0.93798,-0.21953,-0.1559
-0.62543,0.41275,-0.43032,-1.1108,0.93817,-0.21974,-0.15623
-0.62497,0.41188,-0.43052,-1.1104,0.93828,-0.21985,-0.15655
-0.62455,0.41113,-0.43068,-1.11,0.9386,-0.22015,-0.15686
-0.62396,0.41061,-0.43079,-1.1096,0.93905,-0.22029,-0.15676
-0.62346,0.41025,-0.43094,-1.1093,0.93954,-0.22042,-0.15636
-0.62272,0.40959,-0.43072,-1.109,0.93978,-0.22063,-0.15552
-0.62168,0.40875,-0.42998,-1.1085,0.94008,-0.22119,-0.15476
-0.62062,0.40786,-0.42882,-1.108,0.94038,-0.22185,-0.15363
-0.61968,0.40729,-0.42793,-1.1074,0.9407,-0.22255,-0.15225
-0.61869,0.40652,-0.42703,-1.107,0.94093,-0.22283,-0.15132
-0.61775,0.40589,-0.42636,-1.1065,0.94117,-0.22284,-0.15093
-0.61669,0.40557,-0.42592,-1.106,0.94172,-0.22298,-0.15116
-0.61556,0.40514,-0.4252,-1.1055,0.94226,-0.22307,-0.15161
-0.61424,0.40423,-0.4242,-1.1051,0.94291,-0.22316,-0.15192
-0.61306,0.40309,-0.42317,-1.1047,0.94361,-0.22343,-0.15186
-0.61173,0.40172,-0.42226,-1.1042,0.94456,-0.22377,-0.15141
-0.61028,0.40034,-0.42143,-1.1037,0.94523,-0.22407,-0.15073
-0.60923,0.39934,-0.42129,-1.1028,0.9462,-0.22455,-0.14976
-0.60817,0.39844,-0.42134,-1.102,0.94709,-0.22539,-0.14864
-0.60739,0.39781,-0.42149,-1.1012,0.94804,-0.2262,-0.1474
-0.60651,0.39715,-0.42149,-1.1005,0.94873,-0.2266,-0.14636
-0.60578,0.39662,-0.42151,-1.0998,0.94934,-0.22676,-0.14635
-0.60484,0.39585,-0.42129,-1.0991,0.9499,-0.22691,-0.1468
-0.60376,0.395,-0.42073,-1.0984,0.95045,-0.22688,-0.14719
-0.60259,0.39406,-0.42014,-1.0977,0.95125,-0.22708,-0.14724
-0.60124,0.39317,-0.41913,-1.0971,0.9522,-0.22704,-0.14698
-0.59978,0.39207,-0.41826,-1.0964,0.95327,-0.22731,-0.1465
-0.59809,0.39081,-0.41722,-1.0955,0.9544,-0.22776,-0.14565
-0.59653,0.38955,-0.41631,-1.0947,0.95544,-0.2279,-0.1446
-0.59511,0.38832,-0.41545,-1.0938,0.95663,-0.22825,-0.14317
-0.59373,0.38707,-0.41451,-1.093,0.95775,-0.22849,-0.14158
-0.59242,0.3859,-0.41385,-1.0923,0.95902,-0.22889,-0.14045
-0.59109,0.38462,-0.4132,-1.0916,0.96013,-0.22962,-0.1401
-0.58955,0.38341,-0.41226,-1.0909,0.96101,-0.22979,-0.14014
-0.5881,0.38227,-0.41114,-1.0901,0.96178,-0.22989,-0.14029
-0.58687,0.38062,-0.41036,-1.0896,0.96243,-0.23012,-0.14026
-0.5855,0.37884,-0.40919,-1.089,0.96312,-0.23045,-0.14025
-0.58393,0.37696,-0.40802,-1.0881,0.96409,-0.23056,-0.13867
-0.58234,0.3752,-0.40682,-1.0873,0.96524,-0.23083,-0.13834
-0.58081,0.37348,-0.40572,-1.0863,0.96637,-0.2315,-0.13828
-0.58067,0.37298,-0.40535,-1.0843,0.96724,-0.23181,-0.13679
-0.57935,0.37165,-0.40437,-1.0831,0.96896,-0.23206,-0.135
-0.57642,0.3695,-0.40232,-1.0832,0.97122,-0.23233,-0.13324
-0.57481,0.36806,-0.4012,-1.0822,0.97233,-0.23255,-0.13415
-0.57316,0.36669,-0.40002,-1.0812,0.97329,-0.23276,-0.13458
-0.57308,0.3664,-0.39982,-1.0788,0.97343,-0.23302,-0.13498
-0.57148,0.36506,-0.39876,-1.0775,0.97454,-0.23324,-0.1352
-0.56905,0.36258,-0.39708,-1.0775,0.97593,-0.23377,-0.13509
-0.56784,0.36117,-0.39624,-1.0761,0.97708,-0.23429,-0.13462
-0.56661,0.35987,-0.39541,-1.0744,0.97835,-0.23491,-0.13372
-0.56558,0.35859,-0.3947,-1.0727,0.97962,-0.23587,-0.13276
-0.56418,0.35748,-0.3938,-1.0709,0.98101,-0.23681,-0.13161
-0.56407,0.35729,-0.39344,-1.0682,0.98165,-0.23745,-0.13036
-0.56289,0.35636,-0.39287,-1.0665,0.98288,-0.23801,-0.12966
-0.56151,0.35539,-0.39173,-1.0649,0.98391,-0.2383,-0.12755
-0.56014,0.3543,-0.39032,-1.0636,0.98473,-0.23883,-0.12732
-0.55861,0.35319,-0.38872,-1.0623,0.98582,-0.23915,-0.12715
-0.557,0.35197,-0.38704,-1.0612,0.98721,-0.23943,-0.12701
-0.55544,0.35086,-0.38552,-1.06,0.98848,-0.23975,-0.12677
-0.55381,0.3497,-0.38421,-1.0588,0.98995,-0.24022,-0.12629
-0.5525,0.3487,-0.38322,-1.0572,0.99105,-0.24097,-0.12513
-0.55095,0.34762,-0.38225,-1.0557,0.992,-0.24204,-0.12358
-0.54953,0.34649,-0.38156,-1.0542,0.99297,-0.24319,-0.12159
-0.54838,0.34557,-0.38101,-1.0527,0.99381,-0.24451,-0.11927
-0.54717,0.34441,-0.38031,-1.0513,0.99451,-0.24562,-0.11717
-0.54595,0.34322,-0.37951,-1.05,0.99515,-0.24659,-0.11568
-0.54468,0.34218,-0.37866,-1.0487,0.99554,-0.24747,-0.11484
-0.54346,0.34115,-0.37769,-1.0472,0.99622,-0.24782,-0.11458
-0.54206,0.34023,-0.37658,-1.0459,0.99713,-0.24794,-0.11494
-0.54061,0.3395,-0.37572,-1.0443,0.99846,-0.24798,-0.11578
-0.5392,0.33867,-0.37486,-1.0427,0.99973,-0.2481,-0.11639
-0.53812,0.33804,-0.3743,-1.0408,1.0015,-0.24818,-0.11661
-0.53697,0.33715,-0.37367,-1.0393,1.0031,-0.24822,-0.11667
-0.53581,0.33638,-0.3729,-1.0378,1.0047,-0.24843,-0.11657
-0.53484,0.33555,-0.37221,-1.0362,1.0062,-0.24873,-0.11656
-0.53382,0.33479,-0.37129,-1.0347,1.0072,-0.24903,-0.11659
-0.5327,0.33382,-0.37004,-1.0334,1.0083,-0.2493,-0.1168
-0.53149,0.33288,-0.36884,-1.0322,1.0092,-0.24946,-0.11712
-0.5305,0.33215,-0.36773,-1.031,1.0101,-0.24951,-0.11753
-0.52954,0.33126,-0.36678,-1.03,1.011,-0.24964,-0.11776
-0.52864,0.33037,-0.36611,-1.0289,1.0121,-0.24959,-0.1176
-0.52761,0.32948,-0.36526,-1.028,1.0132,-0.24975,-0.1174
-0.52681,0.32868,-0.36474,-1.0269,1.0144,-0.2499,-0.11682
-0.5261,0.32786,-0.36443,-1.0258,1.0158,-0.25014,-0.11609
-0.52525,0.32721,-0.36384,-1.0245,1.0171,-0.25041,-0.11521
-0.5247,0.3262,-0.3634,-1.0234,1.0185,-0.25063,-0.11426
-0.52389,0.32526,-0.36279,-1.0222,1.0197,-0.25097,-0.11317
-0.52298,0.32418,-0.362,-1.0212,1.0207,-0.25114,-0.11168
-0.52215,0.32313,-0.36152,-1.02,1.0214,-0.25127,-0.11047
-0.5214,0.32198,-0.36101,-1.019,1.022,-0.25171,-0.10992
-0.52035,0.32107,-0.36031,-1.0179,1.0227,-0.25225,-0.10984
-0.5195,0.32005,-0.3597,-1.0168,1.0237,-0.25276,-0.10918
-0.51852,0.31922,-0.35897,-1.0154,1.0249,-0.25337,-0.10807
-0.51792,0.31861,-0.35835,-1.0143,1.026,-0.25399,-0.10653
-0.51721,0.31796,-0.35787,-1.013,1.0273,-0.25477,-0.10493
-0.51651,0.31676,-0.35746,-1.0118,1.0285,-0.25505,-0.10327
-0.51577,0.31541,-0.35704,-1.0104,1.03,-0.25518,-0.10159
-0.51472,0.31418,-0.35659,-1.0093,1.0313,-0.25522,-0.10028
-0.51378,0.31339,-0.35602,-1.0083,1.0323,-0.25542,-0.099678
-0.51293,0.31256,-0.35516,-1.0075,1.0335,-0.25537,-0.099226
-0.51176,0.31132,-0.35407,-1.0069,1.0345,-0.25546,-0.098778
-0.51079,0.30998,-0.35287,-1.0062,1.0356,-0.25549,-0.09805
-0.50986,0.30906,-0.35191,-1.0054,1.0366,-0.25566,-0.097066
-0.50904,0.30798,-0.35123,-1.0045,1.0374,-0.25576,-0.09571
-0.50798,0.30675,-0.35066,-1.0034,1.0383,-0.25623,-0.093879
-0.50707,0.30579,-0.35026,-1.0021,1.0394,-0.25664,-0.091444
-0.50613,0.305,-0.34971,-1.0008,1.0403,-0.25721,-0.0894
-0.50495,0.30363,-0.34876,-0.99975,1.0413,-0.2578,-0.088083
-0.50354,0.30201,-0.34751,-0.99866,1.0424,-0.25811,-0.087743
-0.50217,0.30027,-0.34625,-0.99775,1.0435,-0.2582,-0.087936
-0.50094,0.2989,-0.345,-0.99664,1.0447,-0.25831,-0.088495
-0.49997,0.29767,-0.34428,-0.99572,1.0459,-0.25833,-0.089117
-0.49875,0.29699,-0.34382,-0.99425,1.0475,-0.25852,-0.089215
-0.49798,0.2963,-0.34368,-0.99279,1.0489,-0.25872,-0.088909
-0.49715,0.29578,-0.34354,-0.99116,1.0502,-0.25894,-0.087992
-0.49628,0.29509,-0.34331,-0.98956,1.0514,-0.2593,-0.087109
-0.49539,0.29441,-0.34302,-0.98811,1.0525,-0.25948,-0.086547
-0.4945,0.29383,-0.34266,-0.98637,1.0536,-0.25953,-0.085957
-0.4936,0.29318,-0.34226,-0.98468,1.0548,-0.2596,-0.085771
-0.49256,0.29255,-0.34177,-0.98297,1.0562,-0.25995,-0.085903
-0.49163,0.29199,-0.34121,-0.98118,1.0579,-0.26004,-0.086112
-0.49055,0.29152,-0.34076,-0.97917,1.06,-0.2602,-0.086263
-0.48962,0.29079,-0.34025,-0.97731,1.062,-0.26059,-0.086325
-0.48864,0.2904,-0.33985,-0.97512,1.064,-0.26078,-0.086076
-0.48774,0.28986,-0.33939,-0.97299,1.066,-0.26127,-0.085706
-0.48698,0.28936,-0.3391,-0.97095,1.0678,-0.26189,-0.084916
-0.48588,0.28892,-0.33857,-0.96881,1.0697,-0.26273,-0.083754
-0.48483,0.28854,-0.3378,-0.96688,1.0715,-0.26362,-0.082644
-0.48369,0.28821,-0.33673,-0.96498,1.0734,-0.26442,-0.081857
-0.48254,0.288,-0.33556,-0.96322,1.0751,-0.26517,-0.08155
-0.4814,0.28748,-0.33443,-0.96159,1.0766,-0.26581,-0.081645
-0.48024,0.28681,-0.33321,-0.96,1.0781,-0.26618,-0.081488
-0.47944,0.28629,-0.33202,-0.95834,1.0795,-0.2667,-0.081041
-0.47834,0.28542,-0.3311,-0.95659,1.0812,-0.26737,-0.080407
-0.47734,0.28487,-0.33032,-0.95452,1.0831,-0.26809,-0.079292
-0.47629,0.28438,-0.32956,-0.95248,1.0851,-0.26896,-0.077616
-0.47519,0.28396,-0.32882,-0.95041,1.0872,-0.27,-0.075214
-0.47412,0.28352,-0.32827,-0.94829,1.0894,-0.27105,-0.072376
-0.47289,0.28316,-0.32769,-0.94611,1.0916,-0.27203,-0.069817
-0.47149,0.28275,-0.3269,-0.94397,1.0937,-0.27316,-0.067649
-0.47031,0.28245,-0.32619,-0.94203,1.0955,-0.27416,-0.066283
-0.46907,0.28222,-0.32517,-0.94012,1.0971,-0.27515,-0.065715
-0.46796,0.28202,-0.32409,-0.93772,1.0987,-0.27585,-0.064726
-0.46671,0.28198,-0.32298,-0.93535,1.1004,-0.27673,-0.063577
-0.46556,0.28191,-0.32173,-0.93265,1.1024,-0.27746,-0.061672
-0.46424,0.28202,-0.32051,-0.92993,1.1044,-0.27839,-0.059119
-0.4628,0.28211,-0.31921,-0.92728,1.1068,-0.27941,-0.056081
-0.46115,0.2825,-0.31793,-0.92465,1.1094,-0.28022,-0.052965
-0.45941,0.28273,-0.31652,-0.9224,1.1116,-0.28071,-0.050175
-0.45775,0.28272,-0.31521,-0.9206,1.1134,-0.28099,-0.04863
-0.45594,0.2825,-0.31402,-0.91913,1.115,-0.28108,-0.04818
-0.45451,0.28227,-0.31306,-0.91757,1.1162,-0.28153,-0.048049
-0.45314,0.28183,-0.31268,-0.91607,1.1176,-0.28159,-0.047667
-0.45199,0.28147,-0.31242,-0.91436,1.1192,-0.28178,-0.046653
-0.45107,0.28109,-0.31251,-0.91253,1.1213,-0.28241,-0.044914
-0.45016,0.28091,-0.31236,-0.9105,1.1235,-0.28318,-0.04243
-0.4489,0.28072,-0.31179,-0.90859,1.1256,-0.28442,-0.039641
-0.44761,0.28069,-0.31103,-0.9089,1.1266,-0.28573,-0.038624
-0.44611,0.28072,-0.31027,-0.90703,1.1289,-0.28692,-0.035402
-0.44462,0.28068,-0.30938,-0.90305,1.1316,-0.28812,-0.031123
-0.44316,0.28066,-0.30832,-0.90145,1.133,-0.28962,-0.029855
-0.44151,0.28079,-0.30711,-0.89992,1.1348,-0.29121,-0.02931
-0.44013,0.28076,-0.30596,-0.90028,1.1355,-0.29279,-0.030552
-0.43874,0.28112,-0.30487,-0.89832,1.1377,-0.29446,-0.029625
-0.43737,0.28151,-0.30348,-0.89391,1.1419,-0.29729,-0.026355
-0.4358,0.28204,-0.30202,-0.89131,1.1443,-0.30048,-0.025033
-0.43357,0.28293,-0.30026,-0.88795,1.1472,-0.3044,-0.023036
-0.43147,0.28358,-0.29855,-0.88768,1.1483,-0.30716,-0.022757
-0.42913,0.28425,-0.29616,-0.88461,1.1506,-0.30981,-0.01966
-0.42705,0.28448,-0.29401,-0.87933,1.1533,-0.31265,-0.014454
-0.42523,0.28423,-0.29227,-0.87736,1.1545,-0.31385,-0.011873
-0.42348,0.28395,-0.29073,-0.87564,1.1556,-0.31455,-0.0096835
-0.42182,0.28367,-0.28968,-0.87626,1.1565,-0.31394,-0.0089074
-0.42039,0.28346,-0.28921,-0.87449,1.1581,-0.31368,-0.0060214
-0.41887,0.28319,-0.28946,-0.87061,1.1598,-0.31472,-0.0013693
-0.41721,0.28285,-0.29009,-0.86856,1.1618,-0.31495,0.00241
-0.41572,0.28233,-0.29104,-0.86631,1.164,-0.31519,0.0072776
-0.41469,0.28204,-0.29222,-0.86634,1.1656,-0.31522,0.01083
-0.41398,0.28193,-0.29328,-0.86383,1.1677,-0.31596,0.016254
-0.41325,0.282,-0.29376,-0.85924,1.1706,-0.3165,0.023195
-0.41245,0.28192,-0.29364,-0.85718,1.1726,-0.31629,0.027021
-0.41157,0.28194,-0.29299,-0.85534,1.1742,-0.31611,0.029272
-0.41067,0.28202,-0.292,-0.8556,1.1747,-0.31563,0.028723
-0.40968,0.28221,-0.29059,-0.85405,1.176,-0.31561,0.028856
-0.4088,0.28268,-0.28915,-0.85045,1.1784,-0.3159,0.0307
-0.40811,0.28302,-0.28788,-0.84879,1.1797,-0.31615,0.031301
-0.40729,0.28295,-0.28675,-0.84701,1.1812,-0.3165,0.033041
-0.40626,0.28296,-0.28559,-0.8475,1.1814,-0.3162,0.033576
-0.40509,0.28267,-0.28461,-0.84564,1.1829,-0.31597,0.03682
-0.40427,0.28306,-0.28354,-0.8409,1.1856,-0.31634,0.042049
-0.40345,0.28301,-0.28257,-0.84139,1.1859,-0.3153,0.04189
-0.40279,0.2824,-0.28153,-0.83649,1.1879,-0.31569,0.044888
-0.40215,0.2815,-0.281,-0.83674,1.1885,-0.31461,0.04303
-0.40169,0.28117,-0.28079,-0.83422,1.1901,-0.3144,0.042593
-0.40107,0.28067,-0.28069,-0.82893,1.1933,-0.3153,0.044408
-0.40048,0.28016,-0.28083,-0.82927,1.1941,-0.31399,0.042016
-0.3998,0.28011,-0.28115,-0.82351,1.1972,-0.31555,0.044781
-0.39915,0.28016,-0.28137,-0.82394,1.198,-0.31449,0.043934
-0.39861,0.2798,-0.28146,-0.82136,1.1997,-0.31445,0.046425
-0.39794,0.27901,-0.28134,-0.81873,1.2015,-0.31402,0.04925
-0.39763,0.27787,-0.28096,-0.81321,1.2042,-0.31446,0.054283
-0.39712,0.2768,-0.28049,-0.81398,1.2045,-0.31313,0.053333
-0.39665,0.27598,-0.2801,-0.81162,1.2057,-0.31286,0.053586
-0.39629,0.27529,-0.28007,-0.80934,1.2068,-0.31283,0.05316
-0.39589,0.2749,-0.27988,-0.807,1.2081,-0.31288,0.052981
-0.3955,0.27471,-0.27966,-0.80456,1.2096,-0.31277,0.053807
-0.39478,0.27438,-0.27913,-0.80221,1.2111,-0.31272,0.055461
-0.39384,0.27435,-0.27822,-0.79978,1.2125,-0.31247,0.057669
-0.39278,0.27397,-0.27706,-0.79753,1.2139,-0.31199,0.060109
-0.39183,0.27369,-0.27586,-0.79535,1.215,-0.31166,0.062245
-0.39099,0.27311,-0.27485,-0.79339,1.2156,-0.31171,0.063765
-0.3903,0.27249,-0.27414,-0.79194,1.2161,-0.31183,0.064047
-0.38996,0.27183,-0.27387,-0.79068,1.2165,-0.31196,0.063548
-0.38987,0.27142,-0.27382,-0.78953,1.2169,-0.31201,0.062749
-0.38977,0.27096,-0.27384,-0.78864,1.2175,-0.31205,0.062497
-0.38958,0.27064,-0.27409,-0.7878,1.2183,-0.31235,0.062671
-0.38943,0.27033,-0.27454,-0.78709,1.2189,-0.3123,0.063537
-0.38933,0.2704,-0.27463,-0.78611,1.2196,-0.3125,0.065127
-0.3891,0.27038,-0.27467,-0.78516,1.2204,-0.31261,0.067492
-0.38869,0.2703,-0.27411,-0.78395,1.2211,-0.31301,0.070818
-0.38833,0.27014,-0.27307,-0.78329,1.2213,-0.31298,0.073847
-0.38808,0.26969,-0.27211,-0.78253,1.2215,-0.31315,0.075999
-0.3879,0.26892,-0.27103,-0.78203,1.2214,-0.31336,0.077219
-0.38774,0.26822,-0.26995,-0.7815,1.2212,-0.31376,0.077295
-0.38764,0.26772,-0.26921,-0.7809,1.2216,-0.31404,0.077103
-0.38757,0.26763,-0.26879,-0.78015,1.222,-0.31402,0.076883
-0.3874,0.2676,-0.26839,-0.77924,1.2224,-0.31428,0.077392
-0.38707,0.26753,-0.2678,-0.77838,1.2227,-0.31455,0.078878
-0.38668,0.26737,-0.26729,-0.77767,1.2232,-0.31477,0.081009
-0.38633,0.26704,-0.26674,-0.77725,1.2233,-0.31522,0.0826
-0.38611,0.26683,-0.26668,-0.77671,1.2238,-0.31515,0.083991
-0.38617,0.26664,-0.2672,-0.77653,1.2241,-0.31501,0.084494
-0.38623,0.26635,-0.26801,-0.77629,1.2246,-0.31493,0.08442
-0.38611,0.26612,-0.26881,-0.776,1.2252,-0.31472,0.084276
-0.38612,0.26608,-0.26923,-0.77586,1.2254,-0.31447,0.084007
-0.3863,0.26613,-0.26927,-0.77595,1.2252,-0.3143,0.084014
-0.38615,0.26599,-0.26898,-0.77629,1.2251,-0.31426,0.084082
-0.38609,0.26611,-0.26821,-0.77666,1.2248,-0.31414,0.084502
-0.3859,0.26605,-0.26703,-0.77702,1.2244,-0.31431,0.085333
-0.38551,0.26581,-0.26577,-0.77754,1.2237,-0.31437,0.086367
-0.38496,0.2653,-0.26462,-0.77823,1.2231,-0.3143,0.08701
-0.38458,0.2648,-0.26357,-0.77876,1.2223,-0.31404,0.087273
-0.38408,0.26461,-0.263,-0.77931,1.2215,-0.3139,0.086614
-0.38387,0.26429,-0.26306,-0.77979,1.2209,-0.31372,0.085924
-0.38386,0.26434,-0.26356,-0.77994,1.2208,-0.31354,0.085354
-0.38395,0.26401,-0.26422,-0.78004,1.2209,-0.31383,0.08505
-0.38434,0.26399,-0.26515,-0.77973,1.2213,-0.31409,0.085227
-0.38445,0.26406,-0.26573,-0.77944,1.2216,-0.3143,0.085891
-0.38447,0.26409,-0.26619,-0.7792,1.2222,-0.31441,0.086572
-0.38447,0.26432,-0.26617,-0.77901,1.2222,-0.31441,0.086633
-0.38413,0.26444,-0.2658,-0.77876,1.2224,-0.31432,0.086835
-0.38371,0.26432,-0.26519,-0.77878,1.2221,-0.31427,0.086668
-0.38311,0.26437,-0.26454,-0.77892,1.2218,-0.31433,0.086203
-0.3825,0.26405,-0.26389,-0.77915,1.2211,-0.31419,0.085853
-0.38199,0.2638,-0.26333,-0.77928,1.2204,-0.31415,0.085485
-0.38154,0.26339,-0.26311,-0.77943,1.2199,-0.31404,0.08523
-0.38127,0.26322,-0.26323,-0.77928,1.2197,-0.31386,0.085014
-0.38131,0.26321,-0.2639,-0.77898,1.2196,-0.31373,0.084916
-0.38138,0.26308,-0.26478,-0.77875,1.2197,-0.31393,0.085069
-0.38168,0.26306,-0.26587,-0.77835,1.2199,-0.31394,0.085332
-0.38186,0.26325,-0.26667,-0.77797,1.2202,-0.31392,0.085457
-0.38211,0.26345,-0.26748,-0.77775,1.2204,-0.31415,0.085337
-0.38233,0.2638,-0.26809,-0.77754,1.2207,-0.31387,0.085409
-0.38236,0.26405,-0.2682,-0.77777,1.2207,-0.31391,0.084865
-0.38234,0.2644,-0.26771,-0.77806,1.2204,-0.31387,0.084265
-0.38227,0.26475,-0.26723,-0.77823,1.2199,-0.31378,0.083884
-0.38218,0.2648,-0.26636,-0.77874,1.2194,-0.31372,0.083747
-0.38201,0.2649,-0.26556,-0.7792,1.2191,-0.31335,0.084182
-0.38203,0.26486,-0.26478,-0.77977,1.2186,-0.31336,0.08497
-0.38211,0.26471,-0.26437,-0.78028,1.2183,-0.31313,0.085821
-0.38223,0.26464,-0.26411,-0.7808,1.2178,-0.31292,0.086399
-0.38254,0.26488,-0.2642,-0.7812,1.2172,-0.31278,0.08653
-0.38287,0.2653,-0.26472,-0.78144,1.2171,-0.31266,0.086272
-0.38321,0.26573,-0.26523,-0.78188,1.2168,-0.31242,0.085593
-0.38355,0.26645,-0.26575,-0.78241,1.2165,-0.31197,0.084936
-0.38403,0.2673,-0.26616,-0.78312,1.2162,-0.31126,0.084508
-0.38438,0.26821,-0.26664,-0.78382,1.2161,-0.31067,0.084091
-0.38477,0.26918,-0.26691,-0.78456,1.2157,-0.31033,0.084103
-0.38497,0.26989,-0.26704,-0.78513,1.2154,-0.31027,0.084527
-0.38502,0.27051,-0.26685,-0.78577,1.2147,-0.31008,0.084804
-0.38506,0.27141,-0.26667,-0.78644,1.2139,-0.30991,0.084726
-0.38506,0.27227,-0.26639,-0.78695,1.2129,-0.30967,0.084301
-0.385,0.27261,-0.26581,-0.78739,1.2116,-0.30951,0.083362
-0.38494,0.27264,-0.26535,-0.78797,1.2105,-0.30979,0.082178
-0.38503,0.27274,-0.26513,-0.78855,1.2095,-0.30856,0.08085
-0.38527,0.27282,-0.26555,-0.78916,1.2091,-0.30762,0.080096
-0.38568,0.2731,-0.26633,-0.7897,1.2092,-0.30689,0.07974
-0.38548,0.27308,-0.2666,-0.79087,1.2093,-0.30627,0.079884
-0.38705,0.27442,-0.26911,-0.7906,1.2096,-0.30661,0.078767
-0.3876,0.27523,-0.27042,-0.79081,1.2097,-0.30633,0.079386
-0.38792,0.27589,-0.27108,-0.79119,1.2093,-0.3056,0.081022
-0.38769,0.2758,-0.27084,-0.79214,1.2085,-0.30543,0.080786
-0.38803,0.27607,-0.27097,-0.79258,1.2078,-0.30579,0.079683
-0.3885,0.27659,-0.27097,-0.79296,1.2069,-0.30565,0.078915
-0.38832,0.27703,-0.27103,-0.79366,1.2064,-0.30523,0.078152
-0.3885,0.27763,-0.27135,-0.79436,1.2056,-0.30439,0.077435
-0.38839,0.27781,-0.27162,-0.79577,1.2048,-0.30338,0.076842
-0.38875,0.27878,-0.27203,-0.79659,1.2041,-0.30258,0.075814
-0.3891,0.27972,-0.27268,-0.79722,1.2034,-0.30197,0.075179
-0.38969,0.28066,-0.27317,-0.7978,1.203,-0.30119,0.075231
-0.39033,0.28152,-0.27354,-0.7985,1.2026,-0.30061,0.075502
-0.3909,0.28241,-0.27392,-0.79909,1.2026,-0.30031,0.075578
-0.39158,0.28309,-0.27421,-0.79988,1.2022,-0.30008,0.074893
-0.39216,0.28388,-0.27466,-0.80064,1.2017,-0.2999,0.073929
-0.39274,0.28448,-0.27528,-0.80126,1.201,-0.29924,0.072712
-0.39346,0.28508,-0.27603,-0.80201,1.2001,-0.29846,0.070931
-0.39419,0.28581,-0.27692,-0.80261,1.199,-0.29762,0.068895
-0.39516,0.28662,-0.27789,-0.80336,1.1973,-0.29661,0.066228
-0.39607,0.28735,-0.27873,-0.80384,1.1953,-0.29585,0.063642
-0.39701,0.28813,-0.27931,-0.80457,1.1932,-0.29505,0.061669
-0.39787,0.28887,-0.27977,-0.80503,1.1919,-0.29451,0.061108
-0.39896,0.28931,-0.27987,-0.80588,1.1906,-0.29409,0.061637
-0.40015,0.28974,-0.28,-0.80691,1.1891,-0.29356,0.061917
-0.40106,0.28976,-0.28,-0.80814,1.1875,-0.29286,0.061646
-0.40216,0.28949,-0.2799,-0.80954,1.1857,-0.29179,0.061141
-0.4033,0.28914,-0.27986,-0.8112,1.1841,-0.29055,0.060537
-0.40483,0.28916,-0.2803,-0.81295,1.1827,-0.2896,0.059923
-0.4062,0.28925,-0.28077,-0.81483,1.1814,-0.2885,0.059428
-0.40739,0.28964,-0.28077,-0.81677,1.1803,-0.28763,0.0592
-0.4087,0.29002,-0.28087,-0.81866,1.1793,-0.28703,0.059061
-0.40972,0.29042,-0.28055,-0.8205,1.1782,-0.28676,0.059095
-0.41068,0.29068,-0.2802,-0.82239,1.1769,-0.28636,0.059066
-0.41178,0.29093,-0.27983,-0.82433,1.1756,-0.28568,0.058992
-0.41288,0.29117,-0.27945,-0.82641,1.1742,-0.28466,0.058454
-0.41407,0.29149,-0.27927,-0.82821,1.173,-0.28393,0.057499
-0.41535,0.29187,-0.27919,-0.8299,1.1718,-0.28296,0.056204
-0.4167,0.29215,-0.27938,-0.83169,1.1706,-0.28224,0.054514
-0.41795,0.29271,-0.27939,-0.83335,1.1698,-0.28156,0.052966
-0.4193,0.29353,-0.27967,-0.83479,1.1695,-0.28099,0.052027
-0.4207,0.29432,-0.27994,-0.83606,1.1692,-0.28069,0.051629
-0.42217,0.29524,-0.28011,-0.83725,1.1689,-0.28042,0.05154
-0.42366,0.29624,-0.28049,-0.83848,1.1684,-0.28005,0.051164
-0.42509,0.29728,-0.28082,-0.83964,1.1676,-0.27983,0.050638
-0.42639,0.29825,-0.28109,-0.84076,1.1666,-0.27938,0.049744
-0.42778,0.29908,-0.28151,-0.84186,1.1654,-0.27845,0.048437
-0.4291,0.29994,-0.28162,-0.84303,1.1644,-0.27747,0.046558
-0.43035,0.30055,-0.28191,-0.84444,1.1637,-0.27658,0.044419
-0.43175,0.30115,-0.2821,-0.84583,1.1633,-0.27596,0.042384
-0.43305,0.3018,-0.28253,-0.84718,1.1634,-0.27571,0.041171
-0.43462,0.30252,-0.28295,-0.84829,1.1633,-0.2755,0.040816
-0.43624,0.3033,-0.28363,-0.84936,1.1633,-0.2753,0.040938
-0.43817,0.30416,-0.28438,-0.85042,1.163,-0.27515,0.041262
-0.43998,0.30498,-0.28501,-0.85133,1.1624,-0.27484,0.041559
-0.44136,0.30584,-0.28506,-0.85245,1.1613,-0.27459,0.041281
-0.44285,0.3065,-0.28523,-0.85365,1.1603,-0.27415,0.040747
-0.44415,0.30715,-0.28498,-0.85509,1.1591,-0.27342,0.039443
-0.44555,0.30746,-0.28455,-0.85678,1.1579,-0.27264,0.03786
-0.44673,0.30776,-0.28427,-0.85853,1.1572,-0.27172,0.036064
-0.44832,0.30781,-0.28383,-0.86037,1.1563,-0.271,0.034558
-0.44972,0.30818,-0.28365,-0.86177,1.1555,-0.27072,0.033517
-0.45128,0.30848,-0.2838,-0.86301,1.1549,-0.27063,0.033232
-0.45265,0.30894,-0.28373,-0.8642,1.1537,-0.27047,0.0332
-0.45423,0.30949,-0.28389,-0.86522,1.1524,-0.27018,0.033146
-0.45558,0.31003,-0.28381,-0.86658,1.1507,-0.26988,0.032922
-0.45701,0.31069,-0.28379,-0.86806,1.1491,-0.26939,0.03244
-0.45834,0.31124,-0.28375,-0.86984,1.1473,-0.26879,0.031661
-0.45962,0.31201,-0.28382,-0.87182,1.1459,-0.26763,0.030448
-0.46105,0.31256,-0.28392,-0.87381,1.1446,-0.26644,0.029055
-0.4625,0.31318,-0.28442,-0.8758,1.1433,-0.26534,0.027176
-0.46419,0.31382,-0.28532,-0.87756,1.1419,-0.26425,0.025299
-0.46597,0.31431,-0.28641,-0.87906,1.1405,-0.26347,0.023864
-0.46789,0.31487,-0.28756,-0.88039,1.1389,-0.263,0.023209
-0.46959,0.31544,-0.28872,-0.88181,1.1374,-0.26264,0.022856
-0.47129,0.31599,-0.28965,-0.88294,1.1358,-0.26248,0.022621
-0.47292,0.31643,-0.29055,-0.88444,1.1341,-0.26204,0.022246
-0.47434,0.31688,-0.2912,-0.8863,1.1326,-0.26164,0.021597
-0.47564,0.31761,-0.29152,-0.8883,1.1316,-0.2609,0.021073
-0.47707,0.3186,-0.29159,-0.89042,1.1305,-0.25995,0.020026
-0.47844,0.31964,-0.2918,-0.89254,1.1294,-0.2588,0.018454
-0.47974,0.32065,-0.29196,-0.89464,1.128,-0.25721,0.016436
-0.48115,0.32131,-0.29259,-0.89622,1.1266,-0.25599,0.014622
-0.48252,0.32211,-0.29318,-0.8975,1.1245,-0.25535,0.01324
-0.48393,0.32299,-0.29346,-0.89877,1.1222,-0.25522,0.012612
-0.48511,0.32393,-0.29338,-0.9,1.1197,-0.25519,0.01265
-0.48631,0.32462,-0.29294,-0.90124,1.1175,-0.25495,0.012833
-0.48735,0.32481,-0.29265,-0.90295,1.116,-0.25455,0.012566
-0.48838,0.32556,-0.29248,-0.90443,1.1151,-0.25421,0.01191
-0.48963,0.32638,-0.2926,-0.90622,1.1143,-0.2534,0.011032
-0.49085,0.32723,-0.29324,-0.90789,1.1135,-0.25239,0.0097088
-0.49237,0.32831,-0.29447,-0.90904,1.1126,-0.2514,0.0086416
-0.4939,0.32944,-0.29574,-0.91012,1.1112,-0.25084,0.007689
-0.49547,0.33045,-0.29674,-0.9108,1.1095,-0.25039,0.0074523
-0.49698,0.33117,-0.29767,-0.91153,1.1078,-0.25028,0.0073357
-0.4984,0.33185,-0.29823,-0.91208,1.1063,-0.25024,0.0073276
-0.49963,0.33251,-0.29838,-0.9127,1.1053,-0.25019,0.0073737
-0.50099,0.33315,-0.29885,-0.9134,1.1048,-0.24994,0.0072905
-0.50229,0.33387,-0.29938,-0.91446,1.1044,-0.24949,0.0069033
-0.50383,0.33475,-0.30017,-0.91568,1.1038,-0.24889,0.0060992
-0.50538,0.3359,-0.30128,-0.91694,1.103,-0.24789,0.0048978
-0.50705,0.33713,-0.30236,-0.91792,1.1018,-0.24715,0.0034824
-0.50898,0.33854,-0.30363,-0.91869,1.0998,-0.24661,0.0017995
-0.51096,0.33983,-0.30445,-0.91945,1.0973,-0.24618,0.00032153
-0.51302,0.3411,-0.30489,-0.92024,1.0945,-0.24571,-0.00085359
-0.51508,0.34247,-0.30527,-0.92093,1.0922,-0.24533,-0.0016308
-0.51691,0.34366,-0.30548,-0.92213,1.0905,-0.24506,-0.0020194
-0.51883,0.34497,-0.30573,-0.92346,1.0896,-0.24485,-0.0021078
-0.52067,0.34596,-0.30603,-0.92509,1.0892,-0.24443,-0.0021149
-0.52246,0.34733,-0.30668,-0.92655,1.089,-0.24385,-0.0022878
-0.52465,0.34912,-0.30788,-0.92824,1.0881,-0.24312,-0.0032423
-0.52694,0.35059,-0.30891,-0.92986,1.0864,-0.24213,-0.0049609
-0.52928,0.35215,-0.3098,-0.93137,1.0841,-0.24119,-0.0072674
-0.53179,0.35345,-0.3104,-0.93278,1.0815,-0.24059,-0.0096457
-0.53436,0.35529,-0.31135,-0.93418,1.0789,-0.24022,-0.01161
-0.53713,0.35724,-0.31256,-0.93553,1.0768,-0.23995,-0.012848
-0.53967,0.35897,-0.31345,-0.93701,1.0754,-0.23963,-0.013358
-0.54222,0.36044,-0.31459,-0.93879,1.0747,-0.2393,-0.013617
-0.54473,0.36175,-0.31569,-0.94069,1.0743,-0.23891,-0.013547
-0.54715,0.36294,-0.31671,-0.94242,1.0738,-0.23854,-0.013819
-0.54949,0.36375,-0.31786,-0.94442,1.0725,-0.23799,-0.014451
-0.55213,0.36527,-0.31922,-0.94591,1.0708,-0.23735,-0.015392
-0.55464,0.36686,-0.32033,-0.94735,1.0682,-0.23646,-0.016644
-0.55735,0.36858,-0.32151,-0.9485,1.0652,-0.2355,-0.018159
-0.55963,0.37024,-0.32253,-0.94986,1.0627,-0.23484,-0.019188
-0.56201,0.37199,-0.3237,-0.9512,1.0611,-0.23432,-0.019935
-0.56448,0.37367,-0.32468,-0.95304,1.0601,-0.2339,-0.020615
-0.56671,0.37545,-0.32593,-0.95472,1.0601,-0.23328,-0.020877
-0.56918,0.37701,-0.32752,-0.95639,1.0602,-0.23269,-0.020871
-0.57148,0.37861,-0.32948,-0.95793,1.0601,-0.2323,-0.021071
-0.5737,0.38027,-0.33149,-0.95941,1.0592,-0.2319,-0.021283
-0.57616,0.38206,-0.33349,-0.96046,1.0577,-0.2317,-0.021332
-0.57858,0.38367,-0.33549,-0.96149,1.0559,-0.23137,-0.021424
-0.58138,0.38542,-0.33733,-0.96254,1.0536,-0.23116,-0.02211
-0.58386,0.38713,-0.33884,-0.96359,1.0516,-0.23062,-0.022986
-0.58603,0.38896,-0.3401,-0.96481,1.0498,-0.22992,-0.024284
-0.58828,0.39075,-0.34134,-0.96611,1.0487,-0.22897,-0.026029
-0.59046,0.39249,-0.34267,-0.96748,1.0479,-0.22801,-0.028037
-0.59262,0.39416,-0.34392,-0.96887,1.0473,-0.22716,-0.030255
-0.59464,0.39595,-0.34513,-0.97,1.0466,-0.22638,-0.032271
-0.59652,0.39756,-0.34637,-0.97105,1.0453,-0.22594,-0.033628
-0.59805,0.39911,-0.3473,-0.97177,1.0437,-0.22582,-0.034189
-0.60042,0.40079,-0.34871,-0.9724,1.0416,-0.22553,-0.034392
-0.60237,0.40212,-0.34999,-0.97329,1.0396,-0.22546,-0.034604
-0.60423,0.40376,-0.35113,-0.97427,1.0379,-0.22537,-0.035206
-0.60609,0.40533,-0.35222,-0.9754,1.0368,-0.22512,-0.035754
-0.60763,0.40688,-0.35353,-0.97681,1.0365,-0.22481,-0.036394
-0.60965,0.40843,-0.35488,-0.97835,1.0361,-0.22429,-0.037367
-0.61184,0.40997,-0.35624,-0.9798,1.0356,-0.22362,-0.038528
-0.61385,0.41161,-0.35762,-0.98097,1.0347,-0.22271,-0.039719
-0.61576,0.41315,-0.35895,-0.98201,1.0333,-0.2222,-0.040601
-0.6178,0.41493,-0.3602,-0.98278,1.0317,-0.22173,-0.04095
-0.61951,0.41655,-0.36135,-0.98369,1.03,-0.2216,-0.041046
-0.6214,0.41835,-0.36229,-0.98462,1.0285,-0.22131,-0.040878
-0.62322,0.41977,-0.36329,-0.98605,1.0274,-0.22102,-0.040772
-0.62466,0.42135,-0.36428,-0.98732,1.0271,-0.22071,-0.040855
-0.62601,0.42272,-0.36517,-0.98913,1.0269,-0.22,-0.041295
-0.62746,0.42392,-0.36639,-0.99104,1.0264,-0.219,-0.041905
-0.62908,0.42512,-0.36787,-0.99275,1.0254,-0.21813,-0.04265
-0.63077,0.42643,-0.36958,-0.99406,1.024,-0.21734,-0.043672
-0.6327,0.4278,-0.3713,-0.99526,1.022,-0.21665,-0.044714
-0.63464,0.42917,-0.37302,-0.99635,1.0195,-0.21619,-0.045913
-0.63637,0.43059,-0.3745,-0.99738,1.0172,-0.21597,-0.047009
-0.63807,0.43172,-0.37585,-0.99873,1.0155,-0.21554,-0.047486
-0.63965,0.43286,-0.37716,-1.0003,1.0147,-0.21517,-0.047656
-0.64098,0.43401,-0.37807,-1.0022,1.0144,-0.21463,-0.047557
-0.64226,0.43498,-0.3791,-1.0041,1.0144,-0.21417,-0.047576
-0.64347,0.43591,-0.38009,-1.006,1.014,-0.21334,-0.047811
-0.64464,0.43688,-0.3811,-1.0077,1.0131,-0.21249,-0.048358
-0.64597,0.43808,-0.3824,-1.0092,1.0114,-0.21173,-0.049206
-0.64743,0.43917,-0.38359,-1.0104,1.0091,-0.21131,-0.05001
-0.64886,0.44038,-0.3848,-1.0115,1.0067,-0.21072,-0.050851
-0.65022,0.44168,-0.38611,-1.0125,1.0043,-0.21034,-0.051733
-0.65164,0.44308,-0.38705,-1.0138,1.0026,-0.20988,-0.052649
-0.65308,0.4443,-0.38828,-1.0154,1.0017,-0.20947,-0.053334
-0.65427,0.44521,-0.38933,-1.017,1.0017,-0.20903,-0.053443
-0.65535,0.44591,-0.39041,-1.0188,1.002,-0.2083,-0.053258
-0.65664,0.4466,-0.39168,-1.0207,1.002,-0.20753,-0.0531
-0.65784,0.44766,-0.39292,-1.0222,1.0012,-0.20689,-0.053219
-0.65911,0.44863,-0.39419,-1.0235,1,-0.20662,-0.053674
-0.66027,0.44924,-0.3946,-1.0246,0.99782,-0.20624,-0.054479
-0.66144,0.44999,-0.39489,-1.0256,0.99534,-0.20593,-0.055581
-0.66242,0.45079,-0.39509,-1.0267,0.99298,-0.20563,-0.056756
-0.66353,0.45149,-0.39562,-1.0277,0.99109,-0.20532,-0.057963
-0.66463,0.45216,-0.39627,-1.0291,0.99004,-0.20498,-0.058952
-0.66599,0.45297,-0.39755,-1.0306,0.98974,-0.20455,-0.059232
-0.6673,0.454,-0.39876,-1.0318,0.98994,-0.20405,-0.05898
-0.66858,0.45465,-0.39995,-1.0333,0.99005,-0.20344,-0.058619
-0.66957,0.455,-0.4008,-1.0344,0.98974,-0.20293,-0.058276
-0.67056,0.45513,-0.40134,-1.0353,0.98847,-0.20262,-0.058741
-0.67142,0.45524,-0.40203,-1.0361,0.98663,-0.20223,-0.05968
-0.67255,0.45549,-0.40307,-1.0366,0.98415,-0.20176,-0.06116
-0.6737,0.45577,-0.40414,-1.0373,0.98163,-0.201,-0.06286
-0.67481,0.45623,-0.40519,-1.0383,0.97928,-0.20036,-0.064733
-0.676,0.45683,-0.40646,-1.0393,0.97758,-0.19979,-0.066138
-0.67734,0.45738,-0.40775,-1.0406,0.97703,-0.19944,-0.066544
-0.67836,0.45796,-0.40881,-1.0418,0.97773,-0.19902,-0.065826
-0.67926,0.45853,-0.4096,-1.0431,0.97868,-0.19873,-0.064512
-0.68017,0.45896,-0.41037,-1.0443,0.97939,-0.19859,-0.0635
-0.68079,0.45931,-0.4107,-1.0452,0.97938,-0.19839,-0.063014
-0.68139,0.45974,-0.41088,-1.046,0.97824,-0.19823,-0.063447
-0.682,0.46033,-0.41119,-1.0466,0.9768,-0.19816,-0.064362
-0.68246,0.46078,-0.41127,-1.0471,0.97521,-0.19817,-0.06536
-0.68327,0.4614,-0.41196,-1.0475,0.97384,-0.19804,-0.06632
-0.68404,0.46182,-0.41282,-1.048,0.97255,-0.19802,-0.06709
-0.68471,0.46222,-0.41397,-1.0484,0.97162,-0.19797,-0.067323
-0.68546,0.46258,-0.41535,-1.0489,0.97127,-0.1977,-0.067273
-0.68616,0.46278,-0.41692,-1.0496,0.97107,-0.19742,-0.066788
-0.68677,0.46326,-0.41825,-1.0501,0.97115,-0.19717,-0.06614
-0.68769,0.46366,-0.41973,-1.0507,0.97094,-0.19689,-0.065732
-0.68832,0.46414,-0.42087,-1.0511,0.97049,-0.19678,-0.065761
-0.68879,0.46427,-0.42154,-1.0513,0.96972,-0.19653,-0.066043
-0.6892,0.46409,-0.42187,-1.0517,0.96837,-0.19629,-0.067067
-0.68954,0.46398,-0.42208,-1.0517,0.96699,-0.19599,-0.06823
-0.69007,0.46418,-0.42222,-1.0521,0.96567,-0.19543,-0.069463
-0.69057,0.46443,-0.42244,-1.0525,0.96533,-0.19497,-0.070269
-0.69107,0.46464,-0.42228,-1.0533,0.96555,-0.19457,-0.070322
-0.69161,0.4646,-0.42221,-1.0544,0.9662,-0.19442,-0.069768
-0.69215,0.46467,-0.42209,-1.0553,0.96695,-0.19415,-0.068812
-0.69257,0.46472,-0.42212,-1.0561,0.96764,-0.19394,-0.068058
-0.6929,0.46472,-0.42229,-1.0568,0.96763,-0.19401,-0.067844
-0.69323,0.46476,-0.42242,-1.0573,0.96696,-0.19382,-0.067684
-0.69356,0.46501,-0.42251,-1.0576,0.96594,-0.19396,-0.067845
-0.69396,0.46511,-0.42258,-1.0581,0.96438,-0.19399,-0.06835
-0.69419,0.46525,-0.42262,-1.0583,0.963,-0.1939,-0.069002
-0.69442,0.46542,-0.42247,-1.0586,0.96177,-0.19389,-0.069555
-0.69453,0.46561,-0.42253,-1.059,0.96121,-0.19391,-0.070039
-0.69459,0.46598,-0.42264,-1.0596,0.96125,-0.19368,-0.069931
-0.69462,0.46605,-0.42271,-1.0603,0.96162,-0.19343,-0.06945
-0.69476,0.46616,-0.42313,-1.0608,0.96238,-0.19323,-0.068691
-0.69479,0.46652,-0.4238,-1.0609,0.96314,-0.19308,-0.067961
-0.695,0.46661,-0.42465,-1.0612,0.96337,-0.19298,-0.067346
-0.69536,0.46683,-0.42559,-1.0613,0.96301,-0.19296,-0.067255
-0.69557,0.46703,-0.42639,-1.0611,0.96279,-0.19301,-0.067443
-0.69568,0.46716,-0.42689,-1.0609,0.96238,-0.19306,-0.068125
-0.69571,0.46722,-0.42695,-1.061,0.962,-0.19298,-0.068922
-0.69581,0.46747,-0.42733,-1.0609,0.96244,-0.1929,-0.069503
-0.69594,0.46772,-0.42765,-1.0611,0.96305,-0.19293,-0.070014
-0.6959,0.4681,-0.42766,-1.0612,0.96358,-0.19255,-0.069926
-0.69599,0.46822,-0.42772,-1.0613,0.96375,-0.19263,-0.069896
-0.69606,0.46843,-0.42785,-1.0613,0.96382,-0.19241,-0.069444
-0.69607,0.46846,-0.42767,-1.0615,0.96363,-0.19217,-0.0692
-0.69612,0.46865,-0.42756,-1.0614,0.96331,-0.19225,-0.068828
-0.69635,0.46873,-0.42738,-1.0615,0.9629,-0.19239,-0.068296
-0.6965,0.46906,-0.4277,-1.0615,0.96265,-0.19246,-0.068279
-0.69588,0.46919,-0.42668,-1.0619,0.96224,-0.19254,-0.068194
-0.69565,0.4694,-0.42657,-1.0621,0.96201,-0.19252,-0.068113
-0.69545,0.46942,-0.42654,-1.0622,0.96191,-0.19247,-0.067934
-0.69518,0.46933,-0.42672,-1.0623,0.96167,-0.19252,-0.067913
-0.69517,0.46946,-0.42719,-1.0624,0.96137,-0.19261,-0.067867
-0.69517,0.46936,-0.42767,-1.0625,0.96112,-0.19249,-0.067782
-0.69509,0.46925,-0.42806,-1.0625,0.96106,-0.19252,-0.067514
-0.69492,0.46922,-0.42849,-1.0626,0.96115,-0.19262,-0.067638
-0.69501,0.46943,-0.42868,-1.0623,0.96119,-0.19261,-0.06766
-0.69486,0.46943,-0.42901,-1.0624,0.96158,-0.1926,-0.067687
-0.69458,0.46934,-0.42913,-1.0624,0.96187,-0.19252,-0.067463
-0.69428,0.4691,-0.42934,-1.0625,0.962,-0.19229,-0.067015
-0.69391,0.46873,-0.42957,-1.0624,0.96207,-0.19223,-0.066434
-0.69366,0.46853,-0.4299,-1.0623,0.96197,-0.19235,-0.06644
-0.69334,0.46828,-0.43001,-1.062,0.96176,-0.19245,-0.066329
-0.69315,0.46786,-0.43012,-1.0618,0.96156,-0.19263,-0.066149
-0.69272,0.46756,-0.42987,-1.0615,0.96151,-0.19258,-0.065767
-0.69223,0.46724,-0.42938,-1.0613,0.96172,-0.19261,-0.065337
-0.69173,0.46694,-0.42884,-1.0612,0.96214,-0.19285,-0.065093
-0.69107,0.46659,-0.42819,-1.061,0.96305,-0.1929,-0.064721
-0.6902,0.46612,-0.42746,-1.0609,0.96416,-0.19291,-0.064351
-0.68932,0.46561,-0.42698,-1.0606,0.96519,-0.19297,-0.063853
-0.68843,0.46507,-0.42682,-1.0602,0.96579,-0.19308,-0.063306
-0.68784,0.4646,-0.4271,-1.0596,0.96571,-0.19316,-0.062514
-0.68745,0.46396,-0.42761,-1.0589,0.96525,-0.19329,-0.061889
-0.68701,0.46321,-0.42855,-1.0581,0.96444,-0.19352,-0.061758
-0.68655,0.46242,-0.42967,-1.0573,0.96421,-0.19388,-0.061694
-0.68611,0.46198,-0.43053,-1.0566,0.96445,-0.19405,-0.061631
-0.68551,0.46184,-0.43122,-1.0561,0.96521,-0.19439,-0.061453
-0.68434,0.46143,-0.43091,-1.0556,0.96646,-0.19451,-0.061127
-0.68317,0.46058,-0.43005,-1.0554,0.96741,-0.19444,-0.060936
-0.68143,0.45947,-0.42893,-1.0554,0.96846,-0.19441,-0.060501
-0.68001,0.45846,-0.42816,-1.0552,0.96902,-0.19417,-0.060313
-0.67856,0.45721,-0.42773,-1.0547,0.9693,-0.19401,-0.059781
-0.67734,0.45606,-0.42746,-1.0543,0.96942,-0.19406,-0.059619
-0.67652,0.45517,-0.42748,-1.0537,0.9695,-0.19438,-0.059274
-0.67568,0.45447,-0.42743,-1.053,0.96954,-0.1946,-0.058767
-0.6747,0.45369,-0.42733,-1.0524,0.96993,-0.19483,-0.058356
-0.67337,0.45262,-0.42668,-1.052,0.97068,-0.19513,-0.057858
-0.67177,0.4515,-0.42561,-1.0518,0.97183,-0.19525,-0.057366
-0.67039,0.45043,-0.42453,-1.0515,0.97287,-0.1955,-0.057117
-0.66876,0.44948,-0.42353,-1.0514,0.97418,-0.19584,-0.056918
-0.66736,0.44854,-0.42256,-1.0513,0.97509,-0.19585,-0.056439
-0.66612,0.44769,-0.42177,-1.0511,0.97562,-0.19604,-0.056029
-0.66507,0.44704,-0.42115,-1.0506,0.97575,-0.1962,-0.055819
-0.66409,0.44641,-0.42076,-1.0501,0.97581,-0.19643,-0.055638
-0.66302,0.44579,-0.42021,-1.0495,0.97589,-0.1967,-0.055714
-0.66182,0.44509,-0.41963,-1.049,0.97642,-0.19684,-0.05571
-0.66058,0.44425,-0.419,-1.0485,0.97687,-0.19695,-0.055577
-0.65918,0.44323,-0.41831,-1.0483,0.97741,-0.19723,-0.055723
-0.65769,0.4424,-0.41729,-1.048,0.97797,-0.19756,-0.055818
-0.6562,0.44149,-0.41633,-1.0478,0.9783,-0.19784,-0.055818
-0.65434,0.4405,-0.41539,-1.0476,0.97891,-0.19827,-0.055502
-0.65265,0.43941,-0.41471,-1.0474,0.97948,-0.19849,-0.054929
-0.65114,0.43855,-0.41413,-1.047,0.97975,-0.19869,-0.053939
-0.64969,0.43779,-0.41393,-1.0464,0.98017,-0.19894,-0.05318
-0.64825,0.43692,-0.41364,-1.0459,0.98052,-0.19919,-0.052711
-0.64676,0.43626,-0.41364,-1.045,0.98122,-0.19938,-0.052409
-0.64541,0.43568,-0.41313,-1.0443,0.98195,-0.19958,-0.052304
-0.64396,0.43491,-0.41257,-1.0437,0.98279,-0.19981,-0.05225
-0.64251,0.43402,-0.41187,-1.0428,0.98392,-0.20003,-0.051985
-0.64084,0.43275,-0.41096,-1.0422,0.98527,-0.20028,-0.051795
-0.63915,0.43116,-0.41003,-1.0416,0.98662,-0.20052,-0.051432
-0.63717,0.4297,-0.409,-1.0407,0.98825,-0.20094,-0.050797
-0.63527,0.42842,-0.40821,-1.0399,0.98992,-0.2011,-0.049709
-0.63365,0.4272,-0.40735,-1.0392,0.99093,-0.20137,-0.04842
-0.63212,0.42601,-0.40642,-1.0386,0.99162,-0.20139,-0.047208
-0.63059,0.42476,-0.40529,-1.038,0.992,-0.20166,-0.047081
-0.62908,0.42353,-0.40419,-1.0377,0.99253,-0.20174,-0.047068
-0.62752,0.42234,-0.4029,-1.0372,0.99336,-0.20204,-0.047093
-0.62588,0.42112,-0.4017,-1.037,0.99434,-0.20226,-0.046911
-0.62407,0.41981,-0.40031,-1.0367,0.99543,-0.20251,-0.046482
-0.62216,0.4186,-0.39884,-1.0363,0.99641,-0.20281,-0.046185
-0.62018,0.41744,-0.39745,-1.0357,0.99731,-0.20318,-0.045389
-0.61806,0.41629,-0.39592,-1.035,0.99863,-0.2038,-0.043921
-0.61605,0.415,-0.39459,-1.0343,0.99952,-0.20442,-0.042284
-0.61398,0.41394,-0.39294,-1.0337,1.0003,-0.20471,-0.040776
-0.61197,0.41291,-0.39152,-1.0329,1.001,-0.20489,-0.039934
-0.60967,0.41181,-0.39012,-1.032,1.0016,-0.20505,-0.039902
-0.6075,0.41078,-0.38875,-1.031,1.0023,-0.2052,-0.040425
-0.60548,0.40957,-0.38798,-1.0302,1.0034,-0.20527,-0.04108
-0.60339,0.4085,-0.3875,-1.029,1.005,-0.20554,-0.041073
-0.60143,0.40724,-0.38699,-1.0281,1.0066,-0.20581,-0.040637
-0.59923,0.40605,-0.38625,-1.0271,1.0083,-0.20608,-0.039636
-0.59689,0.40479,-0.38542,-1.0259,1.0101,-0.2064,-0.038163
-0.59438,0.40341,-0.38441,-1.0249,1.0117,-0.20691,-0.036486
-0.59184,0.40204,-0.38347,-1.0236,1.013,-0.20763,-0.035298
-0.5891,0.40078,-0.38269,-1.0222,1.014,-0.20831,-0.034809
-0.58644,0.39943,-0.38183,-1.0207,1.0147,-0.20882,-0.035236
-0.58359,0.39818,-0.38078,-1.0191,1.0158,-0.20918,-0.036201
-0.58098,0.39703,-0.37994,-1.0175,1.0172,-0.20949,-0.037231
-0.57848,0.39589,-0.37888,-1.0162,1.019,-0.20958,-0.037814
-0.57614,0.39466,-0.37779,-1.015,1.0211,-0.20972,-0.037873
-0.57352,0.39347,-0.37612,-1.0139,1.023,-0.21002,-0.037539
-0.57086,0.3921,-0.3742,-1.0132,1.0247,-0.21011,-0.036852
-0.56824,0.39085,-0.37229,-1.0125,1.0258,-0.21051,-0.036227
-0.56555,0.38951,-0.37051,-1.0118,1.027,-0.21093,-0.035473
-0.56325,0.3882,-0.36894,-1.0112,1.0279,-0.2113,-0.034852
-0.56142,0.38657,-0.36748,-1.0106,1.0287,-0.21168,-0.034356
-0.55976,0.38513,-0.366,-1.01,1.0297,-0.21214,-0.034035
-0.55849,0.38394,-0.36459,-1.009,1.0309,-0.21255,-0.033656
-0.55725,0.38263,-0.36313,-1.0078,1.0322,-0.21319,-0.033292
-0.55604,0.38159,-0.36185,-1.0062,1.0338,-0.21386,-0.032554
-0.55489,0.38056,-0.36041,-1.0046,1.0357,-0.21486,-0.031742
-0.5536,0.37971,-0.35871,-1.0028,1.0378,-0.21565,-0.030479
-0.5523,0.37879,-0.35697,-1.0008,1.0399,-0.21656,-0.029062
-0.55093,0.37777,-0.35501,-0.99908,1.0422,-0.21733,-0.027787
-0.54981,0.37659,-0.35313,-0.9974,1.0437,-0.21783,-0.026948
-0.54862,0.37521,-0.35105,-0.9957,1.045,-0.21835,-0.026585
-0.54753,0.37374,-0.34954,-0.99402,1.0463,-0.21852,-0.02625
-0.54648,0.37231,-0.3482,-0.99208,1.0477,-0.21888,-0.026308
-0.54563,0.37085,-0.3473,-0.99017,1.0489,-0.21925,-0.026215
-0.54489,0.36937,-0.34666,-0.98813,1.0502,-0.21971,-0.026048
-0.54779,0.36262,-0.35447,-0.98623,1.0516,-0.22025,-0.025862
-0.54684,0.36136,-0.35401,-0.98444,1.0533,-0.22081,-0.025482
-0.54591,0.36004,-0.35352,-0.98258,1.0551,-0.22154,-0.024663
-0.54493,0.3587,-0.35304,-0.98099,1.0568,-0.22192,-0.023526
-0.5438,0.35767,-0.3522,-0.97959,1.0586,-0.22216,-0.022569
-0.54443,0.35396,-0.3552,-0.97846,1.0598,-0.2224,-0.022067
-0.5434,0.35268,-0.35408,-0.9775,1.0605,-0.22267,-0.022094
-0.54214,0.35129,-0.35296,-0.97634,1.061,-0.22291,-0.022073
-0.54062,0.34965,-0.35192,-0.97516,1.0615,-0.22327,-0.021743
-0.53916,0.3484,-0.35104,-0.97388,1.0626,-0.22363,-0.020775
-0.53842,0.34626,-0.35197,-0.9725,1.0637,-0.22421,-0.019458
-0.53693,0.3451,-0.35068,-0.97124,1.065,-0.22494,-0.017514
-0.53511,0.34358,-0.34934,-0.9698,1.0666,-0.22583,-0.015047
-0.53342,0.34215,-0.3479,-0.96862,1.068,-0.22665,-0.012549
-0.53154,0.34086,-0.34663,-0.9675,1.0695,-0.22689,-0.010212
-0.53119,0.33773,-0.3485,-0.96614,1.0707,-0.22715,-0.0082539
-0.52945,0.33638,-0.3477,-0.96481,1.0719,-0.22756,-0.0075212
-0.52777,0.33535,-0.34699,-0.96331,1.073,-0.22808,-0.0071471
-0.52599,0.33446,-0.34654,-0.96164,1.0746,-0.22875,-0.0065344
-0.52426,0.33327,-0.34593,-0.95983,1.0761,-0.22923,-0.0054809
-0.52256,0.33136,-0.34538,-0.95798,1.0781,-0.23001,-0.0040487
-0.52056,0.32953,-0.34438,-0.95637,1.0801,-0.23067,-0.0023792
-0.5186,0.32778,-0.3436,-0.95439,1.0826,-0.23144,2.8927e-05
-0.51674,0.32642,-0.34296,-0.95238,1.0852,-0.23243,0.0025635
-0.51486,0.32512,-0.34227,-0.95048,1.0876,-0.23361,0.0053046
-0.51352,0.32288,-0.34269,-0.9488,1.0896,-0.2346,0.008037
-0.51189,0.32156,-0.34161,-0.9472,1.0913,-0.23572,0.010137
-0.50997,0.32033,-0.34059,-0.94574,1.0927,-0.23652,0.011338
-0.5081,0.31923,-0.3395,-0.94416,1.0942,-0.23702,0.012179
-0.50623,0.31812,-0.33842,-0.94254,1.0958,-0.2375,0.012905
-0.50579,0.31554,-0.34012,-0.94091,1.0975,-0.23789,0.01366
-0.50432,0.3144,-0.33905,-0.93911,1.0995,-0.23804,0.015229
-0.50313,0.31335,-0.33802,-0.9372,1.1014,-0.23838,0.017137
-0.50231,0.3123,-0.33723,-0.93802,1.1017,-0.23863,0.016765
-0.50159,0.31136,-0.33658,-0.93596,1.1036,-0.23999,0.018948
-0.50136,0.30972,-0.33718,-0.93092,1.1072,-0.24086,0.023866
-0.50061,0.30883,-0.33622,-0.92915,1.1086,-0.24158,0.025059
-0.49991,0.30807,-0.33512,-0.92741,1.1099,-0.24219,0.025564
-0.49896,0.30734,-0.33375,-0.92834,1.1098,-0.24282,0.023143
-0.49787,0.30655,-0.33225,-0.9268,1.111,-0.24314,0.023213
-0.49751,0.30481,-0.33201,-0.9255,1.1118,-0.243,0.023655
-0.49652,0.30402,-0.33013,-0.92398,1.1126,-0.24315,0.024132
-0.49542,0.30302,-0.32823,-0.92263,1.1133,-0.2431,0.024735
-0.49422,0.30183,-0.32633,-0.92136,1.1141,-0.24316,0.025269
-0.4932,0.30084,-0.32449,-0.92002,1.115,-0.24335,0.025705
-0.49228,0.29987,-0.3234,-0.91853,1.1162,-0.24357,0.026183
-0.49146,0.29939,-0.32228,-0.91701,1.1172,-0.24364,0.026932
-0.49072,0.29898,-0.3216,-0.91558,1.1184,-0.24356,0.027354
-0.48977,0.29851,-0.32109,-0.91416,1.1197,-0.24361,0.027625
-0.48897,0.29806,-0.3205,-0.91278,1.1208,-0.24366,0.027531
-0.48803,0.29779,-0.31978,-0.9115,1.1218,-0.24362,0.027442
-0.48704,0.29753,-0.31918,-0.91006,1.1229,-0.24391,0.027633
-0.48627,0.29723,-0.31868,-0.90862,1.1238,-0.244,0.028044
-0.48542,0.29697,-0.31819,-0.9071,1.1248,-0.24405,0.02866
-0.48434,0.29687,-0.31775,-0.90552,1.1259,-0.24431,0.02927
-0.48459,0.29516,-0.32021,-0.90403,1.1269,-0.24439,0.030084
-0.48378,0.29512,-0.31985,-0.90267,1.1278,-0.24433,0.031181
-0.48264,0.2953,-0.31947,-0.90118,1.1288,-0.24431,0.031777
-0.48181,0.29551,-0.31921,-0.89975,1.1299,-0.24434,0.031502
-0.48115,0.29566,-0.31867,-0.89849,1.1307,-0.24458,0.030963
-0.48055,0.29551,-0.31863,-0.89702,1.1318,-0.24476,0.030735
-0.48009,0.29584,-0.31808,-0.89544,1.1329,-0.24483,0.030734
-0.47959,0.29605,-0.31758,-0.89378,1.134,-0.24542,0.030847
-0.47886,0.29631,-0.31699,-0.89195,1.1352,-0.24583,0.031299
-0.47812,0.29649,-0.31635,-0.89024,1.1362,-0.24632,0.031857
-0.4782,0.29512,-0.31803,-0.88845,1.1375,-0.2466,0.032686
-0.47711,0.29515,-0.31711,-0.88676,1.1389,-0.24681,0.033529
-0.47606,0.29519,-0.3164,-0.88515,1.14,-0.24697,0.033952
-0.47502,0.29507,-0.31588,-0.88357,1.1411,-0.24712,0.033801
-0.47432,0.29494,-0.31578,-0.8819,1.142,-0.24715,0.033536
-0.47416,0.29412,-0.31694,-0.88034,1.1431,-0.24721,0.033526
-0.47363,0.29383,-0.31698,-0.87872,1.1441,-0.24755,0.03378
-0.47327,0.29356,-0.31691,-0.87696,1.1453,-0.24785,0.034589
-0.47304,0.29334,-0.31709,-0.87529,1.1465,-0.24822,0.035885
-0.47261,0.29321,-0.31705,-0.87327,1.148,-0.24893,0.037703
-0.47227,0.2928,-0.31739,-0.8714,1.1496,-0.24986,0.039617
-0.47166,0.29249,-0.31707,-0.86951,1.1509,-0.25029,0.041739
-0.47074,0.29229,-0.31625,-0.8677,1.152,-0.2507,0.043129
-0.46961,0.29197,-0.31526,-0.86591,1.1527,-0.25096,0.043697
-0.46846,0.2918,-0.31397,-0.86423,1.1531,-0.2511,0.043709
-0.46727,0.29095,-0.3129,-0.86271,1.1533,-0.25128,0.043881
-0.46621,0.29048,-0.3116,-0.86094,1.1536,-0.25157,0.04411
-0.46518,0.2898,-0.31052,-0.85932,1.1541,-0.25169,0.044713
-0.46412,0.28921,-0.30964,-0.85769,1.155,-0.25193,0.045228
-0.46295,0.2888,-0.30895,-0.8559,1.1559,-0.2522,0.046087
-0.46269,0.28721,-0.31035,-0.85424,1.1571,-0.25276,0.047112
-0.46171,0.28674,-0.3102,-0.85245,1.1583,-0.25364,0.048542
-0.46074,0.28624,-0.31019,-0.85118,1.1593,-0.2542,0.050068
-0.45987,0.28557,-0.31035,-0.85008,1.1601,-0.25475,0.051377
-0.45923,0.28534,-0.31085,-0.84868,1.1609,-0.2552,0.052313
-0.45911,0.28458,-0.31268,-0.84739,1.1616,-0.2556,0.052861
-0.4586,0.28465,-0.31319,-0.84622,1.1624,-0.25586,0.053276
-0.45813,0.2848,-0.31345,-0.845,1.1632,-0.25621,0.053983
-0.45762,0.28517,-0.31345,-0.84375,1.164,-0.2566,0.05484
-0.457,0.28557,-0.31301,-0.84273,1.165,-0.25686,0.05594
-0.45672,0.28586,-0.31315,-0.84136,1.166,-0.25729,0.057755
-0.456,0.28702,-0.3124,-0.83976,1.167,-0.25793,0.059924
-0.45519,0.28851,-0.31152,-0.83799,1.1679,-0.25868,0.062122
-0.45403,0.29044,-0.31051,-0.83601,1.169,-0.2595,0.063924
-0.45304,0.29231,-0.30937,-0.83438,1.1695,-0.26023,0.064764
-0.45186,0.29412,-0.30828,-0.83284,1.1703,-0.26023,0.064996
-0.45098,0.29574,-0.3079,-0.83136,1.1712,-0.26026,0.065024
-0.45289,0.29403,-0.31507,-0.83173,1.1745,-0.26028,0.06504
-0.45237,0.29593,-0.31535,-0.83002,1.1762,-0.26035,0.065229
-0.45206,0.29777,-0.31572,-0.8282,1.1779,-0.25988,0.067725
-0.452,0.29842,-0.31647,-0.82637,1.1795,-0.26075,0.067569
-0.45135,0.29925,-0.31596,-0.82438,1.181,-0.26097,0.069639
-0.45186,0.29808,-0.31879,-0.82344,1.1834,-0.26143,0.072117
-0.45105,0.29861,-0.31793,-0.8217,1.1847,-0.26196,0.07476
-0.44985,0.29876,-0.31692,-0.82021,1.1858,-0.26167,0.077095
-0.44875,0.29895,-0.31565,-0.819,1.1865,-0.26193,0.078828
-0.44758,0.29921,-0.31479,-0.81753,1.1875,-0.262,0.079958
-0.44753,0.2975,-0.31695,-0.81724,1.189,-0.26202,0.080752
-0.44639,0.29721,-0.31588,-0.81569,1.1898,-0.26218,0.081543
-0.44502,0.29669,-0.31476,-0.8141,1.1907,-0.26242,0.082547
-0.44413,0.29597,-0.3143,-0.81192,1.1916,-0.26273,0.08408
-0.44299,0.29594,-0.31319,-0.80979,1.1928,-0.26307,0.085936
-0.44258,0.29481,-0.31439,-0.80819,1.195,-0.26339,0.088039
-0.44143,0.29486,-0.31353,-0.8061,1.1964,-0.26377,0.089969
-0.44043,0.29459,-0.31277,-0.80429,1.1975,-0.26377,0.091449
-0.43934,0.29412,-0.31212,-0.80275,1.1985,-0.26386,0.092418
-0.43847,0.29352,-0.31143,-0.80148,1.1991,-0.26372,0.093048
-0.43798,0.29291,-0.31154,-0.80021,1.1997,-0.26378,0.093485
-0.43725,0.29226,-0.31132,-0.79915,1.2001,-0.26374,0.095117
-0.4366,0.29179,-0.31085,-0.798,1.2005,-0.26376,0.095418
-0.43696,0.28972,-0.3137,-0.79695,1.2011,-0.26358,0.095788
-0.43632,0.28934,-0.31327,-0.79596,1.2018,-0.26361,0.09641
-0.43554,0.28894,-0.313,-0.79513,1.2026,-0.26351,0.097237
-0.43454,0.2887,-0.31238,-0.79421,1.2032,-0.26351,0.098556
-0.43368,0.28841,-0.3116,-0.79358,1.2036,-0.2634,0.10011
-0.43271,0.2882,-0.31033,-0.793,1.2036,-0.26325,0.1016
-0.43182,0.28782,-0.30905,-0.79294,1.2032,-0.26303,0.1022
-0.43235,0.2859,-0.31175,-0.79352,1.2041,-0.26278,0.10252
-0.43188,0.28557,-0.31094,-0.79323,1.2038,-0.26279,0.10218
-0.4313,0.28557,-0.31014,-0.79291,1.2039,-0.26239,0.10192
-0.43232,0.2833,-0.31382,-0.79244,1.2041,-0.26232,0.10189
-0.43193,0.28306,-0.31364,-0.79164,1.2049,-0.26235,0.10241
-0.4331,0.28042,-0.31795,-0.79215,1.207,-0.26222,0.10346
-0.43313,0.27998,-0.31783,-0.79129,1.2077,-0.26203,0.10543
-0.43259,0.27972,-0.31735,-0.79064,1.2086,-0.26183,0.10758
-0.43235,0.2791,-0.31735,-0.79021,1.209,-0.26154,0.10949
-0.43245,0.27899,-0.31739,-0.78964,1.2094,-0.26153,0.11057
-0.43176,0.27911,-0.31637,-0.78931,1.2097,-0.2614,0.11092
-0.43189,0.2777,-0.31826,-0.78986,1.2107,-0.26131,0.11058
-0.43115,0.27798,-0.317,-0.7895,1.211,-0.26138,0.11016
-0.43134,0.27685,-0.31867,-0.78909,1.2113,-0.26141,0.10997
-0.43079,0.27711,-0.31789,-0.78839,1.2119,-0.26148,0.11017
-0.43037,0.27761,-0.31749,-0.78749,1.2123,-0.26182,0.11078
-0.43015,0.27771,-0.31744,-0.78676,1.2129,-0.2621,0.11145
-0.42982,0.2781,-0.31737,-0.78596,1.2136,-0.2625,0.11226
-0.42963,0.2784,-0.31756,-0.78505,1.2143,-0.26271,0.11326
-0.4296,0.27874,-0.3178,-0.78445,1.2148,-0.263,0.11367
-0.42971,0.27907,-0.31824,-0.7838,1.2153,-0.26349,0.11365
-0.43088,0.27762,-0.3219,-0.78413,1.217,-0.26337,0.11342
-0.43093,0.27793,-0.32205,-0.7838,1.2174,-0.26314,0.11325
-0.43108,0.27798,-0.32276,-0.78333,1.2177,-0.26319,0.11304
-0.43073,0.2784,-0.32263,-0.78299,1.2182,-0.26338,0.11288
-0.43055,0.27875,-0.32239,-0.78282,1.2183,-0.26377,0.11272
-0.4303,0.27885,-0.32251,-0.78285,1.2187,-0.26389,0.11273
-0.43016,0.27889,-0.32232,-0.78285,1.219,-0.26383,0.11302
-0.43016,0.27889,-0.32232,-0.78317,1.2193,-0.26359,0.11343
-0.43033,0.27901,-0.32255,-0.78333,1.2194,-0.26335,0.11332
-0.43057,0.27943,-0.323,-0.7835,1.2195,-0.26294,0.1132
-0.43146,0.27903,-0.32503,-0.78404,1.22,-0.26249,0.11293
-0.43195,0.27929,-0.32561,-0.78411,1.2199,-0.26222,0.11272
-0.43237,0.27986,-0.326,-0.7843,1.22,-0.26205,0.11257
-0.43274,0.28024,-0.32643,-0.78449,1.22,-0.26195,0.11259
-0.43316,0.28074,-0.32664,-0.78491,1.2199,-0.26185,0.11276
-0.43481,0.2794,-0.33073,-0.78614,1.2212,-0.26166,0.11303
-0.4351,0.2799,-0.33076,-0.7865,1.221,-0.2612,0.11332
-0.43503,0.28081,-0.32959,-0.78715,1.2204,-0.26086,0.11304
-0.43515,0.28121,-0.32934,-0.78778,1.2197,-0.26043,0.11252
-0.43545,0.28157,-0.3291,-0.78859,1.2192,-0.26003,0.11177
-0.43587,0.28219,-0.32879,-0.7893,1.2185,-0.25944,0.11107
-0.43634,0.28267,-0.32878,-0.79,1.218,-0.25915,0.11042
-0.43631,0.28432,-0.32658,-0.7908,1.2173,-0.25891,0.10968
-0.43677,0.2847,-0.32664,-0.79151,1.2166,-0.25874,0.10934
-0.43738,0.28522,-0.32687,-0.79219,1.2158,-0.25861,0.10914
-0.43788,0.28556,-0.32703,-0.79299,1.2148,-0.25881,0.10913
-0.4384,0.28601,-0.32702,-0.79388,1.2139,-0.25867,0.10919
-0.43863,0.28674,-0.32664,-0.79481,1.2133,-0.25857,0.10937
-0.43892,0.28719,-0.32638,-0.79618,1.2127,-0.25831,0.10926
-0.43908,0.28769,-0.32592,-0.79739,1.212,-0.25809,0.10903
-0.43949,0.2877,-0.32608,-0.7988,1.2109,-0.25746,0.10817
-0.4396,0.28787,-0.32597,-0.80016,1.2094,-0.2568,0.1069
-0.44002,0.2875,-0.32729,-0.80104,1.2079,-0.25607,0.10552
-0.4403,0.28757,-0.32739,-0.80203,1.2061,-0.25539,0.10419
-0.44064,0.28779,-0.32782,-0.8029,1.2047,-0.25494,0.10354
-0.4414,0.28759,-0.32885,-0.80418,1.2038,-0.25467,0.10347
-0.44212,0.28766,-0.32939,-0.80533,1.2032,-0.25435,0.10404
-0.44282,0.28785,-0.32984,-0.80642,1.2031,-0.25415,0.10443
-0.44372,0.28829,-0.33014,-0.8073,1.203,-0.25383,0.10447
-0.4446,0.28907,-0.33059,-0.80797,1.203,-0.25327,0.10412
-0.44562,0.29025,-0.33083,-0.80857,1.2026,-0.25257,0.10334
-0.44658,0.29135,-0.33114,-0.80889,1.202,-0.25212,0.10231
-0.44745,0.2922,-0.33158,-0.80926,1.2013,-0.25154,0.10081
-0.4481,0.29304,-0.33125,-0.80975,1.2005,-0.25149,0.099237
-0.44837,0.29393,-0.33054,-0.81052,1.1998,-0.25163,0.097996
-0.44885,0.29483,-0.32965,-0.81126,1.1993,-0.25162,0.097759
-0.44913,0.29529,-0.32841,-0.81236,1.1988,-0.25148,0.098087
-0.44943,0.29527,-0.32719,-0.81349,1.1981,-0.25137,0.098148
-0.44991,0.29546,-0.32664,-0.81444,1.1974,-0.25109,0.097999
-0.45059,0.29602,-0.32691,-0.81528,1.1968,-0.2509,0.097591
-0.45144,0.29673,-0.32763,-0.81595,1.1962,-0.25061,0.096874
-0.45246,0.29746,-0.32876,-0.81657,1.1956,-0.24991,0.095989
-0.45361,0.29823,-0.33058,-0.81716,1.1951,-0.24941,0.094772
-0.45469,0.29917,-0.33191,-0.81776,1.1945,-0.24886,0.093256
-0.45567,0.29968,-0.33293,-0.81842,1.194,-0.24846,0.091705
-0.45668,0.29955,-0.33429,-0.8195,1.1938,-0.24817,0.090943
-0.45745,0.29975,-0.3346,-0.82058,1.1936,-0.24801,0.090722
-0.45771,0.30072,-0.33424,-0.82144,1.1936,-0.24784,0.091065
-0.45869,0.30137,-0.335,-0.82249,1.1929,-0.24749,0.09088
-0.45971,0.30194,-0.33592,-0.8235,1.1921,-0.24734,0.090359
-0.46141,0.30191,-0.33808,-0.82498,1.1912,-0.24711,0.089286
-0.46263,0.30256,-0.33852,-0.82652,1.1896,-0.2468,0.087512
-0.46388,0.30301,-0.33945,-0.82813,1.1886,-0.24592,0.085422
-0.46496,0.30381,-0.33963,-0.82981,1.188,-0.24486,0.08333
-0.46609,0.30451,-0.33976,-0.83145,1.1875,-0.24419,0.081591
-0.46722,0.30521,-0.34008,-0.83293,1.1873,-0.2436,0.080075
-0.46826,0.30605,-0.34023,-0.83416,1.1868,-0.24331,0.079058
-0.46912,0.30708,-0.33989,-0.83552,1.1862,-0.24323,0.078441
-0.47016,0.30772,-0.34013,-0.83667,1.1853,-0.24327,0.078122
-0.4714,0.30846,-0.34058,-0.83818,1.184,-0.24311,0.077322
-0.47387,0.30711,-0.34496,-0.84102,1.1837,-0.24309,0.076107
-0.475,0.30801,-0.34555,-0.84274,1.1824,-0.24293,0.074323
-0.47604,0.30915,-0.34639,-0.84438,1.1815,-0.24231,0.072316
-0.47722,0.31019,-0.34713,-0.84641,1.1805,-0.24122,0.070006
-0.47845,0.31103,-0.34778,-0.84846,1.1795,-0.24047,0.067551
-0.47963,0.31206,-0.34827,-0.85032,1.1785,-0.24011,0.065597
-0.48089,0.31285,-0.3491,-0.85228,1.1777,-0.23989,0.06456
-0.48271,0.313,-0.35136,-0.854,1.1767,-0.23953,0.064236
-0.4839,0.31341,-0.35225,-0.85593,1.1755,-0.23917,0.064368
-0.48529,0.31395,-0.35314,-0.85759,1.1739,-0.23883,0.064156
-0.48685,0.31407,-0.35475,-0.85998,1.1722,-0.23846,0.063366
-0.48805,0.3149,-0.35561,-0.86196,1.1705,-0.23782,0.06228
-0.49038,0.3142,-0.35917,-0.86417,1.1688,-0.23693,0.06091
-0.49165,0.31498,-0.35988,-0.86662,1.1673,-0.23594,0.059397
-0.49287,0.3158,-0.36067,-0.8689,1.1659,-0.23497,0.057734
-0.49468,0.31583,-0.36279,-0.87152,1.165,-0.23418,0.05627
-0.49623,0.3167,-0.3638,-0.87333,1.1637,-0.23371,0.055309
-0.49765,0.31742,-0.36489,-0.87492,1.1624,-0.23364,0.055042
-0.49904,0.31822,-0.36566,-0.87655,1.161,-0.23328,0.055248
-0.50034,0.31906,-0.36601,-0.87808,1.1595,-0.23295,0.055264
-0.50166,0.31979,-0.36635,-0.8798,1.1577,-0.23269,0.054733
-0.50289,0.32023,-0.36644,-0.88173,1.1559,-0.23236,0.053586
-0.5042,0.32057,-0.36684,-0.88359,1.1545,-0.23178,0.052251
-0.50543,0.32108,-0.36693,-0.8855,1.1533,-0.23105,0.05052
-0.50657,0.32138,-0.36711,-0.8873,1.1522,-0.23024,0.049007
-0.50923,0.31953,-0.37108,-0.89046,1.1515,-0.22932,0.047612
-0.51048,0.31971,-0.37129,-0.89188,1.1504,-0.22906,0.046989
-0.51129,0.3205,-0.37047,-0.89316,1.1493,-0.22893,0.046914
-0.51262,0.32072,-0.37068,-0.89418,1.148,-0.2288,0.047053
-0.51382,0.32084,-0.3707,-0.89528,1.1467,-0.22882,0.046894
-0.51654,0.31844,-0.37434,-0.89788,1.1459,-0.2287,0.046675
-0.5175,0.31818,-0.37426,-0.89939,1.1448,-0.2286,0.045996
-0.51879,0.31731,-0.37519,-0.90076,1.1442,-0.22845,0.045599
-0.51996,0.31714,-0.37516,-0.90213,1.1435,-0.22801,0.044698
-0.52107,0.31689,-0.37531,-0.90337,1.1429,-0.2276,0.043883
-0.52265,0.31653,-0.37616,-0.90459,1.1422,-0.22703,0.04293
-0.52412,0.31646,-0.37654,-0.90557,1.141,-0.22669,0.042249
-0.52541,0.31656,-0.37658,-0.90639,1.1398,-0.2265,0.04196
-0.52638,0.31646,-0.37652,-0.9073,1.1385,-0.22641,0.041876
-0.52751,0.31637,-0.3764,-0.90843,1.1373,-0.22631,0.041751
-0.5281,0.31675,-0.37533,-0.90927,1.1363,-0.22604,0.041691
-0.52892,0.31653,-0.37484,-0.91065,1.1356,-0.22563,0.041484
-0.52973,0.3162,-0.37441,-0.91224,1.1347,-0.22513,0.041018
-0.53044,0.31574,-0.37409,-0.9137,1.134,-0.22462,0.040651
-0.53139,0.31523,-0.37392,-0.91494,1.1331,-0.22411,0.040282
-0.53328,0.31333,-0.37657,-0.91666,1.1324,-0.22393,0.040059
-0.53404,0.31299,-0.37681,-0.91721,1.1312,-0.22379,0.039855
-0.53495,0.31264,-0.37677,-0.91777,1.1298,-0.22376,0.039865
-0.53577,0.31233,-0.37664,-0.9183,1.1291,-0.22374,0.039864
-0.53647,0.31213,-0.37631,-0.9191,1.1285,-0.22367,0.039995
-0.53705,0.31165,-0.37624,-0.91998,1.1285,-0.22326,0.040222
-0.53762,0.31136,-0.37575,-0.92101,1.1279,-0.22284,0.040047
-0.53784,0.31106,-0.37535,-0.92197,1.1273,-0.22244,0.039447
-0.53787,0.31076,-0.37502,-0.92287,1.1266,-0.22193,0.0386
-0.53817,0.31051,-0.37471,-0.92347,1.1254,-0.22175,0.037958
-0.53812,0.311,-0.37356,-0.92361,1.124,-0.22163,0.037239
-0.53837,0.31094,-0.37354,-0.92391,1.1231,-0.22171,0.036962
-0.53835,0.31094,-0.37344,-0.92408,1.1229,-0.22178,0.037031
-0.53884,0.31069,-0.37366,-0.92429,1.1229,-0.22171,0.037519
-0.53885,0.31008,-0.37363,-0.92465,1.1232,-0.22155,0.03793
-0.53882,0.30975,-0.37309,-0.92492,1.1233,-0.22131,0.037794
-0.53895,0.30917,-0.37286,-0.92522,1.1232,-0.22107,0.03712
-0.53922,0.30849,-0.37278,-0.92542,1.1231,-0.22088,0.036282
-0.53929,0.30799,-0.37264,-0.92529,1.1228,-0.22081,0.035407
-0.53948,0.30781,-0.37236,-0.92514,1.1223,-0.22083,0.034396
-0.53968,0.30788,-0.3721,-0.92506,1.1219,-0.22094,0.033447
-0.53985,0.30787,-0.37185,-0.92505,1.122,-0.22116,0.033099
-0.54008,0.30729,-0.37139,-0.92544,1.1221,-0.22135,0.033527
-0.54017,0.3066,-0.3709,-0.92576,1.1224,-0.22124,0.034292
-0.54026,0.30626,-0.37053,-0.92625,1.1225,-0.2211,0.034752
-0.54035,0.30616,-0.37045,-0.92663,1.1225,-0.22097,0.034795
-0.54066,0.3059,-0.36987,-0.92696,1.1219,-0.2207,0.034496
-0.54075,0.30536,-0.36909,-0.92728,1.1213,-0.22048,0.0335
-0.54153,0.30488,-0.36848,-0.92749,1.1203,-0.22017,0.03248
-0.54202,0.30457,-0.36767,-0.92778,1.1196,-0.21988,0.03148
-0.54219,0.30451,-0.36656,-0.92795,1.1189,-0.21991,0.031293
-0.54253,0.30418,-0.36605,-0.92811,1.1186,-0.22015,0.031733
-0.54285,0.30395,-0.36565,-0.92836,1.1184,-0.22009,0.032714
-0.5429,0.30389,-0.3651,-0.9285,1.1184,-0.22016,0.033651
-0.54299,0.30328,-0.36441,-0.92856,1.1183,-0.22014,0.034366
-0.54298,0.30232,-0.36351,-0.9286,1.118,-0.22013,0.034664
-0.54288,0.30147,-0.36283,-0.92852,1.1178,-0.22,0.034401
-0.543,0.30078,-0.36265,-0.92836,1.1179,-0.21975,0.033677
-0.5432,0.30032,-0.36274,-0.92821,1.1178,-0.21971,0.032763
-0.54341,0.3002,-0.36317,-0.92787,1.1181,-0.21991,0.032027
-0.5439,0.29999,-0.36433,-0.92746,1.1184,-0.21995,0.032196
-0.54421,0.29987,-0.36519,-0.92702,1.119,-0.22004,0.032742
-0.54458,0.2998,-0.36582,-0.92671,1.1193,-0.22017,0.033419
-0.54488,0.29956,-0.3662,-0.92655,1.1198,-0.22026,0.034085
-0.54494,0.29957,-0.36615,-0.92661,1.1201,-0.22031,0.034623
-0.54552,0.29858,-0.36731,-0.92729,1.1203,-0.22026,0.034782
-0.54538,0.29849,-0.36681,-0.92742,1.1201,-0.22037,0.0345
-0.54533,0.2984,-0.36641,-0.92751,1.1199,-0.22016,0.034163
-0.54527,0.29839,-0.36613,-0.92758,1.1195,-0.22016,0.033595
-0.54541,0.29866,-0.36612,-0.92735,1.119,-0.22025,0.033506
-0.54522,0.29917,-0.36588,-0.92714,1.1189,-0.22027,0.033407
-0.54533,0.29939,-0.36623,-0.92714,1.1189,-0.22036,0.033748
-0.54524,0.29951,-0.36652,-0.92708,1.1193,-0.22051,0.034527
-0.545,0.29947,-0.36659,-0.92723,1.1197,-0.22059,0.035079
-0.54469,0.29915,-0.36647,-0.92715,1.12,-0.22086,0.035327
-0.54423,0.29872,-0.36614,-0.92694,1.1203,-0.22085,0.035327
-0.54371,0.29812,-0.36555,-0.92688,1.1204,-0.22084,0.034632
-0.54301,0.29684,-0.36491,-0.92656,1.1208,-0.22075,0.034192
-0.54234,0.29547,-0.36395,-0.92649,1.1207,-0.2206,0.03369
-0.54187,0.29425,-0.36303,-0.92625,1.1208,-0.2205,0.033262
-0.54156,0.29346,-0.36204,-0.92606,1.1208,-0.22043,0.033193
-0.5413,0.29341,-0.36163,-0.92582,1.1208,-0.22037,0.033199
-0.54125,0.29378,-0.36147,-0.92597,1.1205,-0.22036,0.033179
-0.54116,0.29466,-0.3616,-0.92586,1.1205,-0.22037,0.033542
-0.54132,0.29564,-0.36203,-0.92586,1.1204,-0.22034,0.033918
-0.54144,0.29682,-0.36225,-0.92576,1.1204,-0.22016,0.034381
-0.54157,0.29786,-0.3626,-0.92568,1.1206,-0.22034,0.034712
-0.54183,0.29891,-0.36291,-0.92562,1.1209,-0.22035,0.03503
-0.54216,0.29982,-0.36314,-0.92561,1.1212,-0.22026,0.035161
-0.54248,0.30067,-0.36311,-0.92559,1.1215,-0.22025,0.035254
-0.54255,0.30168,-0.36252,-0.92532,1.1216,-0.22039,0.034974
-0.54277,0.30212,-0.36217,-0.9253,1.1214,-0.22037,0.034804
-0.54287,0.30251,-0.3616,-0.92521,1.1212,-0.2204,0.034627
-0.54288,0.303,-0.36118,-0.92527,1.1209,-0.22055,0.034446
-0.54307,0.30326,-0.36086,-0.92567,1.1205,-0.22046,0.034472
-0.54323,0.30407,-0.36112,-0.92592,1.1204,-0.22035,0.034608
-0.54336,0.3049,-0.36147,-0.92607,1.1202,-0.22009,0.034754
-0.54373,0.30574,-0.3626,-0.92608,1.1203,-0.22001,0.034762
-0.54407,0.30646,-0.36383,-0.92608,1.1204,-0.22028,0.034411
-0.54448,0.30695,-0.36539,-0.92585,1.1206,-0.21979,0.034661
-0.54575,0.30613,-0.36873,-0.92648,1.121,-0.21982,0.03458
-0.54619,0.3065,-0.37006,-0.92615,1.1213,-0.21988,0.03452
-0.54651,0.30676,-0.3711,-0.92573,1.1217,-0.21982,0.03463
-0.54674,0.30706,-0.37168,-0.92541,1.1218,-0.21985,0.034549
-0.54681,0.30717,-0.3719,-0.92531,1.1218,-0.21983,0.034646
-0.5469,0.30732,-0.37169,-0.92544,1.1216,-0.21981,0.034828
-0.54686,0.30733,-0.37122,-0.92572,1.1213,-0.21989,0.035166
-0.54692,0.30736,-0.37072,-0.92624,1.1209,-0.22011,0.034827
-0.54682,0.30739,-0.37038,-0.92667,1.1207,-0.2199,0.035103
-0.54684,0.30735,-0.37036,-0.92705,1.1207,-0.21992,0.035234
-0.54688,0.30746,-0.37039,-0.92721,1.1206,-0.21984,0.034973
-0.54697,0.30776,-0.37078,-0.92708,1.1205,-0.21985,0.034753
-0.5472,0.30795,-0.37143,-0.92704,1.1206,-0.21982,0.034641
-0.54742,0.3083,-0.37236,-0.92682,1.1205,-0.22,0.034706
-0.54761,0.30865,-0.37284,-0.92654,1.1206,-0.21991,0.035007
-0.54762,0.30905,-0.37298,-0.92638,1.1204,-0.21991,0.035185
-0.54776,0.30948,-0.37288,-0.92632,1.1202,-0.22003,0.03538
-0.54759,0.30958,-0.37252,-0.92664,1.1201,-0.21999,0.035854
-0.54742,0.30979,-0.3721,-0.92699,1.12,-0.21999,0.036036
-0.54742,0.30994,-0.37214,-0.9272,1.12,-0.21992,0.036139
-0.54728,0.31006,-0.37246,-0.9274,1.1203,-0.21985,0.036114
-0.54741,0.31022,-0.37306,-0.92725,1.1203,-0.21962,0.036164
-0.54753,0.31038,-0.37367,-0.92694,1.1206,-0.21977,0.036247
-0.54779,0.31035,-0.37418,-0.92675,1.1204,-0.21981,0.036049
-0.54802,0.31023,-0.37475,-0.92637,1.1204,-0.21979,0.036127
-0.54806,0.30996,-0.37493,-0.92619,1.1203,-0.21984,0.0362
-0.54797,0.30979,-0.37507,-0.92597,1.1204,-0.21993,0.036391
-0.54784,0.30937,-0.37498,-0.92595,1.1205,-0.21988,0.036667
-0.54767,0.30904,-0.37496,-0.92572,1.1207,-0.21993,0.037006
-0.54761,0.30872,-0.37515,-0.92571,1.1208,-0.21974,0.037249
-0.54761,0.30873,-0.37547,-0.92583,1.1207,-0.21973,0.036983
-0.54777,0.30862,-0.376,-0.92562,1.1209,-0.21946,0.037165
-0.54791,0.3084,-0.37664,-0.92552,1.121,-0.21948,0.036967
-0.54826,0.30807,-0.37749,-0.92511,1.121,-0.21946,0.037145
-0.54838,0.30742,-0.37826,-0.92497,1.121,-0.21967,0.037002
-0.54839,0.30674,-0.37875,-0.92493,1.1208,-0.21995,0.037198
-0.54839,0.3065,-0.37881,-0.92494,1.1209,-0.22004,0.037588
-0.54844,0.30634,-0.37864,-0.9248,1.1211,-0.22013,0.037911
-0.54819,0.30611,-0.378,-0.92462,1.1213,-0.22008,0.038065
-0.54796,0.30592,-0.37734,-0.92491,1.1213,-0.21991,0.03784
-0.5478,0.3059,-0.37669,-0.92494,1.1215,-0.21987,0.037433
-0.54763,0.306,-0.37603,-0.92522,1.1213,-0.2199,0.036867
-0.54763,0.30591,-0.37542,-0.9255,1.121,-0.22004,0.036545
-0.54759,0.30639,-0.3751,-0.92559,1.1209,-0.22026,0.03623
-0.54748,0.30667,-0.3747,-0.92592,1.1208,-0.22031,0.036265
-0.54726,0.3068,-0.37405,-0.9261,1.1206,-0.22044,0.036585
-0.54691,0.30647,-0.37319,-0.92616,1.1206,-0.22059,0.036968
-0.54668,0.30593,-0.37253,-0.92626,1.1206,-0.22063,0.03699
-0.54635,0.3056,-0.37207,-0.92619,1.1206,-0.22061,0.037101
-0.54637,0.30539,-0.37239,-0.92613,1.1208,-0.22052,0.037216
-0.54638,0.30561,-0.37304,-0.92593,1.1211,-0.2205,0.036975
-0.54648,0.30608,-0.37405,-0.92572,1.1213,-0.22053,0.036657
-0.54684,0.30663,-0.37498,-0.92563,1.1213,-0.22054,0.036206
-0.54714,0.30704,-0.37569,-0.92544,1.1213,-0.2205,0.036033
-0.54728,0.30741,-0.37606,-0.92523,1.1212,-0.22041,0.035917
-0.54748,0.30759,-0.37626,-0.92509,1.1211,-0.2204,0.035797
-0.54756,0.30769,-0.37611,-0.92491,1.121,-0.22027,0.036109
-0.54751,0.30761,-0.37582,-0.92479,1.1209,-0.22023,0.036287
-0.54749,0.30742,-0.3754,-0.92502,1.1208,-0.22041,0.03639
-0.54729,0.30715,-0.37515,-0.92522,1.1209,-0.22047,0.036663
-0.5472,0.30714,-0.37511,-0.92536,1.121,-0.22048,0.036894
-0.54718,0.30743,-0.37556,-0.92551,1.1211,-0.22035,0.036973
-0.54747,0.30766,-0.37632,-0.92558,1.1208,-0.22023,0.036888
-0.54763,0.30803,-0.3772,-0.92546,1.1206,-0.22029,0.036479
-0.5478,0.3082,-0.37796,-0.92523,1.1206,-0.22032,0.036235
-0.54792,0.30822,-0.37852,-0.92517,1.1204,-0.22047,0.036066
-0.54811,0.30831,-0.37912,-0.92494,1.1206,-0.22045,0.036144
-0.54829,0.30834,-0.37941,-0.92482,1.1208,-0.22055,0.036484
-0.5482,0.30797,-0.37933,-0.92467,1.1209,-0.22065,0.036825
-0.54796,0.30743,-0.37934,-0.92465,1.1211,-0.22071,0.037343
-0.54774,0.30733,-0.37873,-0.92459,1.1212,-0.22085,0.037951
-0.5476,0.30721,-0.37818,-0.92492,1.1209,-0.22078,0.038486
-0.5476,0.30723,-0.37763,-0.92506,1.1204,-0.22082,0.038852
-0.54738,0.30741,-0.37704,-0.92517,1.1202,-0.22077,0.038629
-0.5472,0.30756,-0.37637,-0.92537,1.1198,-0.22072,0.038093
-0.54714,0.30764,-0.37608,-0.9256,1.1197,-0.22063,0.03768
-0.547,0.3077,-0.37589,-0.92556,1.12,-0.22054,0.037484
-0.54689,0.30781,-0.3758,-0.92525,1.1202,-0.22045,0.037517
-0.54667,0.30795,-0.37605,-0.92498,1.1206,-0.22071,0.037513
-0.54646,0.30818,-0.37612,-0.92467,1.1207,-0.22092,0.037947
-0.54636,0.30831,-0.37609,-0.9245,1.1205,-0.2211,0.038391
-0.54628,0.30839,-0.37587,-0.92457,1.1203,-0.22126,0.038873
-0.54613,0.30833,-0.37544,-0.92474,1.12,-0.22141,0.038924
-0.54591,0.30824,-0.37509,-0.92481,1.12,-0.22138,0.039002
-0.54569,0.30854,-0.37486,-0.92509,1.12,-0.2212,0.038977
-0.54571,0.30892,-0.37506,-0.92501,1.1199,-0.22119,0.038636
-0.54557,0.30946,-0.37544,-0.92477,1.12,-0.2211,0.038423
-0.54536,0.31001,-0.37592,-0.92456,1.1201,-0.22113,0.038042
-0.5453,0.31067,-0.37645,-0.92432,1.1202,-0.2211,0.03767
-0.54521,0.31108,-0.37677,-0.92412,1.1203,-0.2212,0.037479
-0.54501,0.31137,-0.37689,-0.9238,1.1204,-0.22116,0.037558
-0.54507,0.31141,-0.37682,-0.92385,1.1206,-0.22107,0.037649
-0.54508,0.31122,-0.37676,-0.92392,1.1208,-0.22114,0.037989
-0.54493,0.31105,-0.37661,-0.92417,1.1207,-0.22134,0.038221
-0.54486,0.3111,-0.37667,-0.9243,1.1206,-0.22134,0.038565
-0.54504,0.31134,-0.37695,-0.92439,1.1204,-0.22128,0.038901
-0.54509,0.31156,-0.3771,-0.92455,1.1201,-0.22137,0.038726
-0.54516,0.31185,-0.37729,-0.9245,1.1199,-0.22131,0.038502
-0.54522,0.31208,-0.37744,-0.92448,1.1196,-0.22151,0.038139
-0.54511,0.31222,-0.37735,-0.92461,1.1193,-0.22153,0.03761
-0.54519,0.31246,-0.37732,-0.92464,1.1192,-0.22159,0.037383
-0.54517,0.31266,-0.37718,-0.92465,1.1192,-0.2217,0.037245
-0.54519,0.31266,-0.37704,-0.92478,1.1192,-0.2218,0.037206
-0.54524,0.31278,-0.37725,-0.92479,1.1193,-0.222,0.037198
-0.54526,0.31282,-0.37741,-0.92474,1.1193,-0.22205,0.037505
-0.54533,0.31309,-0.37786,-0.92448,1.1193,-0.22212,0.037811
-0.54549,0.31333,-0.3785,-0.92447,1.1192,-0.22209,0.038038
-0.54574,0.3136,-0.37925,-0.92426,1.1192,-0.2221,0.038038
-0.54601,0.31384,-0.37992,-0.92436,1.1192,-0.22205,0.037968
-0.54613,0.31417,-0.38029,-0.92435,1.1192,-0.2219,0.037784
-0.54608,0.3146,-0.38053,-0.92422,1.1194,-0.22167,0.037856
-0.54616,0.31512,-0.38074,-0.92404,1.1194,-0.22171,0.037947
-0.54616,0.31554,-0.38061,-0.92378,1.1195,-0.22182,0.037979
-0.54625,0.31586,-0.38051,-0.92364,1.1194,-0.22208,0.037979
-0.54619,0.31625,-0.38046,-0.92369,1.1196,-0.2221,0.038132
-0.54621,0.31626,-0.38027,-0.92366,1.12,-0.22207,0.0383
-0.54627,0.31655,-0.38047,-0.92359,1.1203,-0.22214,0.038626
-0.54633,0.31678,-0.38062,-0.92368,1.1205,-0.2223,0.03871
-0.54651,0.31687,-0.38091,-0.9237,1.1205,-0.22232,0.03908
-0.54665,0.31705,-0.38151,-0.92362,1.1207,-0.22224,0.039285
-0.54679,0.31699,-0.3817,-0.92363,1.1207,-0.22226,0.039307
-0.54691,0.31789,-0.38195,-0.92354,1.1207,-0.22229,0.039328
-0.547,0.31845,-0.38213,-0.92354,1.1207,-0.22226,0.039406
-0.5471,0.3187,-0.38223,-0.92354,1.1204,-0.22223,0.039385
