-0.51503,0.22358,-0.45837,-1.1082,0.98536,-0.28347,-0.13713
-0.51495,0.22348,-0.45808,-1.1084,0.98536,-0.28349,-0.13732
-0.51505,0.22356,-0.45828,-1.1085,0.98558,-0.28341,-0.13744
-0.51527,0.22425,-0.45897,-1.1084,0.98579,-0.28342,-0.13769
-0.5153,0.2248,-0.4594,-1.1083,0.98618,-0.28344,-0.13789
-0.51547,0.22484,-0.45945,-1.1082,0.98623,-0.28333,-0.13788
-0.51538,0.22464,-0.45933,-1.108,0.9864,-0.2834,-0.13799
-0.51538,0.22423,-0.45899,-1.1079,0.98653,-0.28342,-0.13816
-0.51544,0.22395,-0.45893,-1.1078,0.98659,-0.2833,-0.13819
-0.51546,0.22387,-0.45881,-1.1079,0.9863,-0.2833,-0.13832
-0.51523,0.22395,-0.45883,-1.1083,0.9861,-0.28321,-0.13821
-0.51522,0.22429,-0.45893,-1.1084,0.98588,-0.28319,-0.13805
-0.51507,0.22482,-0.45895,-1.1088,0.98556,-0.28319,-0.13799
-0.51511,0.2254,-0.45909,-1.1088,0.98524,-0.28317,-0.13786
-0.51524,0.22593,-0.45959,-1.1089,0.98508,-0.28317,-0.13802
-0.51502,0.2262,-0.45985,-1.1088,0.98519,-0.28308,-0.1383
-0.51503,0.22637,-0.46044,-1.1085,0.98537,-0.28309,-0.13866
-0.51501,0.22654,-0.46073,-1.1081,0.9858,-0.28327,-0.13891
-0.51509,0.22644,-0.46089,-1.1078,0.98607,-0.28332,-0.13884
-0.515,0.22658,-0.46107,-1.1075,0.98639,-0.28343,-0.13867
-0.51495,0.2266,-0.46099,-1.1076,0.98647,-0.28339,-0.13856
-0.51463,0.22692,-0.46086,-1.1078,0.98631,-0.28337,-0.13853
-0.51454,0.22722,-0.46061,-1.1079,0.98605,-0.28335,-0.1385
-0.51434,0.22771,-0.46051,-1.1079,0.98608,-0.28353,-0.1386
-0.51423,0.22809,-0.46038,-1.1081,0.98598,-0.2834,-0.13842
-0.51402,0.22852,-0.4601,-1.108,0.98587,-0.2835,-0.13847
-0.51407,0.22865,-0.45987,-1.108,0.9857,-0.28352,-0.13864
-0.51428,0.22864,-0.4595,-1.108,0.98544,-0.28354,-0.13885
-0.51423,0.22839,-0.45934,-1.108,0.98548,-0.28344,-0.13896
-0.51427,0.22825,-0.4591,-1.1078,0.98558,-0.28333,-0.13903
-0.51428,0.2279,-0.45918,-1.1076,0.98586,-0.28317,-0.13868
-0.51434,0.22771,-0.45925,-1.1075,0.98594,-0.28342,-0.13845
-0.51444,0.22781,-0.45928,-1.1075,0.98593,-0.2834,-0.13812
-0.51451,0.22774,-0.45955,-1.1074,0.98591,-0.2832,-0.13787
-0.51452,0.2277,-0.45971,-1.1074,0.98573,-0.28331,-0.138
-0.51446,0.22748,-0.46002,-1.1076,0.98552,-0.28329,-0.13824
-0.5144,0.22737,-0.46051,-1.1076,0.98551,-0.28323,-0.13848
-0.51429,0.22732,-0.46095,-1.1076,0.9855,-0.28315,-0.13851
-0.51433,0.22717,-0.46121,-1.1074,0.9855,-0.28318,-0.13864
-0.51429,0.22729,-0.46149,-1.1069,0.98583,-0.28299,-0.13856
-0.51435,0.22737,-0.46173,-1.1065,0.9859,-0.28316,-0.1386
-0.51442,0.22743,-0.46174,-1.1064,0.98596,-0.28316,-0.1386
-0.51452,0.22742,-0.46144,-1.1064,0.98584,-0.28306,-0.13861
-0.51439,0.22759,-0.46113,-1.1063,0.98585,-0.28304,-0.13843
-0.51424,0.22778,-0.46075,-1.1064,0.9858,-0.28304,-0.1384
-0.51404,0.22817,-0.46046,-1.1063,0.98578,-0.28293,-0.13819
-0.51397,0.22844,-0.4603,-1.1063,0.98571,-0.28294,-0.13827
-0.51387,0.22878,-0.46027,-1.1062,0.98565,-0.28294,-0.13827
-0.51392,0.22903,-0.46048,-1.1061,0.98559,-0.28295,-0.13834
-0.51387,0.22924,-0.46046,-1.106,0.98559,-0.28304,-0.13845
-0.51384,0.22937,-0.4606,-1.1059,0.98576,-0.28305,-0.13855
-0.51397,0.22938,-0.46079,-1.1058,0.98581,-0.28305,-0.13855
-0.51395,0.22923,-0.4607,-1.1057,0.98578,-0.28301,-0.13837
-0.51376,0.22913,-0.4606,-1.1056,0.98579,-0.28301,-0.13837
-0.51355,0.22921,-0.46072,-1.1057,0.98581,-0.2829,-0.1383
-0.51326,0.22925,-0.46053,-1.1057,0.98597,-0.28288,-0.13817
-0.51317,0.22937,-0.46045,-1.1055,0.98607,-0.28273,-0.13832
-0.51301,0.22941,-0.46045,-1.1055,0.98625,-0.28259,-0.13857
-0.51301,0.22941,-0.46045,-1.1055,0.98625,-0.28259,-0.13857
-0.51301,0.22941,-0.46045,-1.1055,0.98625,-0.28261,-0.13875
-0.51316,0.2295,-0.46072,-1.1055,0.98619,-0.28275,-0.1385
-0.51337,0.22958,-0.46078,-1.1056,0.98627,-0.28274,-0.13831
-0.51357,0.22959,-0.46088,-1.1056,0.98628,-0.28285,-0.13832
-0.51355,0.22964,-0.46072,-1.106,0.98627,-0.28281,-0.13841
-0.51349,0.2297,-0.46045,-1.1062,0.98616,-0.28292,-0.13851
-0.51354,0.22978,-0.46021,-1.1063,0.98608,-0.28283,-0.13841
-0.51362,0.22985,-0.45989,-1.1063,0.98587,-0.28283,-0.13841
-0.51359,0.2301,-0.45961,-1.1062,0.98575,-0.28283,-0.13841
-0.51367,0.23083,-0.4596,-1.106,0.98591,-0.28267,-0.13846
-0.51373,0.2314,-0.45962,-1.1059,0.98598,-0.28266,-0.13838
-0.51387,0.23196,-0.4601,-1.1058,0.98617,-0.28261,-0.13852
-0.514,0.23205,-0.46051,-1.1058,0.98626,-0.28249,-0.13856
-0.51411,0.2325,-0.46119,-1.1057,0.98633,-0.28253,-0.13865
-0.51432,0.23288,-0.46185,-1.1056,0.9864,-0.28242,-0.13846
-0.51436,0.23295,-0.46231,-1.1054,0.98663,-0.28245,-0.13842
-0.51445,0.23321,-0.46281,-1.1052,0.98672,-0.28237,-0.13833
-0.51464,0.23345,-0.46327,-1.105,0.98679,-0.28239,-0.13833
-0.51471,0.23374,-0.4636,-1.1045,0.98696,-0.28245,-0.13809
-0.51492,0.23404,-0.46334,-1.1044,0.98681,-0.28248,-0.13806
-0.51501,0.23458,-0.46315,-1.1042,0.9867,-0.2825,-0.13803
-0.51503,0.2353,-0.46314,-1.1037,0.98714,-0.28246,-0.13765
-0.51511,0.23567,-0.46306,-1.1035,0.98725,-0.28234,-0.13739
-0.51543,0.23649,-0.46306,-1.1033,0.98748,-0.28226,-0.13722
-0.51564,0.23688,-0.46387,-1.103,0.98787,-0.2823,-0.1373
-0.51607,0.23702,-0.46453,-1.1028,0.98798,-0.28227,-0.13742
-0.51648,0.23771,-0.46519,-1.1023,0.98817,-0.28231,-0.13751
-0.51687,0.23826,-0.46576,-1.102,0.98824,-0.28233,-0.13743
-0.51736,0.23935,-0.46632,-1.1015,0.98836,-0.28227,-0.13735
-0.51759,0.23989,-0.46604,-1.101,0.98874,-0.28224,-0.1371
-0.51803,0.24033,-0.46556,-1.1007,0.98875,-0.28225,-0.13678
-0.51834,0.2413,-0.4657,-1.1,0.98929,-0.28217,-0.13652
-0.51849,0.24203,-0.46554,-1.0997,0.98943,-0.28211,-0.13655
-0.51866,0.24265,-0.46551,-1.0995,0.9895,-0.28195,-0.13646
-0.51887,0.24375,-0.46577,-1.0992,0.98975,-0.28194,-0.13667
-0.5193,0.24549,-0.46651,-1.099,0.98982,-0.28173,-0.13678
-0.51949,0.24621,-0.46641,-1.0989,0.98989,-0.28152,-0.13697
-0.51972,0.24682,-0.46588,-1.0988,0.9898,-0.28155,-0.13706
-0.51983,0.2473,-0.46551,-1.0986,0.99014,-0.28143,-0.13709
-0.52008,0.24761,-0.46502,-1.0984,0.99044,-0.28162,-0.137
-0.52047,0.24768,-0.46483,-1.0983,0.99036,-0.28158,-0.13697
-0.52065,0.24825,-0.46511,-1.0981,0.99055,-0.28154,-0.13659
-0.52102,0.24895,-0.46499,-1.098,0.99042,-0.28162,-0.13629
-0.52127,0.24987,-0.46509,-1.0979,0.99035,-0.28154,-0.13595
-0.52152,0.25089,-0.46514,-1.0979,0.99024,-0.28154,-0.13595
-0.52174,0.25237,-0.46567,-1.0979,0.99027,-0.28143,-0.1359
-0.52178,0.25371,-0.46572,-1.0976,0.99048,-0.28144,-0.13601
-0.52177,0.25463,-0.46533,-1.0973,0.99078,-0.28145,-0.13629
-0.52174,0.25562,-0.46555,-1.0967,0.99135,-0.28135,-0.13662
-0.52203,0.25677,-0.46585,-1.0957,0.9919,-0.28128,-0.13673
-0.52233,0.25773,-0.4664,-1.0947,0.99235,-0.28132,-0.13696
-0.52282,0.25869,-0.46733,-1.0938,0.99284,-0.28128,-0.13708
-0.52326,0.25942,-0.46822,-1.0929,0.99338,-0.28137,-0.13698
-0.52381,0.26054,-0.4692,-1.0916,0.99402,-0.28144,-0.13674
-0.52422,0.26164,-0.46999,-1.0906,0.99461,-0.28139,-0.13633
-0.52469,0.26276,-0.47087,-1.0896,0.99506,-0.28138,-0.13629
-0.52505,0.26405,-0.47138,-1.0886,0.99563,-0.28138,-0.1363
-0.52528,0.26528,-0.47143,-1.0875,0.99615,-0.28132,-0.13642
-0.52532,0.2664,-0.47138,-1.0865,0.9967,-0.28128,-0.13675
-0.52549,0.26742,-0.47122,-1.0856,0.99718,-0.28121,-0.13688
-0.52554,0.26805,-0.47084,-1.0846,0.99765,-0.2812,-0.13694
-0.52552,0.26851,-0.47039,-1.0837,0.99824,-0.28114,-0.13695
-0.52563,0.26911,-0.47026,-1.0828,0.99876,-0.28114,-0.13689
-0.52584,0.2699,-0.47026,-1.0819,0.9994,-0.28119,-0.13653
-0.52587,0.2711,-0.47031,-1.0808,1.0001,-0.28114,-0.13608
-0.52609,0.27225,-0.47054,-1.0797,1.001,-0.2811,-0.13576
-0.52608,0.27369,-0.47061,-1.0783,1.0017,-0.28121,-0.13575
-0.52601,0.27487,-0.47064,-1.0771,1.0022,-0.28105,-0.13584
-0.52616,0.2764,-0.47073,-1.0757,1.0026,-0.28116,-0.13589
-0.52612,0.2778,-0.47072,-1.0744,1.0034,-0.281,-0.13619
-0.52611,0.27906,-0.47076,-1.0729,1.0043,-0.28104,-0.13653
-0.52622,0.28054,-0.47077,-1.0712,1.005,-0.28113,-0.13665
-0.52624,0.28209,-0.4712,-1.0695,1.0063,-0.28094,-0.13657
-0.52637,0.28363,-0.47113,-1.0679,1.0071,-0.28094,-0.13652
-0.52644,0.2854,-0.47118,-1.0662,1.0081,-0.28099,-0.13624
-0.5266,0.28722,-0.47109,-1.0645,1.0092,-0.28088,-0.13602
-0.52664,0.28916,-0.47085,-1.0629,1.0102,-0.28091,-0.13619
-0.52675,0.29128,-0.47071,-1.0614,1.0109,-0.2811,-0.13634
-0.52681,0.29328,-0.47051,-1.0599,1.0116,-0.28124,-0.13662
-0.5266,0.29543,-0.47012,-1.0582,1.0124,-0.28137,-0.13675
-0.52637,0.2979,-0.46975,-1.0563,1.0133,-0.28151,-0.13687
-0.52599,0.30039,-0.46942,-1.0542,1.0145,-0.28159,-0.13682
-0.52543,0.30283,-0.4692,-1.0519,1.0159,-0.28176,-0.13666
-0.52494,0.30529,-0.46897,-1.0493,1.0174,-0.28171,-0.13674
-0.52429,0.30793,-0.4689,-1.0467,1.0192,-0.28185,-0.13658
-0.52378,0.31029,-0.46873,-1.0442,1.0209,-0.28212,-0.13649
-0.52335,0.31266,-0.4687,-1.0416,1.0225,-0.28214,-0.1362
-0.52298,0.31497,-0.46872,-1.0389,1.0239,-0.28216,-0.13635
-0.52272,0.3171,-0.46906,-1.0364,1.025,-0.28207,-0.13692
-0.52252,0.3194,-0.46938,-1.0338,1.0264,-0.28211,-0.13717
-0.52238,0.32182,-0.46986,-1.0312,1.0277,-0.28203,-0.13727
-0.5223,0.32433,-0.47027,-1.0284,1.0292,-0.28204,-0.13708
-0.52198,0.32676,-0.47026,-1.0256,1.0307,-0.28234,-0.13681
-0.5217,0.32919,-0.47013,-1.0228,1.0322,-0.28238,-0.13659
-0.52121,0.33171,-0.46953,-1.0201,1.0337,-0.28236,-0.13652
-0.52081,0.33447,-0.46896,-1.0172,1.0352,-0.28232,-0.13638
-0.5203,0.33708,-0.46829,-1.0144,1.0368,-0.28224,-0.13644
-0.51978,0.33986,-0.46733,-1.0117,1.0381,-0.28216,-0.13662
-0.51927,0.34256,-0.46625,-1.0088,1.0394,-0.28226,-0.13671
-0.51878,0.34544,-0.46529,-1.0059,1.041,-0.28223,-0.13705
-0.51842,0.34828,-0.46468,-1.0029,1.0427,-0.28249,-0.13713
-0.51811,0.35124,-0.464,-0.99988,1.0444,-0.28274,-0.13721
-0.51778,0.35395,-0.46343,-0.997,1.046,-0.28305,-0.13709
-0.5176,0.35667,-0.46306,-0.99412,1.0474,-0.28337,-0.13685
-0.51727,0.35928,-0.46255,-0.99131,1.0491,-0.28336,-0.13639
-0.517,0.36199,-0.46238,-0.98832,1.0507,-0.28341,-0.13626
-0.51693,0.36466,-0.46243,-0.98527,1.0525,-0.28351,-0.13583
-0.51682,0.36718,-0.46239,-0.98217,1.0544,-0.28354,-0.13566
-0.5169,0.36973,-0.46225,-0.97908,1.0561,-0.28354,-0.13598
-0.51684,0.37219,-0.4618,-0.97605,1.0578,-0.28359,-0.13609
-0.517,0.37458,-0.46146,-0.97318,1.0596,-0.28366,-0.13619
-0.517,0.37704,-0.46085,-0.97033,1.0612,-0.28389,-0.13616
-0.51688,0.37931,-0.46052,-0.9674,1.063,-0.28408,-0.13572
-0.51669,0.3816,-0.45973,-0.96473,1.0645,-0.28412,-0.13547
-0.5167,0.38428,-0.45916,-0.96205,1.0658,-0.28417,-0.13525
-0.51671,0.38705,-0.45853,-0.95924,1.0671,-0.28412,-0.13514
-0.51679,0.38995,-0.45864,-0.95624,1.0685,-0.28406,-0.13499
-0.51673,0.39242,-0.45891,-0.95312,1.0702,-0.28414,-0.13508
-0.5167,0.39458,-0.4592,-0.95001,1.0718,-0.28412,-0.13498
-0.51654,0.39714,-0.45947,-0.94659,1.0736,-0.28417,-0.135
-0.51619,0.3998,-0.45948,-0.94316,1.0752,-0.28436,-0.13509
-0.51569,0.40195,-0.45916,-0.93967,1.0771,-0.28446,-0.13497
-0.51539,0.40379,-0.4585,-0.93619,1.0789,-0.28449,-0.13504
-0.51492,0.40543,-0.45779,-0.9327,1.0807,-0.2846,-0.13515
-0.51472,0.40722,-0.45721,-0.92915,1.0826,-0.28478,-0.1351
-0.51465,0.40908,-0.45737,-0.92561,1.0844,-0.28501,-0.13499
-0.51462,0.41134,-0.45772,-0.92212,1.0863,-0.28501,-0.13493
-0.5147,0.41383,-0.45833,-0.91837,1.0882,-0.2853,-0.13508
-0.51463,0.41628,-0.45881,-0.9148,1.0903,-0.28555,-0.13515
-0.51452,0.41863,-0.45883,-0.91112,1.0922,-0.28572,-0.13519
-0.51411,0.42056,-0.45866,-0.90733,1.0941,-0.28614,-0.13402
-0.51361,0.42235,-0.4578,-0.90377,1.0956,-0.28619,-0.13523
-0.5131,0.4243,-0.45687,-0.89986,1.0975,-0.28618,-0.13488
-0.51232,0.42624,-0.45594,-0.89626,1.0992,-0.28623,-0.13463
-0.51183,0.42843,-0.45519,-0.89263,1.1009,-0.28645,-0.13453
-0.51093,0.43078,-0.4543,-0.88912,1.1025,-0.28666,-0.13439
-0.51038,0.43293,-0.45379,-0.88588,1.1038,-0.28671,-0.13437
-0.51003,0.43519,-0.45352,-0.88273,1.105,-0.28686,-0.13426
-0.50957,0.43725,-0.45342,-0.87993,1.1063,-0.28678,-0.13417
-0.50943,0.43924,-0.45353,-0.87709,1.1076,-0.28696,-0.134
-0.50902,0.44142,-0.4536,-0.87413,1.1089,-0.28695,-0.13382
-0.50849,0.44356,-0.4533,-0.87135,1.1101,-0.28702,-0.13378
-0.508,0.44571,-0.45348,-0.86828,1.1114,-0.2872,-0.13364
-0.50761,0.44806,-0.45382,-0.86518,1.1128,-0.2873,-0.13344
-0.5072,0.45041,-0.4539,-0.86218,1.1142,-0.28756,-0.13321
-0.50665,0.45286,-0.45397,-0.85923,1.1158,-0.28779,-0.13275
-0.506,0.45535,-0.45372,-0.85636,1.1174,-0.28804,-0.13265
-0.50526,0.45773,-0.45323,-0.85355,1.119,-0.28787,-0.1326
-0.50447,0.46035,-0.4525,-0.85057,1.1205,-0.28803,-0.13268
-0.50381,0.46305,-0.45154,-0.84747,1.1219,-0.28821,-0.13233
-0.50292,0.46588,-0.4502,-0.84434,1.1234,-0.28851,-0.13221
-0.50227,0.46881,-0.4489,-0.84122,1.1248,-0.28852,-0.13205
-0.50143,0.47135,-0.44722,-0.83822,1.1263,-0.28857,-0.13203
-0.50136,0.47101,-0.4469,-0.83771,1.127,-0.28879,-0.1321
-0.50038,0.47308,-0.44522,-0.83498,1.1284,-0.28887,-0.13174
-0.49844,0.47814,-0.44271,-0.82983,1.1309,-0.28905,-0.1313
-0.49771,0.48038,-0.44142,-0.82756,1.1322,-0.28907,-0.13082
-0.49697,0.48263,-0.44032,-0.82507,1.1335,-0.28907,-0.13045
-0.49697,0.48263,-0.44032,-0.82494,1.134,-0.28906,-0.13036
-0.49655,0.48472,-0.43951,-0.82248,1.135,-0.28901,-0.13029
-0.49529,0.48936,-0.43779,-0.81771,1.1369,-0.28893,-0.13021
-0.49467,0.49173,-0.43687,-0.81546,1.1379,-0.28888,-0.13048
-0.49408,0.49411,-0.43619,-0.81347,1.1388,-0.28872,-0.13054
-0.49426,0.4941,-0.4362,-0.81346,1.1391,-0.28862,-0.13053
-0.49362,0.49611,-0.43574,-0.81153,1.1402,-0.2884,-0.13023
-0.49316,0.49807,-0.43557,-0.80949,1.1413,-0.28837,-0.13005
-0.49265,0.49992,-0.43527,-0.80746,1.1423,-0.28834,-0.12984
-0.49224,0.50202,-0.43519,-0.80529,1.1432,-0.28836,-0.12956
-0.49179,0.50405,-0.435,-0.80313,1.1439,-0.28853,-0.12912
-0.49168,0.50605,-0.43504,-0.80097,1.1446,-0.28841,-0.12892
-0.49134,0.50797,-0.43475,-0.79895,1.1453,-0.28832,-0.12905
-0.49111,0.50994,-0.4349,-0.79671,1.1464,-0.28818,-0.1289
-0.49117,0.51185,-0.43526,-0.79445,1.1474,-0.28793,-0.12872
-0.49072,0.51368,-0.4355,-0.79233,1.1486,-0.28784,-0.12874
-0.49052,0.51517,-0.43584,-0.79004,1.1497,-0.28776,-0.12847
-0.49021,0.51656,-0.43614,-0.7878,1.1508,-0.28756,-0.12823
-0.49005,0.5181,-0.43659,-0.78535,1.1521,-0.28778,-0.12777
-0.48988,0.51977,-0.43703,-0.78297,1.1533,-0.28783,-0.12737
-0.48977,0.52129,-0.43722,-0.78066,1.1543,-0.28787,-0.12743
-0.48944,0.5228,-0.43727,-0.77862,1.1553,-0.28788,-0.12783
-0.48902,0.5243,-0.43681,-0.77693,1.1561,-0.28792,-0.12828
-0.48884,0.52573,-0.43667,-0.77538,1.157,-0.28783,-0.12855
-0.4886,0.52695,-0.43649,-0.77395,1.1578,-0.28768,-0.12837
-0.48828,0.52795,-0.43617,-0.77262,1.1582,-0.2877,-0.12806
-0.48772,0.52916,-0.43587,-0.77116,1.1586,-0.28762,-0.12751
-0.48729,0.53027,-0.43549,-0.76975,1.159,-0.28759,-0.1267
-0.48668,0.53142,-0.43508,-0.76864,1.1593,-0.28775,-0.12606
-0.48616,0.53261,-0.43451,-0.7675,1.1598,-0.28772,-0.12541
-0.48564,0.53379,-0.43395,-0.76638,1.1601,-0.28754,-0.12497
-0.48515,0.53494,-0.43357,-0.76515,1.1606,-0.28749,-0.12463
-0.48463,0.5359,-0.4334,-0.76399,1.1611,-0.28757,-0.12461
-0.48408,0.53718,-0.43313,-0.76272,1.1617,-0.28769,-0.12493
-0.48342,0.53836,-0.43291,-0.76142,1.1623,-0.28769,-0.12511
-0.48255,0.53943,-0.43266,-0.76031,1.1632,-0.28779,-0.12537
-0.48205,0.54034,-0.43247,-0.75913,1.1636,-0.28788,-0.12502
-0.4814,0.54112,-0.43238,-0.75825,1.1642,-0.28802,-0.12458
-0.48107,0.542,-0.43253,-0.7574,1.1645,-0.28788,-0.12413
-0.48078,0.54264,-0.43302,-0.75668,1.1648,-0.28792,-0.1237
-0.48079,0.54346,-0.43375,-0.756,1.1653,-0.28811,-0.12348
-0.48071,0.54424,-0.43444,-0.75523,1.1661,-0.28796,-0.12311
-0.48063,0.54511,-0.43506,-0.75456,1.167,-0.28799,-0.12321
-0.4805,0.54574,-0.43546,-0.75381,1.1676,-0.28807,-0.12314
-0.48026,0.54635,-0.43551,-0.75295,1.1683,-0.28814,-0.12313
-0.48004,0.54675,-0.43539,-0.75209,1.1688,-0.2883,-0.123
-0.47977,0.54716,-0.43513,-0.75121,1.1693,-0.28854,-0.12281
-0.47946,0.54762,-0.4347,-0.75012,1.1697,-0.28884,-0.1225
-0.47904,0.54816,-0.43377,-0.74911,1.1699,-0.28883,-0.12234
-0.47856,0.5487,-0.4327,-0.74842,1.1699,-0.28875,-0.12258
-0.47799,0.54931,-0.4315,-0.7482,1.1697,-0.28867,-0.12304
-0.4778,0.54994,-0.43085,-0.74762,1.1695,-0.28856,-0.12343
-0.47782,0.54997,-0.43099,-0.74737,1.1696,-0.28834,-0.12362
-0.47793,0.54988,-0.43166,-0.74706,1.1698,-0.28827,-0.12353
-0.47818,0.54982,-0.43234,-0.74673,1.1701,-0.28817,-0.12332
-0.47874,0.55015,-0.43334,-0.74628,1.1704,-0.28829,-0.12278
-0.47922,0.54992,-0.43384,-0.74597,1.1706,-0.28821,-0.12195
-0.47943,0.54962,-0.43382,-0.7458,1.1711,-0.28822,-0.12131
-0.47947,0.54927,-0.43303,-0.74567,1.1717,-0.28813,-0.12106
-0.47955,0.54897,-0.43205,-0.74575,1.1718,-0.28796,-0.12101
-0.47945,0.54896,-0.43089,-0.74584,1.1716,-0.28785,-0.12141
-0.47958,0.54914,-0.4299,-0.74574,1.1712,-0.28776,-0.12184
-0.47983,0.5493,-0.42885,-0.746,1.1704,-0.28784,-0.12226
-0.47997,0.54947,-0.42776,-0.74622,1.1699,-0.28784,-0.12237
-0.47977,0.54914,-0.42623,-0.74621,1.1695,-0.28769,-0.12223
-0.47967,0.54831,-0.42479,-0.74642,1.1693,-0.28776,-0.12225
-0.47975,0.54709,-0.42374,-0.7467,1.1689,-0.28775,-0.12229
-0.47963,0.54626,-0.4229,-0.74667,1.169,-0.2877,-0.12198
-0.47984,0.54524,-0.42299,-0.74642,1.1691,-0.28767,-0.12188
-0.48016,0.54437,-0.42362,-0.7464,1.1693,-0.28753,-0.12212
-0.4807,0.54369,-0.42473,-0.7465,1.1695,-0.2874,-0.1224
-0.48139,0.54339,-0.42603,-0.74643,1.1697,-0.2874,-0.12256
-0.48183,0.54293,-0.42707,-0.74667,1.1698,-0.2874,-0.12258
-0.48236,0.54264,-0.42768,-0.74678,1.1697,-0.28729,-0.12249
-0.48249,0.54211,-0.42774,-0.74725,1.1693,-0.28722,-0.1225
-0.4824,0.54139,-0.42721,-0.7479,1.1687,-0.28711,-0.1225
-0.48196,0.54036,-0.42594,-0.74872,1.1678,-0.28712,-0.12206
-0.4815,0.53922,-0.42443,-0.74954,1.1669,-0.28698,-0.1217
-0.4806,0.53814,-0.42277,-0.75059,1.166,-0.28697,-0.12166
-0.47984,0.5369,-0.42108,-0.75159,1.1651,-0.28689,-0.12162
-0.47936,0.53567,-0.41995,-0.75247,1.1641,-0.28668,-0.12169
-0.47854,0.53473,-0.41878,-0.75316,1.1635,-0.28646,-0.12201
-0.47844,0.53368,-0.41859,-0.7536,1.1633,-0.28617,-0.12226
-0.47829,0.5327,-0.41829,-0.75397,1.1633,-0.28605,-0.12245
-0.47788,0.53152,-0.41798,-0.7544,1.1635,-0.28588,-0.1228
-0.47779,0.5302,-0.41765,-0.7547,1.1637,-0.2859,-0.12284
-0.47737,0.52878,-0.4171,-0.75492,1.164,-0.28595,-0.1227
-0.47703,0.52697,-0.41648,-0.75541,1.164,-0.28613,-0.12257
-0.47674,0.52528,-0.41572,-0.75579,1.1642,-0.28605,-0.12233
-0.47628,0.52351,-0.41513,-0.75645,1.1642,-0.28602,-0.1224
-0.47586,0.52173,-0.41425,-0.75721,1.1639,-0.2858,-0.12244
-0.47527,0.51998,-0.41361,-0.75821,1.1634,-0.28553,-0.12267
-0.47474,0.51829,-0.41295,-0.75933,1.1627,-0.28506,-0.12283
-0.47408,0.51649,-0.41238,-0.76055,1.1623,-0.28451,-0.12305
-0.47337,0.51469,-0.41173,-0.76187,1.1617,-0.28374,-0.12346
-0.47289,0.51264,-0.41121,-0.76349,1.1612,-0.28299,-0.12387
-0.47265,0.51085,-0.41074,-0.76471,1.1607,-0.28223,-0.12391
-0.47243,0.50868,-0.41044,-0.76631,1.1602,-0.28187,-0.12392
-0.47237,0.50683,-0.41019,-0.76776,1.1597,-0.28162,-0.12364
-0.47231,0.5049,-0.40982,-0.76931,1.1592,-0.28141,-0.12333
-0.47227,0.50287,-0.40941,-0.77097,1.1585,-0.28111,-0.12346
-0.47205,0.50079,-0.40853,-0.77275,1.1576,-0.28081,-0.12373
-0.47203,0.49883,-0.40771,-0.77476,1.1566,-0.2806,-0.12413
-0.47198,0.49691,-0.40701,-0.77682,1.1559,-0.28001,-0.12449
-0.47175,0.49514,-0.40596,-0.77904,1.1551,-0.27948,-0.12496
-0.47149,0.49331,-0.40491,-0.78142,1.154,-0.27913,-0.12543
-0.47132,0.49149,-0.40385,-0.78354,1.1528,-0.27883,-0.12559
-0.4712,0.48976,-0.40315,-0.78577,1.1513,-0.27883,-0.12585
-0.47101,0.48787,-0.40255,-0.78771,1.1496,-0.27877,-0.12576
-0.47104,0.48595,-0.40252,-0.78971,1.148,-0.2786,-0.12594
-0.47085,0.48392,-0.40254,-0.79166,1.1462,-0.27863,-0.1263
-0.47108,0.48213,-0.40286,-0.79347,1.1449,-0.27829,-0.12657
-0.47146,0.48033,-0.40352,-0.79547,1.1439,-0.27807,-0.12709
-0.47169,0.47868,-0.4041,-0.79738,1.1431,-0.27753,-0.12739
-0.47208,0.47696,-0.40488,-0.79966,1.1424,-0.27691,-0.12802
-0.47253,0.47529,-0.40558,-0.80187,1.1418,-0.27627,-0.12842
-0.47286,0.47335,-0.40608,-0.80433,1.1409,-0.27579,-0.12879
-0.47317,0.47162,-0.40618,-0.80676,1.1398,-0.27543,-0.12881
-0.4735,0.46975,-0.40608,-0.80954,1.1385,-0.27506,-0.12865
-0.47363,0.46781,-0.40573,-0.81224,1.1371,-0.27502,-0.12838
-0.47378,0.46582,-0.40506,-0.81494,1.1354,-0.2748,-0.12799
-0.47379,0.46396,-0.40422,-0.81774,1.1338,-0.27471,-0.12779
-0.47359,0.46177,-0.40323,-0.82081,1.1322,-0.27446,-0.12767
-0.47355,0.45992,-0.40242,-0.82352,1.1309,-0.27429,-0.12765
-0.47344,0.45805,-0.40151,-0.82639,1.1296,-0.27387,-0.12777
-0.47325,0.45605,-0.40051,-0.8293,1.1282,-0.27358,-0.12797
-0.47318,0.45428,-0.39972,-0.83208,1.1269,-0.27312,-0.12854
-0.47323,0.45239,-0.39938,-0.83492,1.126,-0.27277,-0.12895
-0.47359,0.45074,-0.39953,-0.83719,1.1251,-0.27272,-0.12886
-0.47373,0.44897,-0.39991,-0.83971,1.1242,-0.27236,-0.12846
-0.47424,0.44736,-0.40058,-0.84189,1.1234,-0.2723,-0.12809
-0.47457,0.44583,-0.40116,-0.84382,1.1225,-0.27205,-0.12779
-0.47518,0.44422,-0.40204,-0.84568,1.1216,-0.27167,-0.12765
-0.47587,0.44249,-0.40315,-0.84748,1.1209,-0.27138,-0.12779
-0.47626,0.44071,-0.40374,-0.84941,1.1201,-0.27103,-0.12812
-0.47666,0.43892,-0.40438,-0.85119,1.1195,-0.27046,-0.12835
-0.47729,0.4371,-0.40513,-0.85321,1.1186,-0.26998,-0.12881
-0.47768,0.43523,-0.4054,-0.85513,1.1179,-0.2696,-0.12892
-0.47804,0.43332,-0.40562,-0.857,1.1169,-0.26943,-0.1288
-0.47842,0.43142,-0.40545,-0.85915,1.1158,-0.26924,-0.12851
-0.47897,0.42987,-0.40539,-0.86111,1.1147,-0.26928,-0.12808
-0.4797,0.42811,-0.40528,-0.86341,1.1134,-0.2689,-0.12769
-0.48061,0.42665,-0.40533,-0.86558,1.1122,-0.26876,-0.12755
-0.48139,0.42492,-0.40543,-0.86798,1.111,-0.26854,-0.12734
-0.48202,0.42274,-0.40489,-0.87052,1.1098,-0.26854,-0.12756
-0.48272,0.4206,-0.4045,-0.87304,1.1087,-0.26829,-0.12751
-0.48347,0.41893,-0.4041,-0.8757,1.1077,-0.26822,-0.1274
-0.48376,0.41725,-0.40335,-0.87848,1.1066,-0.26782,-0.12738
-0.48402,0.41563,-0.40231,-0.88114,1.1054,-0.26779,-0.12738
-0.48423,0.41386,-0.40111,-0.88382,1.1039,-0.26762,-0.12721
-0.48462,0.41235,-0.40055,-0.88641,1.1025,-0.26751,-0.12691
-0.4852,0.41062,-0.40064,-0.88873,1.1011,-0.26741,-0.1267
-0.48595,0.40882,-0.40151,-0.89083,1.0999,-0.26719,-0.12641
-0.48664,0.40735,-0.40257,-0.89297,1.0984,-0.26693,-0.12633
-0.48744,0.40554,-0.40379,-0.89541,1.0969,-0.26675,-0.1266
-0.48822,0.40327,-0.40479,-0.89765,1.0958,-0.26621,-0.12646
-0.48899,0.40054,-0.40578,-0.89994,1.0947,-0.26577,-0.1264
-0.48973,0.39753,-0.4067,-0.90211,1.0937,-0.26514,-0.126
-0.49076,0.39492,-0.40768,-0.90401,1.0926,-0.26473,-0.12566
-0.49154,0.39251,-0.4086,-0.90587,1.0913,-0.26432,-0.12528
-0.49235,0.39042,-0.40931,-0.90766,1.0901,-0.26387,-0.12475
-0.49325,0.38876,-0.41001,-0.90944,1.089,-0.2634,-0.1241
-0.49397,0.38711,-0.40984,-0.91139,1.0877,-0.26299,-0.12355
-0.49485,0.3855,-0.40983,-0.91355,1.0866,-0.26252,-0.12313
-0.4959,0.38389,-0.40966,-0.91561,1.0852,-0.26207,-0.12312
-0.49664,0.38197,-0.409,-0.91789,1.0836,-0.26164,-0.1235
-0.49748,0.38012,-0.40859,-0.9202,1.082,-0.26129,-0.12434
-0.49845,0.37815,-0.40824,-0.92236,1.0804,-0.26086,-0.12515
-0.49955,0.37625,-0.40813,-0.92455,1.0787,-0.26038,-0.12576
-0.5007,0.3745,-0.40833,-0.92644,1.0772,-0.26009,-0.12606
-0.50209,0.37254,-0.40887,-0.92865,1.0757,-0.2601,-0.12625
-0.50337,0.37072,-0.40956,-0.93076,1.0746,-0.25976,-0.12578
-0.50499,0.36853,-0.41053,-0.93332,1.0736,-0.25933,-0.12521
-0.5064,0.36651,-0.41153,-0.93564,1.0728,-0.25883,-0.12432
-0.50782,0.36432,-0.41237,-0.93827,1.0719,-0.25807,-0.12394
-0.50898,0.36224,-0.41274,-0.94096,1.0707,-0.25752,-0.124
-0.50985,0.36012,-0.41296,-0.94361,1.0695,-0.25717,-0.12473
-0.5104,0.35777,-0.41276,-0.94619,1.0682,-0.25685,-0.12526
-0.51083,0.35551,-0.41229,-0.94884,1.0669,-0.25648,-0.12582
-0.51116,0.35332,-0.41188,-0.95161,1.0654,-0.25607,-0.12608
-0.51128,0.35086,-0.4112,-0.95437,1.064,-0.25561,-0.12602
-0.51111,0.34819,-0.41049,-0.95717,1.0625,-0.25524,-0.12589
-0.51121,0.34542,-0.40981,-0.96027,1.0608,-0.25485,-0.1258
-0.5112,0.34283,-0.40912,-0.96351,1.0592,-0.25405,-0.12564
-0.5114,0.34014,-0.40885,-0.96666,1.0577,-0.25334,-0.12557
-0.51137,0.3376,-0.40889,-0.96975,1.0562,-0.25293,-0.12564
-0.51154,0.33501,-0.40931,-0.97276,1.0546,-0.25222,-0.12564
-0.51157,0.33263,-0.4101,-0.97558,1.0529,-0.25163,-0.12574
-0.51171,0.33049,-0.41109,-0.97835,1.0513,-0.25106,-0.12631
-0.51183,0.3283,-0.41249,-0.98114,1.0501,-0.2506,-0.12701
-0.51186,0.32602,-0.41371,-0.9837,1.0489,-0.25043,-0.12762
-0.51196,0.32374,-0.41461,-0.98652,1.0477,-0.24993,-0.12779
-0.51192,0.32162,-0.41524,-0.98918,1.0466,-0.24973,-0.12803
-0.51181,0.31937,-0.41566,-0.9919,1.0453,-0.24938,-0.12807
-0.51179,0.31751,-0.41581,-0.99437,1.0438,-0.24887,-0.12811
-0.5115,0.31562,-0.41561,-0.99716,1.0424,-0.24842,-0.12805
-0.5113,0.31378,-0.41548,-0.99993,1.0408,-0.2481,-0.12808
-0.51083,0.31199,-0.41495,-1.0027,1.0393,-0.24774,-0.12794
-0.51055,0.3101,-0.41444,-1.0055,1.0378,-0.24759,-0.12766
-0.51034,0.30812,-0.41407,-1.0084,1.0363,-0.24757,-0.12744
-0.5101,0.30611,-0.41349,-1.0111,1.0354,-0.24755,-0.12718
-0.50989,0.30392,-0.41332,-1.0141,1.0341,-0.24738,-0.12713
-0.50973,0.30174,-0.41343,-1.0171,1.0329,-0.24727,-0.127
-0.50996,0.29985,-0.41377,-1.0196,1.0317,-0.24695,-0.12673
-0.50983,0.2979,-0.41416,-1.0223,1.0307,-0.24673,-0.12675
-0.50965,0.29614,-0.41431,-1.0248,1.0296,-0.24646,-0.12668
-0.50952,0.29435,-0.41468,-1.0274,1.0284,-0.24641,-0.12685
-0.50933,0.29225,-0.41491,-1.0301,1.0274,-0.24612,-0.12677
-0.50921,0.28998,-0.41517,-1.033,1.0262,-0.24585,-0.12677
-0.50909,0.28772,-0.41544,-1.0357,1.0248,-0.24551,-0.12691
-0.50917,0.2851,-0.41596,-1.0384,1.0234,-0.24503,-0.12692
-0.50924,0.28259,-0.4167,-1.0411,1.022,-0.24462,-0.12708
-0.50949,0.28,-0.41726,-1.0438,1.0203,-0.24425,-0.1271
-0.50946,0.27746,-0.41801,-1.0463,1.019,-0.2441,-0.12707
-0.50979,0.27475,-0.41883,-1.049,1.0175,-0.24407,-0.127
-0.51006,0.27179,-0.41956,-1.0518,1.0161,-0.24405,-0.12656
-0.51042,0.26887,-0.42038,-1.0548,1.0147,-0.24402,-0.12637
-0.51068,0.26581,-0.42116,-1.0578,1.0134,-0.24386,-0.12595
-0.51096,0.26286,-0.42175,-1.0608,1.0118,-0.24353,-0.12569
-0.51119,0.25982,-0.42257,-1.0639,1.01,-0.24353,-0.12535
-0.51168,0.2567,-0.42338,-1.0668,1.0085,-0.2433,-0.12468
-0.51208,0.25332,-0.42438,-1.0699,1.0069,-0.24328,-0.12379
-0.51248,0.24986,-0.42499,-1.0732,1.0049,-0.24302,-0.12336
-0.51287,0.24622,-0.42589,-1.0764,1.0032,-0.24305,-0.12307
-0.51322,0.24272,-0.42673,-1.0796,1.0014,-0.24282,-0.12313
-0.5135,0.23904,-0.4274,-1.083,0.99964,-0.24269,-0.1233
-0.51384,0.23544,-0.42826,-1.0861,0.99809,-0.24255,-0.12334
-0.51405,0.23214,-0.42887,-1.0893,0.99692,-0.24265,-0.12309
-0.51428,0.22908,-0.42964,-1.0921,0.99575,-0.24255,-0.12292
-0.51444,0.2259,-0.4302,-1.095,0.99438,-0.24247,-0.12264
-0.51464,0.22312,-0.43073,-1.0976,0.99298,-0.24244,-0.12226
-0.51484,0.22033,-0.43127,-1.1002,0.99142,-0.24238,-0.1217
-0.51512,0.21773,-0.43193,-1.1018,0.98975,-0.24261,-0.12075
-0.51523,0.21493,-0.43266,-1.1047,0.98881,-0.24207,-0.12029
-0.51518,0.21223,-0.43317,-1.1066,0.98794,-0.24165,-0.11965
-0.51505,0.20983,-0.4337,-1.1085,0.98725,-0.24129,-0.11939
-0.51502,0.20764,-0.4343,-1.1106,0.98629,-0.24089,-0.11969
-0.51493,0.20535,-0.43463,-1.1119,0.98504,-0.24086,-0.11996
-0.5151,0.20271,-0.43486,-1.1145,0.9843,-0.24002,-0.12075
-0.51498,0.20023,-0.43494,-1.1165,0.98326,-0.23977,-0.12132
-0.51501,0.19802,-0.4355,-1.1183,0.98245,-0.2395,-0.12125
-0.51487,0.19581,-0.43581,-1.1201,0.98172,-0.23942,-0.12112
-0.51492,0.19619,-0.43604,-1.1188,0.98132,-0.23949,-0.12047
-0.51439,0.19216,-0.43673,-1.1237,0.98015,-0.23915,-0.12036
-0.51375,0.19023,-0.43697,-1.126,0.97927,-0.23898,-0.12015
-0.51373,0.19032,-0.43682,-1.1255,0.97871,-0.23882,-0.11999
-0.51323,0.18773,-0.43618,-1.1276,0.97739,-0.23863,-0.12035
-0.51252,0.1851,-0.43551,-1.1298,0.97638,-0.23839,-0.12077
-0.51192,0.18239,-0.43509,-1.132,0.97558,-0.23811,-0.12106
-0.51139,0.18,-0.43485,-1.1343,0.97472,-0.23759,-0.12162
-0.51096,0.17763,-0.43505,-1.1364,0.97397,-0.23719,-0.12187
-0.51056,0.17547,-0.4356,-1.1385,0.9733,-0.23695,-0.12192
-0.51036,0.17322,-0.43641,-1.1404,0.97212,-0.2369,-0.12134
-0.51046,0.17111,-0.43737,-1.143,0.97137,-0.2368,-0.12085
-0.51051,0.1691,-0.43825,-1.145,0.97031,-0.23684,-0.12008
-0.51052,0.16718,-0.43924,-1.147,0.96931,-0.23697,-0.11961
-0.51043,0.16487,-0.44011,-1.1493,0.96807,-0.23709,-0.11968
-0.51035,0.16254,-0.4406,-1.1509,0.9671,-0.23727,-0.1195
-0.51025,0.16022,-0.44119,-1.1533,0.96629,-0.2369,-0.11976
-0.51033,0.15767,-0.44176,-1.1554,0.96578,-0.23671,-0.11997
-0.51059,0.15521,-0.44228,-1.1575,0.96523,-0.23637,-0.12041
-0.5108,0.15281,-0.44266,-1.1595,0.96461,-0.23604,-0.1206
-0.51094,0.15053,-0.44291,-1.1611,0.9639,-0.23602,-0.1205
-0.51103,0.14846,-0.44342,-1.1635,0.96291,-0.2357,-0.12069
-0.51105,0.14626,-0.44385,-1.1653,0.96199,-0.23586,-0.12065
-0.51124,0.14425,-0.44406,-1.1676,0.96081,-0.23577,-0.12063
-0.51136,0.14229,-0.44407,-1.1698,0.95942,-0.23567,-0.12077
-0.51148,0.1402,-0.44393,-1.1724,0.95759,-0.23551,-0.12134
-0.51161,0.1381,-0.44394,-1.1747,0.95651,-0.23501,-0.1214
-0.51189,0.13604,-0.44413,-1.1771,0.95517,-0.23452,-0.12161
-0.51213,0.13413,-0.44429,-1.1795,0.95402,-0.23397,-0.12191
-0.51245,0.13238,-0.4444,-1.1818,0.95312,-0.2336,-0.12204
-0.5127,0.1308,-0.44477,-1.1841,0.9521,-0.23335,-0.12241
-0.5128,0.12935,-0.44487,-1.1858,0.95132,-0.23308,-0.12199
-0.51303,0.1281,-0.44491,-1.1878,0.95004,-0.233,-0.12201
-0.51296,0.12672,-0.44485,-1.1896,0.94861,-0.23303,-0.12187
-0.51298,0.1254,-0.445,-1.1916,0.94729,-0.23279,-0.12158
-0.51287,0.12394,-0.4449,-1.1937,0.94582,-0.23269,-0.12157
-0.5127,0.12288,-0.44527,-1.1959,0.94438,-0.23239,-0.12191
-0.51285,0.12189,-0.44566,-1.198,0.94301,-0.23202,-0.12255
-0.51286,0.12118,-0.44614,-1.1997,0.94219,-0.23164,-0.1231
-0.51326,0.12077,-0.44679,-1.2011,0.94138,-0.23144,-0.12369
-0.51344,0.12044,-0.44716,-1.2023,0.94057,-0.23125,-0.12397
-0.51358,0.1203,-0.44734,-1.2031,0.94019,-0.2312,-0.12414
-0.51353,0.12046,-0.44714,-1.2037,0.93999,-0.23126,-0.1239
-0.51321,0.12053,-0.44674,-1.2044,0.93993,-0.23132,-0.12364
-0.51294,0.12035,-0.44604,-1.2054,0.93942,-0.2312,-0.12335
-0.51265,0.12011,-0.44519,-1.2063,0.93904,-0.23113,-0.12335
-0.51201,0.1198,-0.44433,-1.2074,0.93866,-0.23098,-0.12346
-0.51164,0.11949,-0.44386,-1.2081,0.93825,-0.23085,-0.12325
-0.51124,0.1188,-0.44348,-1.209,0.9379,-0.2308,-0.12311
-0.51081,0.11809,-0.44335,-1.2096,0.93779,-0.23063,-0.12288
-0.51067,0.11745,-0.44382,-1.2102,0.93756,-0.23062,-0.12286
-0.51046,0.11687,-0.44448,-1.2107,0.93722,-0.23061,-0.123
-0.51039,0.11616,-0.44552,-1.2113,0.93686,-0.23061,-0.1232
-0.51038,0.11548,-0.44644,-1.2118,0.93658,-0.23067,-0.12335
-0.51047,0.11493,-0.44734,-1.2123,0.93636,-0.23072,-0.12331
-0.51039,0.11429,-0.44773,-1.2127,0.93618,-0.23072,-0.12298
-0.51039,0.11359,-0.4483,-1.2133,0.93602,-0.23076,-0.12274
-0.51037,0.11306,-0.4484,-1.2139,0.93575,-0.23066,-0.12242
-0.51019,0.11234,-0.44823,-1.2147,0.9357,-0.23072,-0.12238
-0.51,0.11155,-0.44797,-1.2153,0.93559,-0.23076,-0.12227
-0.50985,0.1108,-0.44761,-1.2158,0.93507,-0.23083,-0.1225
-0.50954,0.11009,-0.44725,-1.2163,0.93489,-0.23101,-0.12261
-0.50943,0.10944,-0.44701,-1.2167,0.93435,-0.23099,-0.12274
-0.50924,0.10887,-0.4468,-1.2172,0.93388,-0.23099,-0.12301
-0.50925,0.10831,-0.4467,-1.2178,0.93366,-0.23115,-0.12312
-0.50952,0.10802,-0.44702,-1.2183,0.93356,-0.2312,-0.12315
-0.50952,0.10784,-0.44737,-1.219,0.93333,-0.23136,-0.12304
-0.50959,0.10767,-0.44797,-1.2196,0.9333,-0.23152,-0.1227
-0.50984,0.10769,-0.44838,-1.2201,0.93315,-0.23159,-0.12233
-0.50992,0.10766,-0.44876,-1.2205,0.93289,-0.2315,-0.12212
-0.51009,0.10782,-0.44899,-1.2208,0.93251,-0.23175,-0.12236
-0.51008,0.10784,-0.44925,-1.2211,0.93223,-0.23177,-0.12236
-0.5102,0.10764,-0.4492,-1.2216,0.93161,-0.23163,-0.12243
-0.51027,0.10742,-0.44934,-1.2221,0.93128,-0.23179,-0.12269
-0.5104,0.10728,-0.44934,-1.2225,0.93095,-0.23181,-0.12269
-0.51064,0.10739,-0.44951,-1.2227,0.93084,-0.23164,-0.1226
-0.51081,0.10727,-0.44984,-1.2227,0.9311,-0.23186,-0.12222
-0.51096,0.10734,-0.44989,-1.2228,0.93112,-0.232,-0.12194
-0.51109,0.1076,-0.45005,-1.2229,0.93137,-0.232,-0.12145
-0.51127,0.1079,-0.45023,-1.2231,0.93146,-0.23203,-0.12134
-0.51157,0.10822,-0.45046,-1.2233,0.93106,-0.23209,-0.12147
-0.51172,0.10857,-0.45088,-1.2234,0.93069,-0.23216,-0.12167
-0.5118,0.10836,-0.45139,-1.2237,0.9304,-0.2323,-0.12175
-0.51182,0.10834,-0.45178,-1.224,0.93017,-0.23225,-0.12183
-0.51193,0.10909,-0.45223,-1.2239,0.93007,-0.2324,-0.12202
-0.51194,0.10951,-0.45242,-1.2239,0.93013,-0.23244,-0.12212
-0.51208,0.10957,-0.45229,-1.2237,0.93015,-0.23261,-0.12208
-0.51219,0.10945,-0.45215,-1.2237,0.93024,-0.23258,-0.12175
-0.51233,0.1094,-0.45196,-1.2237,0.93022,-0.23264,-0.12144
-0.5124,0.10932,-0.45221,-1.2236,0.93035,-0.23273,-0.12122
-0.5123,0.10933,-0.45231,-1.2235,0.93034,-0.23273,-0.12106
-0.51224,0.10929,-0.45244,-1.2235,0.93025,-0.23293,-0.12099
-0.51188,0.10979,-0.45268,-1.2233,0.93026,-0.23273,-0.12062
-0.51181,0.11016,-0.45281,-1.2231,0.93029,-0.23285,-0.12044
-0.51171,0.11057,-0.4527,-1.2228,0.9304,-0.23278,-0.12054
-0.51167,0.11105,-0.45281,-1.2222,0.9307,-0.23295,-0.12059
-0.51179,0.11183,-0.45324,-1.2215,0.93102,-0.23294,-0.12065
-0.51167,0.11251,-0.45388,-1.2205,0.93165,-0.23289,-0.12061
-0.51182,0.11331,-0.45471,-1.2197,0.9323,-0.23286,-0.12044
-0.5121,0.11415,-0.4558,-1.219,0.93255,-0.23283,-0.12026
-0.51244,0.11503,-0.45674,-1.2183,0.93287,-0.23297,-0.11988
-0.51292,0.11577,-0.45745,-1.2179,0.93295,-0.23298,-0.11961
-0.51339,0.11695,-0.45812,-1.2172,0.93305,-0.23314,-0.11939
-0.51379,0.11812,-0.45842,-1.2167,0.93311,-0.23307,-0.11938
-0.5143,0.11931,-0.45839,-1.216,0.93303,-0.23303,-0.11959
-0.51473,0.12065,-0.45822,-1.2152,0.93308,-0.23292,-0.1199
-0.51522,0.12182,-0.45799,-1.2145,0.93296,-0.23295,-0.12006
-0.51562,0.12298,-0.4578,-1.2136,0.93296,-0.23303,-0.12023
-0.51567,0.12421,-0.45767,-1.2128,0.9333,-0.23294,-0.12017
-0.51583,0.12537,-0.45756,-1.2119,0.93354,-0.23299,-0.11979
-0.51613,0.12645,-0.45746,-1.2111,0.93377,-0.23309,-0.11906
-0.51627,0.12751,-0.45741,-1.2102,0.93404,-0.23301,-0.11843
-0.51646,0.12841,-0.45764,-1.2094,0.93447,-0.23293,-0.11818
-0.51684,0.12962,-0.45774,-1.2086,0.93443,-0.23291,-0.11837
-0.51705,0.13076,-0.45778,-1.2076,0.93438,-0.2328,-0.1188
-0.51716,0.13202,-0.45774,-1.2066,0.93415,-0.23267,-0.1195
-0.51724,0.13301,-0.45786,-1.2056,0.93369,-0.23261,-0.12039
-0.51719,0.13386,-0.45784,-1.2043,0.93342,-0.23265,-0.1208
-0.51676,0.13467,-0.45764,-1.203,0.93361,-0.2326,-0.12112
-0.51636,0.13571,-0.45753,-1.2014,0.93391,-0.23254,-0.12102
-0.51575,0.13669,-0.45711,-1.1998,0.9343,-0.23267,-0.12091
-0.51478,0.13777,-0.4566,-1.1981,0.93495,-0.23253,-0.12063
-0.51379,0.13884,-0.45616,-1.1962,0.93542,-0.23266,-0.12054
-0.51269,0.14022,-0.45564,-1.194,0.93601,-0.23273,-0.12048
-0.51152,0.14145,-0.45503,-1.192,0.93645,-0.23289,-0.1212
-0.5108,0.14283,-0.45472,-1.1897,0.93756,-0.23277,-0.12151
-0.5101,0.14377,-0.45408,-1.1879,0.9385,-0.23284,-0.12212
-0.50946,0.14463,-0.45327,-1.1862,0.93987,-0.23285,-0.12263
-0.50886,0.14568,-0.45217,-1.1846,0.94135,-0.23304,-0.12266
-0.50814,0.14692,-0.45099,-1.1828,0.94289,-0.23324,-0.12241
-0.50753,0.14837,-0.44938,-1.181,0.94413,-0.23332,-0.12191
-0.50675,0.15013,-0.44791,-1.1787,0.94541,-0.23355,-0.12123
-0.50577,0.15205,-0.44636,-1.1766,0.94645,-0.23365,-0.12079
-0.50484,0.15414,-0.44483,-1.1744,0.94751,-0.23384,-0.12058
-0.50404,0.15635,-0.44302,-1.1723,0.94852,-0.23388,-0.12069
-0.50328,0.15858,-0.44146,-1.1703,0.94982,-0.23381,-0.12095
-0.50264,0.16067,-0.43976,-1.1685,0.95106,-0.23364,-0.12082
-0.50206,0.16292,-0.4383,-1.1666,0.95242,-0.2336,-0.12077
-0.50129,0.16491,-0.4367,-1.1649,0.95371,-0.23345,-0.12094
-0.50067,0.16724,-0.43522,-1.1629,0.95496,-0.23347,-0.12089
-0.49996,0.16941,-0.43393,-1.1608,0.95622,-0.23342,-0.12048
-0.49934,0.17157,-0.43301,-1.1588,0.95725,-0.23368,-0.1203
-0.49869,0.1739,-0.43241,-1.1565,0.95847,-0.23379,-0.11974
-0.49848,0.17621,-0.43213,-1.1543,0.9595,-0.23397,-0.11946
-0.49798,0.17868,-0.43203,-1.1522,0.96097,-0.234,-0.11928
-0.49785,0.1812,-0.43199,-1.1501,0.96236,-0.23394,-0.11903
-0.49766,0.18399,-0.43227,-1.148,0.96374,-0.2338,-0.11883
-0.49752,0.18677,-0.4321,-1.146,0.96495,-0.23392,-0.11863
-0.49731,0.18959,-0.43148,-1.144,0.96579,-0.23376,-0.11825
-0.49685,0.19247,-0.43075,-1.142,0.96685,-0.23369,-0.11795
-0.4963,0.19541,-0.42964,-1.14,0.96779,-0.23359,-0.11779
-0.49563,0.19847,-0.42845,-1.1376,0.96909,-0.23362,-0.11738
-0.49487,0.20135,-0.42709,-1.1356,0.97035,-0.23361,-0.11726
-0.49429,0.20435,-0.4257,-1.1335,0.97159,-0.23343,-0.11713
-0.49368,0.20704,-0.42438,-1.1317,0.97281,-0.23337,-0.11725
-0.49319,0.20991,-0.42317,-1.13,0.97385,-0.2332,-0.11757
-0.49277,0.21298,-0.42208,-1.1282,0.97471,-0.23314,-0.1176
-0.49251,0.21608,-0.42144,-1.126,0.97583,-0.23318,-0.11726
-0.49249,0.21926,-0.42123,-1.1238,0.97679,-0.23317,-0.11694
-0.4923,0.22239,-0.42087,-1.1214,0.97794,-0.23328,-0.11634
-0.49229,0.22529,-0.42076,-1.1188,0.97915,-0.23333,-0.11577
-0.49215,0.22815,-0.42053,-1.116,0.98044,-0.23334,-0.11537
-0.49209,0.23074,-0.42006,-1.1133,0.9819,-0.23332,-0.11539
-0.49175,0.23324,-0.4194,-1.1106,0.98365,-0.23318,-0.11544
-0.49163,0.23552,-0.41834,-1.1081,0.98534,-0.23304,-0.11601
-0.49145,0.23767,-0.41747,-1.1056,0.98712,-0.23274,-0.11674
-0.49122,0.23992,-0.41647,-1.1033,0.98863,-0.23285,-0.11719
-0.49124,0.24237,-0.41573,-1.1007,0.98988,-0.23296,-0.11702
-0.49118,0.24487,-0.4151,-1.0983,0.9908,-0.23312,-0.11625
-0.49127,0.2477,-0.41462,-1.0958,0.99154,-0.23316,-0.11534
-0.49126,0.2504,-0.4145,-1.0932,0.99231,-0.23318,-0.11441
-0.49114,0.25277,-0.41434,-1.0905,0.9932,-0.2333,-0.11362
-0.49088,0.25478,-0.41412,-1.0876,0.99465,-0.23349,-0.11289
-0.49022,0.25711,-0.41382,-1.0847,0.99639,-0.23332,-0.11275
-0.48969,0.25997,-0.41355,-1.0813,0.99845,-0.23332,-0.1127
-0.48916,0.26238,-0.41292,-1.0776,1.0006,-0.23319,-0.11296
-0.48839,0.2647,-0.41194,-1.0737,1.0028,-0.23317,-0.11349
-0.48736,0.2671,-0.41089,-1.0694,1.0052,-0.23326,-0.11392
-0.48673,0.26977,-0.41009,-1.0653,1.0072,-0.23342,-0.11407
-0.48595,0.27253,-0.40942,-1.0611,1.0096,-0.23366,-0.11368
-0.48537,0.27523,-0.409,-1.0573,1.0115,-0.23399,-0.1132
-0.48464,0.27826,-0.40882,-1.0534,1.0137,-0.23416,-0.11253
-0.48398,0.28126,-0.40874,-1.0495,1.0159,-0.23438,-0.1122
-0.48314,0.28386,-0.40842,-1.0458,1.0179,-0.23449,-0.11181
-0.4818,0.28631,-0.40739,-1.0417,1.0198,-0.23453,-0.11176
-0.48046,0.2888,-0.40666,-1.0374,1.0218,-0.23462,-0.11197
-0.47882,0.29126,-0.4055,-1.033,1.0238,-0.23465,-0.11226
-0.4773,0.29406,-0.40458,-1.0282,1.0265,-0.23471,-0.11238
-0.47564,0.29708,-0.40358,-1.0234,1.0295,-0.23486,-0.11248
-0.47395,0.30023,-0.40271,-1.0188,1.0328,-0.2351,-0.11255
-0.47234,0.3034,-0.40185,-1.0142,1.036,-0.23544,-0.11254
-0.47089,0.30677,-0.40095,-1.0099,1.0389,-0.23564,-0.11222
-0.4696,0.30969,-0.40008,-1.0059,1.0414,-0.23575,-0.11214
-0.46809,0.31243,-0.39901,-1.0022,1.0439,-0.23574,-0.11204
-0.4667,0.31474,-0.39792,-0.99898,1.0459,-0.23579,-0.11213
-0.46507,0.31685,-0.39638,-0.99592,1.0475,-0.23585,-0.1119
-0.46365,0.31881,-0.39518,-0.993,1.0489,-0.23586,-0.1116
-0.46221,0.32088,-0.39454,-0.98976,1.0505,-0.23592,-0.11129
-0.46061,0.32323,-0.39409,-0.98627,1.0525,-0.23628,-0.111
-0.45884,0.32561,-0.39376,-0.98259,1.0547,-0.2365,-0.11054
-0.45701,0.32843,-0.3934,-0.97852,1.0571,-0.23663,-0.11013
-0.45526,0.33132,-0.39296,-0.97427,1.0597,-0.23682,-0.11007
-0.45372,0.33421,-0.39234,-0.97025,1.0622,-0.23697,-0.11043
-0.45232,0.33691,-0.39165,-0.96623,1.0644,-0.23721,-0.11099
-0.45108,0.33967,-0.39083,-0.96232,1.0665,-0.23739,-0.11138
-0.44984,0.34245,-0.39031,-0.95843,1.0687,-0.23744,-0.11173
-0.44893,0.34514,-0.38968,-0.95446,1.0708,-0.23763,-0.11167
-0.44788,0.34784,-0.38896,-0.95066,1.0727,-0.23794,-0.11169
-0.44676,0.35035,-0.38827,-0.94688,1.0745,-0.23831,-0.11163
-0.44553,0.35306,-0.38746,-0.94322,1.0763,-0.23848,-0.11145
-0.44438,0.35611,-0.38645,-0.93953,1.0779,-0.23855,-0.1112
-0.44336,0.35933,-0.38532,-0.93601,1.0793,-0.23856,-0.11098
-0.44218,0.36246,-0.38394,-0.93277,1.0809,-0.23873,-0.11121
-0.44112,0.36546,-0.38243,-0.92967,1.0824,-0.23884,-0.11163
-0.44019,0.36827,-0.38085,-0.92688,1.0837,-0.23886,-0.11224
-0.43957,0.37118,-0.37963,-0.92387,1.0849,-0.23896,-0.11249
-0.43938,0.37441,-0.37864,-0.92112,1.0859,-0.23915,-0.11234
-0.43888,0.37765,-0.37776,-0.91822,1.0869,-0.23944,-0.11207
-0.43851,0.38097,-0.37724,-0.91515,1.0877,-0.23964,-0.11124
-0.43822,0.38458,-0.3768,-0.91185,1.0886,-0.23998,-0.1106
-0.43784,0.38829,-0.37637,-0.90849,1.0899,-0.24054,-0.10972
-0.43731,0.39223,-0.37583,-0.90505,1.0915,-0.24099,-0.10881
-0.43688,0.39607,-0.37545,-0.90172,1.0932,-0.24091,-0.10889
-0.4365,0.39991,-0.37489,-0.89823,1.0949,-0.24159,-0.10769
-0.43624,0.40367,-0.37452,-0.89487,1.0967,-0.24154,-0.10765
-0.43593,0.40712,-0.37376,-0.89162,1.0983,-0.2416,-0.10753
-0.43559,0.41079,-0.37291,-0.88854,1.0995,-0.24156,-0.10783
-0.4351,0.41418,-0.37213,-0.88579,1.1007,-0.24193,-0.10833
-0.4345,0.41741,-0.37127,-0.88326,1.1017,-0.24211,-0.10862
-0.43416,0.42046,-0.37052,-0.88107,1.1024,-0.24209,-0.10852
-0.43388,0.42319,-0.36998,-0.87904,1.1028,-0.2424,-0.10826
-0.43363,0.42596,-0.36998,-0.87696,1.1037,-0.24249,-0.10767
-0.4335,0.42896,-0.37026,-0.8746,1.1045,-0.2426,-0.10692
-0.43329,0.43187,-0.37064,-0.87232,1.1055,-0.24264,-0.10663
-0.43308,0.43502,-0.37112,-0.86979,1.1066,-0.24244,-0.10638
-0.43278,0.43811,-0.37125,-0.86731,1.1077,-0.24229,-0.1064
-0.43256,0.44108,-0.37157,-0.86497,1.1088,-0.24232,-0.10658
-0.43229,0.4442,-0.37156,-0.86251,1.1101,-0.24209,-0.1065
-0.43215,0.44701,-0.37137,-0.86028,1.111,-0.24214,-0.10658
-0.43209,0.44973,-0.37136,-0.8579,1.112,-0.24196,-0.10624
-0.43217,0.44972,-0.37157,-0.85841,1.112,-0.24216,-0.10596
-0.43196,0.45228,-0.37129,-0.85626,1.1129,-0.24223,-0.10575
-0.43149,0.45751,-0.37024,-0.85159,1.1142,-0.24244,-0.1055
-0.43135,0.46006,-0.3699,-0.84951,1.1153,-0.24245,-0.10533
-0.43141,0.46011,-0.37025,-0.84982,1.1156,-0.24237,-0.10539
-0.43107,0.46261,-0.36961,-0.84771,1.1163,-0.2424,-0.10533
-0.43087,0.46495,-0.3692,-0.84551,1.117,-0.24227,-0.10504
-0.43052,0.46715,-0.36883,-0.84323,1.1177,-0.24247,-0.1045
-0.4301,0.46933,-0.36851,-0.8409,1.1184,-0.24266,-0.10386
-0.42964,0.47151,-0.368,-0.83826,1.1193,-0.24288,-0.10325
-0.42925,0.4737,-0.36785,-0.83545,1.1204,-0.24326,-0.10284
-0.42879,0.47579,-0.36736,-0.83261,1.1213,-0.24351,-0.10247
-0.42831,0.47789,-0.36706,-0.82993,1.1224,-0.24356,-0.10233
-0.4277,0.47973,-0.36688,-0.82748,1.1235,-0.24351,-0.10248
-0.42735,0.48151,-0.36689,-0.82494,1.1247,-0.24342,-0.10272
-0.42689,0.48321,-0.36706,-0.82245,1.1259,-0.24345,-0.10331
-0.42658,0.48517,-0.36799,-0.81959,1.1274,-0.24367,-0.10401
-0.42613,0.4876,-0.36875,-0.81665,1.1287,-0.24392,-0.10434
-0.42575,0.49004,-0.36969,-0.81347,1.1301,-0.24435,-0.1043
-0.42523,0.4921,-0.37031,-0.81048,1.1313,-0.24474,-0.1042
-0.42453,0.49364,-0.37106,-0.80774,1.1328,-0.24513,-0.10415
-0.42376,0.49511,-0.37175,-0.8052,1.1343,-0.24543,-0.10414
-0.42292,0.49648,-0.37262,-0.8027,1.136,-0.2455,-0.10429
-0.42214,0.49795,-0.37354,-0.80058,1.1378,-0.24538,-0.10496
-0.42132,0.4993,-0.37428,-0.79815,1.1395,-0.24529,-0.10557
-0.42085,0.50047,-0.37545,-0.79595,1.141,-0.24509,-0.10586
-0.42044,0.5011,-0.37606,-0.79389,1.1419,-0.24515,-0.10581
-0.4202,0.50196,-0.37675,-0.79244,1.1426,-0.24497,-0.10533
-0.41998,0.50275,-0.37771,-0.79081,1.1433,-0.24505,-0.10466
-0.41983,0.50393,-0.37876,-0.78935,1.1441,-0.24528,-0.10379
-0.41925,0.50498,-0.37887,-0.78788,1.1449,-0.24543,-0.10301
-0.41875,0.50686,-0.37907,-0.78625,1.1456,-0.24568,-0.10244
-0.41805,0.50864,-0.37896,-0.78454,1.1463,-0.246,-0.1023
-0.417,0.50935,-0.37772,-0.78265,1.147,-0.24627,-0.10224
-0.416,0.50971,-0.37646,-0.78089,1.1476,-0.24661,-0.10235
-0.41556,0.51082,-0.37588,-0.77872,1.1483,-0.24674,-0.10228
-0.41486,0.51116,-0.37449,-0.77679,1.149,-0.24686,-0.10248
-0.41428,0.51139,-0.37322,-0.77471,1.1495,-0.24702,-0.10258
-0.41383,0.51233,-0.37252,-0.77303,1.1504,-0.24713,-0.10258
-0.41367,0.51329,-0.3721,-0.77147,1.1513,-0.24705,-0.10239
-0.41354,0.51386,-0.37156,-0.77031,1.152,-0.24715,-0.10237
-0.41368,0.51462,-0.37162,-0.76909,1.1529,-0.24701,-0.10252
-0.41399,0.51573,-0.37216,-0.76758,1.1535,-0.24713,-0.10292
-0.41432,0.51623,-0.37262,-0.7661,1.1541,-0.24723,-0.10312
-0.41439,0.51685,-0.37288,-0.76464,1.1544,-0.24725,-0.10337
-0.41441,0.51741,-0.37301,-0.76334,1.1545,-0.24733,-0.10356
-0.41427,0.518,-0.37293,-0.76205,1.1544,-0.24745,-0.10349
-0.41412,0.5186,-0.37288,-0.76093,1.1543,-0.24752,-0.10325
-0.41388,0.51932,-0.3726,-0.76031,1.1541,-0.24742,-0.10321
-0.41372,0.51962,-0.37238,-0.76028,1.1538,-0.24714,-0.10378
-0.41352,0.52004,-0.37208,-0.76018,1.1538,-0.24687,-0.10435
-0.41356,0.52039,-0.37221,-0.75993,1.1541,-0.24663,-0.10462
-0.41352,0.52063,-0.37227,-0.75988,1.1545,-0.24624,-0.10495
-0.41352,0.52089,-0.37219,-0.75961,1.1548,-0.24599,-0.10494
-0.41346,0.52094,-0.37205,-0.75946,1.1548,-0.24606,-0.10489
-0.41357,0.52124,-0.37206,-0.75922,1.1548,-0.24618,-0.10448
-0.41354,0.52096,-0.37151,-0.75934,1.1544,-0.24628,-0.10435
-0.41343,0.52054,-0.37095,-0.75925,1.1542,-0.2465,-0.10417
-0.41341,0.52043,-0.37075,-0.75911,1.1541,-0.24654,-0.10385
-0.4133,0.5207,-0.37076,-0.75887,1.1542,-0.24659,-0.10366
-0.4131,0.52114,-0.37063,-0.75865,1.1544,-0.24647,-0.1034
-0.41297,0.52134,-0.37064,-0.75855,1.1545,-0.24638,-0.1035
-0.41291,0.52158,-0.3705,-0.75852,1.1543,-0.24648,-0.10391
-0.41298,0.5217,-0.37042,-0.7585,1.1541,-0.24636,-0.10413
-0.41296,0.52209,-0.37024,-0.75838,1.1539,-0.24637,-0.10424
-0.41304,0.52241,-0.37051,-0.75808,1.1537,-0.24636,-0.10405
-0.41297,0.52281,-0.37071,-0.75787,1.1537,-0.24639,-0.10389
-0.41299,0.52327,-0.37091,-0.75763,1.1537,-0.2464,-0.10372
-0.41309,0.52369,-0.3715,-0.75728,1.1539,-0.24653,-0.10348
-0.41327,0.52401,-0.37207,-0.75706,1.154,-0.24655,-0.10325
-0.41342,0.52429,-0.37254,-0.7569,1.1541,-0.24669,-0.10319
-0.41338,0.52502,-0.37266,-0.75649,1.1542,-0.24669,-0.10298
-0.41342,0.52579,-0.3724,-0.75655,1.1537,-0.24647,-0.10311
-0.41338,0.5263,-0.37213,-0.75671,1.1531,-0.24635,-0.10324
-0.41338,0.5263,-0.37213,-0.75687,1.1528,-0.24608,-0.10317
-0.41363,0.5264,-0.37236,-0.75697,1.1522,-0.24586,-0.10289
-0.41388,0.5266,-0.37256,-0.75743,1.1515,-0.24575,-0.10263
-0.41413,0.52622,-0.3728,-0.75804,1.1508,-0.24548,-0.1023
-0.41432,0.52589,-0.37305,-0.75872,1.15,-0.24542,-0.1026
-0.41456,0.52551,-0.37349,-0.7594,1.1498,-0.24533,-0.10262
-0.41497,0.52519,-0.37388,-0.76017,1.1495,-0.24522,-0.10261
-0.41533,0.52491,-0.37409,-0.76095,1.1493,-0.24517,-0.10236
-0.41553,0.52472,-0.37347,-0.76184,1.1485,-0.24507,-0.10217
-0.41571,0.52448,-0.373,-0.76247,1.1478,-0.24507,-0.10214
-0.41579,0.52441,-0.37212,-0.76317,1.1471,-0.24512,-0.10223
-0.41555,0.52409,-0.37097,-0.76391,1.1462,-0.24513,-0.10225
-0.41514,0.52363,-0.36947,-0.76477,1.1456,-0.24514,-0.10223
-0.41479,0.52307,-0.36758,-0.7657,1.1448,-0.24514,-0.10233
-0.41425,0.52247,-0.36621,-0.76651,1.1442,-0.24491,-0.1024
-0.41391,0.52175,-0.36531,-0.76729,1.1436,-0.24459,-0.10253
-0.41386,0.52083,-0.36508,-0.76804,1.143,-0.2445,-0.10267
-0.41373,0.5197,-0.36485,-0.76894,1.1422,-0.24435,-0.10288
-0.41385,0.51834,-0.36494,-0.76966,1.1416,-0.24412,-0.10275
-0.41411,0.51711,-0.36561,-0.77038,1.1413,-0.24397,-0.10244
-0.41473,0.51587,-0.36669,-0.77131,1.141,-0.24396,-0.10234
-0.41516,0.51469,-0.36762,-0.77231,1.1413,-0.24385,-0.10217
-0.41551,0.51347,-0.36817,-0.77345,1.1414,-0.24372,-0.10203
-0.41562,0.51224,-0.3685,-0.77487,1.1414,-0.24379,-0.10205
-0.41557,0.51106,-0.36823,-0.77633,1.1411,-0.2436,-0.10222
-0.41532,0.50966,-0.36759,-0.77798,1.1405,-0.2434,-0.10235
-0.41518,0.5084,-0.36644,-0.77972,1.1394,-0.2434,-0.10282
-0.41478,0.507,-0.36507,-0.7813,1.1385,-0.24325,-0.10308
-0.41477,0.50541,-0.36381,-0.78279,1.1372,-0.24314,-0.10317
-0.41473,0.50389,-0.36231,-0.78448,1.1357,-0.24302,-0.10318
-0.41483,0.50227,-0.36118,-0.78587,1.1343,-0.24295,-0.10293
-0.41484,0.50065,-0.36033,-0.78733,1.1335,-0.24291,-0.10269
-0.41511,0.4991,-0.35996,-0.78888,1.1327,-0.24272,-0.10265
-0.41544,0.49773,-0.36006,-0.79046,1.1321,-0.24265,-0.10273
-0.416,0.49667,-0.3605,-0.79185,1.1317,-0.24238,-0.1029
-0.41675,0.49543,-0.36168,-0.79318,1.1314,-0.24203,-0.10315
-0.41766,0.49393,-0.36306,-0.7945,1.1312,-0.24164,-0.10366
-0.41859,0.49233,-0.36432,-0.79602,1.1308,-0.24131,-0.10446
-0.41955,0.49096,-0.36535,-0.79751,1.1301,-0.24083,-0.10515
-0.42056,0.48991,-0.36585,-0.79928,1.1288,-0.24054,-0.10586
-0.42127,0.48852,-0.36585,-0.80128,1.1276,-0.23999,-0.10638
-0.42182,0.48671,-0.36524,-0.80348,1.1259,-0.23971,-0.10704
-0.42214,0.48464,-0.36438,-0.8059,1.1242,-0.23931,-0.10752
-0.4223,0.48265,-0.36354,-0.80861,1.1228,-0.2391,-0.10781
-0.4226,0.48088,-0.36286,-0.81134,1.1213,-0.23903,-0.108
-0.42294,0.47907,-0.36254,-0.81414,1.1201,-0.23867,-0.10802
-0.42341,0.47766,-0.3625,-0.81691,1.1189,-0.23836,-0.10809
-0.42394,0.47655,-0.36273,-0.81953,1.1175,-0.23816,-0.10827
-0.42446,0.47517,-0.36268,-0.82218,1.1161,-0.23781,-0.10847
-0.42484,0.47343,-0.36251,-0.82449,1.1146,-0.23741,-0.10846
-0.42507,0.47136,-0.36237,-0.82696,1.1131,-0.23698,-0.10878
-0.4253,0.46897,-0.3619,-0.82949,1.1117,-0.23682,-0.10911
-0.42543,0.4667,-0.36183,-0.83197,1.1104,-0.23656,-0.10937
-0.42577,0.46469,-0.36232,-0.8345,1.1093,-0.2364,-0.10958
-0.42596,0.46303,-0.3633,-0.83687,1.1088,-0.23607,-0.10937
-0.42615,0.46157,-0.36418,-0.83919,1.1083,-0.23571,-0.10902
-0.42668,0.46018,-0.36552,-0.8413,1.1078,-0.23538,-0.10862
-0.42751,0.45902,-0.36689,-0.84324,1.1072,-0.23518,-0.10857
-0.42805,0.45774,-0.36786,-0.84497,1.1065,-0.235,-0.10869
-0.42861,0.45644,-0.36853,-0.84658,1.1056,-0.23492,-0.109
-0.42906,0.45524,-0.36864,-0.84826,1.1048,-0.23483,-0.10948
-0.42944,0.45382,-0.36868,-0.85003,1.1039,-0.23454,-0.10986
-0.42978,0.45241,-0.36852,-0.85184,1.1033,-0.23425,-0.1102
-0.42979,0.451,-0.36825,-0.85379,1.1029,-0.23393,-0.11049
-0.43002,0.44971,-0.36834,-0.85563,1.1023,-0.23358,-0.11056
-0.43019,0.44844,-0.36836,-0.85748,1.1016,-0.23367,-0.11046
-0.43045,0.44701,-0.36863,-0.8594,1.1007,-0.23356,-0.11012
-0.43084,0.44576,-0.36904,-0.86118,1.0999,-0.23349,-0.10992
-0.4313,0.44445,-0.36957,-0.86292,1.0991,-0.23351,-0.10975
-0.43171,0.44322,-0.36995,-0.86461,1.0984,-0.23342,-0.10995
-0.43238,0.4419,-0.37056,-0.86664,1.0977,-0.23312,-0.11043
-0.43283,0.44038,-0.37113,-0.86855,1.0973,-0.23286,-0.11087
-0.43305,0.43829,-0.37168,-0.8706,1.0969,-0.23262,-0.11148
-0.43344,0.43611,-0.3722,-0.87245,1.0963,-0.23206,-0.11171
-0.43386,0.43407,-0.37281,-0.87441,1.0958,-0.232,-0.11142
-0.43456,0.4325,-0.37357,-0.87615,1.0952,-0.23193,-0.11129
-0.43499,0.43101,-0.37377,-0.87812,1.0946,-0.23202,-0.11085
-0.4356,0.42949,-0.37392,-0.88006,1.0939,-0.23192,-0.11026
-0.43609,0.42806,-0.37371,-0.88192,1.093,-0.23203,-0.10966
-0.43659,0.42632,-0.3734,-0.88424,1.0918,-0.23179,-0.10953
-0.43693,0.42444,-0.37321,-0.88656,1.0906,-0.23152,-0.10933
-0.43709,0.42245,-0.37308,-0.88908,1.0893,-0.23114,-0.10935
-0.43752,0.42047,-0.37306,-0.89148,1.0881,-0.23086,-0.10973
-0.43799,0.41827,-0.37343,-0.89371,1.0871,-0.23072,-0.10978
-0.43868,0.41615,-0.37385,-0.89591,1.0863,-0.23056,-0.10955
-0.43921,0.4141,-0.37441,-0.8978,1.0856,-0.23052,-0.10907
-0.44007,0.41214,-0.37509,-0.89968,1.0847,-0.23047,-0.10862
-0.44073,0.41056,-0.37564,-0.90169,1.0836,-0.23038,-0.10841
-0.44127,0.40903,-0.37606,-0.90357,1.0827,-0.23025,-0.10853
-0.44174,0.40762,-0.37645,-0.90545,1.0816,-0.23005,-0.10892
-0.44221,0.40609,-0.37671,-0.90751,1.0805,-0.22986,-0.10921
-0.44255,0.40459,-0.37695,-0.9094,1.0794,-0.22969,-0.10935
-0.44281,0.40294,-0.37711,-0.91154,1.0782,-0.22954,-0.10941
-0.44311,0.40142,-0.37733,-0.91343,1.0773,-0.22938,-0.10935
-0.44346,0.39964,-0.37774,-0.91546,1.0763,-0.22921,-0.10929
-0.44389,0.39781,-0.37791,-0.91736,1.0755,-0.22922,-0.10929
-0.4441,0.39601,-0.37809,-0.91919,1.0748,-0.22914,-0.10931
-0.44452,0.39421,-0.37815,-0.92109,1.0739,-0.22898,-0.1094
-0.44491,0.39271,-0.37817,-0.92284,1.0732,-0.22891,-0.10947
-0.44516,0.3911,-0.37782,-0.92467,1.0722,-0.22882,-0.10948
-0.44543,0.38959,-0.37755,-0.92672,1.0713,-0.22856,-0.10938
-0.44574,0.38793,-0.37741,-0.92898,1.0704,-0.22861,-0.10967
-0.44595,0.38631,-0.37699,-0.9311,1.0693,-0.22854,-0.1101
-0.44608,0.38448,-0.37698,-0.93339,1.068,-0.22825,-0.1104
-0.44627,0.38269,-0.37688,-0.93577,1.0669,-0.22799,-0.11081
-0.44657,0.38097,-0.37704,-0.93803,1.0657,-0.22765,-0.11088
-0.44694,0.3792,-0.37726,-0.94034,1.0647,-0.22729,-0.11097
-0.44736,0.37735,-0.37765,-0.94249,1.064,-0.22715,-0.11102
-0.44777,0.37554,-0.37805,-0.94446,1.0631,-0.2272,-0.11087
-0.44829,0.37362,-0.37853,-0.9466,1.062,-0.2273,-0.11082
-0.44874,0.37182,-0.37895,-0.94884,1.0611,-0.22723,-0.11093
-0.44943,0.36989,-0.37944,-0.95091,1.0601,-0.22703,-0.11094
-0.44976,0.36795,-0.37961,-0.95335,1.0589,-0.22674,-0.11118
-0.45003,0.36615,-0.37979,-0.95555,1.0581,-0.22671,-0.11135
-0.45052,0.36448,-0.38036,-0.95762,1.0574,-0.22647,-0.11141
-0.45095,0.36285,-0.38076,-0.95982,1.0564,-0.2263,-0.11147
-0.45141,0.36102,-0.38124,-0.9619,1.0557,-0.22608,-0.11141
-0.45187,0.35924,-0.38166,-0.96394,1.0548,-0.2259,-0.11131
-0.45242,0.35726,-0.38196,-0.96587,1.0539,-0.22579,-0.11108
-0.45291,0.35542,-0.38221,-0.96759,1.0528,-0.2256,-0.11091
-0.45327,0.35355,-0.38262,-0.96937,1.0515,-0.22546,-0.11098
-0.45371,0.35163,-0.3833,-0.97108,1.0504,-0.22542,-0.11111
-0.45426,0.35005,-0.38397,-0.97276,1.0493,-0.2253,-0.11144
-0.45467,0.34855,-0.38473,-0.9743,1.0485,-0.2251,-0.11172
-0.45522,0.34727,-0.38532,-0.97586,1.0477,-0.22499,-0.11211
-0.45576,0.34619,-0.38578,-0.97764,1.0471,-0.22467,-0.11272
-0.4565,0.34505,-0.38652,-0.97924,1.0462,-0.22448,-0.11323
-0.45721,0.34355,-0.3873,-0.98106,1.0453,-0.22415,-0.11332
-0.45799,0.34203,-0.38798,-0.98276,1.0444,-0.22396,-0.11315
-0.45859,0.34067,-0.38829,-0.98476,1.0434,-0.22385,-0.11276
-0.4593,0.33952,-0.38841,-0.98689,1.0422,-0.22379,-0.11256
-0.45985,0.33799,-0.38806,-0.98927,1.0408,-0.22376,-0.11252
-0.46008,0.336,-0.38752,-0.99156,1.0393,-0.22378,-0.11223
-0.46039,0.33375,-0.38686,-0.99398,1.038,-0.2237,-0.11196
-0.46076,0.33169,-0.38658,-0.99641,1.0367,-0.22354,-0.1117
-0.46108,0.32983,-0.38658,-0.99868,1.0356,-0.2236,-0.11174
-0.46165,0.32798,-0.38689,-1.0009,1.0342,-0.22351,-0.11193
-0.46232,0.32676,-0.38737,-1.0027,1.033,-0.22322,-0.11205
-0.46294,0.32559,-0.38799,-1.0046,1.0319,-0.22302,-0.11238
-0.46338,0.3242,-0.38826,-1.0064,1.031,-0.22289,-0.11247
-0.46357,0.32236,-0.38816,-1.0085,1.0302,-0.22282,-0.11246
-0.46364,0.32015,-0.38786,-1.0107,1.0292,-0.22268,-0.11248
-0.46377,0.3181,-0.38771,-1.0128,1.0282,-0.22252,-0.11233
-0.46409,0.31597,-0.388,-1.0151,1.0272,-0.22245,-0.11219
-0.46445,0.31417,-0.38871,-1.0173,1.0262,-0.2221,-0.11188
-0.46509,0.31242,-0.38978,-1.0195,1.0254,-0.22201,-0.11223
-0.46581,0.31091,-0.39097,-1.0217,1.0246,-0.22169,-0.11148
-0.46644,0.30943,-0.39189,-1.0238,1.0238,-0.22169,-0.11133
-0.46646,0.30958,-0.39197,-1.0241,1.0236,-0.22162,-0.11135
-0.46751,0.30672,-0.39332,-1.0274,1.0221,-0.22146,-0.11144
-0.46783,0.30539,-0.39345,-1.0292,1.0211,-0.22123,-0.11124
-0.46802,0.30396,-0.39363,-1.0309,1.0201,-0.22106,-0.11116
-0.46799,0.30265,-0.39364,-1.0327,1.0193,-0.22083,-0.11133
-0.46796,0.30138,-0.39379,-1.034,1.0184,-0.22141,-0.11142
-0.46792,0.3,-0.39419,-1.0357,1.0176,-0.22128,-0.11154
-0.46812,0.2981,-0.39479,-1.0374,1.0169,-0.22102,-0.11114
-0.46856,0.29651,-0.39581,-1.0389,1.0164,-0.22082,-0.11086
-0.4691,0.29481,-0.39718,-1.0404,1.016,-0.22079,-0.11071
-0.46962,0.29352,-0.39869,-1.0416,1.0158,-0.22053,-0.11081
-0.47033,0.29246,-0.40013,-1.0428,1.0154,-0.22051,-0.11086
-0.47091,0.29146,-0.40133,-1.0437,1.015,-0.22054,-0.11077
-0.47135,0.29051,-0.40224,-1.0445,1.0147,-0.22054,-0.11049
-0.47155,0.28939,-0.40286,-1.0451,1.0143,-0.22063,-0.1099
-0.47172,0.28793,-0.4033,-1.0458,1.0136,-0.22065,-0.10977
-0.47171,0.28617,-0.40355,-1.0466,1.013,-0.22075,-0.10984
-0.47179,0.28473,-0.40379,-1.0474,1.0124,-0.22063,-0.10982
-0.472,0.28358,-0.40429,-1.0481,1.0122,-0.22062,-0.10999
-0.47202,0.28373,-0.40437,-1.0478,1.0124,-0.22041,-0.11032
-0.47226,0.28258,-0.4048,-1.0486,1.0121,-0.22042,-0.11075
-0.47245,0.2815,-0.40513,-1.0495,1.0116,-0.22011,-0.11132
-0.47253,0.28029,-0.40557,-1.0507,1.0113,-0.21973,-0.11191
-0.47274,0.27913,-0.40617,-1.0516,1.011,-0.21958,-0.11189
-0.47294,0.27811,-0.40673,-1.0518,1.0103,-0.2196,-0.11154
-0.47303,0.27714,-0.40716,-1.0525,1.0098,-0.21949,-0.11123
-0.47323,0.27603,-0.40757,-1.0536,1.0095,-0.21943,-0.11112
-0.47314,0.27511,-0.40788,-1.0541,1.0091,-0.21942,-0.11071
-0.47306,0.27428,-0.40817,-1.0549,1.0088,-0.21954,-0.1104
-0.47287,0.27332,-0.40816,-1.0554,1.0084,-0.21965,-0.11031
-0.47257,0.27254,-0.40792,-1.0566,1.008,-0.21964,-0.11049
-0.47222,0.27186,-0.40779,-1.0577,1.0078,-0.21944,-0.1109
-0.47186,0.27121,-0.4076,-1.0588,1.0074,-0.21932,-0.11142
-0.47154,0.27078,-0.40749,-1.0592,1.0073,-0.21931,-0.11133
-0.47133,0.27016,-0.40749,-1.0601,1.007,-0.21926,-0.11117
-0.47102,0.26949,-0.40748,-1.061,1.0067,-0.21919,-0.11098
-0.4709,0.26884,-0.40785,-1.062,1.0066,-0.2193,-0.11095
-0.4709,0.26832,-0.408,-1.0628,1.0061,-0.21934,-0.11076
-0.47089,0.26776,-0.4084,-1.0634,1.0057,-0.21935,-0.11044
-0.47104,0.26741,-0.40901,-1.0639,1.0051,-0.21922,-0.11
-0.47102,0.26702,-0.40957,-1.0645,1.0049,-0.21919,-0.1099
-0.47109,0.26684,-0.4102,-1.0651,1.0048,-0.21926,-0.1102
-0.47095,0.26686,-0.41039,-1.0656,1.0047,-0.21928,-0.11039
-0.47069,0.26696,-0.4106,-1.0659,1.0044,-0.21944,-0.11046
-0.47056,0.26708,-0.41073,-1.0661,1.0043,-0.21955,-0.11022
-0.47033,0.26723,-0.41085,-1.0664,1.0043,-0.21951,-0.10997
-0.47032,0.26729,-0.41098,-1.0668,1.0042,-0.21932,-0.10984
-0.47012,0.26751,-0.41122,-1.0669,1.0043,-0.21938,-0.1097
-0.47004,0.26799,-0.41157,-1.0669,1.0044,-0.2195,-0.10978
-0.47006,0.26844,-0.41215,-1.067,1.0043,-0.21939,-0.10976
-0.47008,0.269,-0.41274,-1.067,1.0043,-0.21923,-0.1098
-0.47009,0.26979,-0.41333,-1.0669,1.0045,-0.21919,-0.11002
-0.47019,0.27039,-0.41412,-1.0669,1.0044,-0.2191,-0.11
-0.47023,0.2711,-0.41487,-1.0668,1.004,-0.21899,-0.10997
-0.47041,0.27191,-0.41546,-1.0667,1.0038,-0.2191,-0.11006
-0.47054,0.2724,-0.41585,-1.0668,1.0037,-0.2191,-0.10996
-0.47053,0.27306,-0.41605,-1.0667,1.0038,-0.21934,-0.10973
-0.47061,0.27384,-0.41605,-1.0668,1.0036,-0.21935,-0.10958
-0.47033,0.27473,-0.41568,-1.067,1.0036,-0.219,-0.10938
-0.47023,0.27544,-0.41527,-1.0671,1.0035,-0.21904,-0.10909
-0.46995,0.2762,-0.41495,-1.0672,1.0035,-0.21905,-0.10902
-0.4696,0.27705,-0.41455,-1.067,1.0036,-0.21913,-0.10903
-0.46947,0.27737,-0.41436,-1.0676,1.0033,-0.21891,-0.10922
-0.46942,0.27788,-0.41441,-1.0678,1.0032,-0.21896,-0.10952
-0.46949,0.27827,-0.41462,-1.068,1.0032,-0.21872,-0.10949
-0.46962,0.27841,-0.41473,-1.0683,1.0031,-0.21865,-0.10946
-0.46965,0.27856,-0.41481,-1.0683,1.0031,-0.21888,-0.10916
-0.46963,0.27872,-0.4147,-1.0684,1.0029,-0.21891,-0.10876
-0.46965,0.27935,-0.41459,-1.0688,1.0028,-0.21875,-0.10861
-0.46981,0.27987,-0.41428,-1.0689,1.0026,-0.2187,-0.1082
-0.46994,0.28061,-0.41423,-1.0689,1.0028,-0.21879,-0.10804
-0.46993,0.28104,-0.41402,-1.0688,1.0028,-0.21904,-0.10794
-0.46978,0.28123,-0.41359,-1.0692,1.0028,-0.21877,-0.10829
-0.4695,0.28153,-0.41335,-1.0693,1.0027,-0.21888,-0.10852
-0.46932,0.28205,-0.41289,-1.0694,1.0028,-0.21902,-0.10873
-0.4692,0.28219,-0.4123,-1.0696,1.0025,-0.21903,-0.10883
-0.46908,0.28194,-0.41148,-1.0697,1.0025,-0.21901,-0.10853
-0.46901,0.28145,-0.41091,-1.0696,1.0024,-0.21889,-0.10814
-0.46904,0.28083,-0.41038,-1.0696,1.0021,-0.21868,-0.10758
-0.46912,0.28019,-0.41012,-1.0695,1.0022,-0.21867,-0.10735
-0.46923,0.27927,-0.41014,-1.0696,1.0021,-0.2186,-0.10731
-0.46906,0.27866,-0.40999,-1.0695,1.002,-0.21872,-0.1075
-0.46892,0.27815,-0.40971,-1.0694,1.0022,-0.21883,-0.10777
-0.4688,0.27722,-0.40913,-1.0694,1.0022,-0.21873,-0.10796
-0.46852,0.27609,-0.40817,-1.0694,1.0023,-0.21861,-0.10787
-0.46834,0.275,-0.40721,-1.0692,1.0026,-0.21844,-0.10771
-0.46834,0.27384,-0.40631,-1.069,1.0029,-0.2185,-0.10775
-0.46813,0.27316,-0.40553,-1.0688,1.0033,-0.21875,-0.10781
-0.46813,0.27262,-0.40485,-1.0686,1.0037,-0.21868,-0.10757
-0.46817,0.27228,-0.40428,-1.0684,1.0038,-0.2187,-0.10731
-0.46837,0.27195,-0.40375,-1.0684,1.0037,-0.21876,-0.10713
-0.46842,0.27162,-0.40325,-1.0686,1.0036,-0.21879,-0.10716
-0.46837,0.27127,-0.4028,-1.0687,1.0034,-0.2188,-0.10713
-0.46825,0.27076,-0.40238,-1.0688,1.0033,-0.21871,-0.10712
-0.46825,0.27011,-0.40213,-1.0689,1.0033,-0.21873,-0.1072
-0.46806,0.26959,-0.40189,-1.0688,1.0037,-0.21893,-0.10733
-0.46811,0.26929,-0.40196,-1.0686,1.0041,-0.21884,-0.10725
-0.46811,0.26898,-0.40189,-1.0684,1.0045,-0.21887,-0.10731
-0.46808,0.26875,-0.40205,-1.0681,1.0049,-0.2189,-0.10739
-0.46799,0.26873,-0.40185,-1.0678,1.0051,-0.21905,-0.10725
-0.46813,0.26885,-0.40174,-1.0674,1.0052,-0.21899,-0.10682
-0.46808,0.26912,-0.40131,-1.0673,1.0052,-0.21901,-0.1067
-0.46828,0.26947,-0.40118,-1.0672,1.0051,-0.21917,-0.10694
-0.46825,0.2698,-0.4009,-1.0673,1.0051,-0.21923,-0.10712
-0.46823,0.27008,-0.40061,-1.0673,1.005,-0.21935,-0.10716
-0.46835,0.27043,-0.40035,-1.0673,1.0052,-0.21928,-0.10715
-0.46844,0.2704,-0.40033,-1.0671,1.0052,-0.21941,-0.10716
-0.46838,0.2702,-0.4001,-1.0668,1.0053,-0.21944,-0.10711
-0.46837,0.26993,-0.39983,-1.0665,1.0053,-0.21947,-0.10711
-0.46849,0.26977,-0.39975,-1.0662,1.0057,-0.21943,-0.10666
-0.46845,0.26993,-0.39963,-1.066,1.006,-0.21933,-0.10641
-0.46858,0.26989,-0.39946,-1.0657,1.0062,-0.21932,-0.10615
-0.46856,0.26986,-0.39928,-1.0655,1.0065,-0.21942,-0.10615
-0.46877,0.26966,-0.3993,-1.0655,1.0067,-0.21928,-0.10631
-0.46885,0.26952,-0.39921,-1.0654,1.0069,-0.21922,-0.10658
-0.46899,0.26943,-0.39925,-1.0654,1.007,-0.21929,-0.10705
-0.46919,0.2694,-0.39932,-1.0653,1.0069,-0.21932,-0.10723
-0.46923,0.26942,-0.39928,-1.065,1.0071,-0.21942,-0.10722
-0.46939,0.26927,-0.3991,-1.0649,1.0071,-0.2195,-0.10705
-0.46938,0.26901,-0.39875,-1.0648,1.007,-0.21956,-0.1067
-0.46948,0.2687,-0.39837,-1.0646,1.007,-0.21971,-0.10644
-0.46932,0.26859,-0.39784,-1.0644,1.0072,-0.21978,-0.10616
-0.46927,0.26837,-0.3975,-1.0644,1.0072,-0.21978,-0.10591
-0.46927,0.26823,-0.3973,-1.0646,1.0074,-0.21972,-0.10585
-0.46939,0.26798,-0.39724,-1.0645,1.0074,-0.2197,-0.10571
-0.46937,0.26791,-0.39737,-1.0645,1.0076,-0.21971,-0.10562
-0.46958,0.26778,-0.39777,-1.0644,1.0072,-0.21979,-0.10555
-0.46949,0.26773,-0.39816,-1.0641,1.0073,-0.2199,-0.10556
-0.46949,0.26764,-0.39835,-1.0639,1.0072,-0.22004,-0.10573
-0.46953,0.26758,-0.39864,-1.0635,1.0073,-0.22004,-0.10581
-0.46934,0.26732,-0.39845,-1.0632,1.0076,-0.21994,-0.10571
-0.46941,0.26725,-0.39817,-1.0629,1.0077,-0.22002,-0.10583
-0.46927,0.26704,-0.39801,-1.0626,1.008,-0.22,-0.10587
-0.46935,0.2667,-0.39791,-1.0623,1.0084,-0.22005,-0.10573
-0.46953,0.26653,-0.39799,-1.0621,1.0087,-0.22016,-0.10585
-0.4696,0.2663,-0.39811,-1.0616,1.0089,-0.22019,-0.10562
-0.4697,0.26601,-0.39823,-1.0612,1.0091,-0.22035,-0.10566
-0.46974,0.2656,-0.39833,-1.0608,1.0093,-0.22045,-0.10567
-0.46985,0.26507,-0.39852,-1.0607,1.0094,-0.22064,-0.10571
-0.46991,0.26456,-0.39861,-1.0605,1.0095,-0.22075,-0.10581
-0.46973,0.26411,-0.39879,-1.0604,1.0098,-0.22077,-0.10584
-0.46953,0.2636,-0.39902,-1.0603,1.0101,-0.22077,-0.1058
-0.46949,0.2633,-0.3993,-1.0601,1.0103,-0.22075,-0.10562
-0.46939,0.26318,-0.39946,-1.0601,1.0102,-0.22058,-0.10543
