-0.44861,-0.047412,-1.0803,-0.9048,0.55657,-0.0098399,0.011524
-0.44989,-0.045175,-1.0764,-0.90352,0.55639,-0.010225,0.01062
-0.44892,-0.044151,-1.0737,-0.90369,0.55618,-0.010157,0.011386
-0.44805,-0.042941,-1.0726,-0.90352,0.55681,-0.013704,0.0091224
-0.44817,-0.043885,-1.0726,-0.90332,0.55652,-0.014044,0.0088387
-0.44716,-0.042687,-1.0714,-0.90317,0.55709,-0.012179,0.010055
-0.44852,-0.039685,-1.0676,-0.90091,0.55736,-0.0093796,0.010181
-0.44731,-0.038486,-1.0658,-0.90098,0.55752,-0.011282,0.010027
-0.44516,-0.037871,-1.0648,-0.90149,0.55776,-0.01304,0.0088978
-0.44516,-0.037871,-1.0648,-0.90125,0.55738,-0.012568,0.0085675
-0.44533,-0.037371,-1.0638,-0.90036,0.55727,-0.010701,0.0097896
-0.44286,-0.035066,-1.0628,-0.90103,0.55884,-0.010281,0.010027
-0.44195,-0.033873,-1.0618,-0.90085,0.55935,-0.01129,0.0098752
-0.44034,-0.03243,-1.0601,-0.90218,0.5597,-0.01168,0.0090846
-0.43968,-0.032702,-1.0606,-0.902,0.55932,-0.011938,0.009443
-0.43967,-0.03187,-1.0579,-0.90187,0.55802,-0.010126,0.010458
-0.44044,-0.028666,-1.0535,-0.90115,0.55745,-0.0088801,0.011093
-0.43973,-0.026964,-1.0526,-0.90041,0.55811,-0.010301,0.0099863
-0.43826,-0.025624,-1.0513,-0.90043,0.55863,-0.012304,0.0080361
-0.43819,-0.02539,-1.0516,-0.90058,0.55799,-0.011105,0.0084938
-0.4377,-0.024716,-1.0499,-0.90086,0.55732,-0.0093688,0.0093337
-0.43651,-0.023588,-1.048,-0.9014,0.55678,-0.010071,0.011
-0.43558,-0.021265,-1.0473,-0.90036,0.5581,-0.010271,0.0094985
-0.43641,-0.019473,-1.0468,-0.89719,0.55874,-0.01185,0.0089091
-0.43696,-0.018752,-1.0474,-0.89733,0.55827,-0.012091,0.0083227
-0.43622,-0.018499,-1.0471,-0.89784,0.55836,-0.010221,0.0092534
-0.43402,-0.017071,-1.0439,-0.89803,0.55912,-0.012118,0.008512
-0.4336,-0.01654,-1.0437,-0.89793,0.55962,-0.012118,0.008512
-0.43298,-0.016656,-1.0413,-0.89761,0.55956,-0.013633,0.0085936
-0.43376,-0.017454,-1.0414,-0.89771,0.55936,-0.01445,0.0078491
-0.43349,-0.01628,-1.0398,-0.89727,0.55943,-0.012702,0.008843
-0.43277,-0.014958,-1.0384,-0.89764,0.55827,-0.014403,0.0075045
-0.43317,-0.014745,-1.0368,-0.89734,0.55715,-0.01455,0.0073353
-0.434,-0.01368,-1.0359,-0.89635,0.55636,-0.015733,0.0069654
-0.43416,-0.014235,-1.0351,-0.89635,0.55636,-0.015679,0.0066006
-0.43411,-0.012754,-1.0331,-0.89529,0.55616,-0.014074,0.0077937
-0.43282,-0.011404,-1.0308,-0.89249,0.55799,-0.016631,0.0068298
-0.43307,-0.0086054,-1.0292,-0.89011,0.55857,-0.016862,0.0066428
-0.43205,-0.0091312,-1.0284,-0.88972,0.55848,-0.018667,0.0061122
-0.43256,-0.0090388,-1.0292,-0.88972,0.55848,-0.020126,0.0059703
-0.43254,-0.0081469,-1.0277,-0.88923,0.55766,-0.018409,0.0070123
-0.43017,-0.0070333,-1.0247,-0.88816,0.55736,-0.016953,0.008389
-0.42984,-0.0054311,-1.0241,-0.88705,0.55775,-0.015209,0.0085074
-0.43054,-0.0051491,-1.0236,-0.8862,0.55734,-0.014115,0.0089612
-0.43047,-0.0057487,-1.0242,-0.8862,0.55734,-0.015159,0.0080217
-0.42984,-0.004665,-1.0225,-0.88587,0.5568,-0.013537,0.0090994
-0.42704,-0.0035621,-1.0213,-0.88494,0.55694,-0.011416,0.0087363
-0.42763,-0.0024525,-1.0196,-0.88384,0.55645,-0.010882,0.0096679
-0.42661,-0.0019345,-1.0185,-0.88384,0.55645,-0.010882,0.0096679
-0.42553,0.0012149,-1.0139,-0.88144,0.55759,-0.008706,0.010367
-0.42475,0.00059025,-1.0135,-0.88135,0.55744,-0.0072078,0.011343
-0.4206,-0.00013903,-1.0107,-0.88213,0.558,-0.00652,0.011091
-0.41978,0.0012761,-1.0086,-0.88187,0.5584,-0.00652,0.011091
-0.41864,0.001596,-1.0075,-0.88186,0.55776,-0.0084822,0.010999
-0.41717,0.00049492,-1.0075,-0.88173,0.55727,-0.0070762,0.011936
-0.41623,0.0016883,-1.0063,-0.88135,0.55749,-0.0060246,0.011229
-0.41417,0.0010213,-1.0015,-0.88239,0.55599,-0.0052456,0.010474
-0.41396,0.003108,-1.0009,-0.88065,0.55688,-0.0062749,0.0092293
-0.41512,0.0023439,-1.001,-0.88065,0.55688,-0.0062749,0.0092293
-0.41494,0.0031349,-0.99951,-0.87857,0.55692,-0.0095736,0.0069147
-0.4145,0.0027826,-0.99956,-0.87844,0.5565,-0.0084998,0.0076471
-0.413,0.0030737,-0.99704,-0.87755,0.55715,-0.0058397,0.0080069
-0.41302,0.0039451,-0.99579,-0.87686,0.55669,-0.0062443,0.0076276
-0.41467,0.0030318,-0.99394,-0.87611,0.55572,-0.0044759,0.0085381
-0.41453,0.0029115,-0.99566,-0.87611,0.55572,-0.0044759,0.0085381
-0.4144,0.0055722,-0.99606,-0.87465,0.55753,-0.0052243,0.0074627
-0.413,0.0088978,-0.99509,-0.87416,0.55793,-0.0026843,0.0087799
-0.41189,0.0092607,-0.99507,-0.87458,0.55841,-0.0028333,0.0091138
-0.41197,0.0088576,-0.99557,-0.87458,0.55841,-0.0028333,0.0091138
-0.4097,0.010849,-0.99436,-0.87419,0.5594,0.00046406,0.0094983
-0.40959,0.010616,-0.99445,-0.87419,0.5594,0.00046406,0.0094983
-0.41308,0.013613,-0.99302,-0.86906,0.56043,-0.0016243,0.0086368
-0.414,0.01518,-0.99233,-0.86724,0.56056,-0.0039524,0.0070209
-0.41443,0.015639,-0.99131,-0.86674,0.56089,-0.0047094,0.005285
-0.41314,0.017574,-0.99087,-0.86653,0.56231,-0.004697,0.0069247
-0.4146,0.01985,-0.98996,-0.86484,0.5632,-0.004697,0.0069247
-0.41588,0.022779,-0.98956,-0.86452,0.56373,-0.0057188,0.0060366
-0.4159,0.0238,-0.98864,-0.86371,0.56372,-0.0054961,0.006676
-0.41453,0.025962,-0.98809,-0.86297,0.56384,-0.0053023,0.005521
-0.41268,0.027926,-0.98783,-0.86261,0.5637,-0.0044324,0.0059773
-0.41262,0.029439,-0.98826,-0.86211,0.56476,-0.0044324,0.0059773
-0.41132,0.030801,-0.98668,-0.86179,0.56474,-0.0041315,0.0064964
-0.41052,0.031289,-0.98642,-0.86181,0.56502,-0.0043944,0.0062924
-0.41117,0.032495,-0.98501,-0.86033,0.56476,-0.0063927,0.0058953
-0.41046,0.033225,-0.9844,-0.86057,0.56482,-0.0053397,0.006437
-0.40923,0.033805,-0.98323,-0.86112,0.5649,-0.0053397,0.006437
-0.40969,0.036902,-0.98059,-0.85946,0.56528,-0.0054306,0.0060014
-0.4093,0.036875,-0.98045,-0.85949,0.56499,-0.0055599,0.0058595
-0.4075,0.037449,-0.97916,-0.85938,0.56551,-0.0056174,0.0051577
-0.40578,0.036835,-0.98001,-0.86069,0.56542,-0.0041032,0.0059
-0.40426,0.038264,-0.97935,-0.86098,0.56622,-0.0041032,0.0059
-0.40326,0.039176,-0.97844,-0.85997,0.56555,-0.0056531,0.0048815
-0.40258,0.040474,-0.9778,-0.85913,0.56619,-0.0045021,0.0054935
-0.40027,0.040805,-0.97715,-0.8598,0.56726,-0.0063061,0.0048341
-0.39947,0.043155,-0.97815,-0.85808,0.56922,-0.008672,0.0043182
-0.39904,0.043509,-0.97861,-0.8578,0.56919,-0.0075867,0.0052165
-0.39807,0.044319,-0.97552,-0.85727,0.56859,-0.0061077,0.0058349
-0.39777,0.046058,-0.97364,-0.85604,0.56901,-0.0051167,0.0058868
-0.39808,0.046492,-0.97124,-0.85637,0.5692,-0.0051167,0.0058868
-0.39578,0.045488,-0.96953,-0.85742,0.57008,-0.0060649,0.0065032
-0.39464,0.044835,-0.96889,-0.8572,0.57,-0.0065569,0.0054503
-0.39443,0.045908,-0.96699,-0.85522,0.56967,-0.0085818,0.0048001
-0.39331,0.046698,-0.96533,-0.85528,0.56933,-0.0073172,0.0057005
-0.3893,0.046899,-0.96553,-0.85779,0.5707,-0.005332,0.0057476
-0.389,0.046816,-0.96589,-0.85781,0.57008,-0.0042771,0.0066007
-0.38747,0.047711,-0.96591,-0.85809,0.56887,-0.0054051,0.0079367
-0.3865,0.047888,-0.96506,-0.8587,0.56842,-0.0039181,0.0093531
-0.38804,0.047875,-0.96444,-0.85712,0.56863,-0.004366,0.0093336
-0.38598,0.048811,-0.96527,-0.85745,0.57102,-0.0042561,0.0087299
-0.3836,0.050123,-0.96451,-0.85729,0.57197,-0.003426,0.009359
-0.38359,0.051715,-0.96393,-0.85614,0.5719,-0.0060416,0.0070195
-0.38433,0.052701,-0.96348,-0.85616,0.57077,-0.0059199,0.0069795
-0.38377,0.052714,-0.96326,-0.85631,0.57026,-0.0058078,0.0069617
-0.38219,0.053904,-0.9631,-0.85569,0.57126,-0.0053982,0.006536
-0.38026,0.05509,-0.9626,-0.85509,0.57144,-0.0044813,0.00705
-0.37894,0.056582,-0.9618,-0.85582,0.57122,-0.0048786,0.0072818
-0.37934,0.058229,-0.95974,-0.85461,0.56969,-0.0042101,0.0065266
-0.37758,0.059639,-0.95878,-0.85377,0.57051,-0.0044098,0.0064942
-0.37669,0.059645,-0.95836,-0.85437,0.57082,-0.0044098,0.0064942
-0.37417,0.058442,-0.95694,-0.85537,0.5708,-0.0048244,0.0064088
-0.37311,0.060423,-0.95653,-0.85528,0.57194,-0.0032318,0.0067568
-0.37363,0.060807,-0.95596,-0.85404,0.57233,-0.002124,0.0085344
-0.3729,0.061768,-0.95476,-0.85342,0.5728,-0.0025151,0.0088116
-0.37212,0.062086,-0.95326,-0.85389,0.57312,-0.0025151,0.0088116
-0.37196,0.062314,-0.95139,-0.85288,0.57299,-0.0020815,0.010405
-0.37066,0.061357,-0.94865,-0.85402,0.57259,-0.00064128,0.011241
-0.36846,0.061235,-0.94841,-0.85412,0.57353,-0.00068755,0.012242
-0.36728,0.0611,-0.94711,-0.85315,0.57371,-0.0010192,0.012237
-0.36757,0.062437,-0.9459,-0.85233,0.57363,-0.0016499,0.011155
-0.36727,0.062513,-0.9453,-0.8513,0.57301,-0.0010646,0.01131
-0.36729,0.063809,-0.94291,-0.84993,0.5751,-0.0010646,0.01131
-0.36677,0.062184,-0.94263,-0.8505,0.57447,-3.9058e-05,0.012062
-0.36669,0.064525,-0.94147,-0.84979,0.57591,-3.9058e-05,0.012062
-0.3635,0.064559,-0.94018,-0.84951,0.57745,0.00038471,0.013073
-0.36119,0.062587,-0.93986,-0.85028,0.57745,0.0018584,0.013541
-0.35928,0.061234,-0.93886,-0.85157,0.57692,0.0017945,0.013
-0.35883,0.061732,-0.93824,-0.85074,0.57703,-0.00094537,0.011776
-0.35798,0.061331,-0.93724,-0.85124,0.57683,-0.0016175,0.011318
-0.35674,0.062368,-0.93512,-0.85097,0.57726,-0.0016175,0.011318
-0.35532,0.062134,-0.93362,-0.8514,0.57797,-0.0019364,0.011158
-0.35436,0.062691,-0.93288,-0.8505,0.57881,1.3737e-05,0.011543
-0.3518,0.062582,-0.93204,-0.85056,0.57903,0.0022294,0.012902
-0.35051,0.063145,-0.93075,-0.85042,0.57915,0.0030752,0.012537
-0.35083,0.062956,-0.9285,-0.85104,0.57817,0.0030752,0.012537
-0.35084,0.063939,-0.92794,-0.84996,0.57803,0.0023175,0.012758
-0.34877,0.065164,-0.92738,-0.84987,0.57988,0.0030852,0.013152
-0.3477,0.06766,-0.92443,-0.84876,0.58078,0.0033776,0.014559
-0.34728,0.068797,-0.92337,-0.84782,0.58122,0.003189,0.014411
-0.34616,0.068602,-0.92099,-0.84904,0.58108,0.003189,0.014411
-0.34515,0.067875,-0.92125,-0.84904,0.58102,0.0012487,0.014578
-0.34398,0.068262,-0.91995,-0.84859,0.581,0.00029419,0.014128
-0.34271,0.070102,-0.91778,-0.84862,0.58177,0.0013183,0.014648
-0.34101,0.071431,-0.91675,-0.84849,0.5826,0.0025963,0.016349
-0.33928,0.07185,-0.91647,-0.84881,0.58303,0.0038984,0.015772
-0.33892,0.074416,-0.91499,-0.84873,0.58324,0.0038984,0.015772
-0.33774,0.076045,-0.91373,-0.84808,0.58343,0.0044034,0.017036
-0.33617,0.076701,-0.91149,-0.84853,0.58361,0.0049232,0.017467
-0.3382,0.077483,-0.91121,-0.84715,0.58308,0.0063564,0.018615
-0.33722,0.077741,-0.91164,-0.84754,0.58198,0.005748,0.0177
-0.33706,0.079158,-0.91142,-0.84582,0.58274,0.0058879,0.019269
-0.33824,0.081464,-0.91245,-0.84403,0.58287,0.0053984,0.019785
-0.33752,0.083593,-0.91385,-0.84275,0.58329,0.0057763,0.02019
-0.33754,0.08333,-0.91399,-0.84293,0.58245,0.0034017,0.019802
-0.33672,0.085626,-0.9136,-0.84163,0.58355,0.0040216,0.020635
-0.33672,0.085626,-0.9136,-0.84163,0.58355,0.0040216,0.020635
-0.33789,0.086332,-0.91399,-0.84131,0.58376,0.005063,0.02094
-0.33958,0.08877,-0.91413,-0.83905,0.58428,0.005782,0.021619
-0.33991,0.08918,-0.91331,-0.83935,0.5838,0.005782,0.021619
-0.34122,0.090904,-0.91301,-0.83781,0.58387,0.0059051,0.021477
-0.34191,0.092802,-0.91252,-0.83786,0.58322,0.0062066,0.021791
-0.34258,0.092228,-0.91057,-0.83907,0.582,0.0087357,0.022422
-0.34402,0.09376,-0.90839,-0.83752,0.58224,0.0091054,0.022351
-0.34244,0.093114,-0.90519,-0.83737,0.58107,0.011278,0.023858
-0.34169,0.093046,-0.90479,-0.83791,0.58128,0.011278,0.023858
-0.34065,0.093608,-0.90213,-0.83809,0.58013,0.010384,0.022383
-0.34065,0.093608,-0.90213,-0.83809,0.58013,0.010384,0.022383
-0.33926,0.095233,-0.90211,-0.83663,0.58091,0.011094,0.02132
-0.33952,0.095906,-0.90081,-0.836,0.5802,0.0091386,0.020091
-0.33996,0.096439,-0.90041,-0.8349,0.58035,0.0097035,0.020574
-0.33975,0.096499,-0.90029,-0.83419,0.57964,0.010835,0.021925
-0.33949,0.095971,-0.89958,-0.83433,0.58014,0.0098096,0.022168
-0.33788,0.094673,-0.89938,-0.83451,0.57993,0.0098248,0.022344
-0.33559,0.095517,-0.8995,-0.83478,0.58033,0.0090379,0.022934
-0.33586,0.09704,-0.89915,-0.83341,0.58096,0.0090379,0.022934
-0.33356,0.097745,-0.89735,-0.83395,0.58118,0.0081429,0.023114
-0.334,0.09941,-0.8979,-0.83278,0.58108,0.0073523,0.022439
-0.3335,0.10088,-0.89869,-0.83338,0.58146,0.0067861,0.023013
-0.3333,0.10252,-0.89919,-0.8325,0.58164,0.0058931,0.021625
-0.33239,0.10224,-0.90038,-0.83241,0.5802,0.0082426,0.022348
-0.33275,0.10128,-0.90259,-0.8329,0.58004,0.0059249,0.020781
-0.33115,0.10173,-0.90317,-0.83287,0.57974,0.006507,0.021389
-0.3319,0.10301,-0.9037,-0.83042,0.58051,0.0079481,0.02209
-0.33032,0.10216,-0.90201,-0.83224,0.58008,0.0082627,0.021768
-0.32949,0.10304,-0.90106,-0.83135,0.58119,0.008911,0.022371
-0.33013,0.10225,-0.90038,-0.83143,0.58068,0.0088908,0.020885
-0.3294,0.10252,-0.90164,-0.83075,0.58227,0.0084323,0.020342
-0.32897,0.10245,-0.90184,-0.82936,0.5828,0.0091692,0.021235
-0.32712,0.10073,-0.9006,-0.82839,0.58333,0.0085582,0.02104
-0.32712,0.10073,-0.9006,-0.82802,0.58348,0.009524,0.021643
-0.32782,0.10019,-0.89872,-0.82808,0.58204,0.0090605,0.019962
-0.32813,0.10043,-0.89921,-0.82606,0.58249,0.0089188,0.019775
-0.32787,0.099843,-0.89901,-0.82446,0.5835,0.010509,0.022397
-0.32763,0.098971,-0.89754,-0.82447,0.58322,0.010572,0.021981
-0.32667,0.099881,-0.89669,-0.82332,0.58499,0.0118,0.023206
-0.32688,0.099454,-0.89574,-0.82288,0.5855,0.01146,0.022958
-0.32585,0.099554,-0.89293,-0.82237,0.58618,0.013027,0.023019
-0.32519,0.10009,-0.89204,-0.82022,0.58649,0.011356,0.02196
-0.32517,0.10114,-0.89158,-0.81962,0.58644,0.011863,0.022738
-0.32344,0.10086,-0.8906,-0.8191,0.58638,0.010712,0.021708
-0.32235,0.099631,-0.88903,-0.81919,0.5852,0.008402,0.021259
-0.32277,0.098903,-0.88899,-0.81865,0.58501,0.0084099,0.021259
-0.32306,0.099645,-0.88809,-0.81726,0.58307,0.008926,0.021009
-0.32306,0.099645,-0.88809,-0.81726,0.58307,0.0069065,0.018525
-0.32491,0.1009,-0.88823,-0.8155,0.58217,0.0080216,0.019334
-0.32463,0.10127,-0.88761,-0.81512,0.58151,0.0067853,0.017874
-0.32443,0.10191,-0.88622,-0.81433,0.58114,0.007472,0.018297
-0.32556,0.10498,-0.88508,-0.81163,0.57943,0.0074037,0.018711
-0.32531,0.10583,-0.8848,-0.81068,0.5794,0.0068738,0.018004
-0.3253,0.10593,-0.88365,-0.81055,0.57962,0.0065166,0.016704
-0.3253,0.10593,-0.88365,-0.81015,0.57936,0.0072274,0.017486
-0.32512,0.10598,-0.88298,-0.80929,0.57907,0.0072232,0.017419
-0.32296,0.10647,-0.87754,-0.81165,0.57734,0.0095261,0.017938
-0.32296,0.10647,-0.87754,-0.81165,0.57734,0.0086548,0.016461
-0.32288,0.10828,-0.877,-0.80956,0.57776,0.0087812,0.017137
-0.32185,0.10868,-0.87568,-0.80934,0.57743,0.0059651,0.01648
-0.32185,0.10868,-0.87568,-0.80893,0.57704,0.0064051,0.017112
-0.32249,0.10945,-0.87193,-0.80898,0.57421,0.0074037,0.016226
-0.32249,0.10945,-0.87193,-0.80844,0.57383,0.0049504,0.01534
-0.3212,0.10973,-0.87087,-0.80908,0.57461,0.0031335,0.013448
-0.3212,0.10973,-0.87087,-0.80862,0.57429,0.0037349,0.014224
-0.32271,0.11196,-0.87068,-0.80644,0.57512,0.0037848,0.01248
-0.31824,0.11211,-0.87002,-0.80678,0.57665,0.0052978,0.013251
-0.31853,0.113,-0.86968,-0.8053,0.57686,0.0040282,0.013983
-0.31969,0.11341,-0.8694,-0.8053,0.57686,0.0043989,0.01196
-0.31857,0.11229,-0.86875,-0.80562,0.57722,0.0050445,0.013151
-0.31857,0.11229,-0.86875,-0.80562,0.57722,0.0031575,0.011488
-0.31686,0.1163,-0.86516,-0.80391,0.57906,0.0041716,0.011875
-0.31635,0.11705,-0.86377,-0.8032,0.57911,0.004287,0.01156
-0.31667,0.11702,-0.86387,-0.8032,0.57911,0.0061636,0.011058
-0.31667,0.11702,-0.86387,-0.8032,0.57911,0.0061636,0.011058
-0.31519,0.11708,-0.86311,-0.80268,0.57859,0.0066467,0.011893
-0.31243,0.11887,-0.86207,-0.80158,0.57909,0.0049864,0.01235
-0.31158,0.11992,-0.86094,-0.80088,0.57947,0.0041118,0.013284
-0.3119,0.11844,-0.85984,-0.80088,0.57947,0.0024103,0.012065
-0.31189,0.11955,-0.85835,-0.79909,0.58038,0.0028374,0.012773
-0.31189,0.11955,-0.85835,-0.79909,0.58038,0.0032003,0.012292
-0.30802,0.11789,-0.85538,-0.79894,0.57929,0.0039486,0.014319
-0.30761,0.11889,-0.85355,-0.79837,0.57899,0.0047759,0.015302
-0.30832,0.11977,-0.85447,-0.79837,0.57899,0.0047759,0.015302
-0.30832,0.11977,-0.85447,-0.79837,0.57899,0.0054712,0.015797
-0.30606,0.11997,-0.85528,-0.79829,0.57981,0.0040646,0.01587
-0.30607,0.12144,-0.84988,-0.79553,0.57822,0.004691,0.017952
-0.30555,0.12201,-0.84952,-0.79537,0.5787,0.0044801,0.017053
-0.30571,0.12217,-0.84913,-0.79494,0.57825,0.0054197,0.016376
-0.30399,0.12203,-0.85003,-0.79467,0.57965,0.00597,0.017011
-0.30399,0.12203,-0.85003,-0.79467,0.57965,0.0050502,0.015418
-0.30337,0.12214,-0.84926,-0.79369,0.58023,0.0050062,0.016247
-0.30337,0.12214,-0.84926,-0.79306,0.58028,0.0041501,0.015896
-0.30365,0.12458,-0.84901,-0.79226,0.58082,0.002952,0.014623
-0.30393,0.12627,-0.84856,-0.79087,0.58141,0.0035224,0.015555
-0.30393,0.12627,-0.84856,-0.79087,0.58141,0.0034792,0.015517
-0.30252,0.12584,-0.84534,-0.79064,0.58095,0.0077636,0.017935
-0.3022,0.1267,-0.84461,-0.78965,0.58104,0.0078537,0.01827
-0.30251,0.12644,-0.84421,-0.78965,0.58104,0.0072466,0.017061
-0.30227,0.12673,-0.84295,-0.7891,0.5806,0.0075488,0.017753
-0.30227,0.12673,-0.84295,-0.7891,0.5806,0.0083287,0.017616
-0.3025,0.12781,-0.84178,-0.78701,0.58003,0.0087591,0.016639
-0.30312,0.12841,-0.84138,-0.78573,0.57979,0.0094765,0.016434
-0.30102,0.12939,-0.84116,-0.78458,0.58058,0.009693,0.016946
-0.30102,0.12939,-0.84116,-0.78458,0.58058,0.010305,0.015839
-0.30271,0.13129,-0.84149,-0.782,0.58194,0.011396,0.016803
-0.29976,0.12755,-0.8413,-0.7833,0.58086,0.010595,0.017562
-0.30029,0.12799,-0.8409,-0.78236,0.58034,0.010283,0.017079
-0.30074,0.12738,-0.84126,-0.78236,0.58034,0.0093936,0.015945
-0.30024,0.12594,-0.84059,-0.78292,0.5798,0.0098444,0.016569
-0.30024,0.12594,-0.84059,-0.78292,0.5798,0.0092422,0.015901
-0.29922,0.1259,-0.8387,-0.78281,0.5795,0.011689,0.015653
-0.297,0.12551,-0.83673,-0.78357,0.57908,0.011505,0.015053
-0.29634,0.12551,-0.83588,-0.78303,0.57924,0.012764,0.015396
-0.2948,0.12457,-0.8343,-0.78262,0.5792,0.013197,0.01629
-0.2948,0.12457,-0.8343,-0.78262,0.5792,0.012212,0.014889
-0.2962,0.12498,-0.83268,-0.78024,0.57841,0.011963,0.014006
-0.29477,0.12559,-0.83142,-0.77954,0.57918,0.012711,0.015544
-0.29566,0.12654,-0.83248,-0.77954,0.57918,0.012245,0.015223
-0.29545,0.12606,-0.83375,-0.77955,0.57987,0.012623,0.015973
-0.29545,0.12606,-0.83375,-0.77955,0.57987,0.013239,0.015641
-0.29569,0.12496,-0.83185,-0.77796,0.57953,0.010877,0.014923
-0.29466,0.12259,-0.83142,-0.77855,0.57919,0.010921,0.015325
-0.29466,0.12259,-0.83142,-0.77855,0.57919,0.010523,0.014643
-0.29509,0.1226,-0.83126,-0.7786,0.57851,0.010994,0.015192
-0.29509,0.1226,-0.83126,-0.7786,0.57851,0.012183,0.014261
-0.29315,0.12268,-0.83089,-0.77751,0.57899,0.012973,0.015744
-0.28815,0.12185,-0.83067,-0.77862,0.58059,0.013119,0.016797
-0.28815,0.12185,-0.83067,-0.77862,0.58059,0.014426,0.017154
-0.28649,0.12185,-0.82948,-0.77823,0.5801,0.014989,0.017592
-0.28649,0.12185,-0.82948,-0.77823,0.5801,0.014284,0.017899
-0.28571,0.12253,-0.82637,-0.77772,0.57914,0.014952,0.018921
-0.28334,0.12378,-0.82562,-0.77856,0.57896,0.015214,0.019974
-0.28334,0.12378,-0.82562,-0.77852,0.57859,0.014025,0.020489
-0.28254,0.12457,-0.82566,-0.77776,0.57881,0.014608,0.020852
-0.28254,0.12457,-0.82566,-0.77776,0.57881,0.013516,0.020439
-0.28157,0.12333,-0.82516,-0.7806,0.57693,0.010817,0.021001
-0.28061,0.12324,-0.82479,-0.78089,0.57667,0.011865,0.021736
-0.28078,0.12235,-0.82401,-0.7826,0.57526,0.012016,0.021939
-0.28241,0.12258,-0.82416,-0.7826,0.57526,0.012016,0.021939
-0.28241,0.12258,-0.82416,-0.7826,0.57526,0.012691,0.022263
-0.28331,0.12265,-0.82246,-0.78171,0.57374,0.013343,0.022791
-0.28522,0.12504,-0.8214,-0.78033,0.57256,0.013302,0.023262
-0.28513,0.12482,-0.82152,-0.78033,0.57256,0.0138,0.023079
-0.28391,0.12651,-0.82266,-0.78002,0.57385,0.013691,0.022629
-0.28198,0.12891,-0.82212,-0.77994,0.57546,0.013368,0.023203
-0.28356,0.13151,-0.82196,-0.77742,0.57495,0.013511,0.023739
-0.28285,0.13119,-0.82114,-0.77731,0.5736,0.013648,0.023838
-0.2829,0.13136,-0.82186,-0.77763,0.57322,0.012831,0.023785
-0.28248,0.13367,-0.82076,-0.77619,0.57309,0.014889,0.023469
-0.28315,0.1338,-0.82054,-0.77635,0.57312,0.015584,0.023726
-0.28122,0.13474,-0.81922,-0.77644,0.57482,0.014949,0.022915
-0.28116,0.13283,-0.81892,-0.77749,0.57467,0.014464,0.023126
-0.28087,0.13316,-0.81868,-0.77764,0.57475,0.014615,0.023582
-0.27943,0.13438,-0.81849,-0.77646,0.57631,0.014623,0.022556
-0.27804,0.13373,-0.81736,-0.77807,0.57569,0.014854,0.022249
-0.27678,0.13437,-0.81589,-0.77898,0.57625,0.013598,0.021377
-0.27731,0.13473,-0.81583,-0.77795,0.5751,0.012363,0.020305
-0.27697,0.13446,-0.81568,-0.77786,0.57544,0.013253,0.020931
-0.27697,0.13446,-0.81568,-0.77786,0.57544,0.014643,0.020894
-0.27683,0.13603,-0.81162,-0.77617,0.57573,0.016919,0.021459
-0.27619,0.13532,-0.81052,-0.7771,0.57601,0.015768,0.021341
-0.27584,0.13507,-0.81028,-0.77701,0.57571,0.016319,0.021277
-0.27502,0.13477,-0.80862,-0.77673,0.57577,0.016174,0.021362
-0.27341,0.13468,-0.80796,-0.77722,0.57575,0.016037,0.021
-0.27289,0.13544,-0.80782,-0.77615,0.57596,0.01617,0.021174
-0.27333,0.13511,-0.80847,-0.77594,0.57629,0.016036,0.020906
-0.27265,0.1352,-0.8084,-0.77618,0.57665,0.016306,0.020936
-0.2738,0.13475,-0.80934,-0.77565,0.57693,0.014752,0.019762
-0.27306,0.13428,-0.80736,-0.77518,0.57779,0.018552,0.021732
-0.27306,0.13428,-0.80736,-0.77518,0.57779,0.018808,0.021824
-0.2697,0.13542,-0.80379,-0.77434,0.57792,0.018505,0.021674
-0.26851,0.13776,-0.80127,-0.77283,0.57858,0.019415,0.021984
-0.26857,0.13812,-0.79907,-0.77269,0.57802,0.019657,0.022162
-0.26889,0.13742,-0.7992,-0.77188,0.57809,0.019407,0.022011
-0.26709,0.13694,-0.80029,-0.7718,0.57981,0.019242,0.020943
-0.26805,0.13775,-0.79998,-0.77054,0.57986,0.018593,0.020933
-0.26688,0.13707,-0.79945,-0.77022,0.58,0.017913,0.020875
-0.26636,0.13658,-0.79925,-0.76942,0.58021,0.017738,0.020422
-0.26652,0.13666,-0.79854,-0.76859,0.58061,0.017446,0.02049
-0.26666,0.13784,-0.7972,-0.76746,0.58101,0.018357,0.021455
-0.26438,0.13978,-0.79525,-0.76604,0.58164,0.017644,0.021254
-0.2643,0.13885,-0.79515,-0.76596,0.58279,0.017648,0.020469
-0.26449,0.13822,-0.79517,-0.76524,0.58344,0.016339,0.020316
-0.26406,0.13838,-0.79369,-0.76499,0.58378,0.016906,0.020451
-0.25994,0.14014,-0.79017,-0.76524,0.58593,0.019291,0.021847
-0.25795,0.13977,-0.7896,-0.7648,0.58609,0.018731,0.021827
-0.25929,0.14065,-0.78905,-0.76402,0.58513,0.017655,0.021433
-0.2573,0.14078,-0.78729,-0.76344,0.58462,0.015779,0.02037
-0.25799,0.14155,-0.78711,-0.7626,0.58455,0.01554,0.021056
-0.25558,0.13963,-0.78799,-0.76386,0.58562,0.015262,0.021262
-0.2544,0.13989,-0.78607,-0.76417,0.58473,0.018076,0.022942
-0.25504,0.14083,-0.78465,-0.76343,0.58415,0.018211,0.023499
-0.2556,0.14124,-0.78489,-0.76282,0.5847,0.019362,0.023875
-0.2557,0.14297,-0.7855,-0.76147,0.58552,0.018651,0.023214
-0.25575,0.1432,-0.7832,-0.76174,0.58556,0.017761,0.022481
-0.25573,0.14213,-0.78264,-0.76197,0.58547,0.01723,0.023167
-0.25726,0.14416,-0.7821,-0.75907,0.58497,0.016726,0.022526
-0.25678,0.14412,-0.7816,-0.75945,0.5846,0.016358,0.021521
-0.25737,0.14499,-0.7818,-0.75865,0.58509,0.015946,0.020575
-0.25807,0.14708,-0.78116,-0.75715,0.5856,0.015212,0.020876
-0.25664,0.14698,-0.78029,-0.75671,0.58629,0.015773,0.020976
-0.25539,0.14765,-0.78025,-0.75563,0.5881,0.016236,0.021909
-0.25459,0.14788,-0.78071,-0.75517,0.58877,0.016291,0.021925
-0.25418,0.14792,-0.77994,-0.75492,0.59008,0.01669,0.022543
-0.25392,0.14869,-0.78049,-0.75433,0.5913,0.018965,0.022845
-0.25279,0.14881,-0.78182,-0.75349,0.59292,0.019081,0.022697
-0.25341,0.15108,-0.78171,-0.75215,0.59406,0.0193,0.02207
-0.25334,0.15187,-0.7815,-0.75162,0.59452,0.019756,0.023063
-0.25352,0.15055,-0.78206,-0.75263,0.59587,0.02052,0.024694
-0.25284,0.15131,-0.78164,-0.75229,0.59672,0.020167,0.024995
-0.25274,0.15329,-0.7821,-0.75075,0.59894,0.020487,0.025715
-0.2531,0.15467,-0.78155,-0.74898,0.60002,0.020346,0.025875
-0.25283,0.15448,-0.78075,-0.74871,0.60078,0.02243,0.026218
-0.25453,0.15542,-0.78035,-0.74697,0.60131,0.020737,0.026953
-0.25499,0.15494,-0.78202,-0.74696,0.60176,0.02109,0.027145
-0.25523,0.15652,-0.78198,-0.74597,0.60302,0.022307,0.02894
-0.25677,0.15837,-0.78223,-0.74474,0.6036,0.023034,0.029883
-0.25526,0.15845,-0.78211,-0.74481,0.60475,0.022894,0.02883
-0.25589,0.15923,-0.78233,-0.745,0.60577,0.023899,0.029104
-0.25585,0.15966,-0.78331,-0.74419,0.60723,0.023852,0.029965
-0.25601,0.15856,-0.78507,-0.7444,0.60887,0.024174,0.030049
-0.25896,0.15956,-0.78601,-0.7428,0.60944,0.023326,0.029443
-0.25944,0.16016,-0.78563,-0.74277,0.61066,0.022976,0.031049
-0.25996,0.15932,-0.78569,-0.74347,0.61201,0.021878,0.030517
-0.26049,0.15796,-0.78555,-0.74234,0.61332,0.023808,0.033586
-0.25822,0.15636,-0.78473,-0.74322,0.61521,0.022938,0.033817
-0.25737,0.15481,-0.7833,-0.74461,0.6152,0.021733,0.033571
-0.25587,0.15464,-0.78405,-0.74451,0.6163,0.022719,0.035901
-0.25566,0.15567,-0.78473,-0.74433,0.61679,0.021619,0.03557
-0.25579,0.15666,-0.78529,-0.74495,0.61717,0.023586,0.037112
-0.25493,0.15637,-0.78504,-0.74523,0.6181,0.022589,0.036872
-0.25388,0.15666,-0.78395,-0.74429,0.61955,0.024114,0.039624
-0.25322,0.15688,-0.7859,-0.74358,0.62192,0.025246,0.041626
-0.2526,0.15678,-0.78457,-0.74314,0.62211,0.027783,0.044909
-0.25167,0.15686,-0.78564,-0.74329,0.62393,0.026763,0.044948
-0.25122,0.15897,-0.78597,-0.74209,0.62492,0.02788,0.047062
-0.25188,0.15754,-0.78768,-0.74342,0.62471,0.030042,0.050302
-0.25127,0.15899,-0.78751,-0.7418,0.62585,0.029618,0.051135
-0.25036,0.15861,-0.78739,-0.74104,0.6259,0.028732,0.051396
-0.24906,0.1586,-0.78781,-0.74199,0.62661,0.028677,0.051829
-0.25021,0.15987,-0.78744,-0.74016,0.6267,0.028368,0.053222
-0.25009,0.16041,-0.78702,-0.73929,0.6271,0.027448,0.053256
-0.24868,0.16015,-0.78708,-0.73852,0.62747,0.028114,0.053379
-0.24856,0.15984,-0.78796,-0.73767,0.62825,0.026617,0.053984
-0.24859,0.15987,-0.78762,-0.73722,0.62753,0.025732,0.054246
-0.24535,0.16161,-0.7854,-0.73646,0.62846,0.028945,0.055553
-0.24516,0.16034,-0.78458,-0.73756,0.62827,0.028134,0.055983
-0.24419,0.16028,-0.78356,-0.73649,0.62823,0.027634,0.056764
-0.24407,0.15976,-0.78263,-0.73702,0.62708,0.028271,0.057626
-0.24164,0.15799,-0.78226,-0.73736,0.62768,0.028197,0.058663
-0.24316,0.15729,-0.78366,-0.73778,0.6274,0.029377,0.061073
-0.24108,0.15676,-0.7834,-0.73759,0.62782,0.028946,0.062333
-0.24094,0.1564,-0.78217,-0.73703,0.62764,0.029752,0.063238
-0.24061,0.15735,-0.78323,-0.73533,0.62838,0.029097,0.063471
-0.24106,0.15732,-0.78221,-0.73578,0.62838,0.030034,0.06451
-0.24277,0.15662,-0.78454,-0.73391,0.62849,0.029582,0.065123
-0.24218,0.15516,-0.78415,-0.73513,0.62836,0.029088,0.064789
-0.24415,0.15571,-0.78379,-0.73466,0.62802,0.028701,0.066199
-0.24439,0.15657,-0.78318,-0.73446,0.62809,0.02948,0.066889
-0.24405,0.15519,-0.7856,-0.73576,0.62819,0.028986,0.065987
-0.24377,0.15448,-0.78508,-0.73629,0.62737,0.029856,0.066639
-0.24603,0.15461,-0.78591,-0.73593,0.62653,0.031801,0.067326
-0.24595,0.15488,-0.78616,-0.73564,0.62573,0.032282,0.066564
-0.24499,0.1556,-0.78782,-0.73617,0.62578,0.031802,0.066573
-0.24459,0.15686,-0.78729,-0.73576,0.62521,0.031503,0.066743
-0.24581,0.15629,-0.79066,-0.73586,0.62513,0.031069,0.066045
-0.24434,0.15587,-0.79082,-0.73638,0.62454,0.0311,0.065582
-0.24536,0.15683,-0.78936,-0.73592,0.624,0.032282,0.066001
-0.24607,0.15774,-0.79107,-0.7347,0.62519,0.033002,0.066346
-0.24761,0.1575,-0.79213,-0.73437,0.62489,0.034438,0.067017
-0.24763,0.15547,-0.79504,-0.73579,0.62441,0.034222,0.065509
-0.24958,0.1554,-0.7953,-0.73491,0.62399,0.033461,0.064817
-0.249,0.15553,-0.79475,-0.73444,0.62355,0.032247,0.064603
-0.2495,0.1536,-0.79505,-0.73562,0.62281,0.033757,0.064686
-0.25116,0.15411,-0.79624,-0.7343,0.62283,0.032524,0.064254
-0.25098,0.15447,-0.79847,-0.73345,0.62451,0.03112,0.063853
-0.25114,0.15319,-0.79828,-0.73536,0.62354,0.032079,0.063876
-0.25116,0.15387,-0.79769,-0.73483,0.6235,0.033869,0.065306
-0.25027,0.15396,-0.79776,-0.73444,0.62312,0.032977,0.065627
-0.2492,0.15459,-0.79822,-0.73364,0.62294,0.031756,0.066458
-0.24835,0.15379,-0.79828,-0.73457,0.62311,0.031498,0.066125
-0.24816,0.15491,-0.80019,-0.73324,0.62504,0.031024,0.06633
-0.24822,0.15579,-0.80052,-0.73278,0.62492,0.031305,0.067323
-0.24849,0.15617,-0.79967,-0.7333,0.62496,0.031711,0.066451
-0.24849,0.15617,-0.79967,-0.7333,0.62496,0.031711,0.066451
-0.24846,0.15564,-0.80356,-0.73266,0.62723,0.029908,0.066033
-0.24939,0.15216,-0.8071,-0.73472,0.62744,0.029069,0.066028
-0.24885,0.15243,-0.80597,-0.73411,0.62745,0.029987,0.067084
-0.24784,0.15259,-0.8071,-0.73435,0.62898,0.029987,0.067084
-0.24824,0.15333,-0.80676,-0.73366,0.62884,0.030175,0.066647
-0.24659,0.15374,-0.80876,-0.73258,0.62933,0.030477,0.065935
-0.24783,0.15425,-0.80791,-0.73075,0.62729,0.031806,0.06622
-0.24771,0.15475,-0.80836,-0.7301,0.62648,0.030636,0.065958
-0.24651,0.15402,-0.81012,-0.72916,0.6268,0.031454,0.068276
-0.24651,0.15402,-0.81012,-0.72916,0.6268,0.031454,0.068276
-0.24584,0.15345,-0.81019,-0.72867,0.62544,0.032116,0.070245
-0.24584,0.15411,-0.81155,-0.72921,0.62603,0.03225,0.070281
-0.24574,0.15328,-0.8113,-0.72894,0.62585,0.033759,0.071189
-0.24489,0.15137,-0.81161,-0.72906,0.62535,0.034185,0.071201
-0.24464,0.14923,-0.81022,-0.72954,0.62456,0.034834,0.071201
-0.24539,0.14897,-0.81098,-0.72933,0.62424,0.035985,0.07163
-0.24507,0.14946,-0.81289,-0.72806,0.62412,0.035348,0.071396
-0.24587,0.15054,-0.81263,-0.72764,0.62354,0.033339,0.070752
-0.24651,0.15237,-0.81108,-0.7274,0.62247,0.034173,0.07118
-0.24823,0.15311,-0.81193,-0.72589,0.62153,0.033833,0.071618
-0.2475,0.15301,-0.81399,-0.72477,0.62122,0.032843,0.071664
-0.2477,0.15153,-0.81618,-0.72524,0.62175,0.030668,0.071126
-0.2477,0.15153,-0.81618,-0.72488,0.62141,0.030611,0.07173
-0.24636,0.15056,-0.81526,-0.72565,0.62123,0.030462,0.073329
-0.24687,0.15116,-0.81495,-0.72485,0.62082,0.030012,0.072599
-0.24605,0.1504,-0.81646,-0.72486,0.62117,0.028405,0.072827
-0.24759,0.15067,-0.81711,-0.72466,0.6201,0.028565,0.073359
-0.24759,0.15067,-0.81711,-0.72432,0.61986,0.030767,0.075359
-0.24828,0.15065,-0.81817,-0.7239,0.61983,0.032685,0.076109
-0.24831,0.1514,-0.81868,-0.72332,0.62009,0.032283,0.075772
-0.24908,0.15038,-0.82004,-0.72207,0.61914,0.034195,0.075687
-0.24818,0.14977,-0.81949,-0.72269,0.61914,0.036172,0.077482
-0.2486,0.14785,-0.821,-0.72205,0.61875,0.035435,0.077286
-0.24918,0.14785,-0.82177,-0.72157,0.61838,0.037531,0.07832
-0.25021,0.14551,-0.82275,-0.72205,0.61636,0.038706,0.078841
-0.25026,0.14493,-0.82266,-0.72159,0.6163,0.037917,0.079289
-0.25243,0.14584,-0.82335,-0.71963,0.61673,0.035918,0.078928
-0.25194,0.14496,-0.82388,-0.71935,0.61652,0.036018,0.079067
-0.25284,0.14488,-0.82375,-0.71893,0.61648,0.036697,0.079113
-0.25386,0.14357,-0.82355,-0.71924,0.61596,0.038194,0.079483
-0.25216,0.14284,-0.82387,-0.72075,0.61692,0.038194,0.079483
-0.25386,0.14419,-0.82562,-0.71939,0.61823,0.037642,0.078722
-0.254,0.14454,-0.82664,-0.7186,0.6176,0.037306,0.079437
-0.25562,0.14295,-0.82547,-0.71819,0.61587,0.03705,0.078819
-0.25554,0.14366,-0.82562,-0.71765,0.61641,0.03705,0.078819
-0.25385,0.14284,-0.82393,-0.71651,0.61561,0.036555,0.080063
-0.25346,0.14307,-0.82565,-0.71494,0.61648,0.037229,0.080353
-0.25328,0.14239,-0.82543,-0.71429,0.61593,0.038064,0.080038
-0.25149,0.14257,-0.82541,-0.71386,0.61675,0.038152,0.079783
-0.25075,0.14348,-0.82549,-0.71354,0.6178,0.038152,0.079783
-0.24993,0.14005,-0.82659,-0.71377,0.61672,0.039703,0.080037
-0.25126,0.14067,-0.82661,-0.71155,0.61555,0.040051,0.080033
-0.25189,0.14141,-0.82584,-0.7109,0.6152,0.039396,0.07962
-0.25165,0.14226,-0.82539,-0.70876,0.61575,0.038556,0.079893
-0.25205,0.14088,-0.82472,-0.70971,0.61428,0.038556,0.079893
-0.25161,0.1399,-0.82518,-0.70939,0.61351,0.038188,0.079359
-0.25231,0.14049,-0.82545,-0.7072,0.61214,0.036063,0.078189
-0.25231,0.14049,-0.82545,-0.70655,0.61178,0.036231,0.077926
-0.25393,0.14076,-0.82718,-0.70448,0.61122,0.035764,0.07806
-0.25376,0.14145,-0.827,-0.70406,0.61159,0.035764,0.07806
-0.25187,0.14348,-0.82724,-0.70204,0.61325,0.038846,0.079472
-0.25261,0.14328,-0.82634,-0.70049,0.61227,0.037302,0.078877
-0.25345,0.14346,-0.82562,-0.69863,0.61157,0.036563,0.079331
-0.25314,0.1435,-0.82522,-0.69774,0.61124,0.034668,0.078699
-0.25158,0.14293,-0.82552,-0.69907,0.61218,0.034668,0.078699
-0.252,0.14196,-0.82445,-0.69768,0.61079,0.035241,0.078443
-0.25182,0.14238,-0.82384,-0.69608,0.60872,0.037061,0.081003
-0.25182,0.14238,-0.82384,-0.69518,0.60834,0.037596,0.081955
-0.25141,0.14325,-0.82398,-0.69291,0.60869,0.036886,0.082387
-0.25204,0.14465,-0.82383,-0.69146,0.60892,0.036886,0.082387
-0.24986,0.14491,-0.82345,-0.69166,0.61012,0.036897,0.08307
-0.24986,0.14508,-0.82447,-0.68908,0.61072,0.038886,0.082753
-0.25021,0.14503,-0.82436,-0.68831,0.61009,0.038433,0.082102
-0.25109,0.14472,-0.82472,-0.688,0.60957,0.038433,0.082102
-0.24843,0.14373,-0.82469,-0.68809,0.60895,0.037924,0.080501
-0.24843,0.14373,-0.82469,-0.68809,0.60895,0.037924,0.080501
-0.24348,0.14225,-0.82515,-0.68832,0.61008,0.038304,0.08122
-0.24331,0.14217,-0.82531,-0.68751,0.60931,0.034806,0.079804
-0.24277,0.1425,-0.8255,-0.68642,0.60917,0.033568,0.080505
-0.24261,0.14311,-0.82514,-0.68608,0.60935,0.033568,0.080505
-0.24259,0.14356,-0.825,-0.68481,0.60894,0.033272,0.08148
-0.2435,0.1409,-0.82583,-0.68479,0.60752,0.034159,0.083425
-0.24219,0.14029,-0.82619,-0.68404,0.60709,0.032298,0.084161
-0.242,0.13992,-0.82684,-0.68318,0.60676,0.030575,0.083241
-0.24242,0.14089,-0.82743,-0.68252,0.60674,0.030453,0.083002
-0.24375,0.14156,-0.82708,-0.68124,0.60598,0.030453,0.083002
-0.24407,0.14137,-0.8276,-0.68072,0.60469,0.031191,0.083769
-0.24439,0.14123,-0.82759,-0.68018,0.6047,0.031899,0.085514
-0.2443,0.14067,-0.82699,-0.67973,0.60425,0.030926,0.085224
-0.2443,0.14067,-0.82699,-0.67973,0.60425,0.030926,0.085224
-0.24392,0.1415,-0.82533,-0.67825,0.60443,0.031519,0.085893
-0.24485,0.13941,-0.82469,-0.67642,0.60369,0.032144,0.088907
-0.24496,0.13933,-0.82566,-0.67577,0.60396,0.031592,0.089255
-0.24403,0.13909,-0.82495,-0.67511,0.60358,0.032289,0.089599
-0.24397,0.13872,-0.82595,-0.67534,0.60412,0.031668,0.08961
-0.24407,0.13883,-0.82624,-0.67503,0.60402,0.030444,0.090185
-0.24591,0.13858,-0.82477,-0.6733,0.60247,0.032228,0.091737
-0.24399,0.13739,-0.82337,-0.67373,0.60196,0.030605,0.092593
-0.24416,0.13691,-0.82383,-0.67318,0.60135,0.029791,0.092664
-0.24305,0.13663,-0.82443,-0.67351,0.60186,0.0258,0.092567
-0.24241,0.13676,-0.82418,-0.67383,0.60218,0.0258,0.092567
-0.24019,0.14011,-0.82437,-0.67189,0.60134,0.025598,0.093714
-0.24062,0.14085,-0.82516,-0.67141,0.60063,0.024805,0.094521
-0.24047,0.1418,-0.82598,-0.67104,0.60074,0.024307,0.094492
-0.24056,0.14205,-0.82552,-0.67083,0.60049,0.024061,0.095657
-0.24321,0.14302,-0.82645,-0.66951,0.59913,0.024059,0.09632
-0.24217,0.14376,-0.827,-0.66881,0.60065,0.025314,0.097957
-0.24313,0.14494,-0.82731,-0.66719,0.60116,0.025834,0.098744
-0.24127,0.14439,-0.82819,-0.66852,0.60186,0.025365,0.098799
-0.24127,0.14439,-0.82819,-0.66852,0.60186,0.026677,0.099008
-0.2422,0.14543,-0.82874,-0.66711,0.6014,0.025671,0.099831
-0.24211,0.14793,-0.82528,-0.66594,0.6009,0.026424,0.10369
-0.2429,0.14892,-0.82466,-0.66528,0.60137,0.027517,0.10617
-0.2434,0.14926,-0.82494,-0.66489,0.60099,0.026867,0.10618
-0.24395,0.1495,-0.82437,-0.66412,0.60036,0.02626,0.10624
-0.24477,0.14825,-0.82495,-0.66474,0.59963,0.026482,0.10696
-0.245,0.14783,-0.82572,-0.6649,0.59984,0.02591,0.10762
-0.24422,0.14791,-0.82577,-0.66435,0.59903,0.02813,0.10974
-0.24507,0.14895,-0.82653,-0.66312,0.59931,0.027481,0.10975
-0.24448,0.14767,-0.82731,-0.66303,0.5998,0.028369,0.11251
-0.24347,0.14948,-0.82725,-0.66172,0.60112,0.026073,0.11386
-0.24375,0.15098,-0.82781,-0.66062,0.60178,0.028518,0.11646
-0.2426,0.15059,-0.82815,-0.66046,0.60175,0.028897,0.11844
-0.24269,0.15153,-0.82772,-0.65943,0.6017,0.029185,0.11965
-0.24318,0.15088,-0.82835,-0.65883,0.60144,0.028602,0.11991
-0.24385,0.15116,-0.82755,-0.65684,0.60017,0.030549,0.12326
-0.24238,0.15086,-0.82689,-0.65743,0.59982,0.030935,0.12555
-0.24279,0.15178,-0.82613,-0.65591,0.59944,0.032235,0.12728
-0.24364,0.15182,-0.82685,-0.65534,0.60021,0.031673,0.12744
-0.24364,0.15182,-0.82685,-0.65534,0.60021,0.033281,0.12814
-0.24206,0.1536,-0.8264,-0.65449,0.60096,0.03378,0.12925
-0.24242,0.15416,-0.82716,-0.65397,0.60052,0.035212,0.13048
-0.24286,0.15404,-0.82702,-0.65285,0.60042,0.036934,0.13242
-0.24499,0.15502,-0.82695,-0.65105,0.5995,0.035694,0.13179
-0.24389,0.15413,-0.82673,-0.65034,0.59956,0.035214,0.13223
-0.24239,0.15468,-0.82623,-0.64978,0.60015,0.035702,0.13388
-0.24199,0.15395,-0.82688,-0.64927,0.60005,0.035184,0.13409
-0.24312,0.15464,-0.82829,-0.64773,0.60014,0.03487,0.13435
-0.2421,0.15386,-0.82772,-0.64742,0.59998,0.037082,0.13587
-0.24159,0.15465,-0.82836,-0.64684,0.60004,0.036552,0.13615
-0.2419,0.15517,-0.82906,-0.6449,0.59969,0.036561,0.13645
-0.24168,0.15606,-0.82857,-0.6444,0.59936,0.035948,0.1366
-0.23999,0.15748,-0.8297,-0.64397,0.60114,0.038522,0.13794
-0.23987,0.15727,-0.8298,-0.6443,0.60138,0.038269,0.13705
-0.2398,0.15705,-0.82942,-0.64371,0.60099,0.037875,0.13741
-0.23968,0.15771,-0.82943,-0.64178,0.60043,0.040149,0.14018
-0.24019,0.15875,-0.82901,-0.64119,0.60005,0.039757,0.14055
-0.23861,0.15969,-0.82852,-0.64047,0.60096,0.039239,0.14142
-0.23879,0.16088,-0.82944,-0.6401,0.60156,0.040285,0.14279
-0.23879,0.16088,-0.82944,-0.6401,0.60156,0.038927,0.14205
-0.23972,0.16172,-0.83185,-0.6389,0.60196,0.040835,0.14512
-0.24006,0.16249,-0.83242,-0.6389,0.60196,0.040835,0.14512
-0.23749,0.16354,-0.83289,-0.63817,0.60366,0.039669,0.1467
-0.23742,0.16328,-0.83162,-0.63746,0.60317,0.03777,0.14692
-0.23742,0.16328,-0.83162,-0.63746,0.60317,0.039432,0.14696
-0.23801,0.16343,-0.83055,-0.63622,0.60084,0.040328,0.14631
-0.23841,0.16344,-0.83095,-0.63565,0.60055,0.039891,0.14662
-0.23826,0.16528,-0.83032,-0.63306,0.60016,0.039854,0.14811
-0.23624,0.16484,-0.8304,-0.63402,0.60072,0.04016,0.14889
-0.23579,0.16441,-0.83001,-0.63366,0.6004,0.040396,0.15087
-0.23652,0.16495,-0.8308,-0.63256,0.60071,0.041598,0.15218
-0.23615,0.16398,-0.83212,-0.63256,0.60071,0.041598,0.15218
-0.23482,0.16422,-0.83062,-0.63179,0.60037,0.040425,0.15227
-0.23592,0.16303,-0.83027,-0.63229,0.59963,0.040511,0.15276
-0.23348,0.16181,-0.82996,-0.63347,0.60033,0.038408,0.15191
-0.23352,0.16217,-0.82772,-0.6314,0.5991,0.04039,0.15362
-0.23223,0.16089,-0.82763,-0.63089,0.59883,0.040079,0.15395
-0.22949,0.16005,-0.82683,-0.63141,0.59961,0.040118,0.15415
-0.22972,0.15919,-0.82779,-0.63185,0.59942,0.040809,0.15516
-0.23114,0.15968,-0.8286,-0.6298,0.59875,0.039761,0.15522
-0.23184,0.16065,-0.82906,-0.62874,0.59872,0.038608,0.15603
-0.23177,0.16021,-0.82963,-0.62852,0.59867,0.038168,0.15599
-0.23139,0.15888,-0.83014,-0.62919,0.5986,0.037824,0.15606
-0.23022,0.15791,-0.82986,-0.62894,0.5986,0.036779,0.15545
-0.23022,0.15791,-0.82986,-0.62894,0.5986,0.035596,0.15521
-0.22835,0.15794,-0.8295,-0.62793,0.59969,0.03827,0.15699
-0.22835,0.15794,-0.8295,-0.62793,0.59969,0.03827,0.15699
-0.22734,0.15982,-0.83091,-0.62685,0.6017,0.038271,0.1589
-0.22843,0.16237,-0.83205,-0.62585,0.60222,0.037834,0.1596
-0.22843,0.16237,-0.83205,-0.62585,0.60222,0.04072,0.16171
-0.22937,0.16539,-0.83351,-0.62367,0.60197,0.038559,0.16147
-0.2294,0.16617,-0.83401,-0.62367,0.60197,0.039666,0.16193
-0.22997,0.16717,-0.83455,-0.62123,0.60232,0.038149,0.16208
-0.22935,0.16707,-0.83666,-0.62118,0.60313,0.039008,0.16161
-0.22853,0.16731,-0.83565,-0.62113,0.6035,0.038239,0.16133
-0.22922,0.16914,-0.83564,-0.61937,0.60326,0.038686,0.16244
-0.22953,0.16975,-0.83501,-0.61783,0.6021,0.038397,0.16244
-0.22933,0.1691,-0.83567,-0.61759,0.60204,0.037773,0.16249
-0.23128,0.16957,-0.83638,-0.61562,0.6012,0.038678,0.16317
-0.2308,0.16962,-0.83533,-0.61499,0.60193,0.040341,0.16396
-0.22976,0.16936,-0.836,-0.61575,0.6024,0.041604,0.16582
-0.2304,0.16931,-0.83655,-0.61554,0.60267,0.041231,0.16607
-0.22887,0.16774,-0.83755,-0.61673,0.60376,0.04175,0.16784
-0.22837,0.16766,-0.83738,-0.61522,0.60366,0.042091,0.16947
-0.22739,0.16615,-0.8381,-0.61623,0.60469,0.040641,0.16709
-0.22699,0.16667,-0.83787,-0.61566,0.6056,0.041979,0.16858
-0.22836,0.16633,-0.83754,-0.6156,0.60435,0.040186,0.16864
-0.22972,0.16558,-0.83769,-0.61436,0.60414,0.040192,0.16891
-0.23026,0.16641,-0.8381,-0.61342,0.60484,0.039572,0.16807
-0.22874,0.16735,-0.83834,-0.61213,0.60552,0.040867,0.16818
-0.22781,0.16673,-0.83849,-0.6127,0.60653,0.042567,0.17147
-0.22868,0.16767,-0.8376,-0.61071,0.60604,0.042449,0.17134
-0.22872,0.16726,-0.83632,-0.61016,0.60509,0.041517,0.17162
-0.22773,0.16707,-0.83721,-0.61091,0.60645,0.042968,0.17294
-0.22808,0.16753,-0.83519,-0.61044,0.60544,0.042353,0.17333
-0.22658,0.1679,-0.83475,-0.61079,0.60665,0.041877,0.17389
-0.22674,0.16803,-0.83553,-0.60901,0.6063,0.04145,0.17466
-0.22768,0.17037,-0.83512,-0.60707,0.6068,0.041112,0.17487
-0.22737,0.16987,-0.83485,-0.60681,0.60644,0.041984,0.17468
-0.22624,0.17006,-0.83444,-0.60776,0.60667,0.042727,0.17462
-0.22582,0.17244,-0.83361,-0.60516,0.60797,0.04034,0.17485
-0.22603,0.17241,-0.8326,-0.60498,0.60773,0.040639,0.17468
-0.2259,0.1745,-0.83089,-0.60353,0.60801,0.040777,0.17449
-0.22562,0.17618,-0.8301,-0.60133,0.60744,0.038345,0.17352
-0.22562,0.17618,-0.8301,-0.60133,0.60744,0.038895,0.17388
-0.22166,0.17541,-0.82916,-0.60307,0.6065,0.039563,0.17599
-0.22176,0.17619,-0.82979,-0.60187,0.60726,0.038643,0.17625
-0.22027,0.17671,-0.82994,-0.60166,0.60857,0.039599,0.17713
-0.2209,0.17501,-0.82994,-0.60196,0.60788,0.040265,0.17779
-0.2209,0.17501,-0.82994,-0.60196,0.60788,0.041315,0.1775
-0.22192,0.17702,-0.82921,-0.59932,0.60696,0.038957,0.1773
-0.2226,0.17645,-0.82984,-0.59938,0.60638,0.039074,0.17786
-0.22323,0.17711,-0.83107,-0.59873,0.60685,0.038949,0.17862
-0.22551,0.17812,-0.83217,-0.59598,0.60655,0.037579,0.17835
-0.22551,0.17812,-0.83217,-0.59598,0.60655,0.037628,0.17856
-0.22561,0.18001,-0.82897,-0.59271,0.60535,0.038504,0.18
-0.22589,0.18106,-0.83033,-0.59271,0.60535,0.038732,0.18123
-0.22522,0.17977,-0.82929,-0.59295,0.60499,0.038568,0.18261
-0.225,0.18053,-0.82817,-0.59169,0.60379,0.037445,0.18356
-0.22367,0.18014,-0.82917,-0.59093,0.60431,0.036816,0.18338
-0.2215,0.179,-0.82813,-0.59148,0.60431,0.035342,0.18234
-0.22137,0.17817,-0.82837,-0.5915,0.60341,0.03606,0.18147
-0.2219,0.17844,-0.82991,-0.59059,0.6036,0.034767,0.1823
-0.22141,0.1792,-0.83134,-0.58987,0.60375,0.035785,0.18317
-0.22141,0.1792,-0.83134,-0.58987,0.60375,0.037103,0.18388
-0.22327,0.18062,-0.83236,-0.58566,0.60296,0.038309,0.18459
-0.22444,0.18072,-0.83242,-0.58548,0.60194,0.040224,0.18511
-0.22444,0.18075,-0.83277,-0.5839,0.60153,0.03911,0.18577
-0.22365,0.18004,-0.83427,-0.5841,0.60137,0.037861,0.18451
-0.22365,0.18004,-0.83427,-0.5841,0.60137,0.036725,0.18294
-0.22446,0.17913,-0.83581,-0.58289,0.60074,0.035504,0.18347
-0.22579,0.17968,-0.83631,-0.58184,0.60058,0.036076,0.18408
-0.2282,0.18053,-0.83473,-0.57815,0.59809,0.0341,0.18415
-0.22798,0.17963,-0.83124,-0.57773,0.59658,0.03394,0.18412
-0.22798,0.17963,-0.83124,-0.57773,0.59658,0.034906,0.18435
-0.22937,0.17935,-0.82917,-0.57497,0.5958,0.034092,0.18578
-0.22959,0.17817,-0.82847,-0.57497,0.5958,0.035606,0.18625
-0.22815,0.17661,-0.82902,-0.57479,0.59614,0.035365,0.18875
-0.22827,0.17637,-0.82956,-0.57414,0.59663,0.036949,0.1904
-0.22827,0.17637,-0.82956,-0.57414,0.59663,0.038203,0.19042
-0.23103,0.17368,-0.83053,-0.57264,0.59482,0.03803,0.19059
-0.2305,0.17296,-0.83086,-0.57233,0.59488,0.036801,0.18894
-0.23058,0.17203,-0.83018,-0.57112,0.5942,0.03525,0.18861
-0.23014,0.16963,-0.83009,-0.57096,0.59376,0.034478,0.1884
-0.23014,0.16963,-0.83009,-0.57096,0.59376,0.036696,0.18773
-0.22992,0.16867,-0.83062,-0.57074,0.59371,0.035913,0.18807
-0.22896,0.17055,-0.82995,-0.56886,0.59314,0.035984,0.18903
-0.22974,0.16994,-0.82931,-0.56791,0.59136,0.033832,0.18895
-0.23207,0.17088,-0.82977,-0.56633,0.59041,0.03226,0.18937
-0.23207,0.17088,-0.82977,-0.56633,0.59041,0.03191,0.18955
-0.23221,0.17089,-0.82991,-0.56482,0.59028,0.033051,0.18933
-0.23341,0.16811,-0.82957,-0.56337,0.58836,0.032354,0.18902
-0.23213,0.16718,-0.83029,-0.563,0.58864,0.030906,0.18905
-0.23243,0.16582,-0.83032,-0.56169,0.58787,0.030818,0.18842
-0.23243,0.16582,-0.83032,-0.56169,0.58787,0.029617,0.18827
-0.23194,0.16627,-0.83068,-0.56169,0.58948,0.03054,0.18961
-0.23146,0.1669,-0.8296,-0.5596,0.58969,0.031137,0.18999
-0.23271,0.16655,-0.82934,-0.55921,0.58892,0.028542,0.18985
-0.23142,0.16474,-0.83046,-0.56027,0.58951,0.028632,0.1897
-0.23142,0.16474,-0.83046,-0.56027,0.58951,0.03073,0.19111
-0.23023,0.164,-0.82937,-0.56078,0.58982,0.030857,0.19249
-0.22968,0.16165,-0.82847,-0.56232,0.58958,0.030158,0.19338
-0.22929,0.16064,-0.82808,-0.562,0.58983,0.028847,0.1924
-0.22864,0.15906,-0.82667,-0.56207,0.58943,0.029131,0.19266
-0.22864,0.15906,-0.82667,-0.56207,0.58943,0.031638,0.19434
-0.22814,0.15756,-0.82638,-0.56238,0.58964,0.032725,0.19443
-0.22669,0.15516,-0.82605,-0.5631,0.59046,0.031672,0.19369
-0.22738,0.15475,-0.8257,-0.56275,0.59063,0.030414,0.19402
-0.22751,0.1546,-0.82434,-0.56197,0.5905,0.0302,0.19464
-0.22751,0.1546,-0.82434,-0.56197,0.5905,0.0316,0.19663
-0.22672,0.15356,-0.82376,-0.5615,0.58958,0.032008,0.19695
-0.22709,0.15353,-0.82662,-0.55949,0.59065,0.032023,0.19648
-0.22628,0.1535,-0.82629,-0.55863,0.59024,0.032392,0.19778
-0.22655,0.15115,-0.82663,-0.55844,0.58963,0.030461,0.19646
-0.22655,0.15115,-0.82663,-0.55844,0.58963,0.031548,0.19775
-0.2268,0.15046,-0.82733,-0.55904,0.58914,0.031374,0.19785
-0.2288,0.14917,-0.82795,-0.55921,0.58847,0.030024,0.19902
-0.22702,0.14798,-0.82727,-0.55969,0.58843,0.030574,0.19955
-0.22702,0.14798,-0.82727,-0.55969,0.58843,0.031888,0.19998
-0.2276,0.14595,-0.82565,-0.55934,0.58807,0.032492,0.20253
-0.2276,0.14595,-0.82565,-0.55934,0.58807,0.032492,0.20253
-0.22709,0.14407,-0.82328,-0.56016,0.58689,0.030758,0.20227
-0.22617,0.14333,-0.82063,-0.55942,0.58619,0.029585,0.20198
-0.22497,0.14273,-0.81901,-0.56021,0.58568,0.027754,0.20108
-0.22381,0.14058,-0.81977,-0.56021,0.58568,0.026315,0.19959
-0.22328,0.13965,-0.81882,-0.56082,0.58478,0.026392,0.20007
-0.22106,0.13937,-0.81762,-0.56137,0.58505,0.027269,0.19944
-0.21883,0.13893,-0.81737,-0.56204,0.58545,0.02869,0.20029
-0.21883,0.13893,-0.81737,-0.56204,0.58545,0.029969,0.19985
-0.21751,0.13926,-0.81488,-0.5612,0.58505,0.030826,0.20013
-0.21751,0.13926,-0.81488,-0.5612,0.58505,0.030826,0.20013
-0.216,0.14001,-0.81668,-0.55975,0.58761,0.030282,0.20029
-0.21627,0.13917,-0.81616,-0.55979,0.5867,0.028622,0.19966
-0.21627,0.13917,-0.81616,-0.55979,0.5867,0.028622,0.19966
-0.21755,0.1375,-0.81599,-0.55887,0.58608,0.02937,0.19923
-0.21823,0.13741,-0.81607,-0.55887,0.58608,0.027464,0.19728
-0.21762,0.13772,-0.81591,-0.55842,0.58693,0.027919,0.19818
-0.21801,0.13888,-0.81495,-0.55671,0.58736,0.028008,0.19904
-0.21801,0.13888,-0.81495,-0.55671,0.58736,0.025673,0.19803
-0.21911,0.14081,-0.81306,-0.55478,0.58612,0.02616,0.19874
-0.21863,0.14175,-0.81252,-0.55419,0.58654,0.025677,0.19868
-0.21732,0.14277,-0.8119,-0.55423,0.586,0.025358,0.19688
-0.21718,0.1428,-0.81243,-0.55423,0.586,0.025358,0.19688
-0.21668,0.14191,-0.81217,-0.55348,0.58568,0.027117,0.19826
-0.21668,0.14191,-0.81217,-0.55348,0.58568,0.028173,0.19919
-0.2175,0.14329,-0.81113,-0.55194,0.58516,0.028438,0.19963
-0.2176,0.14404,-0.81117,-0.55109,0.58434,0.031104,0.20096
-0.2186,0.14469,-0.81123,-0.55114,0.58408,0.029441,0.20035
-0.21521,0.1472,-0.81394,-0.55015,0.58676,0.027316,0.20083
-0.21521,0.1472,-0.81394,-0.55015,0.58676,0.027316,0.20083
-0.21411,0.14848,-0.81322,-0.55051,0.58757,0.026561,0.20106
-0.21577,0.14926,-0.81376,-0.54929,0.58578,0.024162,0.19819
-0.21562,0.149,-0.8136,-0.54929,0.58578,0.024162,0.19819
-0.21364,0.14873,-0.81184,-0.5507,0.58637,0.023438,0.19872
-0.21364,0.14873,-0.81184,-0.5507,0.58637,0.025199,0.19901
-0.21428,0.14789,-0.81171,-0.55056,0.58515,0.025287,0.19902
-0.21495,0.14736,-0.8117,-0.55069,0.58351,0.024591,0.1987
-0.21601,0.14797,-0.81237,-0.55085,0.583,0.023513,0.19835
-0.21838,0.14763,-0.81416,-0.55157,0.58181,0.025769,0.19824
-0.21838,0.14763,-0.81416,-0.55157,0.58181,0.025769,0.19824
-0.21792,0.14668,-0.81624,-0.55164,0.58276,0.025928,0.19827
-0.21701,0.14689,-0.81702,-0.55275,0.58311,0.026277,0.19931
-0.21598,0.14566,-0.81814,-0.55343,0.58362,0.025736,0.19946
-0.21711,0.14426,-0.81831,-0.55459,0.58231,0.027695,0.20142
-0.21711,0.14426,-0.81831,-0.55459,0.58231,0.027695,0.20142
-0.21715,0.14615,-0.81816,-0.5536,0.58238,0.027682,0.20124
-0.21762,0.1475,-0.81891,-0.55341,0.58277,0.027206,0.20135
-0.21885,0.14736,-0.81874,-0.55386,0.58249,0.025866,0.19987
-0.21536,0.14638,-0.81918,-0.55635,0.58312,0.023085,0.19737
-0.21536,0.14638,-0.81918,-0.55635,0.58312,0.023085,0.19737
-0.21586,0.14722,-0.81963,-0.55631,0.58262,0.022389,0.19717
-0.21554,0.14822,-0.81869,-0.55772,0.58294,0.023471,0.1978
-0.21577,0.14821,-0.82047,-0.55848,0.58407,0.024266,0.1976
-0.21731,0.15044,-0.81934,-0.55893,0.58375,0.023897,0.19842
-0.21731,0.15044,-0.81934,-0.55893,0.58375,0.023897,0.19842
-0.21793,0.15033,-0.81874,-0.55927,0.58231,0.022985,0.19769
-0.21839,0.15035,-0.81804,-0.55959,0.58203,0.024874,0.19805
-0.21892,0.15198,-0.81815,-0.55905,0.58317,0.024321,0.19731
-0.21846,0.15235,-0.81951,-0.56098,0.58414,0.025644,0.19687
-0.21846,0.15235,-0.81951,-0.56098,0.58414,0.024848,0.19678
-0.21713,0.15299,-0.81859,-0.56105,0.58463,0.024898,0.19703
-0.21838,0.15351,-0.8185,-0.56163,0.58485,0.025203,0.19735
-0.22055,0.15341,-0.81828,-0.56139,0.58405,0.024984,0.19674
-0.22315,0.15266,-0.81806,-0.56093,0.58434,0.024308,0.19696
-0.22315,0.15266,-0.81806,-0.5615,0.58466,0.024011,0.19667
-0.22203,0.1515,-0.81802,-0.56257,0.58468,0.024452,0.19798
-0.22148,0.15207,-0.81746,-0.5629,0.58494,0.024452,0.19798
-0.22009,0.15172,-0.81583,-0.56525,0.58414,0.022388,0.19602
-0.2197,0.15173,-0.81576,-0.56476,0.58418,0.022388,0.19602
-0.21706,0.15046,-0.81425,-0.56798,0.58398,0.02445,0.19683
-0.21711,0.15084,-0.81415,-0.56854,0.58363,0.023146,0.19681
-0.21689,0.15192,-0.81398,-0.56823,0.58354,0.023146,0.19681
-0.21689,0.15192,-0.81398,-0.56907,0.58367,0.02478,0.19701
-0.21563,0.1541,-0.81346,-0.57002,0.58421,0.027094,0.1974
-0.21563,0.1541,-0.81346,-0.57002,0.58421,0.027372,0.19706
-0.21731,0.15593,-0.81297,-0.56898,0.58438,0.028861,0.19733
-0.21794,0.15715,-0.81414,-0.56892,0.58451,0.029474,0.19796
-0.21708,0.15571,-0.81532,-0.57301,0.58657,0.029159,0.19639
-0.21855,0.1569,-0.81355,-0.57276,0.58504,0.029159,0.19639
-0.21958,0.15701,-0.81249,-0.57299,0.58339,0.030112,0.19741
-0.22052,0.15759,-0.8123,-0.57291,0.58213,0.03066,0.19676
-0.21995,0.15645,-0.81257,-0.57288,0.58179,0.03066,0.19676
-0.21995,0.15645,-0.81257,-0.57323,0.58156,0.031419,0.19537
-0.2207,0.15775,-0.81156,-0.57185,0.58202,0.032323,0.19573
-0.2207,0.15775,-0.81156,-0.57203,0.58193,0.03034,0.19391
-0.22275,0.15722,-0.81162,-0.57298,0.57995,0.028521,0.19317
-0.22141,0.15775,-0.81261,-0.57355,0.5806,0.028521,0.19317
-0.22141,0.15775,-0.81261,-0.57371,0.58058,0.027367,0.1933
-0.22099,0.15653,-0.81223,-0.57387,0.58015,0.03015,0.19576
-0.22121,0.15735,-0.812,-0.5742,0.57873,0.030666,0.19623
-0.22312,0.15838,-0.81512,-0.57334,0.58075,0.031017,0.19835
-0.22252,0.15805,-0.81489,-0.57376,0.5802,0.031017,0.19835
-0.22252,0.15805,-0.81489,-0.57402,0.58034,0.032437,0.19864
-0.22411,0.1597,-0.8158,-0.57378,0.58068,0.033399,0.19978
-0.22418,0.15841,-0.81643,-0.57415,0.57997,0.033427,0.20029
-0.22347,0.15631,-0.81686,-0.57574,0.58017,0.033486,0.20121
-0.22201,0.15728,-0.81694,-0.577,0.58046,0.033486,0.20121
-0.22201,0.15728,-0.81694,-0.57711,0.58041,0.033981,0.20196
-0.22044,0.15726,-0.81733,-0.57763,0.58089,0.033777,0.2015
-0.21928,0.1571,-0.81823,-0.57921,0.58112,0.034197,0.20112
-0.21787,0.15871,-0.81798,-0.57845,0.58144,0.034482,0.20087
-0.21898,0.1589,-0.81813,-0.57805,0.58136,0.034482,0.20087
-0.21898,0.1589,-0.81813,-0.57801,0.58122,0.034312,0.2008
-0.21892,0.15825,-0.81838,-0.57912,0.58102,0.035981,0.20154
-0.22218,0.15946,-0.81927,-0.57727,0.5813,0.036109,0.20238
-0.22221,0.15975,-0.8193,-0.57711,0.58181,0.035825,0.20247
-0.22396,0.1609,-0.81775,-0.57608,0.57997,0.035825,0.20247
-0.22369,0.16132,-0.81785,-0.57602,0.58006,0.034361,0.20185
-0.22331,0.16083,-0.81713,-0.57667,0.57953,0.033155,0.2023
-0.22315,0.16164,-0.81725,-0.57759,0.5793,0.033224,0.20241
-0.22276,0.16138,-0.81744,-0.5788,0.57925,0.03673,0.20385
-0.22248,0.16118,-0.8157,-0.57904,0.57846,0.03673,0.20385
-0.22248,0.16118,-0.8157,-0.57907,0.57828,0.036246,0.20355
-0.22058,0.16226,-0.8155,-0.58014,0.57932,0.035767,0.20216
-0.22037,0.16323,-0.8147,-0.58005,0.58032,0.035767,0.20216
-0.21975,0.16308,-0.81554,-0.58013,0.58088,0.03678,0.20285
-0.22059,0.16248,-0.81655,-0.58122,0.58101,0.03678,0.20285
-0.22082,0.16334,-0.8164,-0.58105,0.58058,0.038697,0.20393
-0.22229,0.16344,-0.81795,-0.58081,0.58061,0.03866,0.20324
-0.22292,0.16123,-0.81838,-0.58173,0.57981,0.03866,0.20324
-0.22236,0.1611,-0.81795,-0.58178,0.58045,0.039489,0.20327
-0.22169,0.16059,-0.81736,-0.58233,0.58103,0.039489,0.20327
-0.22067,0.16074,-0.81667,-0.58253,0.58147,0.041415,0.20408
-0.22,0.16002,-0.81554,-0.58296,0.58062,0.04215,0.20376
-0.21827,0.16056,-0.8161,-0.58411,0.58228,0.04215,0.20376
-0.2196,0.16189,-0.81725,-0.58342,0.5819,0.037922,0.20213
-0.21875,0.1631,-0.8172,-0.58306,0.58185,0.039897,0.20301
-0.21754,0.16358,-0.81704,-0.58385,0.58226,0.039897,0.20301
-0.21677,0.16398,-0.81532,-0.58429,0.58137,0.039186,0.20306
-0.21663,0.16314,-0.81539,-0.58599,0.58081,0.039186,0.20306
-0.21496,0.16204,-0.81552,-0.58616,0.57968,0.040816,0.20381
-0.21669,0.1607,-0.81707,-0.58632,0.57944,0.039794,0.20262
-0.2162,0.16109,-0.81717,-0.58644,0.5802,0.036122,0.2013
-0.21616,0.16021,-0.81695,-0.58753,0.58078,0.036122,0.2013
-0.21769,0.15936,-0.81857,-0.58781,0.57981,0.036715,0.20088
-0.21915,0.1583,-0.82116,-0.58814,0.58028,0.038205,0.20196
-0.21927,0.15831,-0.82189,-0.58911,0.57963,0.038325,0.20287
-0.22039,0.15908,-0.82151,-0.58935,0.57869,0.036349,0.20294
-0.22058,0.15998,-0.82203,-0.58912,0.57934,0.037423,0.20369
-0.22049,0.15842,-0.82188,-0.58982,0.5791,0.037423,0.20369
-0.2209,0.15721,-0.82249,-0.59062,0.57884,0.038093,0.20371
-0.22205,0.15854,-0.82406,-0.59051,0.57946,0.037875,0.20383
-0.22098,0.15724,-0.8235,-0.59344,0.5803,0.039392,0.2035
-0.22019,0.15689,-0.8228,-0.59474,0.57969,0.039392,0.2035
-0.22009,0.15651,-0.82153,-0.59632,0.57934,0.037795,0.20243
-0.2211,0.15575,-0.82064,-0.59775,0.57813,0.038015,0.20123
-0.22188,0.15604,-0.82066,-0.59816,0.57666,0.039207,0.20142
-0.22239,0.15592,-0.8215,-0.59924,0.57663,0.038411,0.20111
-0.22254,0.15616,-0.82218,-0.60017,0.57691,0.038411,0.20111
-0.22313,0.15398,-0.82361,-0.60259,0.57609,0.036561,0.19998
-0.22383,0.15371,-0.82467,-0.60518,0.57614,0.038744,0.20046
-0.2233,0.15335,-0.82601,-0.60896,0.57657,0.040451,0.20104
-0.2233,0.15335,-0.82601,-0.6109,0.57658,0.039397,0.20002
-0.22208,0.15255,-0.82592,-0.6128,0.57753,0.039397,0.20002
-0.22296,0.15232,-0.82627,-0.61628,0.57827,0.041867,0.20042
-0.22283,0.15116,-0.82667,-0.61665,0.57802,0.041867,0.20042
-0.22471,0.15064,-0.82658,-0.62072,0.57808,0.042714,0.19852
-0.22692,0.15042,-0.82645,-0.62133,0.57712,0.043419,0.19903
-0.22656,0.14869,-0.82473,-0.62313,0.57608,0.044817,0.19841
-0.22521,0.14784,-0.82329,-0.62529,0.57538,0.04426,0.19764
-0.22511,0.14524,-0.82251,-0.62722,0.57382,0.04426,0.19764
-0.22544,0.14488,-0.82296,-0.63058,0.57353,0.045909,0.19725
-0.22471,0.14441,-0.82226,-0.63219,0.57327,0.04685,0.19618
-0.22447,0.14445,-0.82178,-0.63412,0.57318,0.046763,0.19705
-0.22713,0.14471,-0.82209,-0.63292,0.57193,0.045834,0.19483
-0.22774,0.14344,-0.82143,-0.6349,0.5712,0.046308,0.19552
-0.22917,0.14252,-0.82111,-0.63674,0.57141,0.046695,0.19434
-0.22884,0.14041,-0.82085,-0.63926,0.57128,0.047759,0.19294
-0.2308,0.13983,-0.82024,-0.64104,0.57078,0.047735,0.1911
-0.23178,0.13923,-0.8214,-0.64285,0.57097,0.048459,0.19042
-0.23041,0.13839,-0.82113,-0.64574,0.57137,0.04655,0.18988
-0.23114,0.1389,-0.82166,-0.647,0.57164,0.047596,0.18855
-0.23142,0.13691,-0.82162,-0.65016,0.57066,0.047193,0.18705
-0.23329,0.13467,-0.82207,-0.65357,0.56981,0.047963,0.18738
-0.23285,0.13335,-0.821,-0.65609,0.56878,0.047814,0.18635
-0.2318,0.13237,-0.81997,-0.6564,0.56787,0.046419,0.18737
-0.23212,0.13307,-0.81808,-0.66186,0.56683,0.047017,0.18444
-0.23142,0.13193,-0.81724,-0.66443,0.56696,0.048343,0.18428
-0.23216,0.13212,-0.81685,-0.66689,0.56611,0.048389,0.18393
-0.23103,0.12968,-0.81813,-0.6712,0.56618,0.048871,0.18457
-0.23109,0.12863,-0.81759,-0.6712,0.56618,0.046895,0.18575
-0.2327,0.12687,-0.81725,-0.67734,0.56618,0.048328,0.18324
-0.23276,0.12597,-0.8167,-0.67737,0.56586,0.044259,0.1835
-0.23298,0.12434,-0.81617,-0.68347,0.56665,0.045377,0.18266
-0.23393,0.12218,-0.81608,-0.6876,0.56708,0.045588,0.18261
-0.23427,0.12127,-0.81585,-0.68716,0.56626,0.043963,0.18505
-0.23605,0.12019,-0.81626,-0.68879,0.56616,0.044014,0.18487
-0.23853,0.11835,-0.81741,-0.69172,0.56576,0.044402,0.18437
-0.23936,0.11776,-0.8163,-0.6978,0.56515,0.046528,0.1815
-0.24071,0.11685,-0.81602,-0.70045,0.56433,0.046779,0.1818
-0.23976,0.11557,-0.81581,-0.70254,0.56393,0.044534,0.18261
-0.24226,0.11413,-0.81488,-0.70525,0.56153,0.04521,0.18188
-0.24254,0.11154,-0.81444,-0.70907,0.55987,0.045131,0.18206
-0.24379,0.1096,-0.81362,-0.71506,0.5584,0.04679,0.17953
-0.24539,0.1062,-0.81269,-0.71819,0.55743,0.04604,0.1802
-0.24527,0.1058,-0.81211,-0.71819,0.55743,0.043678,0.1813
-0.2448,0.10334,-0.81093,-0.72241,0.55628,0.04437,0.18077
-0.24571,0.10112,-0.81182,-0.72627,0.55566,0.043539,0.17975
-0.24622,0.10039,-0.81289,-0.73237,0.55744,0.046111,0.17711
-0.24901,0.1005,-0.8145,-0.733,0.55726,0.048577,0.17738
-0.24851,0.0993,-0.8145,-0.733,0.55726,0.049052,0.1799
-0.24794,0.096885,-0.81654,-0.73632,0.55784,0.046784,0.17768
-0.24873,0.095272,-0.81522,-0.73891,0.55754,0.04705,0.17601
-0.25027,0.091155,-0.81693,-0.74583,0.55837,0.047354,0.17243
-0.25073,0.09032,-0.81685,-0.74911,0.55804,0.049333,0.17118
-0.24989,0.089465,-0.817,-0.74911,0.55804,0.048757,0.17168
-0.24984,0.088876,-0.81714,-0.75257,0.55848,0.050501,0.16976
-0.25207,0.089146,-0.81678,-0.75472,0.55726,0.048356,0.16998
-0.25147,0.088563,-0.81658,-0.76059,0.55817,0.050247,0.16588
-0.25338,0.087212,-0.81711,-0.76399,0.55715,0.050626,0.16455
-0.25333,0.086684,-0.81669,-0.76399,0.55715,0.049237,0.16549
-0.25373,0.086104,-0.81697,-0.76943,0.55837,0.051253,0.16226
-0.25427,0.084425,-0.81869,-0.77047,0.55716,0.049195,0.16291
-0.25384,0.083382,-0.81847,-0.77651,0.55801,0.051465,0.16084
-0.254,0.081214,-0.81926,-0.77905,0.55667,0.051897,0.15944
-0.25345,0.080799,-0.81904,-0.77905,0.55667,0.049598,0.1593
-0.25409,0.079627,-0.81963,-0.78217,0.55615,0.051152,0.15764
-0.25424,0.077702,-0.81883,-0.78795,0.55563,0.054125,0.15675
-0.25522,0.075855,-0.81792,-0.79112,0.55435,0.055132,0.15643
-0.25686,0.07396,-0.81984,-0.79348,0.55375,0.055418,0.15453
-0.25667,0.074946,-0.81972,-0.79348,0.55375,0.05403,0.15511
-0.25754,0.074103,-0.81957,-0.79621,0.55316,0.055686,0.15361
-0.25712,0.070955,-0.81969,-0.80205,0.55427,0.054236,0.15039
-0.25849,0.068365,-0.81944,-0.80479,0.55434,0.05394,0.15059
-0.26184,0.065161,-0.81886,-0.80731,0.55177,0.055261,0.1495
-0.2622,0.065003,-0.81761,-0.80731,0.55177,0.052556,0.15011
-0.26279,0.062941,-0.81708,-0.81096,0.55118,0.054139,0.14885
-0.26402,0.060622,-0.81509,-0.81492,0.55194,0.056621,0.14792
-0.2639,0.060598,-0.81496,-0.81688,0.55267,0.05761,0.14671
-0.26599,0.059093,-0.81474,-0.81914,0.55053,0.058821,0.14604
-0.2659,0.059143,-0.81442,-0.81914,0.55053,0.055813,0.14561
-0.26729,0.056875,-0.81369,-0.8225,0.54895,0.057472,0.14444
-0.26873,0.055873,-0.81504,-0.82721,0.55016,0.057456,0.14232
-0.27139,0.05573,-0.81592,-0.82937,0.54982,0.05635,0.14102
-0.27426,0.054489,-0.81567,-0.83101,0.54829,0.057011,0.14062
-0.27411,0.055367,-0.81653,-0.83101,0.54829,0.058511,0.14258
-0.27459,0.053059,-0.81766,-0.83454,0.54899,0.059764,0.14135
-0.27623,0.053808,-0.81821,-0.83888,0.55115,0.06202,0.14081
-0.2761,0.054243,-0.8189,-0.83992,0.55253,0.062324,0.14008
-0.27962,0.052337,-0.82145,-0.84228,0.55221,0.060886,0.13817
-0.27965,0.053473,-0.82077,-0.84228,0.55221,0.059002,0.13756
-0.28054,0.053641,-0.82118,-0.84356,0.5529,0.060172,0.13633
-0.28228,0.052624,-0.82365,-0.84715,0.55305,0.061794,0.13459
-0.28464,0.052567,-0.82409,-0.84896,0.55174,0.060762,0.13253
-0.28731,0.049484,-0.82563,-0.85168,0.54911,0.060329,0.13049
-0.28785,0.05033,-0.82614,-0.85168,0.54911,0.059932,0.12922
-0.28758,0.048327,-0.82637,-0.85525,0.5488,0.060657,0.12791
-0.28682,0.046534,-0.82763,-0.85993,0.55012,0.060574,0.12407
-0.28558,0.047027,-0.82765,-0.86166,0.55104,0.059757,0.12267
-0.28966,0.047803,-0.82807,-0.86081,0.54884,0.059231,0.12195
-0.2896,0.047498,-0.82763,-0.86081,0.54884,0.057987,0.12204
-0.29093,0.047259,-0.82838,-0.8608,0.54878,0.058173,0.12155
-0.29249,0.047578,-0.82986,-0.86164,0.54874,0.060022,0.12149
-0.29506,0.048725,-0.83133,-0.86021,0.54907,0.06035,0.12118
-0.29399,0.048791,-0.8325,-0.86088,0.55054,0.062542,0.12067
-0.2929,0.04954,-0.83252,-0.86088,0.55054,0.063455,0.12043
-0.2942,0.049687,-0.83287,-0.8604,0.55116,0.062943,0.11972
-0.2959,0.050729,-0.83615,-0.861,0.55254,0.062607,0.11899
-0.29755,0.0513,-0.83769,-0.86066,0.55212,0.06312,0.11941
-0.29996,0.05174,-0.84276,-0.85895,0.55207,0.063364,0.11792
-0.30004,0.051681,-0.84249,-0.85895,0.55207,0.062957,0.11588
-0.30143,0.051698,-0.84236,-0.85814,0.55118,0.062152,0.11543
-0.30262,0.052619,-0.84377,-0.85766,0.55095,0.060685,0.11275
-0.3016,0.051332,-0.84359,-0.85926,0.55061,0.060879,0.1121
-0.30341,0.049955,-0.84699,-0.86015,0.55029,0.06093,0.1111
-0.30369,0.05034,-0.8465,-0.86015,0.55029,0.061237,0.1107
-0.30356,0.049716,-0.84801,-0.86091,0.55127,0.060637,0.10999
-0.30602,0.050407,-0.85033,-0.86074,0.55123,0.058782,0.10888
-0.30708,0.050454,-0.85138,-0.86092,0.55227,0.059966,0.10772
-0.30861,0.049698,-0.85452,-0.86144,0.55286,0.061636,0.10739
-0.30948,0.050423,-0.85479,-0.86144,0.55286,0.060308,0.10604
-0.31076,0.050794,-0.85418,-0.86083,0.55229,0.060368,0.10575
-0.31307,0.050554,-0.85371,-0.86123,0.55208,0.059052,0.10515
-0.31402,0.047757,-0.85156,-0.86189,0.5505,0.05972,0.10605
-0.31312,0.045568,-0.8521,-0.8639,0.55124,0.06023,0.10667
-0.31397,0.043539,-0.85203,-0.86464,0.55057,0.06153,0.10655
-0.31419,0.044153,-0.85223,-0.86464,0.55057,0.06153,0.10655
-0.31446,0.043985,-0.8522,-0.86508,0.55086,0.062121,0.10776
-0.31525,0.04342,-0.8559,-0.86557,0.55255,0.061827,0.10599
-0.315,0.042172,-0.85765,-0.86661,0.55323,0.062634,0.10625
-0.31527,0.042339,-0.85687,-0.86661,0.55323,0.062117,0.10519
-0.31709,0.041501,-0.85875,-0.86557,0.5524,0.062125,0.10362
-0.31634,0.041589,-0.85692,-0.86557,0.5524,0.062125,0.10362
-0.31634,0.039696,-0.85764,-0.86689,0.55072,0.063181,0.10155
-0.31664,0.040148,-0.85939,-0.86724,0.55067,0.063247,0.10006
-0.31532,0.040855,-0.86023,-0.86724,0.55067,0.062988,0.099201
-0.31573,0.040387,-0.85994,-0.86743,0.55011,0.063115,0.099295
-0.31784,0.043775,-0.86124,-0.86601,0.54959,0.062996,0.097012
-0.32013,0.045031,-0.86198,-0.86583,0.54867,0.06355,0.095772
-0.32073,0.045205,-0.86215,-0.86608,0.54766,0.065392,0.096251
-0.31985,0.04451,-0.86188,-0.86727,0.54678,0.064882,0.094368
-0.31872,0.044487,-0.86131,-0.86727,0.54678,0.064882,0.094368
-0.32018,0.045461,-0.85971,-0.86727,0.54552,0.063203,0.093432
-0.32149,0.045114,-0.85909,-0.86774,0.54531,0.061718,0.092374
-0.32496,0.044183,-0.85946,-0.86718,0.54256,0.061868,0.091663
-0.32667,0.041745,-0.85939,-0.86896,0.54114,0.061187,0.090562
-0.32704,0.042431,-0.85915,-0.86896,0.54114,0.061187,0.090562
-0.32679,0.041479,-0.85876,-0.87098,0.54208,0.059228,0.090116
-0.32954,0.040472,-0.85922,-0.87097,0.54117,0.058843,0.089734
-0.33079,0.038188,-0.85887,-0.87222,0.53974,0.058001,0.089505
-0.3319,0.038963,-0.85836,-0.87222,0.53974,0.057371,0.08863
-0.3311,0.038116,-0.85719,-0.87485,0.54086,0.058125,0.087813
-0.33178,0.038854,-0.85682,-0.87521,0.54184,0.058584,0.086605
-0.33207,0.038327,-0.85715,-0.87518,0.54231,0.059259,0.086238
-0.33216,0.037286,-0.85743,-0.87512,0.54177,0.058418,0.085391
-0.33294,0.035548,-0.85671,-0.87666,0.54109,0.059179,0.08415
-0.33256,0.035893,-0.85601,-0.87666,0.54109,0.059179,0.08415
-0.33387,0.037299,-0.85703,-0.87611,0.54135,0.059295,0.081876
-0.33565,0.036693,-0.85781,-0.87663,0.54036,0.060466,0.081396
-0.33719,0.033555,-0.85869,-0.87841,0.53809,0.061668,0.08154
-0.3364,0.034641,-0.85788,-0.87841,0.53809,0.064271,0.082043
-0.33707,0.034301,-0.86145,-0.87919,0.53884,0.066978,0.08204
-0.33719,0.034263,-0.86147,-0.87953,0.53949,0.066953,0.081068
-0.33873,0.032744,-0.86314,-0.8814,0.53897,0.065213,0.080201
-0.34016,0.030869,-0.86661,-0.88177,0.5386,0.06627,0.07929
-0.34044,0.031189,-0.86685,-0.88177,0.5386,0.066842,0.080519
-0.3416,0.02847,-0.86679,-0.88415,0.53621,0.068319,0.0801
-0.34197,0.02916,-0.86657,-0.88415,0.53621,0.068932,0.07984
-0.34171,0.028032,-0.8681,-0.88559,0.5361,0.070627,0.080161
-0.34372,0.026981,-0.87061,-0.88649,0.53572,0.070877,0.080186
-0.34346,0.028297,-0.8715,-0.88649,0.53572,0.072341,0.080716
-0.34596,0.026109,-0.87074,-0.88868,0.53457,0.074609,0.079526
-0.34557,0.026261,-0.87156,-0.88938,0.53572,0.07547,0.07965
-0.34516,0.023877,-0.87102,-0.89205,0.53526,0.077445,0.079545
-0.3454,0.022598,-0.86822,-0.89359,0.53302,0.079295,0.078591
-0.34426,0.022648,-0.868,-0.89359,0.53302,0.079295,0.078591
-0.34639,0.017513,-0.86877,-0.89763,0.52984,0.080334,0.076705
-0.34456,0.017387,-0.86884,-0.89785,0.53001,0.080207,0.075935
-0.34574,0.01721,-0.86867,-0.89911,0.52891,0.082422,0.07575
-0.34956,0.014783,-0.86953,-0.90022,0.52629,0.080371,0.073605
-0.35129,0.014775,-0.87018,-0.90022,0.52629,0.080371,0.073605
-0.35289,0.014327,-0.87142,-0.90072,0.52715,0.07832,0.071729
-0.35395,0.012129,-0.87345,-0.9018,0.52714,0.079515,0.071922
-0.35593,0.011368,-0.8729,-0.90193,0.52901,0.080992,0.072032
-0.35926,0.0087494,-0.87582,-0.90226,0.52844,0.081283,0.071856
-0.3602,0.0071915,-0.87772,-0.90361,0.52894,0.081628,0.071952
-0.35865,0.0070252,-0.87837,-0.90361,0.52894,0.081628,0.071952
-0.36053,0.0068493,-0.87997,-0.90414,0.5297,0.081271,0.072645
-0.36165,0.0058506,-0.88081,-0.90483,0.52804,0.082708,0.072797
-0.36311,0.00039976,-0.88361,-0.90698,0.5268,0.081564,0.071086
-0.36467,0.00023396,-0.88404,-0.90698,0.5268,0.081564,0.071086
-0.3674,-0.00057659,-0.88791,-0.90671,0.52656,0.081548,0.071337
-0.36897,-0.0036343,-0.89147,-0.90805,0.52706,0.078818,0.070784
-0.36859,-0.0024131,-0.89214,-0.90805,0.52706,0.080883,0.072433
-0.37098,-0.0050566,-0.89615,-0.90951,0.52742,0.079429,0.070981
-0.37096,-0.0061742,-0.8997,-0.91114,0.52905,0.080157,0.071146
-0.37336,-0.0063949,-0.90093,-0.91114,0.52905,0.080157,0.071146
-0.37644,-0.0077663,-0.90581,-0.91185,0.53025,0.080134,0.069298
-0.37662,-0.0067686,-0.90532,-0.91185,0.53025,0.080669,0.068708
-0.37723,-0.008727,-0.909,-0.91339,0.5308,0.077937,0.067123
-0.37801,-0.010737,-0.91019,-0.91417,0.53029,0.078011,0.06573
-0.37857,-0.012096,-0.90976,-0.91515,0.52987,0.078261,0.065323
-0.37898,-0.013594,-0.90993,-0.91654,0.5293,0.077896,0.064908
-0.37759,-0.014588,-0.90882,-0.91654,0.5293,0.079505,0.065792
-0.37987,-0.017854,-0.90981,-0.91713,0.52777,0.077513,0.065081
-0.38106,-0.019911,-0.91153,-0.91841,0.5276,0.075674,0.063918
-0.37997,-0.019732,-0.91163,-0.91841,0.5276,0.075674,0.063918
-0.38126,-0.021733,-0.91377,-0.91973,0.52812,0.074569,0.063896
-0.38033,-0.026736,-0.91515,-0.92309,0.52858,0.074192,0.062408
-0.38063,-0.031102,-0.91792,-0.92591,0.52959,0.071804,0.060481
-0.38073,-0.032405,-0.91906,-0.92649,0.53085,0.071851,0.059793
-0.38136,-0.031891,-0.91975,-0.92649,0.53085,0.071851,0.059793
-0.38303,-0.033185,-0.92157,-0.92778,0.53001,0.071733,0.059799
-0.38471,-0.034464,-0.92293,-0.92838,0.52948,0.070263,0.059314
-0.38696,-0.03482,-0.92544,-0.92803,0.52976,0.069743,0.058391
-0.38871,-0.034311,-0.92632,-0.92731,0.5303,0.069151,0.058684
-0.38798,-0.033954,-0.92633,-0.92731,0.5303,0.069151,0.058684
-0.38899,-0.034431,-0.92694,-0.92843,0.52978,0.068011,0.058349
-0.39124,-0.035637,-0.92727,-0.92828,0.53011,0.068526,0.058646
-0.39456,-0.038761,-0.92732,-0.92969,0.528,0.067989,0.058382
-0.39485,-0.039665,-0.92824,-0.93032,0.52829,0.068265,0.057314
-0.39391,-0.039525,-0.92733,-0.93032,0.52829,0.068265,0.057314
-0.3956,-0.03992,-0.92788,-0.9298,0.52926,0.068255,0.057027
-0.39647,-0.041154,-0.92844,-0.92954,0.52894,0.067671,0.056541
-0.39956,-0.044274,-0.92972,-0.93081,0.52636,0.065965,0.055392
-0.39884,-0.046522,-0.92985,-0.93106,0.52519,0.065977,0.054766
-0.39909,-0.046878,-0.93006,-0.93106,0.52519,0.065977,0.054766
-0.39965,-0.048061,-0.93211,-0.93183,0.52516,0.063806,0.053464
-0.39945,-0.050369,-0.93305,-0.93314,0.5246,0.065225,0.054021
-0.40022,-0.051871,-0.93414,-0.93311,0.52436,0.064413,0.052861
-0.40164,-0.056608,-0.93655,-0.93683,0.52275,0.062228,0.051643
-0.40095,-0.057212,-0.9368,-0.93683,0.52275,0.062228,0.051643
-0.40198,-0.057347,-0.93655,-0.93715,0.52163,0.060749,0.050546
-0.40172,-0.058453,-0.93566,-0.93799,0.52087,0.059544,0.050329
-0.40154,-0.059997,-0.93674,-0.93913,0.52007,0.060702,0.049561
-0.4006,-0.060977,-0.93722,-0.93949,0.51944,0.059824,0.046738
-0.40038,-0.061439,-0.9374,-0.93949,0.51944,0.059824,0.046738
-0.40111,-0.064747,-0.9407,-0.93972,0.51836,0.06124,0.044892
-0.40144,-0.064929,-0.94065,-0.93972,0.51836,0.06124,0.044892
-0.40157,-0.064307,-0.94119,-0.93929,0.51894,0.060709,0.045093
-0.40341,-0.064333,-0.94463,-0.93534,0.52038,0.05882,0.04431
-0.40365,-0.065145,-0.94576,-0.93603,0.52106,0.059579,0.045117
-0.40427,-0.066144,-0.94704,-0.9365,0.52114,0.058342,0.044055
-0.4046,-0.065458,-0.94706,-0.9365,0.52114,0.058342,0.044055
-0.40135,-0.066988,-0.94709,-0.93774,0.52177,0.057951,0.043781
-0.40234,-0.068725,-0.9489,-0.93826,0.5214,0.057735,0.044347
-0.40265,-0.070759,-0.94845,-0.93902,0.52073,0.059146,0.044338
-0.40324,-0.071547,-0.94896,-0.93902,0.52073,0.059146,0.044338
-0.40228,-0.073172,-0.95062,-0.93972,0.52119,0.059508,0.045807
-0.40426,-0.072574,-0.9506,-0.93863,0.52081,0.061002,0.047776
-0.40461,-0.073222,-0.95298,-0.93773,0.52296,0.060792,0.049585
-0.40464,-0.074134,-0.95387,-0.93787,0.52355,0.060139,0.049858
-0.4039,-0.075278,-0.95285,-0.93787,0.52355,0.060139,0.049858
-0.40395,-0.077004,-0.9544,-0.93864,0.52358,0.059099,0.049523
-0.40261,-0.077182,-0.95562,-0.93941,0.52408,0.058139,0.048719
-0.40023,-0.07766,-0.95631,-0.93915,0.52462,0.059322,0.048615
-0.39845,-0.077837,-0.95714,-0.93927,0.52506,0.057693,0.048195
-0.39919,-0.079774,-0.95698,-0.9405,0.52467,0.058793,0.048294
-0.39843,-0.081217,-0.95734,-0.94256,0.52423,0.058464,0.046817
-0.39844,-0.082213,-0.95868,-0.94286,0.52391,0.058182,0.045885
-0.39915,-0.081886,-0.96077,-0.94385,0.52503,0.059214,0.046355
-0.40077,-0.082783,-0.96231,-0.94497,0.52366,0.058179,0.045555
-0.40241,-0.082364,-0.9626,-0.94497,0.52366,0.061417,0.046489
-0.40294,-0.083734,-0.96413,-0.94567,0.52266,0.061199,0.046968
-0.40368,-0.08458,-0.96515,-0.9453,0.52133,0.061288,0.047512
-0.40511,-0.084353,-0.96899,-0.94434,0.52112,0.06176,0.048339
-0.40587,-0.084277,-0.96964,-0.94434,0.52112,0.06176,0.048339
-0.40563,-0.084365,-0.9706,-0.94583,0.52031,0.063111,0.048751
-0.40633,-0.084264,-0.97138,-0.94528,0.52028,0.06269,0.04804
-0.40651,-0.085059,-0.97334,-0.94589,0.52113,0.063133,0.048795
-0.40993,-0.086312,-0.97583,-0.9464,0.52035,0.062771,0.048296
-0.40876,-0.086113,-0.97521,-0.948,0.52027,0.061757,0.047095
-0.4083,-0.085043,-0.97506,-0.948,0.52027,0.062503,0.048312
-0.41003,-0.084999,-0.97478,-0.94811,0.51939,0.062647,0.047258
-0.41076,-0.088294,-0.97491,-0.95244,0.5174,0.062782,0.046478
-0.40931,-0.089045,-0.97537,-0.95436,0.51703,0.063325,0.046508
-0.40816,-0.089515,-0.9747,-0.95436,0.51703,0.063961,0.046776
-0.41128,-0.089664,-0.97398,-0.95515,0.51449,0.062441,0.045653
-0.41095,-0.090414,-0.97326,-0.95515,0.51449,0.063392,0.046274
-0.41189,-0.094766,-0.97444,-0.95728,0.51375,0.062131,0.045337
-0.41343,-0.096501,-0.97469,-0.95839,0.51382,0.060143,0.043863
-0.4144,-0.098136,-0.97463,-0.95839,0.51382,0.060203,0.04505
-0.41366,-0.10097,-0.97644,-0.96049,0.51383,0.06028,0.04478
-0.41266,-0.10402,-0.97778,-0.9636,0.51322,0.058961,0.044975
-0.41321,-0.10452,-0.97844,-0.96425,0.51255,0.061011,0.045671
-0.41318,-0.10722,-0.98309,-0.96708,0.51404,0.061178,0.043952
-0.41375,-0.10853,-0.98295,-0.96749,0.51274,0.060932,0.043091
-0.41337,-0.10983,-0.9824,-0.96763,0.51344,0.062019,0.042594
-0.41373,-0.11236,-0.98214,-0.96941,0.51332,0.060956,0.041497
-0.41188,-0.11358,-0.98186,-0.9704,0.51373,0.061806,0.042296
-0.41276,-0.11414,-0.98169,-0.9697,0.51404,0.060141,0.041541
-0.41301,-0.11422,-0.98126,-0.97071,0.51342,0.059371,0.041953
-0.41557,-0.11504,-0.98309,-0.97034,0.51316,0.059501,0.041612
-0.41599,-0.11639,-0.98539,-0.97087,0.51294,0.059501,0.041612
-0.4137,-0.11652,-0.98788,-0.97033,0.51415,0.061666,0.042533
-0.41413,-0.11851,-0.98838,-0.97118,0.5139,0.062511,0.041851
-0.4151,-0.1208,-0.98934,-0.97171,0.51335,0.063549,0.041663
-0.41708,-0.12319,-0.99263,-0.97177,0.51254,0.064668,0.042879
-0.41708,-0.12319,-0.99263,-0.97177,0.51254,0.064668,0.042879
-0.41696,-0.12386,-0.99416,-0.9724,0.51387,0.063831,0.038841
-0.41779,-0.12537,-0.99627,-0.97325,0.51316,0.06434,0.038996
-0.41795,-0.12462,-0.9961,-0.97325,0.51316,0.064416,0.038612
-0.41801,-0.12668,-0.99729,-0.9734,0.51309,0.065153,0.039228
-0.4172,-0.12662,-0.99733,-0.9746,0.51303,0.066112,0.039798
-0.41691,-0.12674,-0.99799,-0.97565,0.51342,0.064983,0.039558
-0.41836,-0.12815,-0.99872,-0.97645,0.51237,0.065027,0.039278
-0.41888,-0.12848,-0.99967,-0.97781,0.51207,0.064186,0.037894
-0.41809,-0.12883,-0.99964,-0.97829,0.51276,0.06326,0.038134
-0.41906,-0.12897,-0.99948,-0.97808,0.51254,0.06272,0.037551
-0.41923,-0.13157,-0.99824,-0.97891,0.51091,0.060188,0.03806
-0.41688,-0.13415,-1.0009,-0.98244,0.51215,0.057459,0.036718
-0.416,-0.13454,-1.0008,-0.98244,0.51215,0.057175,0.036044
-0.4143,-0.13648,-1.0024,-0.98419,0.51275,0.057897,0.036143
-0.41554,-0.13666,-1.0038,-0.98333,0.51261,0.057897,0.036143
-0.41745,-0.13686,-1.0058,-0.98391,0.51371,0.058356,0.036179
-0.41922,-0.1357,-1.0081,-0.98214,0.51574,0.05684,0.03456
-0.41929,-0.13562,-1.0095,-0.98214,0.51574,0.059368,0.035745
-0.41873,-0.1354,-1.0124,-0.98249,0.51675,0.059037,0.035772
-0.41873,-0.1354,-1.0124,-0.98249,0.51675,0.059037,0.035772
-0.41972,-0.13318,-1.0131,-0.98216,0.51832,0.058239,0.03488
-0.41881,-0.136,-1.0154,-0.98431,0.51746,0.058366,0.034148
-0.4193,-0.13581,-1.0177,-0.98319,0.51765,0.060971,0.034289
-0.41986,-0.13502,-1.0185,-0.98328,0.51795,0.061573,0.034291
-0.41998,-0.1353,-1.019,-0.98328,0.51831,0.060574,0.033731
-0.42033,-0.13483,-1.0201,-0.98361,0.51873,0.05965,0.031601
-0.4231,-0.13746,-1.0234,-0.98379,0.51772,0.059092,0.031629
-0.4229,-0.1372,-1.0235,-0.98379,0.51772,0.061329,0.03247
-0.42363,-0.13699,-1.0244,-0.98318,0.51787,0.062979,0.033542
-0.42417,-0.13805,-1.0249,-0.98366,0.51697,0.062979,0.033542
-0.42408,-0.1382,-1.0244,-0.98349,0.51724,0.062116,0.032687
-0.42488,-0.13962,-1.0274,-0.9841,0.51686,0.062525,0.033496
-0.42394,-0.141,-1.0284,-0.98453,0.51658,0.064137,0.034213
-0.42325,-0.1409,-1.0303,-0.98478,0.51735,0.06437,0.033782
-0.42325,-0.1409,-1.0303,-0.98486,0.51749,0.063342,0.033038
-0.42364,-0.13997,-1.0307,-0.98525,0.51698,0.062064,0.034616
-0.42644,-0.14304,-1.0318,-0.98724,0.5143,0.060862,0.033749
-0.42683,-0.14224,-1.0322,-0.98724,0.5143,0.063755,0.035972
-0.42493,-0.1448,-1.034,-0.99037,0.51326,0.064754,0.036475
-0.42493,-0.1448,-1.034,-0.99058,0.5134,0.063653,0.035557
-0.42332,-0.14299,-1.0339,-0.99106,0.5139,0.061899,0.03695
-0.42209,-0.14452,-1.0361,-0.99341,0.51313,0.060897,0.036026
-0.42245,-0.14439,-1.0368,-0.99341,0.51313,0.061402,0.036257
-0.42417,-0.14268,-1.0381,-0.99228,0.51358,0.061933,0.035873
-0.42417,-0.14268,-1.0381,-0.99228,0.51358,0.061933,0.035873
-0.42485,-0.1428,-1.0385,-0.993,0.51285,0.061711,0.035966
-0.42218,-0.1434,-1.0398,-0.99495,0.51365,0.061062,0.03544
-0.42182,-0.14189,-1.0396,-0.99512,0.51358,0.060921,0.035778
-0.42016,-0.14324,-1.0429,-0.99833,0.51397,0.060472,0.036646
-0.42016,-0.14324,-1.0429,-0.99833,0.51397,0.060472,0.036646
-0.41848,-0.14335,-1.0419,-1.0008,0.51263,0.056202,0.037204
-0.41742,-0.14408,-1.0419,-1.003,0.51241,0.0538,0.036875
-0.4175,-0.14248,-1.042,-1.0034,0.51219,0.054595,0.03671
-0.41748,-0.14383,-1.043,-1.0044,0.51138,0.053727,0.035622
-0.41748,-0.14383,-1.043,-1.0044,0.51138,0.053727,0.035622
-0.41799,-0.14449,-1.0456,-1.0059,0.51093,0.055602,0.034346
-0.41888,-0.14614,-1.0455,-1.0069,0.50991,0.053642,0.033329
-0.41752,-0.14571,-1.0465,-1.0074,0.51045,0.053664,0.032868
-0.41691,-0.1459,-1.046,-1.0091,0.51008,0.053275,0.032416
-0.41691,-0.1459,-1.046,-1.0093,0.5107,0.053064,0.032092
-0.41737,-0.14571,-1.0445,-1.0086,0.51153,0.05098,0.031573
-0.41791,-0.1461,-1.0418,-1.0103,0.50942,0.050427,0.031047
-0.41822,-0.14696,-1.0411,-1.0106,0.50971,0.050483,0.031126
-0.4196,-0.14933,-1.0415,-1.0123,0.50749,0.051945,0.032538
-0.4196,-0.14933,-1.0415,-1.0124,0.50766,0.051517,0.032118
-0.41866,-0.14873,-1.0425,-1.0128,0.50828,0.053561,0.033587
-0.41705,-0.1488,-1.0441,-1.0136,0.50963,0.053156,0.033227
-0.41602,-0.15143,-1.0466,-1.0163,0.50977,0.051391,0.03173
-0.41445,-0.15435,-1.0483,-1.0176,0.51029,0.04937,0.031791
-0.41406,-0.15515,-1.0487,-1.0179,0.50987,0.047497,0.031341
-0.41281,-0.15667,-1.0503,-1.0193,0.50944,0.047708,0.032557
-0.41155,-0.15515,-1.0516,-1.0187,0.51065,0.045947,0.031757
-0.41133,-0.15588,-1.0529,-1.0202,0.50995,0.046161,0.032182
-0.40979,-0.15758,-1.0543,-1.0233,0.5092,0.046974,0.03272
-0.40979,-0.15758,-1.0543,-1.0238,0.5088,0.046462,0.031917
-0.40975,-0.15757,-1.0539,-1.0254,0.5085,0.046264,0.032646
-0.41083,-0.15853,-1.0553,-1.0267,0.50655,0.045688,0.032152
-0.41085,-0.1595,-1.0551,-1.0282,0.5064,0.045231,0.031301
-0.41152,-0.16088,-1.0559,-1.029,0.5054,0.045789,0.030634
-0.41152,-0.16088,-1.0559,-1.0293,0.50547,0.045445,0.030098
-0.4113,-0.16141,-1.0569,-1.0302,0.50579,0.045208,0.030454
-0.40975,-0.16247,-1.0586,-1.0313,0.50541,0.044995,0.03187
-0.40757,-0.16221,-1.0591,-1.0313,0.50541,0.044948,0.031385
-0.40902,-0.16318,-1.0589,-1.0308,0.50465,0.045564,0.031527
-0.40902,-0.16318,-1.0589,-1.031,0.50522,0.045071,0.03107
-0.40998,-0.16259,-1.0575,-1.0311,0.5054,0.048414,0.032666
-0.41036,-0.16465,-1.0596,-1.0311,0.50661,0.048339,0.031988
-0.41074,-0.16448,-1.0592,-1.0311,0.50661,0.048339,0.031988
-0.41121,-0.16501,-1.0596,-1.0306,0.50678,0.05111,0.033762
-0.41023,-0.16602,-1.0585,-1.0304,0.50698,0.050505,0.033504
-0.41068,-0.16712,-1.0584,-1.0307,0.50618,0.054397,0.036395
-0.40983,-0.1687,-1.0596,-1.0311,0.50626,0.054367,0.036477
-0.41017,-0.16831,-1.0595,-1.0311,0.50626,0.055307,0.037622
-0.41066,-0.16975,-1.061,-1.0323,0.50567,0.055201,0.037532
-0.41066,-0.16975,-1.061,-1.032,0.50584,0.054479,0.037275
-0.41277,-0.17087,-1.0613,-1.031,0.50398,0.052023,0.034239
-0.41268,-0.17097,-1.0625,-1.0305,0.50384,0.054175,0.035197
-0.41319,-0.16962,-1.0627,-1.0303,0.50392,0.053415,0.034817
-0.41123,-0.16936,-1.0638,-1.0312,0.50535,0.05427,0.035085
-0.41058,-0.17029,-1.0652,-1.0319,0.50461,0.054625,0.03578
-0.41075,-0.16991,-1.0664,-1.0316,0.50491,0.054269,0.036475
-0.40991,-0.16999,-1.0662,-1.0317,0.50548,0.055632,0.036786
-0.40981,-0.1701,-1.0664,-1.0314,0.5056,0.054937,0.036574
-0.41002,-0.16989,-1.0679,-1.0313,0.50659,0.055887,0.03669
-0.41043,-0.16996,-1.0674,-1.0311,0.5068,0.05516,0.036426
-0.40931,-0.17091,-1.0672,-1.0327,0.50621,0.055666,0.035903
-0.40863,-0.17072,-1.0676,-1.0333,0.50577,0.055087,0.035154
-0.40884,-0.17,-1.0676,-1.033,0.50572,0.054437,0.03501
-0.40686,-0.17024,-1.0671,-1.0334,0.50578,0.055772,0.035714
-0.40717,-0.17109,-1.0673,-1.0332,0.5056,0.055111,0.035494