0,0,0,0.39504,0.53869,0.557,0.49346
0.00062044,0.0001114,2.9169e-05,0.39526,0.53876,0.55689,0.49334
0.00074177,0.00012551,9.1033e-05,0.39549,0.53873,0.55685,0.49323
0.00082524,0.00014265,0.00019637,0.39573,0.53856,0.55693,0.49314
0.00086992,0.00016333,0.00029775,0.39592,0.53834,0.55704,0.49309
0.00096888,0.00016813,0.00040869,0.39604,0.53824,0.55701,0.49313
0.00097091,0.00027591,0.00047144,0.3961,0.53832,0.55692,0.49311
0.00098239,0.00027868,0.00050155,0.39614,0.53842,0.55684,0.49306
0.0010294,0.000293,0.0004992,0.39614,0.53848,0.55671,0.49313
0.0010285,0.00028362,0.00044585,0.39604,0.53856,0.55672,0.49312
0.00095911,0.00033284,0.00038326,0.39595,0.53864,0.55673,0.4931
0.00098943,0.00032763,0.00034197,0.39581,0.53871,0.55673,0.49313
0.00099134,0.00029614,0.00027341,0.39568,0.53865,0.55685,0.49317
0.001014,0.0002896,0.00027011,0.3957,0.53851,0.55685,0.4933
0.0010065,0.0002936,0.00018324,0.39561,0.53846,0.55689,0.49338
0.0010475,0.00024939,0.00014815,0.39547,0.53846,0.55688,0.4935
0.001051,0.0003371,8.9654e-05,0.39529,0.53841,0.55691,0.49366
0.001049,0.0003053,-2.521e-05,0.39512,0.53852,0.55685,0.49375
0.00097346,0.00027181,-0.00012884,0.39491,0.53866,0.55684,0.49378
0.00095764,0.00024847,-0.00026276,0.39481,0.53885,0.55668,0.49384
0.00086754,0.00021811,-0.00035894,0.3947,0.53911,0.55653,0.4938
0.0006785,0.00021636,-0.00048416,0.39469,0.53925,0.55642,0.49379
0.00062646,0.00018698,-0.00064323,0.39464,0.53935,0.55634,0.49381
0.00061091,0.00010309,-0.00072651,0.39464,0.53939,0.5563,0.49381
0.00056949,5.083e-05,-0.00086569,0.39464,0.53944,0.55626,0.4938
0.00058679,1.0325e-05,-0.00094091,0.39469,0.53939,0.5563,0.49377
0.00060517,-5.0304e-05,-0.00095317,0.39469,0.5393,0.55638,0.49378
0.00064853,-8.0519e-05,-0.00092997,0.39474,0.53921,0.55646,0.49375
0.00065426,-7.4134e-05,-0.00095077,0.39483,0.53915,0.55636,0.49385
0.00065433,-9.3442e-05,-0.00096437,0.39479,0.53915,0.55636,0.49389
0.00065433,-9.3442e-05,-0.00096437,0.39479,0.53915,0.55636,0.49389
0.00072053,-4.1681e-05,-0.00090715,0.39472,0.53911,0.55642,0.49391
0.00067616,3.0192e-05,-0.00087757,0.39468,0.53907,0.55646,0.49396
0.0003957,3.2139e-05,-0.00085066,0.39417,0.53949,0.557,0.49329
0.00032591,5.4052e-05,-0.00078451,0.39422,0.53948,0.55709,0.49316
0.00028274,6.8411e-05,-0.00075063,0.39423,0.53941,0.55721,0.49308
6.7933e-05,3.9813e-05,-0.00068816,0.39424,0.53925,0.55742,0.49302
9.18e-05,6.8835e-05,-0.00058561,0.39426,0.53902,0.55761,0.49304
0.00018864,0.00012389,-0.00049292,0.39438,0.53876,0.55765,0.49319
0.00016532,0.00022358,-0.00039331,0.39443,0.53866,0.55773,0.49316
0.00017905,0.00032412,-0.00029188,0.39448,0.53857,0.55781,0.49313
0.00022508,0.00040947,-0.00011858,0.39456,0.53837,0.55794,0.49313
0.00024129,0.00050069,6.3528e-05,0.39478,0.53817,0.55808,0.49302
0.00027636,0.0006014,0.00017893,0.39478,0.53817,0.55808,0.49302
0.00033114,0.00066541,0.0003801,0.39534,0.53806,0.55805,0.49273
0.00041278,0.00071663,0.00052774,0.3955,0.53795,0.55811,0.49265
0.00052119,0.00086201,0.00071217,0.39552,0.53775,0.55835,0.49258
0.00054641,0.00090183,0.000784,0.39549,0.53751,0.55854,0.49265
0.000591,0.00091595,0.00083751,0.39531,0.53748,0.55871,0.49264
0.0005743,0.00096546,0.00083679,0.39531,0.53748,0.55871,0.49264
0.00056328,0.00096188,0.00075029,0.39521,0.53757,0.55863,0.4927
0.00062322,0.0009771,0.00069727,0.39504,0.53777,0.55849,0.49278
0.00060649,0.0008955,0.00058166,0.39494,0.53791,0.55837,0.49285
0.0006794,0.00084376,0.00049415,0.39474,0.53806,0.55824,0.49299
0.00070042,0.00080281,0.00040439,0.39438,0.53807,0.55836,0.49313
0.00075457,0.00073932,0.00033946,0.39404,0.53794,0.55849,0.4934
0.0006809,0.00074495,0.00029615,0.39386,0.5378,0.5586,0.49357
0.00073227,0.00070285,0.00029057,0.39378,0.53771,0.55867,0.49366
0.00074982,0.00070725,0.00030331,0.39378,0.53771,0.55867,0.49366
0.00077491,0.00067299,0.00034897,0.39387,0.53778,0.55868,0.49349
0.00077333,0.00068838,0.00036768,0.394,0.53788,0.55861,0.49336
0.0010602,0.00069932,0.00037238,0.39409,0.53788,0.55862,0.49328
0.001077,0.0007027,0.00037133,0.39414,0.53785,0.55857,0.49333
0.0010441,0.00067,0.00030996,0.39409,0.53782,0.55852,0.49346
0.00096854,0.00066125,0.00026161,0.39395,0.53794,0.55848,0.49348
0.00092093,0.0006459,0.00017748,0.39395,0.53791,0.55844,0.49357
0.00080298,0.00065226,0.00010338,0.39403,0.538,0.55836,0.49348
0.00076633,0.00066672,5.9009e-05,0.39424,0.53804,0.55831,0.49334
0.0006576,0.00067143,-5.7962e-05,0.39441,0.53827,0.55812,0.49315
0.00060008,0.00065965,-0.00015158,0.3946,0.53854,0.55788,0.49299
0.00052545,0.00061084,-0.00029832,0.39464,0.53873,0.55772,0.49293
0.00038531,0.00053116,-0.00044216,0.39452,0.53869,0.55778,0.49299
0.00026693,0.00042154,-0.00065048,0.3943,0.53863,0.5579,0.49311
0.00017977,0.00034507,-0.00087929,0.39402,0.53866,0.55793,0.49326
-6.4055e-06,0.0002485,-0.0011706,0.39354,0.53901,0.55802,0.49316
-0.00015376,0.00021674,-0.001461,0.39329,0.53932,0.55783,0.49324
-0.00096917,0.00016087,-0.00172,0.39304,0.53968,0.5576,0.49331
-0.0010561,5.7583e-05,-0.0020408,0.39277,0.53996,0.55746,0.49336
-0.0011198,-9.2077e-05,-0.0023592,0.39246,0.54019,0.55737,0.49347
-0.0012402,-0.00028747,-0.0026879,0.39211,0.54042,0.55727,0.49361
-0.0013407,-0.00047682,-0.0030061,0.39184,0.54065,0.55717,0.49367
-0.0014575,-0.00065222,-0.0033309,0.39147,0.54081,0.55718,0.4938
-0.0015448,-0.00080612,-0.0036667,0.3911,0.54086,0.55726,0.49393
-0.0016876,-0.00090222,-0.0039958,0.39073,0.54105,0.55731,0.49397
-0.0018417,-0.00097324,-0.0043021,0.39033,0.54126,0.55729,0.49407
-0.0020425,-0.0010034,-0.0046301,0.38999,0.54165,0.5571,0.49413
-0.0021701,-0.0010997,-0.0049531,0.38962,0.54214,0.55686,0.49415
-0.0023265,-0.0011632,-0.0052239,0.3893,0.54259,0.55665,0.49414
-0.0024171,-0.0012475,-0.0053726,0.38905,0.54298,0.55647,0.49412
-0.0025009,-0.0013408,-0.005538,0.38886,0.54323,0.5564,0.49408
-0.002621,-0.0014213,-0.0056594,0.38867,0.54333,0.55645,0.49405
-0.0026831,-0.0015087,-0.0057382,0.38854,0.5433,0.55662,0.494
-0.0028221,-0.0015537,-0.0058377,0.38841,0.54326,0.55679,0.49395
-0.0029254,-0.001583,-0.0059654,0.38833,0.5435,0.5567,0.49386
-0.0030359,-0.0016299,-0.0061792,0.38831,0.54392,0.55635,0.49381
-0.0030898,-0.0016308,-0.006388,0.3882,0.54449,0.55591,0.49376
-0.0032798,-0.0016502,-0.0066523,0.3881,0.54511,0.55542,0.4937
-0.0033882,-0.0016773,-0.0068365,0.38795,0.54567,0.55506,0.4936
-0.0035393,-0.0016812,-0.006938,0.38773,0.54603,0.55494,0.49352
-0.0036396,-0.0016647,-0.0069728,0.38739,0.54613,0.55509,0.49351
-0.0038031,-0.0016648,-0.0069484,0.387,0.54597,0.5555,0.49354
-0.0039637,-0.0016463,-0.0069709,0.3866,0.54585,0.55586,0.49356
-0.0041235,-0.0016074,-0.0069546,0.38636,0.54582,0.55614,0.49348
-0.0042533,-0.0015765,-0.0069118,0.38621,0.54588,0.55634,0.49331
-0.0043371,-0.0015357,-0.0068888,0.38616,0.54603,0.55635,0.49316
-0.0044196,-0.0014731,-0.0068936,0.38601,0.54627,0.55629,0.49308
-0.0044612,-0.0014483,-0.0068985,0.38584,0.54655,0.55616,0.49305
-0.0044335,-0.0014589,-0.0069214,0.3856,0.54671,0.55616,0.49306
-0.0044416,-0.0014241,-0.0068955,0.38541,0.54678,0.55616,0.49312
-0.0044229,-0.0013949,-0.0068973,0.38519,0.54679,0.55629,0.49314
-0.0043407,-0.0013657,-0.0069261,0.38494,0.54683,0.55635,0.49323
-0.0043914,-0.0013874,-0.0070321,0.38468,0.54688,0.55641,0.49331
-0.004295,-0.0013506,-0.0070469,0.3844,0.54698,0.55645,0.49336
-0.0042498,-0.0012983,-0.0070397,0.38417,0.54709,0.5565,0.49337
-0.0041023,-0.0012836,-0.0070057,0.38399,0.54719,0.55654,0.49335
-0.003999,-0.0012717,-0.0069984,0.38371,0.5473,0.55659,0.4934
-0.0038718,-0.0012649,-0.0070304,0.38336,0.54747,0.55661,0.49346
-0.0037468,-0.0012403,-0.0070885,0.38292,0.5478,0.55646,0.4936
-0.0036499,-0.0012295,-0.0071829,0.38241,0.54825,0.55624,0.49374
-0.0035267,-0.0012251,-0.0072788,0.38181,0.54869,0.55602,0.49397
-0.0033613,-0.0012081,-0.007337,0.3812,0.54896,0.55598,0.49419
-0.0031918,-0.0012611,-0.0073748,0.3806,0.54903,0.55618,0.49434
-0.003006,-0.0013245,-0.0073113,0.37995,0.54896,0.5566,0.49444
-0.002811,-0.0014174,-0.0073057,0.37935,0.54883,0.55707,0.49452
-0.0026734,-0.0014859,-0.00732,0.37874,0.54881,0.55746,0.49457
-0.0024919,-0.0015364,-0.0073966,0.37819,0.54897,0.55758,0.49468
-0.002282,-0.0015915,-0.0075672,0.37753,0.54931,0.55755,0.49484
-0.0020301,-0.0016639,-0.0077899,0.37687,0.5498,0.55728,0.4951
-0.001749,-0.0017635,-0.0080077,0.37609,0.55049,0.55688,0.49538
-0.0014833,-0.0018132,-0.0082078,0.3752,0.55114,0.55653,0.49572
-0.0011821,-0.0019046,-0.0083887,0.37415,0.55162,0.55636,0.49618
-0.0008808,-0.0019622,-0.0084863,0.37297,0.55172,0.55659,0.49669
-0.00062185,-0.0020281,-0.008528,0.37161,0.55152,0.55725,0.49719
-0.00040877,-0.0021124,-0.0085146,0.37021,0.55115,0.5582,0.49758
-0.0002241,-0.0021618,-0.00854,0.36882,0.55082,0.5591,0.49796
-0.00014812,-0.0022607,-0.0086076,0.36741,0.55076,0.55986,0.49823
-4.4779e-05,-0.0023459,-0.0087944,0.36586,0.55095,0.56035,0.4986
9.3477e-05,-0.0024644,-0.0090746,0.36439,0.55145,0.56052,0.49894
0.00022065,-0.0026104,-0.0094653,0.36292,0.55208,0.56047,0.49937
0.00040128,-0.0027934,-0.0098456,0.36146,0.55287,0.56032,0.49972
0.00065681,-0.0029736,-0.010215,0.35995,0.55371,0.56004,0.50019
0.00090155,-0.0032099,-0.010564,0.35842,0.55448,0.55986,0.50064
0.0012161,-0.0033947,-0.010788,0.35684,0.55489,0.56001,0.50114
0.0015333,-0.0035861,-0.010933,0.35514,0.55487,0.56062,0.50171
0.0017843,-0.0037546,-0.011007,0.35342,0.55458,0.56147,0.50227
0.0020656,-0.003947,-0.011039,0.35174,0.55422,0.56243,0.50279
0.0023158,-0.0041042,-0.011167,0.35025,0.554,0.56317,0.50324
0.0026107,-0.004269,-0.011316,0.34897,0.55405,0.56356,0.50363
0.0029486,-0.0044413,-0.01155,0.34776,0.55449,0.56356,0.50399
0.003261,-0.0046126,-0.011897,0.34657,0.55523,0.56323,0.50436
0.0036161,-0.0047869,-0.012251,0.34543,0.55616,0.56264,0.50478
0.0040058,-0.0049626,-0.012521,0.34424,0.55713,0.56201,0.50523
0.0043356,-0.0051192,-0.01279,0.34303,0.55789,0.56151,0.50576
0.0048034,-0.005323,-0.01296,0.34171,0.55833,0.56126,0.50645
0.0051936,-0.0054619,-0.012987,0.34009,0.55832,0.56166,0.50711
0.0054486,-0.0055896,-0.012964,0.33808,0.5579,0.56275,0.5077
0.0056345,-0.0057345,-0.012916,0.33591,0.55723,0.56414,0.50833
0.0058768,-0.0058606,-0.012954,0.33376,0.55665,0.56542,0.50896
0.0061259,-0.0060107,-0.013066,0.33167,0.55654,0.56623,0.50955
0.0063837,-0.006188,-0.013372,0.32966,0.55686,0.56658,0.51011
0.0066561,-0.00639,-0.013734,0.32781,0.55757,0.56655,0.51056
0.006898,-0.0065936,-0.014144,0.3259,0.55847,0.56635,0.51103
0.0072566,-0.00679,-0.01453,0.32403,0.55942,0.56603,0.51153
0.0076776,-0.0069667,-0.014792,0.32211,0.56023,0.56582,0.51209
0.008066,-0.0071265,-0.014958,0.32013,0.56065,0.56599,0.51267
0.0084702,-0.0072462,-0.015056,0.31805,0.56066,0.56654,0.51335
0.0088705,-0.0073326,-0.015109,0.31605,0.5603,0.56739,0.51404
0.0092681,-0.0074713,-0.015165,0.3141,0.55993,0.56825,0.5147
0.0096714,-0.0076407,-0.015335,0.31224,0.55971,0.56889,0.51536
0.010084,-0.0078794,-0.015702,0.31052,0.55988,0.56903,0.51606
0.010463,-0.008148,-0.016195,0.30888,0.56056,0.56872,0.51665
0.01088,-0.0084527,-0.016783,0.30745,0.5616,0.56799,0.51718
0.011254,-0.0087618,-0.017401,0.30592,0.56293,0.56703,0.51768
0.011614,-0.0090642,-0.017973,0.30439,0.56426,0.56608,0.51818
0.011943,-0.0093398,-0.018455,0.30274,0.56528,0.56543,0.51874
0.012262,-0.0095769,-0.018841,0.30093,0.56586,0.5652,0.51941
0.012602,-0.0098125,-0.019105,0.29909,0.5661,0.56543,0.51997
0.012844,-0.010044,-0.01935,0.29702,0.56605,0.56602,0.52057
0.013062,-0.010305,-0.019633,0.29494,0.56593,0.56669,0.52115
0.013342,-0.010578,-0.019992,0.29284,0.56591,0.5672,0.5218
0.013611,-0.010887,-0.020537,0.29085,0.56634,0.5672,0.52245
0.013951,-0.011283,-0.021261,0.28898,0.56721,0.56665,0.52313
0.014325,-0.011677,-0.022025,0.28731,0.56855,0.5656,0.52374
0.014714,-0.012117,-0.022835,0.28574,0.5702,0.56426,0.52425
0.015104,-0.012531,-0.023597,0.28418,0.57184,0.5628,0.52488
0.01552,-0.012953,-0.024264,0.28249,0.57327,0.56157,0.52554
0.015955,-0.013316,-0.024752,0.28058,0.57433,0.56087,0.52616
0.016325,-0.013652,-0.025059,0.27836,0.57466,0.56093,0.52692
0.016746,-0.01395,-0.025247,0.27604,0.57436,0.56157,0.52778
0.017083,-0.014198,-0.025455,0.27358,0.57376,0.56253,0.52868
0.017477,-0.01445,-0.025695,0.27116,0.57314,0.56345,0.52962
0.017866,-0.014749,-0.026084,0.26886,0.57291,0.56387,0.5306
0.018302,-0.015087,-0.026635,0.26687,0.57324,0.56371,0.53142
0.018788,-0.015455,-0.027279,0.26518,0.57416,0.56292,0.53211
0.019353,-0.015811,-0.027948,0.26377,0.57549,0.56164,0.53273
0.019864,-0.016164,-0.028607,0.26246,0.57704,0.56016,0.53326
0.020422,-0.016466,-0.029153,0.26121,0.57834,0.55873,0.53396
0.021007,-0.016795,-0.029549,0.25995,0.57933,0.55761,0.53467
0.021525,-0.017031,-0.029812,0.25863,0.57979,0.5571,0.53534
0.022036,-0.017279,-0.03001,0.25724,0.57987,0.557,0.53604
0.022453,-0.017519,-0.030134,0.2559,0.57972,0.55711,0.53671
0.022901,-0.017764,-0.030266,0.25446,0.57948,0.5573,0.53746
0.02337,-0.018036,-0.030462,0.25309,0.57937,0.55734,0.53819
0.023817,-0.018289,-0.030699,0.25178,0.57951,0.55711,0.53889
0.024263,-0.018549,-0.031068,0.25064,0.58004,0.5565,0.53948
0.024685,-0.018851,-0.03152,0.24959,0.58094,0.55547,0.54006
0.025136,-0.019171,-0.031953,0.24866,0.58215,0.55413,0.54057
0.025596,-0.019531,-0.032372,0.24769,0.58345,0.55281,0.54096
0.025968,-0.019882,-0.032724,0.24658,0.58455,0.55175,0.54137
0.026288,-0.020221,-0.032953,0.24531,0.58535,0.55113,0.5417
0.026681,-0.020577,-0.033079,0.24386,0.5856,0.55107,0.54215
0.027039,-0.02088,-0.03321,0.2423,0.58562,0.55133,0.54256
0.027404,-0.021246,-0.033298,0.24073,0.58551,0.55173,0.54297
0.027719,-0.021619,-0.033506,0.23903,0.58554,0.552,0.54342
0.028055,-0.022054,-0.033841,0.23728,0.58573,0.5521,0.54388
0.028441,-0.022484,-0.03433,0.23532,0.58622,0.55186,0.54445
0.028846,-0.022977,-0.034897,0.23323,0.58697,0.55128,0.54513
0.029276,-0.023507,-0.035536,0.23083,0.5879,0.55052,0.54592
0.029665,-0.024014,-0.036195,0.22829,0.58884,0.54978,0.54672
0.03007,-0.024526,-0.036856,0.22552,0.58964,0.54917,0.54761
0.030564,-0.025087,-0.037411,0.22267,0.59014,0.54887,0.54853
0.030923,-0.025659,-0.037887,0.21987,0.59041,0.54898,0.54926
0.031272,-0.02625,-0.038328,0.21716,0.59044,0.54939,0.54991
0.031663,-0.026876,-0.038748,0.21446,0.59044,0.54986,0.55049
0.032041,-0.027535,-0.039187,0.21184,0.59048,0.55018,0.55114
0.032446,-0.028263,-0.039778,0.20916,0.59082,0.55019,0.5518
0.032889,-0.028996,-0.040478,0.20642,0.59141,0.54981,0.55258
0.033329,-0.029732,-0.041219,0.20379,0.59227,0.54908,0.55335
0.033847,-0.030478,-0.041912,0.20109,0.59317,0.54831,0.55414
0.034332,-0.031184,-0.042642,0.19837,0.59405,0.5475,0.55498
0.034853,-0.031871,-0.0433,0.19558,0.59471,0.54689,0.55586
0.035386,-0.032513,-0.043844,0.19279,0.59505,0.54659,0.55676
0.035918,-0.033099,-0.04429,0.19006,0.5951,0.5466,0.55764
0.036428,-0.033645,-0.044669,0.18739,0.59488,0.54687,0.55851
0.036905,-0.034185,-0.044944,0.18476,0.5945,0.54722,0.55944
0.037429,-0.034724,-0.045249,0.18218,0.59414,0.54749,0.56042
0.03793,-0.035243,-0.045594,0.17978,0.59386,0.54765,0.56133
0.038427,-0.035797,-0.045964,0.17758,0.59383,0.54743,0.56227
0.038942,-0.03637,-0.046368,0.17572,0.59418,0.5468,0.56311
0.039397,-0.036927,-0.046797,0.17427,0.59479,0.54589,0.56379
0.039839,-0.037498,-0.047265,0.17312,0.59568,0.54474,0.56432
0.040226,-0.037989,-0.047658,0.17228,0.59657,0.54349,0.56485
0.04061,-0.038422,-0.048081,0.17158,0.59749,0.54216,0.56536
0.040955,-0.038852,-0.048437,0.1708,0.59833,0.54104,0.56578
0.041226,-0.039251,-0.048763,0.16975,0.59905,0.54009,0.56624
0.041449,-0.039621,-0.049118,0.1685,0.5995,0.53949,0.56671
0.041661,-0.03997,-0.049457,0.16711,0.59976,0.53904,0.56727
0.041889,-0.040332,-0.049798,0.1656,0.59984,0.53876,0.5679
0.042055,-0.040654,-0.050066,0.16405,0.59986,0.5386,0.56848
0.042264,-0.041043,-0.050458,0.16255,0.59992,0.53841,0.56903
0.042368,-0.04145,-0.050929,0.16101,0.60012,0.5382,0.56944
0.042452,-0.041946,-0.051455,0.15954,0.60054,0.53778,0.56982
0.042562,-0.042474,-0.05206,0.15818,0.60122,0.53709,0.57013
0.042616,-0.043016,-0.052725,0.15678,0.60221,0.53602,0.57047
0.042698,-0.043527,-0.053402,0.15532,0.60334,0.53472,0.5709
0.04279,-0.04397,-0.05392,0.15392,0.60438,0.53349,0.57133
0.042851,-0.044453,-0.054576,0.15234,0.60533,0.53235,0.57181
0.042986,-0.044866,-0.0551,0.15067,0.60604,0.53139,0.57239
0.043086,-0.045244,-0.055629,0.14898,0.60638,0.53075,0.57307
0.043233,-0.045603,-0.056127,0.14718,0.60671,0.53009,0.5738
0.043432,-0.045907,-0.05651,0.14547,0.60678,0.52959,0.57463
0.043593,-0.046232,-0.056995,0.14363,0.607,0.529,0.5754
0.0438,-0.046534,-0.057374,0.14215,0.60719,0.52846,0.57605
0.044017,-0.046841,-0.057845,0.14091,0.60758,0.52776,0.5766
0.04425,-0.047196,-0.05833,0.13987,0.6082,0.52678,0.57709
0.044464,-0.047508,-0.058828,0.13894,0.60902,0.52553,0.57759
0.044713,-0.047815,-0.059266,0.13794,0.60991,0.52419,0.5781
0.044937,-0.048088,-0.059727,0.1367,0.6107,0.52291,0.57872
0.045159,-0.048385,-0.060176,0.13535,0.61119,0.52194,0.5794
0.045328,-0.048629,-0.060512,0.13387,0.61134,0.52135,0.58012
0.045524,-0.048809,-0.060779,0.13244,0.61103,0.52125,0.58085
0.045713,-0.048878,-0.060869,0.1311,0.61042,0.52156,0.58153
0.045849,-0.048969,-0.060963,0.12983,0.60984,0.52192,0.58209
0.045921,-0.049141,-0.061061,0.12859,0.60949,0.52218,0.58251
0.04594,-0.04933,-0.061227,0.12751,0.60941,0.52221,0.58281
0.045912,-0.049526,-0.061387,0.12661,0.60963,0.52191,0.58304
0.045877,-0.049768,-0.061609,0.126,0.61021,0.52129,0.58311
0.045866,-0.050029,-0.061892,0.12548,0.61103,0.52037,0.58319
0.045842,-0.050282,-0.062136,0.12498,0.612,0.51925,0.58328
0.04586,-0.05056,-0.062421,0.12436,0.61289,0.51811,0.5835
0.045822,-0.050794,-0.062629,0.12361,0.61356,0.51717,0.58379
0.045852,-0.050977,-0.062782,0.12275,0.61384,0.51656,0.58421
0.045832,-0.051071,-0.062838,0.12172,0.61377,0.51647,0.58458
0.045837,-0.05116,-0.062834,0.12074,0.61354,0.5167,0.58482
0.04585,-0.051155,-0.062716,0.12074,0.61354,0.5167,0.58482
0.045805,-0.051296,-0.062777,0.11922,0.61304,0.51752,0.58493
0.045849,-0.051421,-0.062864,0.11877,0.61319,0.51743,0.58494
0.045883,-0.051457,-0.062935,0.11877,0.61319,0.51743,0.58494
0.04593,-0.05163,-0.063215,0.11834,0.61378,0.51671,0.58505
0.046106,-0.051876,-0.063567,0.11793,0.61482,0.51537,0.58522
0.046219,-0.052147,-0.06395,0.11746,0.61615,0.51358,0.58549
0.046307,-0.052478,-0.064379,0.1168,0.61758,0.51175,0.58572
0.046389,-0.05279,-0.064781,0.11612,0.61885,0.5101,0.58595
0.046515,-0.053018,-0.065013,0.11548,0.61973,0.50886,0.58623
0.046647,-0.053228,-0.065166,0.11484,0.62028,0.50817,0.58637
0.046666,-0.053412,-0.065236,0.11439,0.62046,0.50804,0.58637
0.046686,-0.053519,-0.065242,0.11387,0.62044,0.50825,0.58632
0.046685,-0.053632,-0.065326,0.11343,0.62037,0.50848,0.58628
0.046657,-0.053799,-0.065392,0.11296,0.62048,0.50855,0.58619
0.046728,-0.053995,-0.065591,0.11238,0.62066,0.50842,0.58623
0.046833,-0.05421,-0.065803,0.11183,0.62098,0.50805,0.58631
0.046957,-0.05444,-0.066038,0.11132,0.62141,0.50752,0.58642
0.047162,-0.054694,-0.066244,0.11086,0.62181,0.50694,0.58658
0.047414,-0.054917,-0.066451,0.11043,0.62215,0.50638,0.58678
0.047695,-0.055164,-0.066594,0.11005,0.62233,0.50603,0.58696
0.047899,-0.055385,-0.066735,0.1097,0.62237,0.50599,0.58702
0.048089,-0.055554,-0.066825,0.10947,0.62222,0.50621,0.58703
0.048358,-0.055699,-0.066906,0.10922,0.62196,0.50646,0.58715
0.048561,-0.055808,-0.066975,0.1089,0.62158,0.50667,0.58742
0.048664,-0.055873,-0.066989,0.10826,0.62139,0.50662,0.58779
0.048876,-0.056051,-0.067199,0.10748,0.62113,0.50657,0.58825
0.049135,-0.05626,-0.067484,0.10661,0.62075,0.50658,0.58879
0.049245,-0.056409,-0.067634,0.10589,0.62048,0.50662,0.58918
0.049359,-0.056583,-0.067743,0.10538,0.62038,0.5066,0.5894
0.049382,-0.056645,-0.067706,0.10525,0.62061,0.50642,0.58933
0.049328,-0.056818,-0.067747,0.10548,0.621,0.50623,0.58903
0.049059,-0.05701,-0.067863,0.10572,0.62151,0.50602,0.58864
0.048917,-0.057113,-0.06783,0.10595,0.6219,0.50584,0.58834
0.048764,-0.057143,-0.067755,0.10609,0.62218,0.50571,0.58813
0.048732,-0.057195,-0.067716,0.10597,0.62232,0.50583,0.5879
0.048596,-0.057191,-0.067647,0.10576,0.62228,0.50599,0.58784
0.048464,-0.057285,-0.06765,0.10545,0.62217,0.50618,0.58784
0.048468,-0.057333,-0.067743,0.10524,0.62209,0.50627,0.58789
0.048501,-0.057416,-0.067805,0.10514,0.62216,0.50616,0.58794
0.048508,-0.057445,-0.067842,0.10509,0.62234,0.5059,0.58797
0.048514,-0.057498,-0.067931,0.10526,0.62257,0.50558,0.58797
0.04864,-0.057593,-0.068097,0.10546,0.62283,0.50521,0.58799
0.048755,-0.057661,-0.06817,0.10581,0.62299,0.5049,0.58802
0.048878,-0.0577,-0.068213,0.10611,0.62314,0.50467,0.588
0.048923,-0.057757,-0.068304,0.10633,0.62317,0.5046,0.58799
0.048989,-0.05775,-0.06833,0.10637,0.62316,0.50458,0.58801
0.049086,-0.057677,-0.068296,0.10632,0.62298,0.50464,0.58815
0.04915,-0.057678,-0.06836,0.10609,0.62279,0.50469,0.58835
0.04925,-0.057678,-0.068406,0.10594,0.62264,0.50469,0.58854
0.049297,-0.057674,-0.068423,0.10581,0.62244,0.5047,0.58877
0.049388,-0.05774,-0.068511,0.10596,0.62236,0.50458,0.58894
0.049545,-0.057913,-0.068745,0.10622,0.62245,0.50438,0.58896
0.049614,-0.058087,-0.06893,0.10668,0.62276,0.50385,0.589
0.049624,-0.058274,-0.069127,0.10724,0.62341,0.50308,0.58887
0.049608,-0.058371,-0.069155,0.10785,0.62423,0.50223,0.58862
0.049512,-0.058529,-0.069314,0.10827,0.62492,0.50153,0.58841
0.049373,-0.05859,-0.069315,0.10854,0.62524,0.50125,0.58825
0.049325,-0.058577,-0.069259,0.10864,0.62518,0.50147,0.58811
0.049213,-0.058492,-0.069158,0.10862,0.6249,0.50193,0.58802
0.049149,-0.058523,-0.069235,0.10855,0.62458,0.50241,0.58797
0.049033,-0.058411,-0.069149,0.10852,0.62427,0.50281,0.58796
0.049002,-0.058343,-0.069079,0.10858,0.62407,0.50306,0.58795
0.048996,-0.058285,-0.068996,0.1088,0.62414,0.50304,0.58785
0.048908,-0.058264,-0.069028,0.10929,0.62446,0.50275,0.58766
0.048747,-0.058336,-0.069305,0.10999,0.6249,0.50231,0.58744
0.048619,-0.058337,-0.069412,0.11075,0.62531,0.50192,0.58719
0.048481,-0.058296,-0.069505,0.11135,0.62561,0.50161,0.58703
0.048364,-0.058111,-0.069207,0.11176,0.62569,0.5016,0.58687
0.048072,-0.057976,-0.069195,0.11187,0.6255,0.50195,0.58675
0.047935,-0.05792,-0.069283,0.11186,0.62502,0.50276,0.58658
0.047626,-0.057705,-0.069144,0.1117,0.6242,0.50413,0.5863
0.047349,-0.057443,-0.068845,0.11144,0.623,0.50601,0.586
0.047033,-0.057169,-0.068519,0.11103,0.62152,0.50825,0.58572
0.046558,-0.057007,-0.068247,0.11068,0.62023,0.51022,0.58543
0.046416,-0.05696,-0.068217,0.11056,0.61955,0.5115,0.58507
0.046098,-0.057074,-0.068471,0.1105,0.6197,0.51172,0.58473
0.045731,-0.057198,-0.068824,0.11064,0.62043,0.51119,0.58439
0.045341,-0.05754,-0.069422,0.1107,0.62133,0.51026,0.58423
0.045161,-0.057643,-0.069716,0.1106,0.62209,0.50945,0.58416
0.045094,-0.057665,-0.069881,0.1104,0.62241,0.50908,0.58417
0.045036,-0.057724,-0.070017,0.11015,0.62235,0.50921,0.58417
0.044947,-0.057784,-0.070172,0.11003,0.62201,0.50969,0.58414
0.044864,-0.057894,-0.070291,0.10997,0.62151,0.51045,0.58402
0.044757,-0.058066,-0.070494,0.10987,0.62106,0.5112,0.58385
0.044676,-0.058163,-0.070613,0.10977,0.62079,0.51166,0.58376
0.044572,-0.05841,-0.070944,0.10962,0.62105,0.5114,0.58374
0.044469,-0.058673,-0.071383,0.10942,0.6217,0.51066,0.58374
0.044503,-0.059023,-0.072042,0.1091,0.62242,0.50959,0.58396
0.04453,-0.059189,-0.072327,0.10857,0.62307,0.50863,0.5842
0.044609,-0.059264,-0.072445,0.10799,0.62338,0.50793,0.58459
0.044681,-0.059303,-0.072576,0.10739,0.62325,0.50775,0.585
0.044728,-0.059274,-0.072541,0.10688,0.62266,0.50827,0.58527
0.044745,-0.059129,-0.072305,0.10664,0.62177,0.50933,0.58533
0.044726,-0.058845,-0.071947,0.10659,0.62073,0.51071,0.58524
0.0447,-0.058545,-0.071532,0.10678,0.61983,0.51194,0.58509
0.044652,-0.05829,-0.071191,0.10722,0.61928,0.51272,0.5849
0.044566,-0.058,-0.070916,0.10777,0.61912,0.51299,0.58474
0.044476,-0.0578,-0.070769,0.1083,0.61925,0.51286,0.58461
0.044472,-0.057638,-0.070596,0.10882,0.61949,0.51254,0.58455
0.044519,-0.057423,-0.070356,0.10938,0.61969,0.51218,0.58454
0.044473,-0.057243,-0.070145,0.10996,0.61988,0.5119,0.58448
0.044423,-0.056985,-0.069902,0.11057,0.61989,0.51178,0.58446
0.04436,-0.056716,-0.069643,0.11123,0.61983,0.5119,0.58429
0.044248,-0.056378,-0.069306,0.11193,0.61962,0.51231,0.58403
0.044111,-0.055968,-0.068952,0.11271,0.61927,0.51283,0.58379
0.04397,-0.055561,-0.068507,0.11349,0.61888,0.51342,0.58353
0.043859,-0.05515,-0.06808,0.11423,0.61832,0.51407,0.58341
0.043761,-0.054744,-0.067633,0.11487,0.61793,0.51454,0.58328
0.043676,-0.054339,-0.067188,0.11556,0.61768,0.5149,0.5831
0.043545,-0.054009,-0.066904,0.11623,0.61756,0.51503,0.58296
0.043466,-0.05368,-0.066622,0.11691,0.61757,0.51502,0.58283
0.04331,-0.053354,-0.066357,0.11763,0.61759,0.51502,0.58267
0.043181,-0.053025,-0.066068,0.11825,0.6175,0.51519,0.58248
0.04302,-0.052635,-0.06575,0.11904,0.61731,0.51552,0.58223
0.042865,-0.052289,-0.065416,0.11986,0.61698,0.51598,0.582
0.042714,-0.051963,-0.065119,0.12069,0.61663,0.51652,0.58173
0.042569,-0.051622,-0.064791,0.12156,0.61627,0.51703,0.58148
0.042367,-0.051333,-0.064493,0.1225,0.61615,0.51726,0.5812
0.042169,-0.051055,-0.064256,0.12337,0.61616,0.51735,0.58093
0.041961,-0.050794,-0.064082,0.12413,0.61627,0.51727,0.58072
0.041785,-0.050561,-0.063976,0.12485,0.61641,0.51712,0.58055
0.041587,-0.050341,-0.063892,0.12555,0.6166,0.51697,0.58033
0.041367,-0.050186,-0.063842,0.12616,0.6168,0.51692,0.58003
0.041124,-0.050009,-0.063773,0.12679,0.61682,0.51704,0.57976
0.040879,-0.049844,-0.063683,0.12744,0.61671,0.5174,0.57942
0.040611,-0.049598,-0.063552,0.12814,0.61643,0.51794,0.57907
0.040286,-0.049326,-0.06333,0.12898,0.61595,0.51871,0.57871
0.040049,-0.048985,-0.063103,0.13001,0.61519,0.5197,0.5784
0.03986,-0.04861,-0.062803,0.13131,0.61443,0.52068,0.57804
0.03967,-0.048298,-0.062664,0.13286,0.61388,0.52133,0.57768
0.039501,-0.048101,-0.062582,0.13443,0.61386,0.52135,0.57732
0.039306,-0.047965,-0.062656,0.13602,0.61421,0.52087,0.57701
0.039038,-0.047867,-0.062879,0.13756,0.61491,0.52003,0.57666
0.038751,-0.047792,-0.063152,0.13914,0.61568,0.51908,0.57632
0.038418,-0.047686,-0.063438,0.14073,0.6163,0.51835,0.57592
0.038037,-0.047606,-0.063684,0.14229,0.61681,0.51787,0.57541
0.037529,-0.047531,-0.063933,0.14382,0.61705,0.51776,0.57489
0.037001,-0.047393,-0.064106,0.14536,0.61711,0.51792,0.57429
0.036468,-0.04717,-0.064124,0.14703,0.61684,0.51855,0.57359
0.035911,-0.047037,-0.06412,0.1487,0.61631,0.51944,0.57291
0.035373,-0.046827,-0.064068,0.15006,0.6158,0.52038,0.57225
0.034794,-0.046694,-0.064059,0.15119,0.61532,0.52126,0.57167
0.034187,-0.046579,-0.064161,0.15194,0.615,0.52184,0.57129
0.03361,-0.046451,-0.064367,0.15245,0.61484,0.52214,0.57106
0.032959,-0.04626,-0.064581,0.15288,0.61472,0.52238,0.57084
0.032277,-0.046047,-0.06479,0.15343,0.61457,0.52269,0.57057
0.03167,-0.045793,-0.064899,0.15436,0.6143,0.52323,0.57012
0.031161,-0.045503,-0.064862,0.15561,0.61395,0.52386,0.56958
0.030624,-0.045212,-0.064741,0.15709,0.61361,0.52451,0.56894
0.030088,-0.04497,-0.064575,0.15876,0.61319,0.52525,0.56825
0.029588,-0.044692,-0.064348,0.16051,0.61267,0.52606,0.56757
0.029013,-0.044304,-0.064082,0.16245,0.61203,0.5269,0.56692
0.028477,-0.043891,-0.063733,0.16434,0.61142,0.52767,0.56632
0.027915,-0.043423,-0.06347,0.16613,0.61092,0.52829,0.56576
0.027306,-0.042971,-0.063295,0.16781,0.61057,0.52871,0.56525
0.026757,-0.04253,-0.063223,0.1695,0.61042,0.52887,0.56475
0.026233,-0.042105,-0.06311,0.17125,0.61033,0.52891,0.56429
0.025761,-0.041754,-0.062989,0.17307,0.61022,0.52903,0.56375
0.025266,-0.041355,-0.062785,0.17494,0.60998,0.52939,0.56309
0.024715,-0.041029,-0.062547,0.17693,0.60962,0.52989,0.56238
0.024162,-0.040612,-0.06221,0.17881,0.60915,0.53057,0.56165
0.023597,-0.04019,-0.06184,0.18074,0.60854,0.53124,0.56107
0.023012,-0.039732,-0.061531,0.1827,0.60795,0.53172,0.56062
0.022487,-0.039306,-0.061286,0.18436,0.60742,0.53219,0.5602
0.021857,-0.038862,-0.061061,0.18585,0.60689,0.53268,0.55982
0.021275,-0.038418,-0.060855,0.18737,0.60625,0.5332,0.55951
0.020776,-0.037976,-0.060562,0.18888,0.60553,0.53382,0.55919
0.020354,-0.037561,-0.060199,0.19057,0.60503,0.53422,0.55878
0.019919,-0.037189,-0.059861,0.19239,0.60472,0.53448,0.55824
0.019436,-0.036877,-0.059559,0.19431,0.60451,0.53467,0.55762
0.018933,-0.036546,-0.059245,0.19641,0.60433,0.53492,0.55684
0.018477,-0.036197,-0.059001,0.19842,0.60364,0.53536,0.55645
0.01797,-0.035837,-0.058742,0.20074,0.60352,0.53537,0.55574
0.017553,-0.035484,-0.058534,0.20308,0.6034,0.53526,0.55512
0.017232,-0.035179,-0.058245,0.2053,0.60324,0.53508,0.55466
0.016962,-0.034901,-0.057988,0.20738,0.60296,0.53495,0.55431
0.016812,-0.034644,-0.057649,0.2093,0.60247,0.53493,0.55414
0.016664,-0.034379,-0.057303,0.21107,0.60189,0.53511,0.55393
0.016534,-0.03404,-0.056888,0.21285,0.60117,0.53553,0.55362
0.016437,-0.033738,-0.056541,0.21461,0.60042,0.536,0.5533
0.016271,-0.033362,-0.056131,0.2165,0.5997,0.53652,0.55285
0.016143,-0.033016,-0.055854,0.21843,0.59912,0.5368,0.55244
0.01601,-0.032617,-0.05561,0.22054,0.59863,0.5368,0.55213
0.016037,-0.032246,-0.055419,0.22272,0.59824,0.5365,0.55198
0.016077,-0.031925,-0.055207,0.2249,0.59793,0.536,0.55191
0.016218,-0.031653,-0.054853,0.22699,0.59752,0.53556,0.55193
0.016304,-0.031329,-0.054458,0.22905,0.59686,0.53541,0.55193
0.016417,-0.030984,-0.053901,0.23093,0.59595,0.53563,0.55192
0.016435,-0.030537,-0.053235,0.2327,0.59472,0.53626,0.5519
0.016398,-0.03002,-0.05246,0.23438,0.59307,0.53744,0.55181
0.016335,-0.029484,-0.051695,0.23613,0.59115,0.53889,0.55171
0.016353,-0.028924,-0.050906,0.23806,0.58918,0.54035,0.55156
0.016398,-0.028482,-0.050156,0.24009,0.58743,0.54161,0.5513
0.016447,-0.028138,-0.049515,0.24203,0.58608,0.54249,0.55104
0.016462,-0.027875,-0.048952,0.24389,0.58513,0.5429,0.55082
0.01652,-0.02771,-0.048543,0.24563,0.58457,0.5429,0.55063
0.016572,-0.027498,-0.048164,0.24723,0.58429,0.54268,0.55044
0.016619,-0.02722,-0.047747,0.24877,0.58396,0.54248,0.55029
0.016667,-0.026911,-0.047255,0.25022,0.58334,0.54263,0.55015
0.016734,-0.026535,-0.046646,0.25151,0.58211,0.54338,0.55012
0.016778,-0.026087,-0.045875,0.2527,0.58017,0.54491,0.55011
0.016849,-0.025602,-0.044946,0.25388,0.5777,0.54705,0.55004
0.016955,-0.025111,-0.043953,0.25507,0.57474,0.54967,0.54998
0.017093,-0.024611,-0.042961,0.25645,0.57179,0.5522,0.54988
0.017189,-0.024195,-0.042103,0.25795,0.56922,0.55432,0.5497
0.017333,-0.023765,-0.041367,0.25954,0.56746,0.55559,0.54949
0.017436,-0.023439,-0.04089,0.26121,0.56644,0.5561,0.54924
0.017575,-0.023191,-0.040558,0.26293,0.5659,0.55605,0.54903
0.017668,-0.022892,-0.04028,0.26456,0.56557,0.55585,0.54879
0.017685,-0.022628,-0.040111,0.26618,0.56528,0.55564,0.54852
0.017599,-0.022336,-0.039909,0.26781,0.56493,0.55553,0.5482
0.017449,-0.02199,-0.03961,0.26953,0.56419,0.55583,0.54781
0.017274,-0.021699,-0.039172,0.2713,0.56305,0.55662,0.54731
0.017094,-0.021372,-0.038519,0.27285,0.5613,0.55823,0.54669
0.016853,-0.021084,-0.03781,0.27403,0.55898,0.56042,0.54623
0.016589,-0.020842,-0.037057,0.27501,0.5566,0.56273,0.5458
0.016327,-0.020626,-0.036509,0.27574,0.55474,0.56464,0.54536
0.016047,-0.020509,-0.036173,0.27649,0.55358,0.56585,0.5449
0.015797,-0.020363,-0.036019,0.27731,0.55305,0.56636,0.54449
0.015584,-0.020186,-0.035976,0.27842,0.55293,0.5664,0.54401
0.015387,-0.020087,-0.035983,0.27957,0.5529,0.56636,0.54349
0.015231,-0.019964,-0.035917,0.28073,0.55277,0.56649,0.54289
0.015103,-0.019863,-0.035762,0.2818,0.55219,0.56716,0.54222
0.01491,-0.019838,-0.035558,0.28282,0.55116,0.56834,0.5415
0.014731,-0.019768,-0.035205,0.28392,0.54969,0.56996,0.54072
0.014518,-0.01984,-0.035379,0.28392,0.54969,0.56996,0.54072
0.014216,-0.019678,-0.034701,0.28625,0.54708,0.57284,0.5391
0.013917,-0.019661,-0.03464,0.28735,0.54649,0.57361,0.53828
0.013696,-0.019664,-0.034717,0.28845,0.5464,0.57369,0.5377
0.013515,-0.019684,-0.034977,0.28962,0.54664,0.57328,0.53727
0.013306,-0.019749,-0.035371,0.28962,0.54664,0.57328,0.53727
0.013322,-0.019744,-0.035569,0.29171,0.5475,0.57195,0.53667
0.013288,-0.019808,-0.035749,0.29267,0.54745,0.57178,0.53639
0.013231,-0.01979,-0.035833,0.29366,0.54701,0.57199,0.53606
0.013161,-0.01973,-0.035815,0.29461,0.54607,0.57265,0.5358
0.012971,-0.019751,-0.036159,0.29461,0.54607,0.57265,0.5358
0.01294,-0.019615,-0.035899,0.29658,0.54401,0.57415,0.5352
0.012781,-0.019568,-0.036138,0.29783,0.54346,0.57431,0.5349
0.012631,-0.019594,-0.036617,0.29783,0.54346,0.57431,0.5349
0.012565,-0.019609,-0.037025,0.29917,0.54358,0.57372,0.53467
0.01252,-0.01968,-0.037498,0.30048,0.54418,0.57265,0.53447
0.012511,-0.01974,-0.03797,0.3016,0.54497,0.57143,0.53433
0.012513,-0.019788,-0.038353,0.30253,0.54552,0.5705,0.53425
0.012421,-0.019796,-0.038603,0.30317,0.54542,0.57025,0.53424
0.01232,-0.019692,-0.038668,0.30366,0.54472,0.57072,0.53418
0.012152,-0.019567,-0.038641,0.30421,0.54354,0.57169,0.53404
0.011927,-0.019472,-0.038645,0.30485,0.54205,0.57295,0.53382
0.011686,-0.01941,-0.038658,0.30589,0.54051,0.57424,0.53341
0.01141,-0.019331,-0.038689,0.30716,0.53921,0.57526,0.5329
0.011151,-0.019271,-0.038846,0.30866,0.53851,0.57563,0.53233
0.011032,-0.019202,-0.038963,0.31039,0.53818,0.57548,0.53183
0.010967,-0.019131,-0.039069,0.31212,0.53809,0.57502,0.5314
0.010915,-0.019064,-0.039125,0.3136,0.53804,0.5745,0.53115
0.010792,-0.018908,-0.039157,0.3149,0.53785,0.57412,0.53098
0.010611,-0.018808,-0.039216,0.316,0.53747,0.57398,0.53086
0.010454,-0.018653,-0.039164,0.31712,0.53679,0.57417,0.53068
0.010252,-0.018546,-0.039088,0.31839,0.53566,0.57477,0.53042
0.010039,-0.018492,-0.038991,0.3199,0.53435,0.57554,0.52998
0.0098109,-0.018429,-0.038964,0.3217,0.53316,0.57618,0.5294
0.0095614,-0.018388,-0.038937,0.32383,0.53223,0.57654,0.52864
0.0093564,-0.01833,-0.038936,0.32618,0.53159,0.57647,0.52793
0.0091641,-0.018227,-0.038848,0.32863,0.53109,0.57618,0.52722
0.009016,-0.018053,-0.038673,0.33093,0.53054,0.57591,0.52664
0.00883,-0.017934,-0.038437,0.33299,0.52964,0.57599,0.52615
0.0086518,-0.017774,-0.038151,0.3349,0.52844,0.5764,0.5257
0.0084128,-0.017616,-0.037791,0.3368,0.52697,0.57705,0.52524
0.0081227,-0.017499,-0.037513,0.33868,0.52552,0.57772,0.52475
0.0077645,-0.01739,-0.037284,0.3405,0.52445,0.57823,0.52409
0.0073645,-0.017263,-0.037078,0.34238,0.52367,0.57861,0.52321
0.0069935,-0.017155,-0.036945,0.34427,0.52319,0.5788,0.52225
0.0065305,-0.017011,-0.03682,0.34607,0.52274,0.57902,0.52127
0.0061179,-0.016789,-0.03662,0.3478,0.52228,0.57935,0.52021
0.0057532,-0.016564,-0.036374,0.34931,0.52182,0.57968,0.51928
0.0054613,-0.016388,-0.036127,0.35062,0.52123,0.58014,0.51849
0.0051296,-0.016252,-0.035919,0.3518,0.52043,0.58081,0.51774
0.0048843,-0.016151,-0.035644,0.35317,0.51926,0.58172,0.51695
0.0046718,-0.01603,-0.035321,0.3548,0.51778,0.58282,0.51608
0.0043965,-0.015975,-0.035057,0.35648,0.51642,0.58387,0.5151
0.004136,-0.015902,-0.034849,0.35823,0.5153,0.58475,0.514
0.0039319,-0.015804,-0.034675,0.35999,0.51441,0.58543,0.51289
0.0037219,-0.015689,-0.034557,0.36169,0.51365,0.58585,0.51199
0.0036225,-0.015551,-0.034498,0.36338,0.5129,0.58618,0.51116
0.003547,-0.015499,-0.034466,0.36509,0.51213,0.58648,0.51036
0.0034761,-0.01541,-0.034404,0.36699,0.51111,0.58685,0.5096
0.0034936,-0.015311,-0.034256,0.36912,0.50989,0.58725,0.50883
0.0036183,-0.015224,-0.033948,0.37136,0.50837,0.58787,0.508
0.003718,-0.015154,-0.03362,0.37367,0.50678,0.58858,0.50707
0.0037635,-0.015125,-0.03331,0.376,0.50511,0.58931,0.50616
0.0038142,-0.015043,-0.033047,0.37822,0.50364,0.58988,0.50531
0.0038218,-0.014987,-0.03291,0.38029,0.50244,0.59022,0.50455
0.0038124,-0.014913,-0.032869,0.3824,0.50146,0.59031,0.50383
0.0038056,-0.014781,-0.032869,0.38456,0.50072,0.59012,0.50315
0.003718,-0.014618,-0.032898,0.38687,0.50007,0.58975,0.50245
0.003726,-0.014537,-0.0329,0.38929,0.49948,0.58923,0.50178
0.0036982,-0.014435,-0.032881,0.39155,0.49873,0.58892,0.50113
0.0036612,-0.014379,-0.032832,0.3934,0.49792,0.58884,0.50057
0.0035528,-0.014363,-0.032789,0.39485,0.49701,0.58904,0.5001
0.0034094,-0.014282,-0.032818,0.39597,0.4964,0.58913,0.49972
0.0031663,-0.014176,-0.033046,0.39677,0.49641,0.58884,0.49942
0.0029914,-0.014028,-0.033369,0.3974,0.49689,0.58804,0.49938
0.0028596,-0.013831,-0.033758,0.39781,0.49745,0.58724,0.49944
0.0027174,-0.013636,-0.034178,0.39822,0.49764,0.58664,0.49962
0.0026208,-0.013466,-0.034533,0.39875,0.49759,0.58613,0.49984
0.0028717,-0.013466,-0.034595,0.39945,0.49766,0.58558,0.49988
0.0028271,-0.013359,-0.034936,0.40004,0.49799,0.58488,0.49989
0.0024753,-0.01316,-0.03536,0.40041,0.4981,0.58449,0.49994
0.0023836,-0.013093,-0.035551,0.40055,0.49739,0.58486,0.5001
0.0022885,-0.013001,-0.035781,0.40063,0.49673,0.58519,0.50031
0.0024184,-0.013039,-0.03588,0.40087,0.49616,0.58542,0.50041
0.0023401,-0.012983,-0.03621,0.40119,0.49607,0.58529,0.5004
0.0019437,-0.01276,-0.036788,0.40154,0.49627,0.58494,0.50033
0.0019365,-0.012742,-0.037175,0.40195,0.49619,0.58472,0.50033
0.0021939,-0.012802,-0.037392,0.40227,0.49605,0.58463,0.50032
0.0021636,-0.012811,-0.037708,0.40268,0.49579,0.58456,0.50033
0.002225,-0.012819,-0.037989,0.40301,0.4952,0.58467,0.50053
0.0023276,-0.012782,-0.038143,0.4033,0.4944,0.585,0.50069
0.0024009,-0.012835,-0.038268,0.4036,0.49351,0.58554,0.50069
0.0024311,-0.012908,-0.038338,0.40415,0.49265,0.58612,0.50042
0.0024038,-0.012983,-0.038461,0.40482,0.49203,0.58654,0.49999
0.0023831,-0.013064,-0.038604,0.40565,0.49165,0.58665,0.49957
0.0024153,-0.01313,-0.038841,0.4065,0.49134,0.58653,0.49933
0.0024797,-0.013243,-0.039081,0.40736,0.49104,0.58621,0.49929
0.0025169,-0.013299,-0.039281,0.40832,0.49054,0.58591,0.49936
0.0026505,-0.013419,-0.039419,0.40927,0.48977,0.58574,0.49953
0.0027617,-0.013506,-0.039468,0.41037,0.48881,0.58565,0.49968
0.0029127,-0.013594,-0.039499,0.41151,0.48796,0.58547,0.49978
0.0030482,-0.013668,-0.039494,0.41279,0.48732,0.5852,0.49966
0.0030571,-0.013646,-0.039482,0.41399,0.48686,0.58498,0.49937
0.0030732,-0.013609,-0.039483,0.41507,0.48638,0.58484,0.49911
0.0030089,-0.013612,-0.039546,0.41591,0.48626,0.58457,0.49885
0.0029152,-0.013562,-0.039645,0.41662,0.48639,0.58413,0.49864
0.0028052,-0.01356,-0.039788,0.41725,0.48675,0.58358,0.4984
0.0026506,-0.013533,-0.039968,0.41772,0.48713,0.58295,0.49837
0.0025008,-0.013461,-0.040159,0.41798,0.48749,0.5824,0.49845
0.0023446,-0.013437,-0.040322,0.41812,0.48777,0.58194,0.4986
0.0022452,-0.013386,-0.04042,0.41818,0.48792,0.58172,0.49866
0.0022,-0.013322,-0.040467,0.41822,0.48787,0.58176,0.49862
0.0021605,-0.013304,-0.040403,0.41833,0.48756,0.58207,0.49847
0.0020937,-0.01327,-0.040305,0.41853,0.48738,0.58236,0.49815
0.0019735,-0.013257,-0.040284,0.41869,0.48733,0.58251,0.49789
0.0018723,-0.013255,-0.040231,0.41887,0.48752,0.58237,0.49771
0.0017642,-0.013238,-0.040344,0.41895,0.48796,0.58204,0.4976
0.0017044,-0.013231,-0.040437,0.41895,0.48844,0.58156,0.49768
0.0016882,-0.013192,-0.040504,0.41885,0.4889,0.58114,0.49782
0.0016583,-0.013182,-0.040615,0.41867,0.48922,0.58085,0.49798
0.0016883,-0.013182,-0.04065,0.41848,0.48932,0.58077,0.49813
0.0017822,-0.013199,-0.040584,0.41831,0.48916,0.58096,0.49822
0.0018839,-0.013229,-0.040473,0.41821,0.48869,0.58135,0.49831
0.0020376,-0.013283,-0.040342,0.41829,0.48827,0.58171,0.49823
0.0021049,-0.013292,-0.040207,0.4186,0.48796,0.58192,0.49803
0.0021332,-0.013296,-0.040138,0.41895,0.48785,0.58198,0.49778
0.0021681,-0.01331,-0.040086,0.41931,0.48798,0.58175,0.49763
0.0021672,-0.013291,-0.040106,0.41956,0.48832,0.58128,0.49762
0.0022057,-0.013226,-0.040192,0.4197,0.48865,0.58078,0.49777
0.002255,-0.013247,-0.040247,0.41961,0.48896,0.58036,0.49802
0.0023555,-0.013239,-0.040288,0.41939,0.48911,0.58013,0.49832
0.0025434,-0.013204,-0.040276,0.41911,0.48913,0.58004,0.49865
0.0026315,-0.013203,-0.04026,0.41886,0.4891,0.58009,0.49883
0.0027401,-0.013171,-0.040262,0.41862,0.48887,0.58029,0.49903
0.0028681,-0.01312,-0.040154,0.41852,0.48855,0.58057,0.4991
0.0029228,-0.01312,-0.040192,0.41852,0.48842,0.5806,0.4992
0.0028892,-0.013104,-0.040258,0.41866,0.48854,0.58033,0.49927
0.0028777,-0.013086,-0.04036,0.41878,0.48888,0.57986,0.49938
0.002921,-0.013073,-0.040498,0.41874,0.48924,0.5794,0.4996
0.0029862,-0.013098,-0.040564,0.41852,0.48953,0.57907,0.49989
0.0030534,-0.013092,-0.040638,0.41822,0.48989,0.57871,0.50019
0.0030161,-0.013026,-0.040713,0.41794,0.49018,0.57848,0.50041
0.0030379,-0.012929,-0.040722,0.41768,0.49047,0.57836,0.50048
0.0030392,-0.012898,-0.040774,0.4175,0.49063,0.57838,0.50046
0.003042,-0.01282,-0.040765,0.41735,0.49056,0.57861,0.50038
0.0029997,-0.012833,-0.040727,0.4174,0.4903,0.57888,0.50028
0.0030493,-0.01284,-0.040684,0.41762,0.49014,0.57897,0.50015
0.0030483,-0.012896,-0.040651,0.41789,0.49006,0.57897,0.5
0.0031075,-0.012903,-0.040596,0.41818,0.49008,0.57878,0.49995
0.0032511,-0.01289,-0.040556,0.41828,0.4902,0.57852,0.50006
0.0032998,-0.012854,-0.040565,0.41825,0.49036,0.57821,0.50029
0.0033895,-0.012789,-0.040554,0.41814,0.49059,0.57789,0.50053
0.003466,-0.012746,-0.040568,0.41802,0.49082,0.57767,0.50066
0.0035534,-0.012669,-0.040534,0.41801,0.49091,0.5776,0.50065
0.0036183,-0.012615,-0.040508,0.41806,0.49086,0.57764,0.50061
0.0036663,-0.0126,-0.040439,0.41827,0.4907,0.57773,0.50048
0.0037311,-0.012584,-0.040375,0.4185,0.4906,0.57781,0.50029
0.0038351,-0.012578,-0.040325,0.41869,0.49038,0.57792,0.50024
0.0038502,-0.012515,-0.04025,0.4189,0.49027,0.57798,0.5001
0.0039413,-0.012539,-0.040131,0.41908,0.49038,0.57782,0.50002
0.0040242,-0.012572,-0.040123,0.41905,0.49051,0.57768,0.50008
0.0040511,-0.012518,-0.040091,0.41891,0.49056,0.57764,0.5002
0.0041377,-0.0125,-0.040015,0.41872,0.49061,0.5776,0.50035
0.0041593,-0.012396,-0.039939,0.41859,0.49074,0.57757,0.50038
0.0041517,-0.012327,-0.039884,0.41845,0.49085,0.57763,0.50031
0.0041685,-0.012295,-0.03987,0.41829,0.49102,0.57767,0.50023
0.0041884,-0.012241,-0.039794,0.41814,0.49115,0.57775,0.50014
0.0042805,-0.01218,-0.039729,0.41801,0.49099,0.57794,0.50019
0.0043976,-0.012181,-0.039604,0.41784,0.49053,0.57835,0.50029
0.0044892,-0.01216,-0.039544,0.41767,0.4901,0.57868,0.50048
0.0046091,-0.012145,-0.039443,0.41756,0.48984,0.57884,0.50065
0.0047235,-0.012141,-0.039432,0.41746,0.48978,0.57874,0.5009
0.0047907,-0.012093,-0.039494,0.41738,0.48985,0.5785,0.50118
0.004863,-0.012039,-0.039545,0.41725,0.49014,0.57816,0.50139
0.0048898,-0.011975,-0.039603,0.4171,0.49032,0.57788,0.50167
0.0049475,-0.011881,-0.039591,0.41702,0.49052,0.57762,0.50184
0.0049952,-0.011854,-0.039586,0.41695,0.49068,0.57753,0.50185
0.0050009,-0.011805,-0.039516,0.41688,0.49073,0.5776,0.50178
0.0050165,-0.011787,-0.039414,0.41691,0.49068,0.57775,0.50163
0.0050035,-0.011858,-0.03935,0.41697,0.49059,0.57796,0.50142
0.0049535,-0.011902,-0.039266,0.41691,0.49062,0.57811,0.50126
0.004963,-0.011993,-0.039233,0.41675,0.4906,0.5783,0.50119
0.0049544,-0.012035,-0.039248,0.41639,0.49067,0.57839,0.50133
0.0048884,-0.012134,-0.039369,0.4159,0.49086,0.57833,0.50161
0.0049208,-0.012228,-0.039517,0.41532,0.49125,0.57813,0.50195
0.0049663,-0.012336,-0.039756,0.41468,0.49175,0.57776,0.50241
0.0050287,-0.012445,-0.040013,0.41401,0.49233,0.57729,0.50293
0.0050398,-0.012605,-0.040302,0.41337,0.49293,0.57685,0.50338
0.0050974,-0.01268,-0.040496,0.41292,0.49328,0.57659,0.5037
0.0051568,-0.012778,-0.040616,0.41267,0.4936,0.57652,0.50368
0.0051653,-0.012842,-0.040651,0.41242,0.49379,0.57669,0.50349
0.0051433,-0.01296,-0.040697,0.41223,0.49393,0.57691,0.50327
0.0051175,-0.013025,-0.040641,0.41187,0.49403,0.57717,0.50315
0.0050866,-0.013095,-0.040691,0.41142,0.49421,0.57732,0.50319
0.0050597,-0.013113,-0.040747,0.41075,0.49441,0.57739,0.50345
0.005095,-0.013121,-0.040851,0.41001,0.49457,0.57738,0.5039
0.0051251,-0.013116,-0.04094,0.40922,0.49487,0.57726,0.50439
0.0052119,-0.013116,-0.041116,0.40849,0.49542,0.57685,0.50492
0.0052703,-0.013091,-0.041347,0.40792,0.49629,0.57605,0.50544
0.0053117,-0.013108,-0.041604,0.40761,0.4975,0.57499,0.5057
0.0053145,-0.013132,-0.041881,0.40751,0.49877,0.57394,0.50573
0.0053031,-0.013161,-0.04206,0.40739,0.49976,0.57324,0.50564
0.0053055,-0.01321,-0.042079,0.40715,0.50025,0.57299,0.50563
0.0053241,-0.013261,-0.042062,0.40678,0.50039,0.57308,0.50568
0.0053076,-0.01328,-0.041998,0.40626,0.5004,0.57331,0.50583
0.0052831,-0.013345,-0.041989,0.40575,0.50061,0.57327,0.50608
0.0051641,-0.013325,-0.042029,0.40529,0.50115,0.57287,0.50637
0.004992,-0.013335,-0.042222,0.4048,0.50219,0.572,0.50671
0.0048173,-0.013253,-0.04248,0.40437,0.50362,0.57072,0.50708
0.0047322,-0.013182,-0.042774,0.40397,0.50515,0.56929,0.50749
0.0045741,-0.013128,-0.042904,0.4036,0.50644,0.56815,0.50777
0.0044677,-0.01304,-0.042896,0.40305,0.50706,0.56775,0.50804
0.0044192,-0.013006,-0.042708,0.40229,0.50686,0.56831,0.50821
0.0043177,-0.012967,-0.042381,0.40142,0.50637,0.56931,0.50827
0.0041853,-0.013038,-0.042134,0.40058,0.50599,0.57015,0.50837
0.0040275,-0.013097,-0.041979,0.3999,0.50608,0.57049,0.50844
0.0038618,-0.013186,-0.041973,0.39933,0.50665,0.57023,0.5086
0.0037725,-0.013247,-0.042038,0.39877,0.50742,0.56963,0.50895
0.0037467,-0.013279,-0.042129,0.39814,0.50836,0.56882,0.5094
0.0037112,-0.013278,-0.04224,0.39743,0.50912,0.56808,0.51004
0.0037813,-0.013229,-0.0422,0.39652,0.50946,0.56768,0.51084
0.0039456,-0.013178,-0.04204,0.39527,0.50937,0.56783,0.51174
0.0039971,-0.013091,-0.041849,0.39383,0.50898,0.5683,0.51271
0.0040939,-0.013055,-0.041719,0.39242,0.50874,0.56867,0.51362
0.0041606,-0.013048,-0.041671,0.39116,0.50888,0.56862,0.51449
0.0042089,-0.013082,-0.041709,0.39022,0.50946,0.56814,0.51516
0.004298,-0.013124,-0.041825,0.38948,0.51037,0.5673,0.51575
0.0044357,-0.013175,-0.041967,0.3888,0.51154,0.56619,0.51632
0.0045777,-0.01319,-0.042035,0.38809,0.51252,0.56522,0.51695
0.0048134,-0.013191,-0.042042,0.38721,0.51306,0.56458,0.51777
0.0049762,-0.013211,-0.041991,0.38605,0.51324,0.56439,0.51866
0.0051421,-0.013236,-0.041834,0.38468,0.51315,0.56454,0.5196
0.0052887,-0.013237,-0.041639,0.38318,0.51303,0.56486,0.52049
0.0053579,-0.013256,-0.041449,0.38179,0.513,0.56523,0.52114
0.0053952,-0.013248,-0.041198,0.38059,0.51331,0.56556,0.52135
0.0054371,-0.013255,-0.040978,0.37973,0.51402,0.56564,0.52119
0.0054184,-0.013216,-0.040741,0.37899,0.51531,0.56527,0.52086
0.0054438,-0.013212,-0.040632,0.37815,0.51705,0.56449,0.52059
0.0054332,-0.013206,-0.040512,0.37715,0.5185,0.56382,0.52061
0.0055616,-0.013146,-0.040295,0.376,0.5193,0.56346,0.52103
0.0057071,-0.013135,-0.040099,0.37443,0.51972,0.56329,0.52191
0.0059344,-0.013123,-0.039829,0.37279,0.52003,0.56328,0.5228
0.0061208,-0.01309,-0.039589,0.37099,0.52047,0.56314,0.52379
0.0062901,-0.013079,-0.039325,0.36925,0.52099,0.5629,0.52475
0.0064315,-0.013044,-0.039187,0.36752,0.52181,0.56246,0.52562
0.0065826,-0.013027,-0.039064,0.3659,0.52302,0.56183,0.52623
0.0067023,-0.012966,-0.039007,0.36426,0.52472,0.56087,0.5267
0.0068092,-0.012949,-0.038955,0.36266,0.52676,0.55953,0.5272
0.0069648,-0.012924,-0.039076,0.36098,0.52913,0.55782,0.52778
0.0071134,-0.012944,-0.039171,0.3592,0.53143,0.556,0.5286
0.0072924,-0.012937,-0.039208,0.35724,0.533,0.55471,0.52971
0.0076176,-0.012892,-0.038977,0.355,0.53347,0.55427,0.5312
0.0078939,-0.012837,-0.038646,0.35267,0.53346,0.55432,0.5327
0.0081706,-0.012775,-0.038249,0.35045,0.53343,0.55447,0.53404
0.0084008,-0.012728,-0.037881,0.34842,0.53367,0.55446,0.53514
0.0085746,-0.012726,-0.037682,0.34663,0.53457,0.55404,0.53583
0.0088328,-0.012639,-0.037059,0.34663,0.53457,0.55404,0.53583
0.00884,-0.012772,-0.037412,0.34375,0.53802,0.55187,0.53648
0.0090117,-0.012827,-0.037295,0.34228,0.53999,0.55034,0.53702
0.0092763,-0.012684,-0.036574,0.34228,0.53999,0.55034,0.53702
0.0094831,-0.012657,-0.03631,0.34039,0.54143,0.5491,0.53803
0.0097745,-0.012588,-0.035942,0.33812,0.54215,0.5484,0.53945
0.010029,-0.012543,-0.035549,0.33556,0.54234,0.54821,0.54104
0.010209,-0.012457,-0.035082,0.33297,0.54225,0.54825,0.5427
0.010375,-0.012431,-0.034642,0.33073,0.54228,0.54837,0.54391
0.010473,-0.012398,-0.034188,0.32893,0.54266,0.54838,0.54461
0.010533,-0.012406,-0.033775,0.32754,0.54364,0.54811,0.54475
0.010533,-0.012399,-0.033328,0.32656,0.54519,0.5475,0.5444
0.010587,-0.012388,-0.032895,0.32554,0.54708,0.54652,0.54409
0.010582,-0.012366,-0.032559,0.3241,0.54902,0.5454,0.54413
0.010682,-0.012348,-0.032197,0.32221,0.55061,0.54429,0.54475
0.010783,-0.012318,-0.031844,0.31995,0.55164,0.54352,0.54581
0.010968,-0.012307,-0.031459,0.31736,0.55227,0.54314,0.54706
0.011114,-0.012347,-0.031111,0.31477,0.55262,0.5431,0.54824
0.011152,-0.012357,-0.030788,0.31238,0.55288,0.54336,0.54909
0.011233,-0.012371,-0.030543,0.31058,0.55355,0.54329,0.5495
0.011299,-0.012394,-0.030356,0.30929,0.55487,0.54264,0.54955
0.011363,-0.012391,-0.030227,0.30829,0.55673,0.54142,0.54943
0.011446,-0.012387,-0.029982,0.30729,0.55855,0.54023,0.54931
0.011658,-0.012266,-0.029448,0.30598,0.55943,0.53993,0.54944
0.011965,-0.012122,-0.028767,0.3042,0.55914,0.54067,0.55001
0.012303,-0.011957,-0.027933,0.30205,0.55812,0.54218,0.55074
0.01296,-0.011823,-0.027341,0.29974,0.55726,0.54351,0.55155
0.012738,-0.011768,-0.026786,0.29753,0.55707,0.54419,0.55227
0.012977,-0.011681,-0.026496,0.2956,0.55769,0.54415,0.55272
0.01322,-0.011662,-0.026412,0.29402,0.55888,0.54354,0.55297
0.013615,-0.011623,-0.02629,0.29276,0.56049,0.54258,0.55295
0.014246,-0.011406,-0.025774,0.29176,0.56228,0.54147,0.55274
0.014389,-0.011493,-0.026075,0.29077,0.56386,0.54047,0.55264
0.014793,-0.011425,-0.025834,0.28958,0.56485,0.54,0.55271
0.015207,-0.011348,-0.025526,0.28809,0.56525,0.53997,0.55311
0.015505,-0.011294,-0.025227,0.28618,0.56534,0.5402,0.55377
0.01618,-0.011248,-0.024785,0.2839,0.56546,0.54038,0.55466
0.016164,-0.011374,-0.024803,0.28143,0.56572,0.54044,0.5556
0.016479,-0.011471,-0.024785,0.27912,0.56627,0.5403,0.55633
0.016737,-0.011572,-0.024883,0.27709,0.56733,0.53983,0.55672
0.01699,-0.01173,-0.025036,0.27552,0.56898,0.53883,0.55679
0.01723,-0.011838,-0.025211,0.27442,0.57122,0.53721,0.55661
0.017401,-0.012026,-0.025442,0.27345,0.57382,0.53526,0.55629
0.017596,-0.012148,-0.025525,0.27222,0.57593,0.53375,0.55616
0.01774,-0.012231,-0.02546,0.27065,0.5771,0.53302,0.55642
0.01787,-0.012286,-0.025245,0.26848,0.57743,0.53299,0.55714
0.017984,-0.01236,-0.025063,0.26582,0.57746,0.53325,0.55814
0.01812,-0.012472,-0.024925,0.2628,0.57749,0.53342,0.55937
0.018248,-0.012605,-0.024997,0.25965,0.57784,0.5332,0.5607
0.01844,-0.012721,-0.025206,0.25668,0.57861,0.53241,0.56202
0.018665,-0.012921,-0.025557,0.25407,0.58,0.53102,0.56308
0.018712,-0.013173,-0.026,0.25165,0.58227,0.52935,0.56341
0.018813,-0.013395,-0.026423,0.2498,0.58489,0.527,0.56371
0.018823,-0.013564,-0.026708,0.24783,0.58746,0.5247,0.56406
0.018846,-0.013731,-0.026954,0.24506,0.5895,0.5229,0.56481
0.018777,-0.013835,-0.027056,0.24133,0.5907,0.52202,0.56598
0.018718,-0.013966,-0.027073,0.23689,0.59105,0.52194,0.56756
0.018679,-0.01404,-0.027033,0.23228,0.59071,0.52245,0.56935
0.01829,-0.014323,-0.02746,0.22813,0.58991,0.52324,0.57113
0.018367,-0.014324,-0.027323,0.22465,0.58937,0.52368,0.57266
0.019162,-0.014005,-0.026743,0.22176,0.58972,0.52325,0.57382
0.018842,-0.014221,-0.026963,0.21812,0.5917,0.5227,0.57367
0.018371,-0.014558,-0.027599,0.21565,0.59404,0.5203,0.57436
0.01795,-0.015083,-0.028489,0.21305,0.59664,0.51763,0.57506
0.018259,-0.014968,-0.028169,0.21003,0.59888,0.51539,0.57585
0.018538,-0.015132,-0.028375,0.20645,0.60011,0.51426,0.57688
0.018389,-0.015207,-0.028218,0.20219,0.60014,0.51472,0.57794
0.01781,-0.015123,-0.027465,0.19828,0.59912,0.51573,0.57946
0.017657,-0.015043,-0.026983,0.19471,0.59773,0.51696,0.581
0.017509,-0.014995,-0.026578,0.1915,0.59679,0.51778,0.5823
0.017876,-0.014981,-0.026414,0.18866,0.59668,0.51799,0.58316
0.017554,-0.015003,-0.026187,0.18615,0.59734,0.51752,0.5837
0.016721,-0.015182,-0.026199,0.18384,0.5986,0.51654,0.58401
0.0165,-0.015279,-0.026272,0.18168,0.60036,0.5151,0.58415
0.016265,-0.015366,-0.026347,0.17948,0.60233,0.51346,0.58425
0.016498,-0.015435,-0.026364,0.17699,0.60427,0.51178,0.58447
0.016249,-0.015566,-0.026435,0.1743,0.60576,0.5104,0.58495
0.015124,-0.016058,-0.02684,0.17164,0.60662,0.50947,0.58566
0.014948,-0.016018,-0.026645,0.16921,0.60695,0.50894,0.58648
0.014727,-0.015972,-0.026345,0.16701,0.60699,0.50895,0.58706
0.015017,-0.015847,-0.026048,0.16513,0.60711,0.50908,0.58735
0.014806,-0.015763,-0.025782,0.16386,0.60776,0.50834,0.58768
0.014024,-0.015895,-0.025871,0.1623,0.60936,0.5071,0.58753
0.013801,-0.01599,-0.026011,0.16063,0.61164,0.50507,0.58737
0.013597,-0.016169,-0.026211,0.15855,0.61425,0.50255,0.58737
0.013804,-0.016309,-0.026391,0.15591,0.6168,0.49985,0.58771
0.013848,-0.01651,-0.026662,0.15324,0.61871,0.49717,0.58868
0.01359,-0.016732,-0.026762,0.15015,0.61997,0.49525,0.58976
0.013659,-0.016786,-0.02669,0.14708,0.62061,0.49401,0.59091
0.013706,-0.016816,-0.026581,0.1442,0.62091,0.49337,0.59183
0.014021,-0.016784,-0.026462,0.14167,0.62116,0.49295,0.59254
0.013951,-0.01681,-0.026338,0.13946,0.62188,0.49227,0.59286
0.013515,-0.016997,-0.02647,0.13756,0.62318,0.49103,0.59296
0.013424,-0.01715,-0.026645,0.13559,0.625,0.48919,0.59302
0.013375,-0.017363,-0.026875,0.13347,0.62703,0.48701,0.59316
0.013582,-0.0175,-0.026968,0.13127,0.62897,0.4847,0.59349
0.013669,-0.017719,-0.027183,0.1291,0.63049,0.48262,0.59405
0.013598,-0.017913,-0.027269,0.12696,0.63138,0.48144,0.59453
0.013681,-0.017974,-0.027065,0.12505,0.63178,0.48082,0.595
0.013773,-0.017948,-0.026743,0.12352,0.63187,0.48056,0.59543
0.014032,-0.017913,-0.026494,0.12227,0.63193,0.48048,0.5957
0.013995,-0.017886,-0.026181,0.12123,0.63206,0.48039,0.59584
0.013787,-0.017859,-0.025778,0.12013,0.63242,0.48033,0.59574
0.013781,-0.017887,-0.025573,0.11889,0.63301,0.47996,0.59566
0.01377,-0.017967,-0.025483,0.11741,0.6339,0.4792,0.59561
0.013964,-0.018063,-0.025424,0.11591,0.63496,0.47793,0.5958
0.014091,-0.018242,-0.025553,0.11477,0.63612,0.47605,0.59628
0.014135,-0.018496,-0.025864,0.11365,0.63731,0.47441,0.59654
0.014288,-0.018632,-0.025961,0.11272,0.6383,0.47302,0.59675
0.014476,-0.018739,-0.025955,0.11193,0.63906,0.47204,0.59687
0.014638,-0.018748,-0.025784,0.11137,0.63954,0.47149,0.5969
0.014755,-0.018698,-0.025571,0.11076,0.63961,0.4715,0.59693
0.014861,-0.01865,-0.025277,0.1099,0.63931,0.47206,0.59696
0.014913,-0.018591,-0.024964,0.10881,0.63891,0.4728,0.59701
0.014984,-0.018601,-0.024801,0.10736,0.63883,0.47314,0.59708
0.015115,-0.018659,-0.024749,0.10561,0.63906,0.47293,0.59731
0.015181,-0.018854,-0.024843,0.10381,0.63972,0.47203,0.59764
0.015128,-0.01927,-0.02544,0.10202,0.64083,0.47044,0.59801
0.015296,-0.019637,-0.02589,0.10044,0.64233,0.46833,0.59833
0.015395,-0.020026,-0.026338,0.098973,0.64403,0.46607,0.59851
0.015619,-0.020298,-0.026304,0.097536,0.64563,0.46403,0.5986
0.015712,-0.020653,-0.026671,0.096173,0.64691,0.46246,0.59866
0.015785,-0.020887,-0.026874,0.094869,0.64774,0.46148,0.59872
0.015634,-0.021175,-0.027093,0.09354,0.64815,0.46119,0.5987
0.015616,-0.021283,-0.026991,0.092095,0.64825,0.46139,0.59867
0.015769,-0.021332,-0.026859,0.090281,0.64823,0.46155,0.59885
0.015859,-0.021544,-0.026915,0.088463,0.64828,0.46094,0.59954
0.015869,-0.021789,-0.027106,0.086335,0.64868,0.46002,0.60011
0.015863,-0.022128,-0.027399,0.08422,0.64958,0.45863,0.60051
0.015879,-0.022566,-0.027759,0.082316,0.6509,0.45694,0.60063
0.015857,-0.022985,-0.028112,0.080874,0.6525,0.45511,0.60047
0.015789,-0.023411,-0.028536,0.079748,0.65414,0.45343,0.60013
0.015748,-0.023768,-0.028836,0.0792,0.65561,0.45179,0.59983
0.015717,-0.024018,-0.029097,0.07875,0.6568,0.45059,0.59949
0.015669,-0.024215,-0.029195,0.07818,0.65759,0.44987,0.59923
0.015561,-0.024384,-0.029208,0.077173,0.65813,0.44954,0.59903
0.01549,-0.024557,-0.02911,0.07576,0.65849,0.44928,0.599
0.015419,-0.024734,-0.029053,0.074081,0.65884,0.44902,0.59902
0.015359,-0.024968,-0.02901,0.072447,0.65935,0.44857,0.599
0.015285,-0.025211,-0.029005,0.070909,0.66022,0.44779,0.5988
0.015251,-0.025541,-0.029113,0.069613,0.66142,0.44656,0.59855
0.01522,-0.02586,-0.029306,0.06859,0.66282,0.44503,0.59826
0.015159,-0.02616,-0.02955,0.067782,0.66425,0.44347,0.59793
0.015173,-0.026429,-0.029836,0.067196,0.66553,0.4421,0.59759
0.015157,-0.026705,-0.030022,0.066791,0.66652,0.44105,0.5973
0.015086,-0.02686,-0.030148,0.066573,0.66727,0.44037,0.59699
0.015113,-0.027015,-0.030193,0.066236,0.66782,0.4399,0.59676
0.015121,-0.027122,-0.030119,0.065622,0.66821,0.43967,0.59655
0.015163,-0.027248,-0.030127,0.064646,0.66841,0.43948,0.59657
0.015203,-0.027379,-0.03013,0.063544,0.66855,0.43918,0.59676
0.015277,-0.027491,-0.030176,0.062497,0.66874,0.43866,0.59704
0.015404,-0.027583,-0.030238,0.06146,0.6691,0.43797,0.59725
0.015517,-0.027728,-0.030314,0.060606,0.66956,0.43718,0.59741
0.01565,-0.027889,-0.030459,0.059916,0.67008,0.43629,0.59754
0.015735,-0.028053,-0.030583,0.059446,0.67057,0.43545,0.59765
0.015856,-0.028155,-0.03073,0.059299,0.67089,0.43487,0.59772
0.015958,-0.028158,-0.030723,0.059508,0.67097,0.43466,0.59777
0.016066,-0.028123,-0.030603,0.059616,0.67077,0.43497,0.59776
0.016125,-0.028033,-0.03044,0.059703,0.67025,0.43558,0.59789
0.016208,-0.0279,-0.030212,0.059523,0.66948,0.43637,0.59819
0.01631,-0.027765,-0.030062,0.059121,0.66863,0.43715,0.59862
0.016417,-0.027676,-0.029912,0.05866,0.66806,0.43739,0.59912
0.016479,-0.027721,-0.029915,0.05793,0.66805,0.43708,0.59944
0.016438,-0.027921,-0.030098,0.057161,0.66857,0.43617,0.59959
0.016407,-0.028108,-0.030309,0.056436,0.66941,0.43499,0.59958
0.016417,-0.028378,-0.030497,0.055939,0.67036,0.43388,0.59936
0.016456,-0.028524,-0.030677,0.056352,0.67118,0.43264,0.5993
0.016426,-0.028623,-0.030734,0.056498,0.67172,0.43238,0.59888
0.016403,-0.028563,-0.030613,0.056983,0.67168,0.43291,0.59849
0.016421,-0.028316,-0.030269,0.057642,0.67111,0.43419,0.59814
0.016397,-0.027997,-0.029792,0.058255,0.67008,0.43595,0.59795
0.016431,-0.027624,-0.029318,0.058825,0.66869,0.43789,0.59803
0.016541,-0.027279,-0.028925,0.059196,0.66735,0.43951,0.59831
0.016612,-0.027042,-0.02865,0.059419,0.66656,0.44036,0.59854
0.01672,-0.026949,-0.02855,0.059504,0.66652,0.44027,0.59865
0.016786,-0.026995,-0.02855,0.059614,0.66709,0.43942,0.59862
0.016857,-0.027082,-0.028603,0.059686,0.66802,0.43824,0.59844
0.016984,-0.02714,-0.028656,0.059946,0.66882,0.43728,0.59822
0.017101,-0.027149,-0.02866,0.060342,0.6693,0.43679,0.59801
0.017166,-0.02705,-0.028549,0.06088,0.66922,0.4371,0.59781
0.017323,-0.026814,-0.028266,0.061564,0.66866,0.43793,0.59776
0.017392,-0.026565,-0.027935,0.062161,0.66773,0.43919,0.59782
0.017511,-0.026289,-0.02756,0.062569,0.66651,0.44056,0.59813
0.017699,-0.026072,-0.027273,0.062562,0.66535,0.44172,0.59856
0.01796,-0.025913,-0.027083,0.062143,0.66458,0.44218,0.59913
0.018129,-0.025937,-0.027093,0.061544,0.66457,0.44176,0.59951
0.018229,-0.026134,-0.02727,0.061293,0.66577,0.44016,0.59938
0.01833,-0.026366,-0.027557,0.061009,0.66696,0.43861,0.59922
0.018399,-0.02659,-0.027857,0.061131,0.66824,0.43723,0.59879
0.018466,-0.026725,-0.028035,0.061584,0.66929,0.43631,0.59824
0.018503,-0.026772,-0.028063,0.06214,0.66992,0.43605,0.59766
0.018611,-0.02668,-0.027905,0.062692,0.66946,0.43685,0.59754
0.018612,-0.026584,-0.027709,0.063116,0.66904,0.43769,0.59735
0.01859,-0.026477,-0.02756,0.063309,0.66824,0.43873,0.59747
0.018626,-0.026412,-0.027288,0.063083,0.66741,0.43955,0.59781
0.018667,-0.026388,-0.027219,0.062852,0.66693,0.4399,0.59812
0.018478,-0.026513,-0.027141,0.06143,0.667,0.44093,0.59742
0.018408,-0.026578,-0.027216,0.06156,0.66746,0.44043,0.59726
0.018393,-0.026611,-0.027325,0.061913,0.66807,0.43984,0.59698
0.018345,-0.02663,-0.027467,0.062324,0.66869,0.43935,0.59661
0.018345,-0.026699,-0.027605,0.062732,0.66905,0.43912,0.59633
0.018334,-0.026709,-0.027742,0.06322,0.66915,0.43914,0.59615
0.018331,-0.026759,-0.027845,0.06349,0.66894,0.43947,0.59612
0.018379,-0.026747,-0.027892,0.063672,0.66843,0.43998,0.59629
0.018405,-0.026713,-0.027922,0.06376,0.66775,0.44066,0.59654
0.018533,-0.026639,-0.02794,0.063832,0.66662,0.44165,0.59706
0.018553,-0.026658,-0.027933,0.063742,0.66618,0.44206,0.59726
0.018611,-0.026722,-0.028015,0.063517,0.66614,0.44201,0.59737
0.018559,-0.026915,-0.028252,0.063286,0.6667,0.44125,0.59733
0.018448,-0.027139,-0.028535,0.063192,0.66765,0.44021,0.59705
0.018363,-0.027358,-0.028865,0.063275,0.66869,0.4391,0.59669
0.018198,-0.027569,-0.029084,0.063342,0.66968,0.43843,0.59607
0.01808,-0.027779,-0.029382,0.063655,0.67027,0.43792,0.59574
0.018095,-0.02792,-0.029517,0.063886,0.67053,0.43776,0.59555
0.018049,-0.028024,-0.029655,0.063932,0.6704,0.438,0.59551
0.017965,-0.028064,-0.029739,0.063849,0.66999,0.43846,0.59563
0.017953,-0.028058,-0.029863,0.064,0.66949,0.43855,0.59612
0.017858,-0.0281,-0.029955,0.063825,0.66928,0.43878,0.5962
0.017799,-0.028188,-0.030031,0.063692,0.66939,0.43874,0.59613
0.017665,-0.02833,-0.030181,0.063659,0.66982,0.43842,0.59588
0.017521,-0.028494,-0.030366,0.063795,0.67054,0.43779,0.59552
0.017361,-0.028661,-0.030605,0.063984,0.67131,0.4371,0.59514
0.017265,-0.028721,-0.030854,0.06425,0.67155,0.43692,0.59497
0.017184,-0.028862,-0.031112,0.06444,0.6719,0.43669,0.59472
0.017117,-0.028965,-0.031257,0.064586,0.67198,0.43681,0.59453
0.017069,-0.029002,-0.031398,0.064767,0.67175,0.43721,0.59448
0.017037,-0.02903,-0.031483,0.064944,0.67132,0.43763,0.59463
0.017013,-0.029002,-0.031532,0.064939,0.67042,0.43842,0.59507
0.01695,-0.029035,-0.031514,0.064579,0.67001,0.43877,0.59531
0.016903,-0.029056,-0.031577,0.064349,0.66982,0.43882,0.59552
0.016828,-0.02909,-0.031696,0.064171,0.67006,0.43854,0.59547
0.01676,-0.029147,-0.031802,0.06412,0.67057,0.43791,0.59537
0.016649,-0.02926,-0.031953,0.064122,0.67116,0.43731,0.59514
0.016607,-0.029375,-0.032093,0.064169,0.67163,0.43694,0.59488
0.016593,-0.02947,-0.032201,0.064267,0.67188,0.43677,0.59471
0.016521,-0.029493,-0.032279,0.064402,0.67189,0.4369,0.59458
0.016532,-0.029409,-0.032276,0.064755,0.67163,0.43702,0.59475
0.016504,-0.029352,-0.032208,0.064953,0.67128,0.43765,0.59467
0.016545,-0.029224,-0.032103,0.065168,0.67043,0.43864,0.59487
0.016517,-0.029146,-0.03199,0.06519,0.67016,0.43907,0.59486
0.016472,-0.029079,-0.031927,0.065092,0.67013,0.43905,0.59492
0.016415,-0.029147,-0.031984,0.06499,0.67044,0.43855,0.59494
0.016391,-0.029195,-0.0321,0.06476,0.67089,0.43795,0.59491
0.016391,-0.02928,-0.032158,0.064532,0.6713,0.43739,0.59488
0.016389,-0.029324,-0.032225,0.064344,0.67154,0.43702,0.5949
0.016373,-0.029321,-0.032237,0.064257,0.67158,0.43698,0.59489
0.016356,-0.029255,-0.032204,0.064491,0.6714,0.43732,0.59483
0.016294,-0.02911,-0.032097,0.064949,0.67106,0.43799,0.59466
0.016298,-0.02894,-0.031953,0.065593,0.67071,0.43872,0.59445
0.0162,-0.028812,-0.031787,0.066333,0.67049,0.43931,0.59418
0.016165,-0.028823,-0.031779,0.066333,0.67049,0.43931,0.59418
0.016084,-0.028687,-0.031566,0.067049,0.67047,0.43959,0.59391
0.016029,-0.028635,-0.031432,0.067593,0.67057,0.4396,0.59373
0.015988,-0.028557,-0.031311,0.068035,0.6708,0.43938,0.59359
0.015924,-0.028497,-0.031199,0.068433,0.67104,0.43908,0.59349
0.015861,-0.028417,-0.031103,0.068872,0.6713,0.43882,0.59333
0.015785,-0.028275,-0.030997,0.069539,0.67111,0.43904,0.59331
0.015696,-0.028045,-0.030796,0.070393,0.67072,0.43971,0.59315
0.015574,-0.027876,-0.030584,0.071625,0.67063,0.44026,0.59271
0.015407,-0.027665,-0.030374,0.073112,0.67052,0.44091,0.59217
0.015304,-0.027459,-0.030155,0.07484,0.67039,0.4416,0.59158
0.015292,-0.027208,-0.029906,0.076679,0.66979,0.44255,0.59132
0.015302,-0.027034,-0.029577,0.078613,0.66959,0.44325,0.59076
0.015232,-0.026815,-0.02934,0.080639,0.66926,0.44407,0.59024
0.015197,-0.026533,-0.029041,0.082669,0.66867,0.44513,0.58984
0.015181,-0.026206,-0.028651,0.084574,0.66787,0.44654,0.5894
0.015109,-0.025902,-0.028349,0.086265,0.66692,0.44816,0.58901
0.015026,-0.025604,-0.028117,0.088134,0.66602,0.44962,0.58864
0.014964,-0.02536,-0.027958,0.090031,0.66529,0.45094,0.58817
0.014914,-0.025111,-0.027814,0.09235,0.66471,0.45223,0.58746
0.014897,-0.024932,-0.027645,0.095214,0.66441,0.45338,0.58647
0.014906,-0.02478,-0.027531,0.09844,0.66424,0.4544,0.58534
0.01497,-0.024612,-0.027438,0.10178,0.66415,0.45523,0.58422
0.015008,-0.024478,-0.02736,0.10482,0.66402,0.45589,0.58331
0.015063,-0.02438,-0.027315,0.10732,0.66392,0.45631,0.58265
0.015106,-0.024312,-0.027309,0.10928,0.66372,0.45679,0.58213
0.015127,-0.024198,-0.027242,0.1108,0.66342,0.45727,0.58181
0.015212,-0.02415,-0.027235,0.11224,0.66305,0.45772,0.58161
0.015297,-0.024082,-0.027266,0.11362,0.66271,0.45814,0.58139
0.015374,-0.024043,-0.027335,0.11519,0.66233,0.45859,0.58115
0.015501,-0.023999,-0.027408,0.117,0.66198,0.45919,0.58072
0.015606,-0.024006,-0.02752,0.11894,0.66174,0.45973,0.58018
0.015714,-0.024041,-0.027667,0.12111,0.66159,0.4602,0.57952
0.01578,-0.024042,-0.027859,0.12315,0.6616,0.46046,0.57887
0.015777,-0.02415,-0.028166,0.125,0.66163,0.46055,0.57837
0.015722,-0.024207,-0.028461,0.12657,0.6617,0.4605,0.57799
0.015694,-0.024291,-0.028833,0.12781,0.66173,0.4604,0.57777
0.015599,-0.024448,-0.029255,0.12854,0.66169,0.46053,0.57754
0.015679,-0.024612,-0.029641,0.12955,0.6615,0.46044,0.57761
0.015775,-0.024757,-0.029987,0.13051,0.66111,0.46057,0.57773
0.015892,-0.024897,-0.030268,0.13149,0.66056,0.461,0.5778
0.015938,-0.025024,-0.030624,0.13261,0.65996,0.46156,0.57778
0.01602,-0.025094,-0.030926,0.13401,0.65939,0.46216,0.57763
0.016,-0.025165,-0.031301,0.13562,0.65893,0.46262,0.57741
0.015975,-0.025229,-0.031721,0.13733,0.65857,0.46299,0.57713
0.015983,-0.025334,-0.032149,0.13903,0.65831,0.46319,0.57684
0.016037,-0.025509,-0.032618,0.14069,0.6582,0.4632,0.57656
0.015928,-0.025839,-0.03315,0.14168,0.65844,0.46352,0.57579
0.016043,-0.026113,-0.033718,0.14331,0.6586,0.46307,0.57556
0.016186,-0.026367,-0.034261,0.14499,0.65832,0.46281,0.57567
0.016308,-0.0266,-0.034753,0.14695,0.65837,0.4625,0.57537
0.016424,-0.026734,-0.035181,0.1491,0.65811,0.46259,0.57504
0.016545,-0.026787,-0.035506,0.15209,0.65751,0.46278,0.57478
0.016606,-0.026755,-0.035628,0.15483,0.65671,0.46398,0.574
0.016636,-0.026767,-0.035778,0.1576,0.65581,0.46527,0.57323
0.016598,-0.026769,-0.035934,0.16007,0.65511,0.46631,0.5725
0.016593,-0.02689,-0.036258,0.16207,0.65469,0.46691,0.57193
0.01647,-0.027083,-0.036635,0.16315,0.65474,0.46739,0.57118
0.016413,-0.027273,-0.037118,0.16449,0.6549,0.46707,0.57087
0.016456,-0.027535,-0.037662,0.16587,0.65526,0.46639,0.57061
0.01645,-0.027767,-0.038242,0.16756,0.65564,0.46574,0.57021
0.016496,-0.028007,-0.038837,0.16954,0.65591,0.46535,0.56964
0.016456,-0.028112,-0.039315,0.17204,0.65594,0.46543,0.56879
0.016427,-0.02817,-0.039689,0.17514,0.65572,0.4659,0.56771
0.016906,-0.027711,-0.039222,0.17853,0.65519,0.46675,0.56656
0.016941,-0.027693,-0.039406,0.18167,0.65443,0.4677,0.56566
0.016554,-0.028152,-0.040232,0.18407,0.65354,0.46846,0.56529
0.016664,-0.028218,-0.040483,0.18547,0.65264,0.46913,0.56531
0.016789,-0.028388,-0.040851,0.18608,0.65185,0.46954,0.56569
0.017239,-0.028272,-0.040801,0.18621,0.65119,0.46963,0.56632
0.017322,-0.028517,-0.04137,0.1864,0.65085,0.46942,0.56682
0.017043,-0.02906,-0.042426,0.18691,0.6507,0.46918,0.56704
0.017067,-0.029295,-0.042985,0.18794,0.65067,0.46901,0.56686
0.017431,-0.029198,-0.04308,0.18953,0.65081,0.46875,0.56639
0.01738,-0.029402,-0.043696,0.19138,0.65113,0.46844,0.56566
0.017416,-0.029588,-0.044249,0.19328,0.65145,0.46804,0.56497
0.017429,-0.029738,-0.044739,0.19483,0.65172,0.46764,0.56446
0.017491,-0.029951,-0.045238,0.19597,0.65174,0.46723,0.56438
0.017575,-0.030126,-0.045683,0.19637,0.65142,0.46728,0.56457
0.017722,-0.030274,-0.046041,0.19626,0.6508,0.46752,0.56512
0.017873,-0.030433,-0.046476,0.19595,0.64995,0.46797,0.56583
0.018014,-0.030517,-0.046836,0.19566,0.64895,0.46861,0.56656
0.018168,-0.03052,-0.047128,0.19568,0.64794,0.46935,0.5671
0.018226,-0.030486,-0.047421,0.19622,0.64705,0.47016,0.56724
0.018257,-0.030462,-0.047765,0.19733,0.64644,0.47083,0.56701
0.018328,-0.030409,-0.048009,0.19907,0.64596,0.47138,0.56649
0.018323,-0.03032,-0.048243,0.20127,0.64562,0.47179,0.56575
0.018129,-0.030325,-0.048466,0.20276,0.6456,0.47283,0.56438
0.018191,-0.030249,-0.048621,0.20477,0.64525,0.47314,0.56379
0.018231,-0.030276,-0.048762,0.20632,0.64477,0.47358,0.56341
0.018328,-0.030305,-0.048911,0.20755,0.64407,0.47411,0.56332
0.018358,-0.030249,-0.048995,0.20859,0.64317,0.4748,0.56337
0.018354,-0.030189,-0.049111,0.20962,0.64216,0.47564,0.56343
0.018324,-0.03006,-0.049201,0.21088,0.64116,0.47658,0.56331
0.018273,-0.029951,-0.049288,0.21254,0.64017,0.47753,0.563
0.018255,-0.029826,-0.049431,0.21463,0.63921,0.47844,0.56254
0.018211,-0.029722,-0.049587,0.21702,0.63844,0.47919,0.56185
0.018252,-0.029699,-0.049778,0.2197,0.63772,0.47946,0.56139
0.018191,-0.029713,-0.049987,0.22176,0.63723,0.47989,0.56077
0.01812,-0.029757,-0.0501,0.22341,0.63658,0.4804,0.56042
0.018094,-0.029711,-0.050138,0.22455,0.6354,0.48141,0.56043
0.018117,-0.02957,-0.050057,0.22508,0.6336,0.48311,0.5608
0.018514,-0.029262,-0.049964,0.22649,0.63084,0.48444,0.5622
0.018535,-0.029056,-0.049773,0.22674,0.62821,0.48728,0.56258
0.018553,-0.028789,-0.049583,0.22755,0.62555,0.49029,0.5626
0.018584,-0.028512,-0.049375,0.22924,0.62304,0.4932,0.56216
0.018646,-0.028256,-0.049162,0.2317,0.62088,0.49575,0.5613
0.01866,-0.028087,-0.049046,0.23443,0.61932,0.49772,0.56015
0.018686,-0.028044,-0.04907,0.23696,0.61858,0.49886,0.55889
0.018698,-0.028108,-0.049264,0.23905,0.6185,0.49915,0.55782
0.018597,-0.028257,-0.049654,0.24076,0.61877,0.4989,0.55701
0.018543,-0.028338,-0.050012,0.24212,0.619,0.49859,0.55644
0.018472,-0.028449,-0.050427,0.24313,0.61899,0.49856,0.55604
0.018461,-0.02844,-0.050688,0.24423,0.61843,0.49901,0.55578
0.018465,-0.028413,-0.050812,0.24562,0.6173,0.50001,0.55552
0.018508,-0.028256,-0.05079,0.24741,0.61577,0.50148,0.5551
0.018502,-0.028097,-0.050726,0.24956,0.61398,0.50321,0.55455
0.018354,-0.027989,-0.050624,0.25136,0.61247,0.50537,0.55344
0.018378,-0.027909,-0.05056,0.25353,0.61105,0.5068,0.55271
0.018366,-0.027871,-0.050564,0.25539,0.61006,0.50779,0.55205
0.018234,-0.027863,-0.050712,0.25688,0.60944,0.50836,0.55151
0.018217,-0.027847,-0.050971,0.25803,0.60915,0.50847,0.55119
0.017861,-0.027966,-0.051291,0.25795,0.60949,0.5092,0.55019
0.017877,-0.027937,-0.051556,0.25887,0.60929,0.50901,0.55014
0.017904,-0.02788,-0.051707,0.25979,0.6087,0.50919,0.55021
0.017902,-0.02779,-0.05173,0.26071,0.60755,0.51006,0.55022
0.017877,-0.027652,-0.05154,0.26177,0.6058,0.51176,0.55008
0.017676,-0.027473,-0.051158,0.2624,0.60369,0.51465,0.5494
0.017709,-0.027178,-0.050646,0.2636,0.60094,0.51746,0.5492
0.017638,-0.026964,-0.050217,0.26457,0.59826,0.52026,0.54901
0.017592,-0.026759,-0.049931,0.26535,0.59606,0.52247,0.54893
0.017493,-0.026581,-0.049758,0.26598,0.59454,0.52399,0.54882
0.017346,-0.026527,-0.049818,0.26644,0.59369,0.52488,0.54867
0.017285,-0.026517,-0.050066,0.26704,0.5933,0.52515,0.54855
0.017206,-0.026493,-0.050329,0.26805,0.5931,0.52518,0.54824
0.017098,-0.026469,-0.05062,0.26939,0.59307,0.52512,0.54767
0.017006,-0.026459,-0.050839,0.2712,0.59281,0.52528,0.54691
0.016803,-0.02644,-0.050829,0.27277,0.59247,0.52629,0.54553
0.016668,-0.026359,-0.050754,0.27473,0.59149,0.52722,0.5447
0.016572,-0.026381,-0.050623,0.27617,0.59022,0.52858,0.54403
0.016408,-0.026371,-0.050493,0.27699,0.58875,0.53015,0.54368
0.016163,-0.026402,-0.05049,0.27725,0.58727,0.53174,0.5436
0.015739,-0.02648,-0.050555,0.2765,0.58647,0.53371,0.54292
0.015565,-0.026488,-0.050761,0.27671,0.5858,0.53433,0.54292
0.01546,-0.026601,-0.051142,0.27708,0.58573,0.53434,0.54279
0.015316,-0.026708,-0.051637,0.27783,0.58619,0.53373,0.54252
0.015234,-0.02686,-0.052107,0.27872,0.58675,0.53305,0.54212
0.014814,-0.027062,-0.052442,0.27859,0.58748,0.53396,0.5405
0.014785,-0.027094,-0.052547,0.27988,0.58686,0.53466,0.53981
0.014753,-0.027095,-0.052479,0.28137,0.58566,0.53591,0.5391
0.014649,-0.027101,-0.052341,0.28287,0.58436,0.53732,0.53833
0.014514,-0.027105,-0.052251,0.28422,0.58334,0.53841,0.53763
0.014237,-0.027186,-0.052319,0.28494,0.58291,0.5393,0.53683
0.014088,-0.027227,-0.052543,0.28591,0.58269,0.53928,0.53657
0.014053,-0.027245,-0.052815,0.28695,0.5826,0.53892,0.53647
0.014059,-0.027217,-0.053098,0.28818,0.5825,0.53845,0.5364
0.014153,-0.027148,-0.05332,0.2897,0.58239,0.53795,0.53619
0.013928,-0.027128,-0.05341,0.29038,0.58258,0.5388,0.53477
0.013987,-0.02701,-0.053388,0.29233,0.58204,0.53909,0.53399
0.013988,-0.026871,-0.053226,0.2944,0.58118,0.53988,0.533
0.013949,-0.02674,-0.052958,0.29661,0.5801,0.54099,0.53182
0.013745,-0.026658,-0.052784,0.29875,0.57907,0.54207,0.53064
0.013382,-0.02659,-0.052675,0.30041,0.57851,0.5431,0.52927
0.01307,-0.026585,-0.052767,0.30215,0.57816,0.54324,0.5285
0.012785,-0.026604,-0.053054,0.30349,0.57832,0.54283,0.528
0.012556,-0.026604,-0.053356,0.30447,0.57865,0.54212,0.5278
0.012262,-0.026625,-0.053719,0.3052,0.57908,0.54136,0.52769
0.01166,-0.026784,-0.053978,0.30453,0.58002,0.54194,0.52644
0.011326,-0.026765,-0.054207,0.30494,0.58012,0.54187,0.52617
0.010969,-0.026711,-0.054217,0.30532,0.57987,0.54238,0.5257
0.010514,-0.026685,-0.054166,0.30566,0.57941,0.54333,0.52503
0.010151,-0.026543,-0.054006,0.30599,0.57887,0.54438,0.52434
0.0091464,-0.026599,-0.053989,0.30468,0.57932,0.54665,0.52224
0.0087001,-0.026593,-0.054151,0.30485,0.57937,0.54694,0.52179
0.0083068,-0.026709,-0.054488,0.30489,0.57992,0.54658,0.52153
0.0078977,-0.026888,-0.055063,0.30479,0.5809,0.54556,0.52155
0.0075729,-0.027075,-0.055625,0.30459,0.58203,0.54432,0.52171
0.0073269,-0.027267,-0.056199,0.30411,0.58331,0.54318,0.52174
0.0071065,-0.027426,-0.056614,0.30384,0.58416,0.5424,0.52176
0.0068866,-0.02756,-0.056932,0.3036,0.58459,0.54218,0.52165
0.0067137,-0.027642,-0.057043,0.30347,0.58441,0.54267,0.52143
0.0065087,-0.027722,-0.05704,0.30343,0.5838,0.54361,0.52115
0.0062486,-0.027802,-0.056999,0.30306,0.58325,0.54487,0.52067
0.0060656,-0.027869,-0.057014,0.30304,0.58273,0.5455,0.52059
0.0059672,-0.027978,-0.057162,0.303,0.58264,0.54558,0.52064
0.0059633,-0.028083,-0.057392,0.30286,0.58302,0.54507,0.52083
0.0059633,-0.028211,-0.057626,0.30274,0.58366,0.54427,0.52102
0.0055879,-0.028395,-0.057877,0.30114,0.58509,0.54461,0.51998
0.0056775,-0.028489,-0.058137,0.30104,0.58571,0.54379,0.5202
0.0057387,-0.02857,-0.058327,0.30097,0.58591,0.54345,0.52038
0.0058018,-0.028601,-0.058349,0.3009,0.58562,0.54377,0.52041
0.0058031,-0.028596,-0.058314,0.30084,0.58506,0.54444,0.52037
0.0055963,-0.02867,-0.058219,0.30021,0.58477,0.54566,0.51978
0.0055324,-0.028675,-0.058177,0.30014,0.58455,0.54599,0.51972
0.0054981,-0.028718,-0.058223,0.29996,0.58465,0.54592,0.51979
0.0054878,-0.02884,-0.058387,0.29959,0.58508,0.54548,0.51998
0.0055265,-0.028914,-0.058521,0.29911,0.58568,0.54485,0.52023
0.0055702,-0.028975,-0.058743,0.29845,0.58642,0.54422,0.52044
0.0056752,-0.029072,-0.058947,0.29778,0.58709,0.54349,0.52084
0.005771,-0.029182,-0.0592,0.29712,0.58767,0.54293,0.52115
0.0058392,-0.029266,-0.059368,0.29673,0.58793,0.54267,0.52134
0.0058943,-0.029304,-0.059373,0.29647,0.58778,0.54299,0.52133
0.0059304,-0.02939,-0.059346,0.29628,0.58739,0.5436,0.52123
0.0059981,-0.029455,-0.059334,0.29611,0.58705,0.54407,0.52124
0.0060433,-0.02956,-0.059394,0.29584,0.58708,0.54411,0.52131
0.0061349,-0.029701,-0.059507,0.29542,0.58733,0.54383,0.52155
0.006264,-0.029835,-0.059666,0.29483,0.58767,0.54347,0.52187
0.0063526,-0.030002,-0.059784,0.29413,0.58813,0.54319,0.52205
0.0064475,-0.030152,-0.059941,0.29347,0.58844,0.54289,0.52238
0.0065943,-0.03025,-0.06,0.29312,0.58856,0.54273,0.52262
0.0067154,-0.030312,-0.060013,0.29291,0.58843,0.54285,0.52276
0.0068557,-0.03036,-0.059937,0.29287,0.58803,0.54323,0.52283
0.0068219,-0.030412,-0.059768,0.29227,0.58768,0.54447,0.52227
0.0069842,-0.030451,-0.059549,0.2925,0.58694,0.54519,0.52222
0.0071822,-0.030472,-0.059344,0.29279,0.58625,0.5458,0.52221
0.0074255,-0.030468,-0.059086,0.29308,0.58581,0.54611,0.5222
0.0075986,-0.030503,-0.058978,0.29329,0.58574,0.54601,0.52226
0.0074652,-0.03057,-0.058866,0.29238,0.58646,0.54657,0.52138
0.0076676,-0.030568,-0.058773,0.29239,0.58669,0.54615,0.52156
0.00783,-0.030522,-0.058628,0.29247,0.58674,0.54589,0.52173
0.0080271,-0.030499,-0.058472,0.29253,0.58671,0.54573,0.5219
0.0081735,-0.030452,-0.058269,0.29254,0.58654,0.54581,0.522
0.0080941,-0.030418,-0.058079,0.29222,0.58656,0.54639,0.52156
0.0081064,-0.030329,-0.057877,0.29228,0.58612,0.54682,0.52157
0.0082402,-0.030239,-0.057621,0.29239,0.58551,0.54743,0.52154
0.0082694,-0.030125,-0.057402,0.29242,0.58518,0.5478,0.5215
0.0083736,-0.029972,-0.057233,0.29234,0.58499,0.54795,0.5216
0.0084168,-0.029877,-0.057112,0.29211,0.58509,0.54787,0.5217
0.0085225,-0.029783,-0.057004,0.29191,0.58521,0.54773,0.52183
0.0085923,-0.029649,-0.056877,0.2918,0.58517,0.54767,0.52199
0.0087362,-0.029538,-0.056654,0.29193,0.58492,0.54772,0.52215
0.0089251,-0.029407,-0.056435,0.2921,0.58455,0.54792,0.52227
0.0089902,-0.029337,-0.05616,0.2922,0.58427,0.54848,0.52194
0.0091322,-0.029222,-0.055849,0.29258,0.58383,0.54892,0.52175
0.0092216,-0.029034,-0.055428,0.29313,0.5831,0.54956,0.52159
0.0092634,-0.028914,-0.055153,0.29356,0.58287,0.54987,0.52127
0.0093508,-0.028794,-0.054863,0.29391,0.5828,0.54999,0.52103
0.0093621,-0.028699,-0.054673,0.29412,0.58293,0.54987,0.52089
0.0094614,-0.028606,-0.05449,0.29417,0.58303,0.54968,0.52095
0.0095488,-0.028503,-0.054377,0.29428,0.58309,0.54945,0.52106
0.0096545,-0.028405,-0.054289,0.29441,0.58281,0.54945,0.52131
0.0097612,-0.028372,-0.054237,0.29458,0.58265,0.54943,0.52142
0.0098478,-0.02834,-0.054158,0.29489,0.58267,0.54935,0.52131
0.0098403,-0.028317,-0.054085,0.29489,0.58267,0.54935,0.52131
0.0098143,-0.028293,-0.053985,0.29548,0.58261,0.54949,0.52088
0.0097658,-0.028281,-0.053879,0.2955,0.58249,0.54975,0.52073
0.0097378,-0.028299,-0.053766,0.29541,0.58243,0.54987,0.52073
0.0097454,-0.028277,-0.053685,0.29541,0.58243,0.54987,0.52073
0.0096487,-0.028262,-0.053661,0.295,0.58231,0.55013,0.52082
0.0095923,-0.028269,-0.053699,0.29451,0.58205,0.55039,0.52111
0.0095088,-0.028268,-0.053836,0.29414,0.58214,0.55029,0.52132
0.0095587,-0.028269,-0.053931,0.29379,0.58225,0.55014,0.52156
0.0095181,-0.02828,-0.054109,0.29346,0.58243,0.54997,0.52172
0.0095295,-0.028269,-0.054224,0.2933,0.5826,0.54979,0.5218
0.0095438,-0.028296,-0.054274,0.29322,0.58266,0.54977,0.5218
0.0095234,-0.028333,-0.054272,0.29319,0.58258,0.54998,0.52168
0.0094776,-0.028343,-0.054238,0.29312,0.58241,0.55027,0.52161
0.0093926,-0.028312,-0.054158,0.29299,0.58202,0.55078,0.52159
0.0092308,-0.028323,-0.054124,0.29272,0.58173,0.55132,0.52148
0.0091409,-0.028291,-0.054111,0.29244,0.58144,0.55164,0.52163
0.0090336,-0.028222,-0.054075,0.29219,0.58124,0.55189,0.52173
0.0089773,-0.028142,-0.05407,0.29191,0.58112,0.55203,0.52188
0.0088599,-0.02809,-0.054134,0.29172,0.58113,0.55206,0.52194
0.0088156,-0.028054,-0.054136,0.29172,0.58118,0.55202,0.52193
0.0087429,-0.028046,-0.054095,0.29175,0.58119,0.55213,0.52178
0.0086134,-0.027953,-0.053963,0.29171,0.58094,0.55253,0.52167
0.0085101,-0.027915,-0.053902,0.29151,0.58051,0.55309,0.52165
0.0083814,-0.027826,-0.05379,0.29116,0.57992,0.55372,0.52183
0.008177,-0.027792,-0.053761,0.29051,0.57991,0.55415,0.52174
0.0081141,-0.027745,-0.053789,0.29005,0.57996,0.55423,0.52187
0.0079865,-0.027712,-0.053851,0.28973,0.58017,0.55411,0.52194
0.0078841,-0.02765,-0.053904,0.28952,0.58045,0.55399,0.52187
0.0078199,-0.027599,-0.05388,0.28945,0.58075,0.55379,0.52179
0.0077501,-0.02752,-0.053855,0.28951,0.58091,0.5537,0.52167
0.007645,-0.027405,-0.053713,0.28962,0.58089,0.55389,0.52143
0.0075536,-0.02732,-0.053562,0.28973,0.58057,0.55429,0.5213
0.0074075,-0.027264,-0.053483,0.28975,0.5805,0.55451,0.52114
0.0072418,-0.027186,-0.053427,0.28964,0.58043,0.55474,0.52102
0.0069113,-0.027187,-0.053391,0.28876,0.58084,0.55538,0.52038
0.0068591,-0.0271,-0.053347,0.28852,0.58089,0.55545,0.52039
0.0067698,-0.027022,-0.053283,0.28813,0.58071,0.55573,0.5205
0.0067488,-0.026894,-0.053181,0.28792,0.58048,0.55604,0.52055
0.0066487,-0.026847,-0.053153,0.28779,0.58023,0.55631,0.5206
0.0065215,-0.026772,-0.053087,0.28752,0.58006,0.55682,0.5204
0.0064222,-0.026701,-0.05307,0.28744,0.57981,0.5571,0.52042
0.0063599,-0.026666,-0.053044,0.28736,0.5797,0.55726,0.52042
0.0063003,-0.026581,-0.052953,0.28732,0.57963,0.55738,0.52038
0.0063017,-0.026537,-0.052881,0.28732,0.57937,0.55764,0.5204
0.0062251,-0.026438,-0.052789,0.28725,0.57915,0.55797,0.52033
0.0061354,-0.026353,-0.052713,0.28722,0.57904,0.55813,0.5203
0.0060641,-0.026254,-0.052721,0.28707,0.57915,0.55808,0.5203
0.0059875,-0.026191,-0.052712,0.28675,0.57923,0.55808,0.5204
0.0058685,-0.026137,-0.052753,0.2863,0.57918,0.55824,0.52053
0.005791,-0.026059,-0.052722,0.286,0.57913,0.55849,0.52047
0.0056963,-0.026015,-0.052702,0.28574,0.5791,0.55867,0.52046
0.0056718,-0.0259,-0.052533,0.28571,0.57902,0.55888,0.52034
0.0055792,-0.025794,-0.052356,0.28579,0.57885,0.55927,0.52008
0.0055328,-0.025689,-0.052147,0.28604,0.5787,0.55961,0.51973
0.0054761,-0.025645,-0.051986,0.28621,0.57859,0.55989,0.51947
0.0054203,-0.025578,-0.051858,0.28632,0.57852,0.56011,0.51924
0.0053417,-0.025516,-0.051787,0.28629,0.57866,0.5601,0.51911
0.0053328,-0.025364,-0.051667,0.28616,0.57872,0.56008,0.51914
0.0054258,-0.025296,-0.051602,0.28595,0.57871,0.56008,0.51927
0.0057156,-0.025067,-0.051509,0.28649,0.57807,0.55963,0.52017
0.0058021,-0.024926,-0.051367,0.28629,0.57784,0.55983,0.52032
0.0058691,-0.024833,-0.051175,0.28644,0.57745,0.56022,0.52024
0.0059607,-0.024728,-0.050922,0.28666,0.57718,0.56057,0.52005
0.0060184,-0.024639,-0.050668,0.28693,0.577,0.56084,0.51981
0.0061085,-0.024527,-0.050413,0.28706,0.57654,0.56125,0.51981
0.0062522,-0.02438,-0.050182,0.28721,0.57618,0.56147,0.51989
0.0063229,-0.024286,-0.049979,0.28725,0.57615,0.56142,0.51994
0.0064342,-0.024179,-0.049804,0.28724,0.57617,0.56133,0.52003
0.0064686,-0.024116,-0.04978,0.28715,0.57611,0.56136,0.5201
0.0065828,-0.024041,-0.049617,0.28713,0.57597,0.56137,0.52027
0.0066596,-0.023922,-0.049373,0.287,0.57585,0.56152,0.52031
0.0066452,-0.023908,-0.049312,0.28689,0.57571,0.56174,0.52029
