0,0,0,0.3482,0.59024,0.54568,0.4823
4.0142e-05,1.9339e-05,4.9813e-05,0.3482,0.59024,0.54568,0.4823
2.6579e-05,3.509e-05,0.00010365,0.34825,0.59024,0.54568,0.48226
-1.2613e-05,6.8578e-05,0.00010435,0.34825,0.59031,0.54569,0.48216
-4.0237e-05,0.00013869,0.00011824,0.34827,0.59033,0.54571,0.48209
-5.4959e-05,0.00023162,0.00015772,0.34832,0.59036,0.54576,0.48197
-1.8335e-05,0.00028732,0.00019113,0.34836,0.59041,0.54572,0.48192
1.2382e-05,0.00029469,0.00020857,0.34836,0.59041,0.54572,0.48192
5.8865e-05,0.00031081,0.00027507,0.34828,0.59031,0.5458,0.48201
0.00015914,0.00030824,0.00035727,0.34818,0.59011,0.54593,0.48218
0.00021458,0.00033382,0.00040192,0.34817,0.58989,0.54602,0.48237
0.00026214,0.00034023,0.00038194,0.34815,0.58978,0.54607,0.48245
0.00038141,0.00034821,0.00039328,0.34826,0.58983,0.54593,0.48247
0.00048787,0.00035512,0.00035453,0.34838,0.58994,0.54577,0.48242
0.00059197,0.00032733,0.0003366,0.34852,0.59001,0.54565,0.48238
0.00070321,0.00033509,0.00029621,0.34856,0.59002,0.54557,0.48243
0.00080722,0.00033877,0.00029998,0.34858,0.59,0.54554,0.48246
0.00090501,0.00034645,0.00030694,0.34854,0.58991,0.54562,0.48251
0.00098708,0.0002753,0.00022932,0.34841,0.58978,0.54573,0.48264
0.0010358,0.00027539,0.0001177,0.34821,0.58969,0.54583,0.48279
0.0010937,0.00022712,3.909e-06,0.34811,0.58966,0.54577,0.48296
0.0010922,0.00015482,-0.00011576,0.3479,0.58968,0.54578,0.48308
0.0010951,0.00010715,-0.00023653,0.34773,0.58982,0.54567,0.48316
0.0010935,8.7287e-05,-0.0003115,0.34767,0.58991,0.54559,0.48318
0.0011316,6.2279e-05,-0.00037107,0.34768,0.59008,0.54541,0.48318
0.001108,7.1614e-05,-0.00041164,0.34762,0.59024,0.54533,0.48311
0.0011467,6.642e-05,-0.00039736,0.34759,0.59035,0.54527,0.48306
0.0011655,8.8056e-05,-0.00034844,0.3476,0.59026,0.54535,0.48308
0.0011686,8.7342e-05,-0.00035085,0.34749,0.59018,0.54545,0.48314
0.001174,9.3155e-05,-0.0003305,0.3475,0.59004,0.54557,0.48316
0.0011432,0.00010215,-0.00032625,0.34755,0.58997,0.54557,0.48322
0.0012253,0.0001601,-0.00029695,0.34767,0.58992,0.5455,0.48326
0.0012468,0.00017095,-0.000269,0.34785,0.58994,0.54543,0.48319
0.0013201,0.00019593,-0.00022114,0.34798,0.59001,0.54531,0.48315
0.0013227,0.00021625,-0.00022209,0.34804,0.59009,0.54521,0.48312
0.0013276,0.00023759,-0.00021561,0.34804,0.59009,0.54521,0.48312
0.0013632,0.00022517,-0.00020347,0.348,0.59004,0.54525,0.48317
0.0013681,0.00027753,-0.00013273,0.34796,0.59003,0.54533,0.48312
0.0013511,0.00026944,-0.00015287,0.34789,0.59006,0.5454,0.48305
0.0013096,0.00032407,-0.00010148,0.34782,0.59006,0.5455,0.48298
0.0013036,0.00039898,-7.4956e-05,0.34778,0.59005,0.54559,0.48293
0.0012768,0.00042087,-6.2389e-05,0.34778,0.59005,0.54559,0.48293
0.0012539,0.00043842,-7.1241e-05,0.34778,0.59005,0.54559,0.48293
0.0012562,0.00045432,-2.7632e-05,0.34774,0.59,0.54563,0.48298
0.0012569,0.00044619,6.4484e-06,0.34775,0.58991,0.54571,0.48299
0.0012736,0.00045536,3.1982e-05,0.34783,0.5898,0.54577,0.483
0.0012514,0.00045617,4.0403e-05,0.34792,0.58981,0.54577,0.48292
0.0012353,0.00049626,3.8737e-05,0.34798,0.58984,0.54571,0.48289
0.0011738,0.00050199,1.1867e-05,0.34803,0.58989,0.54568,0.48285
0.0011757,0.00049373,-2.6897e-05,0.34807,0.58993,0.54564,0.48281
0.0011166,0.00053867,-2.8302e-05,0.34811,0.59002,0.54556,0.48275
0.0010401,0.00054265,-6.7079e-05,0.34822,0.59013,0.54551,0.4826
0.00095881,0.00058531,-0.00010304,0.34826,0.59023,0.54544,0.48254
0.00093337,0.00063147,-0.00010809,0.34826,0.59023,0.54544,0.48254
0.0009181,0.00066197,-9.0911e-05,0.34822,0.59018,0.54547,0.48259
0.00085928,0.00065422,-9.4837e-05,0.34822,0.59013,0.54551,0.4826
0.00080115,0.0006385,-7.1358e-05,0.34819,0.59027,0.5455,0.48246
0.00073916,0.00066179,-0.00010414,0.34823,0.59039,0.54547,0.48232
0.00068017,0.00065871,-4.7721e-05,0.3483,0.59048,0.54551,0.48212
0.00063959,0.0006504,-8.5264e-06,0.3483,0.59051,0.54555,0.48203
0.00059748,0.00068451,-1.8801e-05,0.34831,0.59047,0.54559,0.48204
0.00061608,0.0007007,3.6667e-06,0.34822,0.59042,0.54563,0.48212
0.0005828,0.00071655,-1.5725e-05,0.34821,0.59027,0.54572,0.48221
0.00053059,0.00070063,-3.3204e-05,0.34816,0.59022,0.54576,0.48225
0.00052449,0.00069012,-7.5636e-05,0.34812,0.59025,0.54581,0.4822
0.00043611,0.00068229,-0.0001005,0.34804,0.59038,0.54579,0.48211
0.00038271,0.00063804,-0.00019162,0.34798,0.59059,0.54567,0.48203
0.00032469,0.00065885,-0.00021995,0.34797,0.59076,0.5456,0.48191
0.00028165,0.00062786,-0.00023422,0.34796,0.59083,0.54561,0.48182
0.00023742,0.00063633,-0.00018079,0.34796,0.59095,0.54557,0.48171
0.00016861,0.00063322,-0.00014387,0.34794,0.59095,0.54568,0.4816
9.269e-05,0.00064096,-9.4004e-05,0.34786,0.5908,0.54589,0.48162
-7.2047e-06,0.00066274,-7.0773e-05,0.34774,0.59068,0.54605,0.48167
-9.833e-05,0.0006608,-6.0647e-05,0.34772,0.59061,0.54615,0.48165
-0.00021494,0.00066638,-4.4587e-05,0.34768,0.59064,0.54619,0.4816
-0.0002857,0.00069267,-7.3756e-05,0.34772,0.59068,0.54616,0.48156
-0.00028176,0.00069828,-2.8111e-05,0.34772,0.59073,0.54611,0.48155
-0.00028792,0.00074809,6.7723e-06,0.34778,0.59072,0.5461,0.48153
-0.00026059,0.0007655,5.378e-05,0.34779,0.59068,0.54614,0.48154
-0.00024583,0.00077758,0.00010269,0.34787,0.59057,0.5462,0.48154
-0.00019089,0.00080076,0.00021155,0.34793,0.59044,0.54632,0.48152
-0.00017228,0.00082943,0.0002926,0.34803,0.5903,0.54645,0.48147
-0.00015071,0.00084778,0.00038029,0.34816,0.5902,0.54651,0.48143
-0.00010519,0.00086436,0.00045345,0.34821,0.59011,0.5466,0.48141
-8.9073e-05,0.00088195,0.00055819,0.34827,0.59002,0.54668,0.48138
-7.5947e-05,0.00089048,0.00061028,0.34822,0.58997,0.54672,0.48143
-5.3306e-05,0.00091598,0.00063676,0.34827,0.59002,0.54668,0.48138
-1.4862e-05,0.00093332,0.00067987,0.34826,0.59006,0.54664,0.48138
-2.4703e-05,0.00095773,0.00072179,0.34826,0.59006,0.54664,0.48138
1.3645e-05,0.00095094,0.00075725,0.34828,0.58993,0.54676,0.4814
7.2458e-05,0.00098777,0.00084492,0.34836,0.58973,0.5469,0.48141
0.00015486,0.00098234,0.00088025,0.34835,0.58965,0.54701,0.4814
0.00018851,0.00098668,0.00091961,0.3484,0.58956,0.54709,0.48138
0.00022115,0.00097509,0.00093419,0.34847,0.5896,0.54703,0.48136
0.00025237,0.00096366,0.00096699,0.34847,0.5896,0.54703,0.48136
0.00030685,0.00098483,0.00099538,0.34836,0.58952,0.54713,0.48142
0.00039015,0.00096777,0.001056,0.34837,0.58935,0.5472,0.48153
0.00042076,0.00097282,0.0011006,0.34831,0.58924,0.54725,0.48165
0.000539,0.00096387,0.001065,0.34826,0.58921,0.5472,0.48178
0.00060512,0.00095229,0.001065,0.34821,0.58921,0.5472,0.48182
0.00069355,0.00095058,0.0010556,0.34812,0.58917,0.54723,0.4819
0.0007597,0.00093222,0.0010754,0.34813,0.58908,0.54731,0.48192
0.00081261,0.0009662,0.001163,0.34813,0.58899,0.5474,0.48193
0.00085747,0.00096598,0.0012069,0.34816,0.58895,0.54746,0.48187
0.00097598,0.00097981,0.0012545,0.34817,0.58891,0.5475,0.48188
0.00101,0.000998,0.0012702,0.34816,0.58895,0.54746,0.48187
0.0010159,0.0009819,0.0012744,0.34812,0.58898,0.5475,0.48182
0.0010593,0.0010327,0.0013044,0.34808,0.58892,0.54763,0.48179
0.0010981,0.0010221,0.0013085,0.34799,0.58883,0.5477,0.48188
0.001194,0.0010775,0.0012893,0.34791,0.58873,0.54778,0.48197
0.0012387,0.0010327,0.0012682,0.34785,0.58861,0.54792,0.482
0.0013784,0.001019,0.0012522,0.34781,0.58852,0.548,0.48205
0.0014327,0.0010196,0.0012112,0.34777,0.58847,0.54803,0.4821
0.0015175,0.001053,0.0012261,0.34777,0.58843,0.54807,0.4821
0.0016124,0.0010416,0.0012242,0.34773,0.58838,0.54811,0.48215
0.0016966,0.0010512,0.0012347,0.34773,0.58834,0.54815,0.48216
0.0017356,0.0011221,0.0012919,0.34776,0.58823,0.54821,0.4822
0.0018461,0.0011332,0.0013166,0.3477,0.58809,0.54821,0.48241
0.0019675,0.0011821,0.0013656,0.34765,0.58802,0.5482,0.48254
0.0021482,0.0011964,0.0013547,0.34765,0.58799,0.54816,0.48263
0.002286,0.0012893,0.0014026,0.34768,0.58792,0.54817,0.48267
0.0023905,0.0013194,0.0014298,0.34772,0.5879,0.54813,0.48272
0.0025927,0.0013542,0.001464,0.34773,0.58782,0.54812,0.48281
0.0027784,0.0014109,0.0015323,0.34762,0.58767,0.54821,0.48298
0.0029251,0.0014314,0.0015832,0.34752,0.58742,0.54838,0.48316
0.0030449,0.0014638,0.0016835,0.34739,0.58729,0.54849,0.48329
0.0031308,0.0014712,0.0017077,0.34735,0.58719,0.54857,0.48334
0.0032206,0.0015045,0.0017811,0.34731,0.58715,0.54861,0.48339
0.0033306,0.0015507,0.0018248,0.34733,0.58709,0.54863,0.48342
0.0035265,0.0016146,0.0018798,0.34733,0.58706,0.54858,0.48351
0.0037167,0.001671,0.0020052,0.34739,0.58689,0.54866,0.48358
0.0039081,0.0017365,0.0020519,0.34736,0.58663,0.54881,0.48375
0.0041751,0.0018345,0.0021563,0.34743,0.58631,0.54896,0.48393
0.0043785,0.001914,0.0022242,0.34748,0.58611,0.54899,0.4841
0.0046051,0.0019655,0.0022903,0.34765,0.58594,0.54896,0.4842
0.0048682,0.0020949,0.0023493,0.3478,0.5858,0.54895,0.48428
0.0051559,0.0021771,0.0024098,0.34787,0.58564,0.54892,0.48446
0.0054598,0.0022841,0.0024728,0.34799,0.58544,0.54884,0.4847
0.0057473,0.002405,0.0024837,0.34802,0.58528,0.5488,0.48492
0.0060552,0.0024466,0.0024669,0.34805,0.58511,0.54877,0.48514
0.0064047,0.0025469,0.0024536,0.34812,0.58492,0.54869,0.48541
0.0067457,0.0025995,0.0024451,0.34815,0.58471,0.54869,0.48564
0.0070054,0.002704,0.0024856,0.34827,0.58452,0.54861,0.48587
0.0073854,0.0027655,0.0024985,0.34839,0.58433,0.54853,0.4861
0.0077163,0.0028622,0.0025983,0.34851,0.58416,0.5485,0.48625
0.0080797,0.0029366,0.0026205,0.34868,0.58393,0.54847,0.48645
0.0084739,0.0030547,0.0027229,0.34885,0.58378,0.54835,0.48664
0.0088495,0.0031677,0.0028296,0.34901,0.58371,0.54824,0.48673
0.0091427,0.0032805,0.0029307,0.34922,0.58359,0.54818,0.48679
0.0095156,0.0033661,0.002994,0.34945,0.58347,0.54809,0.48687
0.0098935,0.0035034,0.0031175,0.34962,0.5833,0.54806,0.48698
0.010263,0.0035801,0.0031894,0.34981,0.58316,0.54806,0.48702
0.010635,0.0036831,0.0032696,0.3499,0.58289,0.54819,0.48713
0.011048,0.003785,0.0034113,0.34995,0.58257,0.54836,0.48728
0.011457,0.0038551,0.0033917,0.34987,0.58226,0.54855,0.4875
0.011893,0.0040144,0.0034141,0.34984,0.582,0.5487,0.48766
0.012309,0.0041181,0.0034171,0.34983,0.58182,0.54875,0.48783
0.012864,0.0042332,0.0033853,0.34981,0.58168,0.54875,0.488
0.013409,0.0043444,0.0034111,0.34968,0.5815,0.54891,0.48814
0.013981,0.0044675,0.0034074,0.34949,0.58096,0.54928,0.4885
0.014658,0.0045824,0.0034113,0.34928,0.58043,0.54944,0.48911
0.015377,0.0046694,0.0033172,0.34907,0.58002,0.54936,0.48982
0.016151,0.0047814,0.0032543,0.34886,0.57972,0.54921,0.4905
0.016908,0.0048915,0.0032544,0.34876,0.57952,0.549,0.49104
0.017674,0.0050396,0.0033095,0.34883,0.57918,0.5489,0.4915
0.018559,0.0051999,0.0034303,0.34915,0.57871,0.54885,0.49188
0.019362,0.0053709,0.0036445,0.3495,0.57822,0.54887,0.4922
0.020207,0.0055185,0.003795,0.34988,0.57775,0.5488,0.49256
0.021026,0.0056948,0.0039479,0.3503,0.57742,0.54852,0.49295
0.021831,0.0058112,0.0040347,0.35076,0.57722,0.54822,0.49319
0.022653,0.0059463,0.0041161,0.35119,0.57706,0.54785,0.49349
0.023422,0.0060383,0.0041977,0.35158,0.57684,0.54751,0.49384
0.024248,0.0061892,0.0043014,0.35199,0.57657,0.5472,0.49422
0.025118,0.0063329,0.0044053,0.35222,0.57618,0.54704,0.49468
0.025977,0.0065292,0.0045096,0.35245,0.57563,0.54697,0.49523
0.026818,0.0067028,0.0045378,0.35269,0.5752,0.54685,0.4957
0.027608,0.0069015,0.0045881,0.35287,0.57488,0.54669,0.4961
0.028474,0.0070341,0.0046435,0.35312,0.57465,0.54643,0.49648
0.029242,0.0071648,0.0047049,0.35335,0.57447,0.54616,0.49683
0.030011,0.0072822,0.0047352,0.35355,0.57426,0.54595,0.49715
0.030848,0.0073829,0.0048501,0.35365,0.57393,0.54587,0.49755
0.031624,0.0074929,0.0049849,0.35371,0.57349,0.54596,0.49791
0.032411,0.0075945,0.0051431,0.35387,0.57305,0.54606,0.4982
0.033022,0.0076454,0.0051277,0.3542,0.57269,0.54595,0.4985
0.033778,0.0077072,0.0052381,0.35455,0.57249,0.54575,0.49871
0.034886,0.0078558,0.0054424,0.35494,0.57226,0.5455,0.49897
0.035731,0.007975,0.0055365,0.35523,0.57193,0.54544,0.49921
0.03662,0.0081465,0.005691,0.3554,0.57152,0.54547,0.49952
0.037144,0.0081771,0.0056101,0.35544,0.57101,0.54557,0.49996
0.038079,0.0083275,0.0057409,0.35532,0.57053,0.5456,0.50057
0.039314,0.0086476,0.0060395,0.35506,0.57009,0.54555,0.5013
0.040181,0.0088132,0.0060757,0.35478,0.5697,0.54549,0.50201
0.041025,0.0089954,0.0061163,0.35451,0.56941,0.54548,0.50254
0.041614,0.0090103,0.0059762,0.35445,0.56903,0.54555,0.50295
0.042495,0.0091529,0.006075,0.35445,0.56858,0.54574,0.50324
0.043411,0.0092664,0.0061587,0.3546,0.56819,0.54579,0.50352
0.044363,0.0093487,0.0062917,0.35473,0.56776,0.54591,0.50378
0.045348,0.0094658,0.0064352,0.35491,0.56735,0.54594,0.50408
0.046316,0.0095813,0.0065999,0.35519,0.56699,0.54583,0.50441
0.04733,0.009762,0.0067317,0.35543,0.5666,0.54566,0.50487
0.048343,0.009895,0.0067986,0.35566,0.56639,0.54523,0.50541
0.049233,0.010005,0.0069542,0.35566,0.56639,0.54523,0.50541
0.05033,0.010107,0.0070319,0.3558,0.56614,0.54473,0.50612
0.05141,0.010186,0.0071131,0.3559,0.56567,0.54444,0.50689
0.052566,0.010211,0.0072305,0.35616,0.56508,0.54418,0.50765
0.053693,0.010252,0.0073494,0.3566,0.56449,0.54393,0.50826
0.054805,0.010287,0.0075376,0.35725,0.56392,0.54373,0.50865
0.055828,0.010369,0.0077581,0.35796,0.56338,0.54357,0.50891
0.056808,0.010451,0.0080274,0.35879,0.56294,0.54346,0.50894
0.057768,0.010492,0.0082795,0.35963,0.56258,0.54325,0.50898
0.05883,0.010575,0.0085373,0.36037,0.56222,0.54294,0.50918
0.059872,0.010608,0.0087139,0.36089,0.56185,0.54259,0.50959
0.060948,0.010671,0.0088869,0.36123,0.56143,0.54226,0.51016
0.061939,0.01071,0.0089809,0.3615,0.56094,0.54195,0.51084
0.063013,0.010753,0.009137,0.36177,0.5604,0.54167,0.51153
0.063421,0.01079,0.0092835,0.36204,0.5599,0.54145,0.51213
0.064434,0.01087,0.0094289,0.36241,0.5594,0.54123,0.51265
0.065972,0.010892,0.0095102,0.36269,0.55891,0.54114,0.51307
0.066922,0.010945,0.0096232,0.36305,0.55841,0.54103,0.51348
0.067861,0.010984,0.0097504,0.36337,0.55796,0.5409,0.51387
0.068219,0.011005,0.0098772,0.3636,0.55749,0.54072,0.51441
0.069774,0.011032,0.0098244,0.36368,0.55714,0.54041,0.51506
0.070751,0.01106,0.0097742,0.36363,0.55683,0.54003,0.51583
0.071804,0.011082,0.0097375,0.36366,0.55646,0.53967,0.5166
0.07284,0.011117,0.0096707,0.36368,0.55611,0.53935,0.51728
0.073209,0.011149,0.0097792,0.36392,0.5558,0.53899,0.51782
0.074254,0.011182,0.0098157,0.36424,0.5554,0.53882,0.51819
0.076033,0.011148,0.0098045,0.36464,0.55493,0.53876,0.51848
0.07707,0.011185,0.0099305,0.36512,0.55445,0.53868,0.51875
0.078044,0.011187,0.0099928,0.36551,0.55404,0.5385,0.51911
0.078459,0.011203,0.010145,0.36578,0.55353,0.53827,0.5197
0.079517,0.011148,0.010175,0.36588,0.55303,0.53805,0.52038
0.081138,0.011048,0.010081,0.36586,0.5526,0.53772,0.52119
0.082167,0.010974,0.010051,0.36579,0.55218,0.53738,0.52203
0.083138,0.01094,0.010031,0.36572,0.55187,0.53702,0.52278
0.083598,0.010921,0.010173,0.36559,0.55148,0.53684,0.52347
0.084468,0.010844,0.010201,0.36547,0.55097,0.53683,0.52409
0.085762,0.010756,0.010074,0.36538,0.55061,0.53682,0.52455
0.086579,0.010691,0.01017,0.36527,0.55032,0.53694,0.5248
0.087301,0.010624,0.010243,0.36519,0.55006,0.53708,0.52499
0.087643,0.010582,0.010443,0.36518,0.54978,0.5372,0.52518
0.088397,0.010498,0.010494,0.36513,0.5495,0.5372,0.5255
0.089659,0.010361,0.010488,0.36499,0.54918,0.53714,0.52599
0.090534,0.010245,0.010464,0.36474,0.54883,0.53703,0.52664
0.091387,0.0102,0.010429,0.3646,0.54835,0.53696,0.52731
0.091739,0.010229,0.010562,0.36453,0.54789,0.53691,0.52788
0.092601,0.01023,0.010504,0.36443,0.54746,0.5368,0.52852
0.093982,0.010152,0.010202,0.3643,0.54713,0.53672,0.52903
0.094772,0.01014,0.010075,0.36416,0.54681,0.53666,0.52951
0.095543,0.010115,0.0099719,0.36407,0.54647,0.5367,0.52988
0.095814,0.010124,0.010075,0.36401,0.54616,0.53665,0.53029
0.096626,0.010083,0.0099745,0.36397,0.54598,0.53637,0.53079
0.098076,0.0099169,0.0096357,0.3638,0.54582,0.53602,0.53142
0.098972,0.0098368,0.0094393,0.36359,0.54549,0.53582,0.53211
0.099921,0.0097744,0.009285,0.36338,0.54505,0.53581,0.53271
0.10015,0.0098467,0.0093898,0.36349,0.54482,0.53567,0.53302
0.10108,0.0098336,0.0092329,0.36378,0.54457,0.5354,0.53334
0.10287,0.009725,0.0088004,0.36415,0.54439,0.53502,0.53367
0.10394,0.0097035,0.0086076,0.36461,0.54425,0.5346,0.53391
0.10496,0.0096815,0.0084482,0.36508,0.54398,0.53429,0.53417
0.10517,0.0097689,0.0084992,0.36554,0.54385,0.53378,0.53449
0.10622,0.009717,0.0082648,0.36577,0.5438,0.53315,0.53502
0.10808,0.00953,0.0077655,0.36584,0.54376,0.53253,0.53563
0.10908,0.0094413,0.0074889,0.36565,0.54379,0.53202,0.53623
0.10922,0.0094517,0.0074023,0.36542,0.54407,0.53145,0.53668
0.11008,0.0093782,0.0071122,0.36523,0.54451,0.5309,0.5369
0.11098,0.0092748,0.0068594,0.36512,0.54508,0.53045,0.53684
0.11256,0.0091301,0.0065214,0.36519,0.54545,0.53014,0.53672
0.11339,0.009117,0.0064928,0.36538,0.54552,0.52991,0.53675
0.11355,0.0092359,0.0066175,0.36569,0.54515,0.5299,0.53692
0.1145,0.0092403,0.0067153,0.3659,0.54462,0.52986,0.53736
0.11537,0.009232,0.0067575,0.36603,0.54403,0.52974,0.53798
0.11624,0.0092731,0.0068551,0.36614,0.54356,0.52956,0.53856
0.11704,0.0092716,0.0069039,0.36622,0.54302,0.5294,0.53921
0.11789,0.0093142,0.0069847,0.36627,0.54246,0.52921,0.53993
0.11869,0.009364,0.0071226,0.36633,0.54193,0.52915,0.54047
0.11949,0.0093774,0.0072165,0.36651,0.54152,0.52897,0.54095
0.12025,0.0094054,0.0073681,0.36678,0.54119,0.5288,0.54126
0.12094,0.0094018,0.0075343,0.36708,0.54079,0.52874,0.54152
0.12163,0.0094483,0.0078375,0.36749,0.54028,0.52885,0.54163
0.12227,0.0094863,0.0081405,0.36773,0.53957,0.5292,0.54184
0.12282,0.0095706,0.008391,0.36781,0.53887,0.52956,0.54213
0.12341,0.0096505,0.0086704,0.36775,0.53824,0.5298,0.54256
0.12398,0.0096898,0.0088899,0.36759,0.53779,0.52988,0.54303
0.12453,0.0096966,0.0091013,0.36752,0.53739,0.52993,0.54342
0.12504,0.0097115,0.0092799,0.36747,0.53718,0.52994,0.54365
0.12556,0.0097659,0.0095406,0.36757,0.53698,0.52997,0.54376
0.12604,0.0098538,0.0098695,0.36771,0.53664,0.53022,0.54375
0.1265,0.0098961,0.010177,0.36796,0.53608,0.53068,0.54369
0.12689,0.0099827,0.010508,0.36809,0.53552,0.53116,0.54368
0.12729,0.010031,0.010785,0.36826,0.53512,0.53143,0.5437
0.12771,0.010105,0.011007,0.36836,0.53486,0.53158,0.54374
0.12808,0.010143,0.01123,0.36841,0.53469,0.53165,0.54381
0.12848,0.010181,0.011395,0.36845,0.53458,0.53159,0.54395
0.12888,0.01022,0.011566,0.36845,0.53446,0.53153,0.54412
0.12928,0.01025,0.011747,0.3683,0.5343,0.53149,0.54442
0.12968,0.010279,0.011918,0.36815,0.53412,0.53166,0.54453
0.13004,0.010287,0.012012,0.36797,0.53398,0.53176,0.5447
0.1304,0.010302,0.012163,0.36789,0.53377,0.532,0.54472
0.13074,0.010326,0.01236,0.36799,0.53359,0.53228,0.54456
0.13109,0.010368,0.01258,0.36806,0.53333,0.53266,0.54439
0.13147,0.01046,0.0127,0.36806,0.53325,0.53265,0.54448
0.13189,0.010492,0.012719,0.36796,0.53332,0.5323,0.54482
0.13232,0.010555,0.012721,0.36771,0.53335,0.5319,0.54535
0.1328,0.010556,0.012761,0.36745,0.5333,0.5316,0.54587
0.13326,0.010556,0.012845,0.36722,0.53321,0.53145,0.54626
0.13371,0.010541,0.013034,0.36722,0.53308,0.53148,0.54635
0.13409,0.010525,0.013251,0.36734,0.53297,0.53174,0.54613
0.13446,0.010532,0.013518,0.36765,0.53302,0.53205,0.54557
0.13473,0.010575,0.013799,0.36803,0.53323,0.53227,0.54489
0.13505,0.010612,0.014002,0.36845,0.53354,0.53221,0.54436
0.13537,0.010658,0.014205,0.36872,0.53371,0.53203,0.54419
0.13577,0.010691,0.014389,0.36885,0.53369,0.5319,0.54425
0.13616,0.010747,0.014578,0.36887,0.53356,0.53181,0.54445
0.13654,0.010809,0.014778,0.36897,0.5335,0.5316,0.54465
0.13685,0.010843,0.014878,0.36913,0.53343,0.53128,0.54492
0.13722,0.010884,0.015023,0.3692,0.53335,0.53104,0.54518
0.13753,0.01094,0.015136,0.36922,0.53314,0.53094,0.54547
0.13778,0.010996,0.015258,0.3692,0.53287,0.53097,0.54573
0.13798,0.01101,0.015316,0.3692,0.53274,0.53099,0.54583
0.13822,0.01104,0.015398,0.36933,0.53273,0.53086,0.54588
0.13836,0.011098,0.015464,0.36954,0.53282,0.53057,0.54593
0.13848,0.011109,0.015483,0.3697,0.53296,0.53024,0.54601
0.13854,0.011176,0.015492,0.36978,0.53296,0.53001,0.54618
0.13861,0.011248,0.015557,0.36981,0.53291,0.52982,0.54639
0.13865,0.011269,0.015538,0.36981,0.53293,0.52953,0.54666
0.13867,0.011275,0.015556,0.36979,0.53295,0.52934,0.54682
0.13871,0.011312,0.015606,0.36987,0.53294,0.52921,0.54691
0.13871,0.011316,0.015686,0.36997,0.53281,0.52924,0.54693
0.13865,0.011383,0.015677,0.37016,0.53278,0.5293,0.54678
0.13863,0.011394,0.01568,0.37044,0.53285,0.52919,0.54663
0.13861,0.011379,0.01566,0.37067,0.53291,0.52908,0.54652
0.13857,0.011341,0.015547,0.37074,0.53299,0.52887,0.5466
0.13861,0.011329,0.015464,0.37059,0.533,0.52877,0.54679
0.1385,0.011297,0.015303,0.37039,0.533,0.52866,0.54702
0.13841,0.011299,0.015108,0.37015,0.53301,0.52855,0.54729
0.13836,0.011236,0.014931,0.3699,0.53306,0.5284,0.54755
0.13828,0.011264,0.014647,0.36963,0.53316,0.52833,0.54771
0.13818,0.011251,0.014389,0.36947,0.53334,0.52816,0.5478
0.13807,0.011254,0.014079,0.36932,0.53365,0.52797,0.54779
0.13799,0.011248,0.01383,0.36913,0.53393,0.52795,0.54766
0.13787,0.011255,0.013636,0.36897,0.5341,0.52799,0.54757
0.1378,0.011263,0.01355,0.36879,0.53403,0.5281,0.54764
0.1378,0.011253,0.013457,0.36853,0.53394,0.52818,0.54782
0.13772,0.011262,0.013451,0.36839,0.53394,0.52817,0.54793
0.13765,0.011241,0.013424,0.36834,0.53398,0.52813,0.54797
0.13754,0.011236,0.013418,0.36843,0.53403,0.5281,0.54789
0.13745,0.01126,0.013436,0.36868,0.53417,0.52798,0.5477
0.13738,0.011327,0.013543,0.36897,0.53426,0.52801,0.54739
0.1373,0.011349,0.013617,0.36917,0.53425,0.52812,0.54716
0.13725,0.011419,0.013769,0.36933,0.53428,0.52827,0.54688
0.13718,0.011487,0.013839,0.36934,0.53422,0.5284,0.5468
0.13705,0.01155,0.013866,0.36925,0.5342,0.52849,0.5468
0.13694,0.011623,0.013901,0.36912,0.53414,0.5286,0.54684
0.13682,0.011731,0.013904,0.36893,0.53412,0.52868,0.54691
0.13671,0.011833,0.013969,0.36884,0.53415,0.52872,0.5469
0.13655,0.011919,0.01401,0.36871,0.53421,0.52882,0.54684
0.13643,0.012039,0.014086,0.36867,0.53423,0.52895,0.54671
0.13634,0.012125,0.014214,0.36866,0.53426,0.52912,0.54652
0.13624,0.012154,0.014332,0.36867,0.53433,0.52922,0.54635
0.13615,0.012239,0.01441,0.36869,0.5343,0.5294,0.54619
0.13603,0.012326,0.014494,0.3687,0.53424,0.52953,0.54611
0.13588,0.012381,0.014611,0.36871,0.53426,0.52968,0.54594
0.13572,0.012425,0.014671,0.36877,0.5343,0.52973,0.54582
0.13562,0.01248,0.014806,0.36891,0.5343,0.52974,0.54571
0.13544,0.012571,0.01492,0.36892,0.53424,0.52987,0.54563
0.13533,0.012643,0.015065,0.36902,0.5342,0.52992,0.54556
0.13517,0.0127,0.015168,0.36912,0.53416,0.52997,0.54549
0.13499,0.012792,0.015255,0.36926,0.53421,0.52994,0.54537
0.13477,0.012902,0.015337,0.36942,0.53425,0.52989,0.54528
0.13456,0.012965,0.015496,0.36959,0.5343,0.52998,0.54502
0.13427,0.013084,0.015587,0.36966,0.53423,0.5302,0.54483
0.13401,0.013182,0.015717,0.36974,0.53419,0.53036,0.54465
0.13367,0.013307,0.015815,0.36982,0.53424,0.53045,0.54447
0.13334,0.013417,0.015902,0.3698,0.53434,0.53048,0.54435
0.13305,0.013513,0.015939,0.3698,0.53434,0.53048,0.54435
0.13275,0.013662,0.016022,0.36978,0.53419,0.53048,0.54451
0.13245,0.013764,0.016092,0.36978,0.53404,0.53046,0.54469
0.13216,0.013855,0.01616,0.36977,0.53396,0.53044,0.54478
0.13183,0.013981,0.016266,0.3699,0.53393,0.53052,0.54465
0.13147,0.01404,0.016348,0.37003,0.53397,0.53069,0.54435
0.13109,0.014095,0.016481,0.37026,0.53402,0.53088,0.54397
0.1307,0.014159,0.0166,0.37047,0.53404,0.53104,0.54365
0.13036,0.014254,0.016692,0.37052,0.53403,0.53113,0.54353
0.12997,0.014345,0.016728,0.37039,0.53387,0.53133,0.54358
0.1296,0.014454,0.016792,0.37024,0.5337,0.53149,0.54369
0.12925,0.014564,0.016809,0.3702,0.53348,0.5316,0.54384
0.12886,0.014646,0.016819,0.37016,0.53343,0.53163,0.54388
0.12853,0.014659,0.016742,0.37016,0.53351,0.53164,0.54379
0.12812,0.014678,0.016709,0.37027,0.53367,0.53156,0.54363
0.12775,0.014677,0.01665,0.37041,0.53377,0.53149,0.54351
0.12729,0.014722,0.016627,0.37055,0.53377,0.53151,0.5434
0.12687,0.014719,0.016616,0.37065,0.53373,0.53155,0.54333
0.12642,0.014731,0.016569,0.37063,0.53374,0.53158,0.5433
0.12592,0.014725,0.016542,0.37062,0.53392,0.53151,0.5432
0.12539,0.014771,0.016519,0.37064,0.53415,0.53143,0.54303
0.12481,0.014812,0.016492,0.37066,0.53447,0.53137,0.54277
0.12426,0.014886,0.016474,0.37062,0.53466,0.53144,0.54254
0.12368,0.015017,0.016523,0.37066,0.53483,0.53158,0.54221
0.12302,0.01513,0.016511,0.37068,0.53508,0.53176,0.54177
0.12234,0.015242,0.016512,0.37074,0.53539,0.53191,0.54128
0.12155,0.015331,0.016453,0.37079,0.53584,0.53193,0.54078
0.12083,0.015374,0.016409,0.37077,0.5363,0.53198,0.54029
0.12006,0.01547,0.016384,0.37071,0.53671,0.53206,0.53984
0.11928,0.015525,0.016396,0.37061,0.53706,0.53226,0.53936
0.11846,0.015566,0.016381,0.37055,0.53743,0.53238,0.53892
0.11758,0.015655,0.016378,0.3704,0.5379,0.53256,0.53837
0.11668,0.015719,0.016394,0.37026,0.53824,0.53285,0.53784
0.11575,0.015785,0.016464,0.37009,0.53864,0.53313,0.53728
0.11483,0.015886,0.01655,0.36989,0.53894,0.53348,0.53678
0.11383,0.015985,0.016606,0.36971,0.53925,0.53386,0.53621
0.11289,0.016114,0.016736,0.36952,0.53949,0.53422,0.53573
0.11188,0.016249,0.016771,0.36933,0.53975,0.5345,0.53533
0.11087,0.016382,0.016779,0.3691,0.53995,0.53481,0.53497
0.10992,0.016491,0.016832,0.36886,0.54016,0.53512,0.53462
0.109,0.016553,0.016855,0.36856,0.54025,0.53548,0.53437
0.10805,0.016601,0.016892,0.36835,0.54035,0.53575,0.53414
0.10709,0.016664,0.016915,0.36813,0.54059,0.536,0.5338
0.10616,0.016761,0.017002,0.36798,0.54084,0.53639,0.53326
0.10513,0.016858,0.017096,0.36787,0.54114,0.53684,0.53259
0.10415,0.016904,0.017155,0.36783,0.54158,0.5372,0.5318
0.10312,0.016945,0.017123,0.36775,0.54207,0.5374,0.53115
0.10211,0.017014,0.017104,0.36753,0.54255,0.53759,0.53062
0.10112,0.017063,0.017088,0.36709,0.54283,0.53801,0.53021
0.10027,0.01711,0.017204,0.36665,0.54305,0.53856,0.52973
0.09925,0.017162,0.017167,0.36622,0.54339,0.53908,0.52915
0.098013,0.01722,0.017018,0.36594,0.54386,0.53947,0.52847
0.096903,0.017269,0.016957,0.3657,0.54447,0.53974,0.52773
0.095814,0.017328,0.016864,0.36539,0.54506,0.53999,0.52708
0.094972,0.017355,0.016922,0.36493,0.54538,0.54048,0.52657
0.093874,0.017351,0.016871,0.36443,0.54565,0.541,0.52609
0.092977,0.017407,0.016817,0.36443,0.54565,0.541,0.52609
0.091861,0.017403,0.016717,0.36389,0.54608,0.54143,0.52557
0.090438,0.017319,0.016626,0.36302,0.54727,0.54215,0.5242
0.089249,0.017292,0.016541,0.36253,0.54786,0.54261,0.52345
0.088065,0.017231,0.016522,0.36205,0.5483,0.54318,0.52273
0.087155,0.017261,0.016509,0.36205,0.5483,0.54318,0.52273
0.085995,0.017278,0.016536,0.36143,0.54868,0.54387,0.52204
0.084623,0.017259,0.016612,0.36025,0.54939,0.54529,0.52062
0.083447,0.017281,0.016632,0.35979,0.5499,0.54584,0.51982
0.082288,0.017302,0.0167,0.35942,0.55042,0.54632,0.51903
0.081325,0.017347,0.016675,0.35942,0.55042,0.54632,0.51903
0.0802,0.017355,0.016679,0.359,0.55096,0.5467,0.51835
0.079017,0.017354,0.016711,0.35846,0.55141,0.54717,0.51774
0.077847,0.01735,0.016712,0.35782,0.55183,0.54759,0.51729
0.076685,0.017321,0.016688,0.35705,0.5522,0.54804,0.51696
0.075516,0.01728,0.016724,0.35632,0.55255,0.54858,0.51651
0.074293,0.017234,0.016753,0.35565,0.55294,0.54917,0.51593
0.07309,0.017182,0.016833,0.35496,0.55336,0.54992,0.51516
0.071905,0.017163,0.016958,0.35445,0.55375,0.55074,0.51421
0.070746,0.017207,0.017097,0.35396,0.55407,0.55158,0.5133
0.069615,0.017263,0.017288,0.35364,0.55444,0.55226,0.51239
0.068472,0.017311,0.01735,0.35325,0.55492,0.55279,0.51157
0.067373,0.017331,0.017421,0.35286,0.55545,0.55317,0.51085
0.066331,0.017293,0.017453,0.35241,0.55592,0.55355,0.51024
0.065333,0.017271,0.017515,0.35186,0.55623,0.55391,0.50989
0.064334,0.017257,0.017546,0.35121,0.55625,0.55439,0.5098
0.063399,0.017226,0.017526,0.3505,0.55637,0.55478,0.50973
0.062453,0.017193,0.017463,0.34999,0.55665,0.55509,0.50943
0.061495,0.017176,0.017463,0.34972,0.55701,0.55543,0.50885
0.060577,0.01707,0.017448,0.3495,0.55745,0.55578,0.50813
0.059627,0.017018,0.017387,0.34924,0.55797,0.55614,0.50736
0.058755,0.016983,0.017413,0.34893,0.55831,0.55657,0.50673
0.057856,0.016946,0.017406,0.34862,0.55858,0.55698,0.50619
0.056936,0.016892,0.017377,0.34822,0.55875,0.55746,0.50574
0.056125,0.016833,0.017386,0.34782,0.55897,0.55791,0.50529
0.055224,0.016789,0.017334,0.34736,0.55915,0.5583,0.50496
0.054405,0.016726,0.017295,0.34693,0.55937,0.55863,0.50465
0.053535,0.016727,0.01726,0.34653,0.55955,0.55903,0.50429
0.052722,0.016672,0.017146,0.34611,0.55983,0.55935,0.50391
0.051841,0.016628,0.017089,0.34573,0.56017,0.55965,0.50346
0.050955,0.016527,0.016956,0.34528,0.56056,0.55991,0.50305
0.050067,0.016439,0.016864,0.3448,0.56089,0.56021,0.50268
0.049169,0.016342,0.016778,0.34432,0.56118,0.56054,0.50231
0.04824,0.016273,0.016741,0.34375,0.56136,0.56104,0.50195
0.047323,0.016188,0.016701,0.34331,0.56155,0.56156,0.50144
0.046425,0.016126,0.01667,0.34301,0.56181,0.56195,0.50092
0.045513,0.016069,0.016597,0.34276,0.56219,0.56222,0.50036
0.044626,0.015979,0.01651,0.34249,0.56247,0.56255,0.49986
0.043785,0.01586,0.016366,0.34217,0.56272,0.56282,0.49949
0.042871,0.015803,0.016264,0.34192,0.56292,0.56303,0.49921
0.042001,0.015758,0.01612,0.34166,0.56311,0.5631,0.49909
0.041138,0.015695,0.016003,0.3414,0.5633,0.56317,0.49897
0.040264,0.015648,0.015941,0.34115,0.56343,0.56337,0.49878
0.039372,0.015611,0.015885,0.34092,0.56365,0.5636,0.49842
0.038433,0.015604,0.01593,0.34072,0.56396,0.56386,0.49791
0.03747,0.015631,0.015929,0.34069,0.56438,0.56407,0.49723
0.036508,0.015677,0.01599,0.34075,0.56476,0.56433,0.49645
0.035557,0.015761,0.016109,0.3409,0.56497,0.56468,0.49571
0.034648,0.015818,0.016165,0.34097,0.56514,0.56506,0.49505
0.033773,0.01589,0.016245,0.3411,0.56535,0.56529,0.49445
0.032874,0.015973,0.016301,0.34119,0.56569,0.56538,0.4939
0.031982,0.016065,0.016254,0.34122,0.56604,0.56538,0.49347
0.031078,0.016135,0.016199,0.34114,0.56642,0.5653,0.49318
0.03021,0.016225,0.016168,0.341,0.56666,0.56545,0.49283
0.029334,0.01631,0.016132,0.34084,0.56696,0.56558,0.49245
0.028416,0.016339,0.016124,0.34065,0.56735,0.56575,0.49194
0.027395,0.016468,0.016101,0.34052,0.5678,0.5659,0.49133
0.02638,0.016569,0.016102,0.34043,0.56817,0.56615,0.49067
0.025378,0.016708,0.016162,0.34034,0.56855,0.56641,0.49
0.024368,0.016826,0.016185,0.34014,0.56889,0.56672,0.48939
0.023332,0.016985,0.016252,0.33986,0.56916,0.56704,0.48889
0.022377,0.017148,0.016349,0.33955,0.56934,0.56743,0.48844
0.021362,0.017339,0.016417,0.33935,0.56943,0.5678,0.48804
0.02034,0.017503,0.016464,0.3392,0.5695,0.56813,0.48769
0.019371,0.017692,0.016542,0.33916,0.56953,0.5684,0.48737
0.018443,0.01782,0.016643,0.3392,0.56957,0.56869,0.48696
0.01745,0.017921,0.016711,0.33947,0.56972,0.56883,0.48642
0.016427,0.018036,0.016738,0.33971,0.57014,0.56883,0.48576
0.015453,0.018112,0.016831,0.33996,0.57056,0.56882,0.48511
0.014493,0.018198,0.016911,0.3401,0.57089,0.56891,0.48452
0.013543,0.018255,0.017027,0.34015,0.57112,0.56915,0.48393
0.012518,0.018344,0.017198,0.34006,0.57132,0.56948,0.48337
0.01145,0.018375,0.017315,0.3399,0.57158,0.56978,0.48281
0.010277,0.018429,0.017396,0.33969,0.57195,0.56991,0.48237
0.0091408,0.018515,0.017456,0.33953,0.57237,0.5699,0.482
0.0079804,0.018527,0.017498,0.33928,0.57291,0.56985,0.4816
0.0067605,0.01851,0.017552,0.33902,0.57326,0.57007,0.4811
0.0054231,0.018418,0.017628,0.33867,0.57358,0.57045,0.48052
0.0039761,0.0183,0.017651,0.33828,0.57383,0.57096,0.47989
0.0026093,0.018164,0.017777,0.33788,0.57397,0.57151,0.47935
0.0011687,0.018015,0.017976,0.33757,0.57403,0.57207,0.47882
-0.00023119,0.01787,0.018279,0.33734,0.57407,0.57269,0.47819
-0.0017119,0.017742,0.018541,0.3372,0.57414,0.57337,0.4774
-0.0032242,0.017562,0.018758,0.337,0.57447,0.57389,0.47652
-0.0047355,0.017381,0.018998,0.33677,0.57494,0.57431,0.4756
-0.0062702,0.017198,0.019145,0.33659,0.57552,0.57455,0.47474
-0.0077258,0.017055,0.019431,0.33654,0.57596,0.57481,0.47392
-0.0091281,0.01685,0.019683,0.33647,0.57632,0.57517,0.4731
-0.010505,0.016669,0.02,0.33635,0.57644,0.57569,0.47241
-0.011805,0.016535,0.020346,0.3363,0.57645,0.57628,0.47171
-0.013079,0.016433,0.020716,0.33647,0.57669,0.57655,0.47097
-0.014262,0.016287,0.021073,0.33675,0.57686,0.57684,0.47019
-0.015466,0.016187,0.021355,0.3369,0.57706,0.57717,0.46943
-0.016657,0.016047,0.021596,0.33709,0.57733,0.57738,0.46871
-0.017896,0.015904,0.021789,0.3371,0.57745,0.5777,0.46817
-0.019045,0.01573,0.021945,0.33715,0.57758,0.57801,0.46758
-0.020256,0.015552,0.022057,0.33707,0.57795,0.57815,0.46702
-0.021465,0.015343,0.022153,0.33698,0.57836,0.57825,0.46644
-0.022611,0.015159,0.022284,0.33692,0.57876,0.57832,0.4659
-0.02372,0.014965,0.022452,0.33691,0.57908,0.57839,0.46541
-0.024738,0.014779,0.022625,0.33691,0.57932,0.57854,0.46494
-0.025822,0.01462,0.022786,0.33685,0.57941,0.57892,0.46441
-0.026826,0.014434,0.023002,0.3367,0.57941,0.57949,0.46379
-0.027946,0.014276,0.023149,0.33675,0.57967,0.57991,0.46292
-0.029044,0.014087,0.023248,0.33686,0.58004,0.58005,0.4622
-0.030071,0.013954,0.023304,0.33703,0.58047,0.57997,0.46163
-0.031086,0.013767,0.023229,0.33714,0.58088,0.57971,0.46137
-0.032033,0.013579,0.023199,0.33725,0.58125,0.5794,0.46121
-0.033028,0.013384,0.023038,0.33728,0.58152,0.57916,0.46113
-0.033957,0.013243,0.023008,0.33729,0.58172,0.57903,0.46104
-0.034895,0.013084,0.023036,0.3374,0.58193,0.57903,0.4607
-0.035815,0.012904,0.023081,0.33756,0.58214,0.57925,0.46004
-0.036788,0.012707,0.023187,0.33777,0.58239,0.57957,0.45916
-0.037765,0.012666,0.023331,0.33793,0.58268,0.57992,0.45823
-0.038831,0.012593,0.023389,0.33796,0.58293,0.58022,0.45751
-0.039953,0.012465,0.023352,0.33773,0.58328,0.58043,0.45697
-0.041109,0.012276,0.023209,0.33725,0.58369,0.58052,0.45668
-0.042284,0.012,0.022986,0.33673,0.58419,0.58051,0.45644
-0.043434,0.01173,0.02283,0.33621,0.58451,0.58068,0.4562
-0.044584,0.011403,0.022644,0.33582,0.58476,0.58085,0.45595
-0.04566,0.011078,0.02247,0.3356,0.5851,0.58093,0.45558
-0.046767,0.010763,0.022356,0.33542,0.58553,0.58106,0.45499
-0.047869,0.01045,0.022191,0.33514,0.58599,0.58123,0.45438
-0.049043,0.01017,0.022121,0.33497,0.58634,0.58157,0.45363
-0.050156,0.0098782,0.022045,0.33485,0.58662,0.58191,0.45293
-0.051317,0.0095978,0.022013,0.3348,0.5871,0.58201,0.4522
-0.052446,0.009327,0.021911,0.33468,0.58761,0.58204,0.45159
-0.05348,0.0090615,0.021827,0.3346,0.58812,0.58194,0.4511
-0.054469,0.0087897,0.021711,0.33446,0.58862,0.58174,0.45082
-0.055476,0.0085207,0.021563,0.33437,0.58918,0.58139,0.45061
-0.056368,0.0082526,0.021443,0.33436,0.5897,0.58119,0.4502
-0.057315,0.0080055,0.021347,0.33448,0.59013,0.5811,0.44967
-0.058244,0.0077644,0.021308,0.33478,0.59052,0.58106,0.44898
-0.05918,0.0075435,0.021306,0.33523,0.59088,0.58098,0.44828
-0.060084,0.0073461,0.021346,0.3357,0.59114,0.58096,0.4476
-0.061,0.0071221,0.021347,0.33602,0.59141,0.58095,0.44702
-0.06196,0.0068843,0.021352,0.33612,0.59172,0.581,0.44647
-0.062912,0.0066607,0.0214,0.33601,0.59204,0.58106,0.44606
-0.063782,0.0064731,0.021455,0.33576,0.59235,0.58111,0.44576
-0.064609,0.0063109,0.021589,0.33542,0.59265,0.58124,0.44546
-0.065467,0.0061657,0.021625,0.33512,0.59294,0.58137,0.44511
-0.066247,0.0060174,0.0217,0.33485,0.59323,0.58161,0.44461
-0.067197,0.0058989,0.021705,0.33473,0.59348,0.5819,0.444
-0.068114,0.0057449,0.021719,0.3347,0.5937,0.58214,0.4434
-0.069099,0.0055824,0.021726,0.33464,0.59395,0.58233,0.44287
-0.070033,0.0053984,0.021675,0.33456,0.59412,0.58249,0.44249
-0.071034,0.0051969,0.021656,0.33439,0.59437,0.58256,0.44219
-0.072055,0.0049418,0.02162,0.33414,0.59462,0.5826,0.44199
-0.073179,0.004665,0.021519,0.33384,0.59498,0.58261,0.44173
-0.074353,0.004284,0.021415,0.33376,0.59545,0.58246,0.44134
-0.075495,0.0039171,0.021317,0.33386,0.59609,0.58225,0.44068
-0.076672,0.0034909,0.021287,0.33419,0.59669,0.5821,0.43982
-0.077834,0.0030753,0.021341,0.33446,0.59722,0.58208,0.43891
-0.078933,0.0026477,0.021401,0.33477,0.59762,0.58216,0.43804
-0.080109,0.0021989,0.021482,0.33503,0.59792,0.58232,0.43721
-0.081356,0.0017681,0.021494,0.33501,0.59823,0.58259,0.43644
-0.08265,0.0013105,0.021457,0.33481,0.5986,0.58286,0.43573
-0.083902,0.00084187,0.021365,0.33447,0.59916,0.58298,0.43505
-0.085193,0.0003981,0.021236,0.33412,0.59987,0.58298,0.43434
-0.086371,-7.0663e-05,0.021059,0.33389,0.60058,0.58288,0.43367
-0.087424,-0.00052607,0.020898,0.33378,0.60137,0.58267,0.43295
-0.088388,-0.00096242,0.020765,0.3337,0.60212,0.58243,0.43228
-0.089294,-0.00138,0.02067,0.33345,0.60249,0.58256,0.43178
-0.090143,-0.00176,0.020523,0.33318,0.60273,0.58284,0.43128
-0.0909,-0.0020732,0.020441,0.33259,0.60269,0.58344,0.43099
-0.091631,-0.0022781,0.020375,0.33199,0.60235,0.58426,0.4308
-0.092267,-0.0025197,0.020377,0.33166,0.6028,0.58429,0.4304
-0.09286,-0.0026623,0.020296,0.33134,0.60332,0.58422,0.43001
-0.093418,-0.0028355,0.020157,0.33105,0.60383,0.58412,0.42965
-0.09385,-0.0029461,0.020052,0.33056,0.60383,0.58446,0.42957
-0.094185,-0.003081,0.019927,0.33013,0.60376,0.58479,0.42954
-0.094448,-0.0031529,0.019766,0.32958,0.60363,0.58514,0.42967
-0.094629,-0.0032215,0.019609,0.32904,0.60347,0.58544,0.42989
-0.094818,-0.0033273,0.019441,0.32851,0.60343,0.58569,0.43003
-0.095017,-0.0034293,0.019333,0.32814,0.60341,0.58588,0.43008
-0.095161,-0.0034932,0.019238,0.32777,0.60343,0.58603,0.43012
-0.09535,-0.0035706,0.019112,0.32748,0.60358,0.58603,0.43014
-0.095473,-0.0036705,0.01903,0.3272,0.60378,0.586,0.4301
-0.095592,-0.003711,0.019012,0.32701,0.60392,0.586,0.43006
-0.095726,-0.0037454,0.019024,0.32683,0.60392,0.58612,0.43004
-0.095898,-0.0037638,0.019049,0.32664,0.60391,0.58632,0.42992
-0.095984,-0.003752,0.019096,0.32647,0.604,0.58646,0.42973
-0.096095,-0.0037803,0.019197,0.32635,0.60409,0.58661,0.42949
-0.096229,-0.0037671,0.019333,0.32621,0.60415,0.58682,0.42924
-0.096363,-0.0037789,0.019439,0.32619,0.60419,0.58701,0.42893
-0.096478,-0.0037909,0.019533,0.32621,0.60421,0.58715,0.42868
-0.096543,-0.0037798,0.019622,0.32638,0.60418,0.58723,0.4285
-0.096566,-0.0037187,0.01975,0.32662,0.60407,0.58727,0.42841
-0.096496,-0.0036422,0.019902,0.32703,0.60391,0.58727,0.42833
-0.096366,-0.003534,0.020056,0.32741,0.60372,0.58719,0.42841
-0.096193,-0.0034776,0.020201,0.32773,0.60371,0.58695,0.42849
-0.096032,-0.0033129,0.020366,0.32808,0.60372,0.58674,0.42852
-0.095812,-0.0031208,0.020549,0.32838,0.60374,0.58656,0.42849
-0.095665,-0.0029311,0.020716,0.32875,0.60378,0.58642,0.42835
-0.095515,-0.0027457,0.020934,0.32916,0.60387,0.58623,0.42817
-0.095429,-0.0025564,0.021111,0.32953,0.60389,0.58616,0.42794
-0.095379,-0.0024086,0.021305,0.32986,0.60385,0.58609,0.42785
-0.095325,-0.0022629,0.021457,0.3301,0.60378,0.5861,0.42775
-0.095242,-0.0021396,0.021641,0.33046,0.60365,0.58613,0.42762
-0.095171,-0.0020742,0.021804,0.33091,0.60349,0.58612,0.4275
-0.095034,-0.0019273,0.021963,0.33125,0.60333,0.58609,0.42751
-0.094888,-0.0018669,0.022123,0.33151,0.60322,0.58603,0.42754
-0.094736,-0.0017933,0.022234,0.33177,0.60316,0.58594,0.42756
-0.094575,-0.0016564,0.022317,0.33193,0.60316,0.58571,0.42774
-0.094387,-0.0015766,0.022427,0.33207,0.60316,0.58559,0.4278
-0.094169,-0.0014931,0.022597,0.3322,0.603,0.58557,0.42795
-0.094029,-0.0014127,0.022721,0.33254,0.60283,0.58553,0.42798
-0.093828,-0.0012649,0.02289,0.333,0.6026,0.58552,0.42796
-0.09364,-0.0011707,0.023057,0.33346,0.60253,0.58541,0.42784
-0.093395,-0.0010634,0.023254,0.33405,0.60244,0.58529,0.42768
-0.093114,-0.00091599,0.02349,0.33454,0.6024,0.58512,0.42759
-0.092846,-0.0008366,0.023705,0.33496,0.60232,0.58501,0.42752
-0.092532,-0.00072827,0.023904,0.33523,0.60217,0.58499,0.42755
-0.092204,-0.00060933,0.024041,0.33536,0.60194,0.58496,0.4278
-0.091926,-0.00053654,0.024179,0.33537,0.6018,0.58496,0.42801
-0.091639,-0.00045746,0.024333,0.3354,0.60171,0.58493,0.42814
-0.091426,-0.00039291,0.024425,0.33555,0.60157,0.58493,0.42822
-0.091178,-0.00034118,0.024491,0.33575,0.60142,0.58493,0.42827
-0.090895,-0.00025612,0.024564,0.33603,0.60126,0.5849,0.42832
-0.090583,-0.00015708,0.024693,0.33637,0.60106,0.58482,0.42844
-0.090242,-6.3357e-05,0.024733,0.33673,0.60095,0.58464,0.42857
-0.089892,1.1038e-06,0.024744,0.33715,0.6008,0.58439,0.42878
-0.089565,2.6826e-05,0.024733,0.33752,0.60082,0.58399,0.42901
-0.089215,5.1735e-05,0.024671,0.3378,0.60096,0.58352,0.42923
-0.088845,0.00010246,0.02468,0.33808,0.60092,0.58324,0.42946
-0.088499,0.00021178,0.024716,0.33825,0.60087,0.58305,0.42964
-0.08819,0.00029524,0.024757,0.33825,0.60087,0.58305,0.42964
-0.087907,0.0003938,0.024749,0.33872,0.60067,0.58285,0.42982
-0.087639,0.00046042,0.024805,0.33895,0.60062,0.58278,0.42981
-0.087414,0.00046831,0.024783,0.33916,0.60067,0.58264,0.42977
-0.087156,0.00048473,0.024735,0.33934,0.60076,0.58244,0.42977
-0.086887,0.0005301,0.024762,0.33934,0.60076,0.58244,0.42977
-0.086548,0.00054937,0.024645,0.33953,0.60089,0.58197,0.43007
-0.086262,0.00054027,0.02459,0.33941,0.60083,0.58186,0.43041
-0.085912,0.00053598,0.024521,0.33926,0.60072,0.58178,0.43079
-0.08557,0.00054292,0.024456,0.33907,0.6007,0.58164,0.43113
-0.085249,0.00051142,0.024404,0.33907,0.6007,0.58164,0.43113
-0.084892,0.00051961,0.024248,0.33895,0.60078,0.58141,0.43145
-0.084534,0.00049016,0.024086,0.33889,0.60086,0.5812,0.43165
-0.084143,0.0004981,0.023917,0.33888,0.60094,0.58099,0.43183
-0.083741,0.00051158,0.02373,0.33887,0.60103,0.58078,0.432
-0.083303,0.0005164,0.023609,0.33891,0.60111,0.58058,0.43212
-0.082899,0.00050992,0.023452,0.33888,0.60116,0.58043,0.43227
-0.08243,0.0005115,0.023319,0.33889,0.60102,0.58043,0.43247
-0.081991,0.00051627,0.023153,0.33894,0.6009,0.58034,0.43272
-0.081454,0.00053835,0.023036,0.33904,0.60074,0.58021,0.43303
-0.080927,0.00056003,0.022882,0.33911,0.60068,0.57997,0.43339
-0.08037,0.00061001,0.022721,0.3392,0.60046,0.57986,0.43377
-0.079776,0.00066606,0.022575,0.33925,0.60035,0.57968,0.43411
-0.079184,0.00073453,0.022428,0.33932,0.60024,0.57949,0.43447
-0.078563,0.00077321,0.022255,0.33938,0.60029,0.57922,0.43472
-0.077944,0.00082934,0.022046,0.33946,0.6004,0.57885,0.43499
-0.077362,0.0008459,0.021868,0.33956,0.60051,0.57846,0.43528
-0.076737,0.00092751,0.021697,0.33958,0.60044,0.57822,0.43568
-0.076127,0.0009881,0.021575,0.33959,0.60025,0.57812,0.43607
-0.075525,0.0010376,0.021466,0.33961,0.59996,0.57811,0.43647
-0.0749,0.0010737,0.021405,0.33967,0.59976,0.57801,0.43682
-0.074352,0.0011456,0.021306,0.33981,0.59968,0.57789,0.43699
-0.073761,0.0011967,0.021218,0.33995,0.59967,0.57777,0.43705
-0.073209,0.0011995,0.021173,0.34013,0.59969,0.57769,0.43698
-0.072592,0.0012721,0.021165,0.34032,0.59964,0.57761,0.43701
-0.071973,0.0014331,0.021201,0.34045,0.59949,0.57759,0.43716
-0.071315,0.001566,0.021216,0.34053,0.5993,0.57751,0.43745
-0.070694,0.0017327,0.021258,0.34061,0.599,0.57748,0.43783
-0.070037,0.0018762,0.021282,0.34066,0.59865,0.57748,0.43827
-0.069328,0.0020778,0.02129,0.34057,0.59825,0.57752,0.43884
-0.068671,0.0022461,0.021246,0.34051,0.5978,0.57757,0.43943
-0.067833,0.0023959,0.021185,0.34041,0.5975,0.57753,0.43998
-0.067012,0.0025581,0.021103,0.34028,0.59721,0.57751,0.4405
-0.066147,0.0027418,0.021066,0.34023,0.59697,0.57747,0.44091
-0.065262,0.0029675,0.021047,0.34025,0.59664,0.57749,0.44132
-0.064437,0.0031471,0.021043,0.34021,0.59615,0.57761,0.44185
-0.063638,0.0033393,0.020994,0.34013,0.59561,0.57763,0.44261
-0.062803,0.003503,0.020904,0.33999,0.59516,0.57758,0.44339
-0.061996,0.0036108,0.020802,0.33992,0.59478,0.57742,0.44416
-0.061231,0.0036667,0.020699,0.33981,0.59452,0.5772,0.44488
-0.060381,0.0037515,0.020583,0.33979,0.59436,0.57683,0.44559
-0.059507,0.0037724,0.020447,0.33973,0.59429,0.57648,0.44618
-0.058655,0.0038155,0.02031,0.33973,0.59424,0.57618,0.44664
-0.057671,0.0038776,0.020308,0.33986,0.59395,0.57605,0.44707
-0.056749,0.0039322,0.020318,0.34001,0.59339,0.57617,0.44755
-0.055773,0.0040243,0.020313,0.34005,0.59274,0.57626,0.44827
-0.054865,0.0040683,0.020314,0.34006,0.59218,0.57624,0.44904
-0.053911,0.0040829,0.020271,0.34003,0.59177,0.57604,0.44985
-0.05294,0.0041719,0.020299,0.34002,0.59134,0.5759,0.4506
-0.051975,0.0042346,0.020325,0.33997,0.59096,0.57585,0.45121
-0.051023,0.0043129,0.020347,0.33994,0.59055,0.57586,0.45175
-0.049984,0.0044429,0.020441,0.33995,0.59017,0.57594,0.45214
-0.04904,0.0045873,0.020453,0.33983,0.58977,0.57608,0.45258
-0.047963,0.0047859,0.020573,0.33986,0.58917,0.57625,0.4531
-0.046895,0.0049402,0.020681,0.33997,0.58858,0.57632,0.45371
-0.045753,0.0051496,0.020849,0.34001,0.58786,0.57652,0.45434
-0.044611,0.0053117,0.02102,0.34001,0.5871,0.57677,0.45503
-0.043506,0.005451,0.021151,0.33992,0.58633,0.577,0.45578
-0.042403,0.0056331,0.021243,0.33979,0.58572,0.57714,0.45649
-0.041183,0.0057675,0.021332,0.33966,0.58537,0.57702,0.45719
-0.039929,0.0059715,0.021397,0.3395,0.58516,0.5768,0.45785
-0.03866,0.0061855,0.021449,0.33944,0.58473,0.57666,0.45863
-0.037379,0.0064629,0.021608,0.33943,0.58411,0.57669,0.45938
-0.036025,0.0067045,0.021748,0.33951,0.58334,0.57681,0.46015
-0.034641,0.0069861,0.021946,0.33971,0.58238,0.57708,0.46088
-0.033256,0.0072631,0.022209,0.33984,0.5813,0.5775,0.46162
-0.031859,0.0075643,0.022505,0.34,0.5802,0.57789,0.46241
-0.030473,0.0078266,0.022776,0.34009,0.57921,0.57811,0.4633
-0.029072,0.0080822,0.022984,0.34026,0.57847,0.57806,0.46416
-0.027672,0.0083845,0.02322,0.34041,0.578,0.57777,0.46499
-0.026283,0.0086305,0.023396,0.34051,0.57763,0.57739,0.46585
-0.024884,0.0089359,0.023625,0.34073,0.57711,0.57712,0.46667
-0.023445,0.0092312,0.023866,0.34106,0.57639,0.57701,0.46745
-0.021999,0.009519,0.02418,0.34149,0.57558,0.57707,0.46806
-0.02061,0.0098606,0.024502,0.34204,0.5748,0.57707,0.46862
-0.019262,0.010165,0.024767,0.34252,0.57403,0.57709,0.46919
-0.017894,0.010483,0.025051,0.34292,0.57327,0.57713,0.46977
-0.016571,0.010782,0.025301,0.34326,0.57249,0.57715,0.47045
-0.015205,0.011092,0.025563,0.34357,0.5717,0.57713,0.4712
-0.013824,0.011379,0.025802,0.34368,0.57102,0.57694,0.47218
-0.012515,0.011693,0.025958,0.34367,0.57044,0.57669,0.47321
-0.011189,0.01198,0.026096,0.34363,0.56978,0.57654,0.47421
-0.0098829,0.012267,0.026231,0.34372,0.56918,0.57638,0.47506
-0.0086015,0.012572,0.026366,0.34405,0.5687,0.57618,0.47563
-0.007338,0.012859,0.026525,0.34455,0.56835,0.57597,0.47594
-0.0061103,0.013155,0.026665,0.34507,0.56802,0.5758,0.47617
-0.0048684,0.013449,0.026793,0.34564,0.56754,0.57561,0.47655
-0.0035558,0.013699,0.026897,0.34612,0.56698,0.5754,0.47712
-0.0022853,0.013944,0.026949,0.34652,0.56643,0.57509,0.47786
-0.00097903,0.014117,0.026963,0.34695,0.5658,0.57466,0.47882
-0.00064622,0.014171,0.026964,0.34744,0.56512,0.57416,0.47986
0.00072445,0.014341,0.026954,0.34803,0.56438,0.57366,0.48091
0.0031762,0.014661,0.027019,0.34876,0.56349,0.57328,0.48187
0.0045192,0.014866,0.027033,0.34952,0.56277,0.57294,0.48256
0.0058325,0.015129,0.02703,0.35034,0.56226,0.57261,0.48295
0.0059958,0.015294,0.027111,0.35118,0.56191,0.57218,0.48326
0.007227,0.015614,0.0271,0.35202,0.56154,0.57184,0.48348
0.0095782,0.016083,0.026972,0.35277,0.56108,0.57157,0.48379
0.01087,0.016355,0.026908,0.35331,0.56055,0.5713,0.48433
0.012106,0.016575,0.026854,0.35369,0.5599,0.57108,0.48506
0.012389,0.01671,0.026872,0.35393,0.55927,0.57076,0.48599
0.01364,0.016851,0.026703,0.35404,0.55875,0.57038,0.48695
0.014921,0.017,0.026585,0.35417,0.55832,0.57003,0.48776
0.017051,0.017215,0.026262,0.35442,0.55802,0.56968,0.48832
0.018235,0.017334,0.026168,0.3547,0.55771,0.56953,0.48865
0.018545,0.017448,0.026367,0.35497,0.5573,0.56957,0.48888
0.019727,0.01759,0.026381,0.35516,0.55689,0.56982,0.48892
0.021685,0.017856,0.026042,0.35523,0.55647,0.57017,0.48893
0.022849,0.018019,0.025973,0.35527,0.55627,0.57031,0.48898
0.02406,0.018158,0.025767,0.35503,0.55627,0.57029,0.48917
0.024435,0.018288,0.025892,0.35464,0.55642,0.57007,0.48955
0.02572,0.01845,0.025557,0.35405,0.55647,0.56968,0.49036
0.02787,0.018626,0.024828,0.35329,0.55627,0.56935,0.49151
0.029244,0.018743,0.024578,0.35243,0.55576,0.5693,0.49276
0.030631,0.01889,0.024339,0.3515,0.55518,0.56949,0.49386
0.031029,0.018948,0.024529,0.35067,0.55468,0.57002,0.49441
0.03221,0.018981,0.024417,0.35016,0.5545,0.57052,0.4944
0.034223,0.018971,0.02394,0.34993,0.55475,0.5708,0.49395
0.03532,0.018964,0.023799,0.34972,0.55555,0.5707,0.49332
0.036435,0.018974,0.02362,0.34944,0.55669,0.57024,0.49277
0.036714,0.019005,0.023691,0.34895,0.55748,0.56979,0.49274
0.038076,0.019037,0.023539,0.34837,0.5577,0.56956,0.49317
0.040313,0.019126,0.02321,0.34764,0.55757,0.56957,0.49382
0.04166,0.01923,0.023118,0.34691,0.55741,0.56952,0.49456
0.042927,0.01932,0.02297,0.34641,0.55725,0.56936,0.49528
0.043325,0.019416,0.023133,0.34614,0.55712,0.56926,0.49573
0.044659,0.019513,0.023125,0.34607,0.55699,0.56918,0.49602
0.046983,0.019596,0.023012,0.34603,0.55695,0.56921,0.49606
0.047271,0.019657,0.023244,0.346,0.55711,0.56925,0.49584
0.049584,0.019716,0.023126,0.34588,0.55752,0.56922,0.4955
0.04991,0.019726,0.023311,0.34573,0.55802,0.56898,0.49532
0.05133,0.019822,0.023334,0.34576,0.55828,0.56862,0.49542
0.052829,0.019893,0.023365,0.34576,0.55829,0.56829,0.49579
0.054337,0.020032,0.023424,0.34573,0.558,0.56806,0.49641
0.055866,0.02017,0.023461,0.34562,0.55742,0.56791,0.49731
0.057427,0.020334,0.023595,0.34539,0.55662,0.56789,0.49837
0.058924,0.020527,0.023668,0.34519,0.55582,0.56785,0.49946
0.060424,0.020691,0.023719,0.34505,0.55522,0.56768,0.50042
0.062927,0.020855,0.023759,0.3449,0.55486,0.56745,0.50117
0.063255,0.02103,0.023866,0.34463,0.55484,0.56718,0.50169
0.064734,0.021128,0.023962,0.34435,0.55497,0.56694,0.50201
0.066199,0.021255,0.024128,0.34424,0.55505,0.56672,0.50225
0.067715,0.021391,0.024321,0.3444,0.55491,0.56651,0.50252
0.069251,0.021542,0.024546,0.34469,0.55473,0.56622,0.50285
0.070823,0.021706,0.024786,0.34503,0.55451,0.56588,0.50324
0.072328,0.021882,0.025005,0.34522,0.55426,0.56549,0.50383
0.073768,0.022069,0.025234,0.34521,0.55395,0.56523,0.50447
0.075232,0.022248,0.025461,0.34503,0.55353,0.56512,0.50518
0.076569,0.022432,0.025647,0.34467,0.55324,0.56499,0.50589
0.077862,0.022559,0.025863,0.3443,0.55316,0.56475,0.50648
0.079171,0.022703,0.026037,0.34408,0.55335,0.56436,0.50686
0.080474,0.022839,0.026193,0.34412,0.55349,0.56391,0.50718
0.081776,0.023009,0.026414,0.34439,0.55352,0.56362,0.50729
0.08302,0.023183,0.026651,0.34479,0.55348,0.56358,0.5071
0.084293,0.02336,0.026907,0.34531,0.55344,0.56352,0.50686
0.08551,0.023501,0.027077,0.34577,0.55341,0.56337,0.50674
0.086745,0.023687,0.027245,0.3461,0.5533,0.5632,0.50684
0.087919,0.02387,0.027349,0.34637,0.55311,0.56302,0.50706
0.089119,0.024041,0.027387,0.34655,0.55305,0.56271,0.50734
0.090321,0.024241,0.027306,0.34664,0.55296,0.56224,0.5079
0.0915,0.024381,0.027125,0.34661,0.55303,0.56156,0.5086
0.092747,0.024529,0.026874,0.34657,0.55312,0.56081,0.50935
0.094022,0.024573,0.026633,0.34639,0.55298,0.56024,0.51025
0.09533,0.024608,0.026467,0.34632,0.55252,0.55973,0.51137
0.096611,0.024601,0.026342,0.34632,0.5519,0.55931,0.51249
0.097827,0.024546,0.026248,0.34657,0.55139,0.55897,0.51323
0.098947,0.024471,0.026179,0.34698,0.55106,0.55869,0.51362
0.099908,0.024404,0.026085,0.34762,0.55104,0.55833,0.5136
0.1008,0.024392,0.026078,0.34838,0.55111,0.55801,0.51335
0.10169,0.024365,0.026068,0.34911,0.55117,0.55767,0.51316
0.10254,0.024348,0.026059,0.34971,0.55122,0.55732,0.51309
0.10342,0.024293,0.02594,0.3501,0.55128,0.55686,0.51325
0.10421,0.024268,0.025781,0.35042,0.55126,0.55627,0.51369
0.10505,0.024234,0.02561,0.35072,0.55093,0.55576,0.5144
0.10593,0.024188,0.025521,0.35108,0.55044,0.55545,0.51501
0.10678,0.024173,0.025434,0.3515,0.54994,0.55523,0.51549
0.10748,0.02416,0.025322,0.35188,0.54968,0.55493,0.51583
0.10821,0.024153,0.025275,0.3523,0.5495,0.55467,0.51603
0.10889,0.024136,0.02517,0.35261,0.54936,0.55445,0.5162
0.10962,0.02409,0.025057,0.35286,0.5493,0.55425,0.5163
0.11028,0.024084,0.024946,0.35303,0.54948,0.55397,0.51629
0.11092,0.024051,0.024779,0.35324,0.54979,0.55358,0.51624
0.11152,0.024015,0.024548,0.35341,0.55024,0.55304,0.51622
0.11207,0.024021,0.024354,0.35347,0.55059,0.5526,0.51627
0.11261,0.023927,0.024056,0.35344,0.55093,0.55224,0.51632
0.11309,0.02388,0.023701,0.35351,0.55112,0.55186,0.51647
0.11338,0.023867,0.023283,0.35367,0.55128,0.55145,0.51664
0.11374,0.023847,0.022889,0.35384,0.55156,0.55089,0.51681
0.11407,0.023771,0.022495,0.35404,0.55183,0.55031,0.51701
0.11436,0.023741,0.022147,0.35407,0.55189,0.54984,0.51741
0.11475,0.023698,0.021913,0.35406,0.55157,0.54966,0.51796
0.11516,0.023685,0.021716,0.35405,0.55124,0.54948,0.51851
0.11555,0.023623,0.021484,0.35409,0.55091,0.54931,0.51902
0.11597,0.023595,0.021303,0.35427,0.55064,0.5491,0.5194
0.11638,0.02357,0.021068,0.35449,0.55041,0.54886,0.51975
0.11682,0.023513,0.020838,0.35468,0.5503,0.54848,0.52014
0.11717,0.023469,0.020612,0.3546,0.55036,0.54812,0.52051
0.11757,0.023402,0.020445,0.35443,0.55049,0.54776,0.52085
0.11787,0.023335,0.020325,0.35422,0.55061,0.54749,0.52116
0.11815,0.023229,0.020227,0.3542,0.55078,0.5472,0.52131
0.11843,0.023145,0.020154,0.35426,0.55079,0.547,0.52146
0.11862,0.023032,0.020054,0.35443,0.55087,0.5468,0.52147
0.1188,0.022946,0.019987,0.35466,0.55096,0.5466,0.52143
0.11893,0.022908,0.019957,0.3547,0.55101,0.54656,0.52139
0.11902,0.022901,0.019993,0.35475,0.55091,0.54665,0.52136
0.11911,0.022914,0.020023,0.35489,0.55072,0.54679,0.52134
0.11916,0.022917,0.020103,0.35499,0.55055,0.54686,0.52137
0.11922,0.022922,0.020161,0.35504,0.55038,0.54693,0.52143
0.11925,0.022957,0.020224,0.35507,0.55019,0.54698,0.52157
0.11936,0.023012,0.020329,0.35502,0.55007,0.547,0.5217
0.11946,0.023031,0.020376,0.35502,0.55011,0.54696,0.5217
0.11954,0.023083,0.020485,0.35508,0.55024,0.54683,0.52166
0.11962,0.023117,0.020569,0.35508,0.55024,0.54683,0.52166
0.11972,0.023183,0.02069,0.35507,0.55007,0.54701,0.52166
0.11977,0.023207,0.020839,0.35507,0.54973,0.54725,0.52177
0.11987,0.023241,0.02102,0.35509,0.5494,0.54753,0.52181
0.11995,0.023245,0.021196,0.3552,0.54913,0.54777,0.52176
0.12,0.023229,0.021319,0.35531,0.54895,0.54793,0.52171
0.12003,0.023239,0.021493,0.35548,0.54884,0.548,0.52164
0.12004,0.023282,0.021579,0.35554,0.5487,0.54812,0.52161
0.12002,0.023378,0.021775,0.35548,0.54853,0.5483,0.52165
0.12001,0.0235,0.021904,0.35535,0.54831,0.54839,0.52188
0.11998,0.023593,0.022016,0.35526,0.54813,0.54845,0.52206
0.1199,0.023698,0.022245,0.35527,0.54795,0.54861,0.52208
0.11984,0.023742,0.022468,0.35546,0.54764,0.54892,0.52194
0.11977,0.023808,0.022773,0.35573,0.54734,0.54935,0.52162
0.11965,0.023876,0.023016,0.35604,0.5471,0.54965,0.52134
0.11956,0.023868,0.023185,0.35638,0.54702,0.54976,0.52108
0.11946,0.023891,0.023361,0.35661,0.54712,0.5497,0.52088
0.11936,0.023991,0.023544,0.3567,0.54717,0.54967,0.5208
0.11915,0.02409,0.023685,0.35666,0.54708,0.54974,0.52085
0.11892,0.024128,0.02378,0.35639,0.54696,0.54989,0.52101
0.1187,0.02417,0.023921,0.35608,0.54678,0.55016,0.52113
0.11847,0.024236,0.024111,0.35586,0.5466,0.55043,0.52117
0.11822,0.02426,0.024274,0.35579,0.54654,0.55078,0.52091
0.11797,0.024284,0.024441,0.35584,0.54646,0.55111,0.52061
0.1178,0.024286,0.024531,0.35584,0.54646,0.55111,0.52061
0.11762,0.024292,0.024669,0.35609,0.54644,0.55131,0.52025
0.11752,0.024357,0.024825,0.3564,0.54647,0.55135,0.51996
0.11738,0.024385,0.024925,0.35659,0.54652,0.55133,0.5198
0.1173,0.024397,0.024974,0.35665,0.54657,0.55118,0.51987
0.11716,0.024426,0.025015,0.35659,0.5466,0.551,0.52007
0.11703,0.024416,0.024972,0.35653,0.54658,0.55086,0.52028
0.11686,0.024383,0.024916,0.35645,0.5465,0.55073,0.52056
0.11664,0.024337,0.024923,0.35641,0.54645,0.55077,0.5206
0.11634,0.024315,0.02492,0.35642,0.54646,0.5509,0.52043
0.11604,0.024282,0.024931,0.35657,0.54649,0.55105,0.52015
0.11574,0.024253,0.024991,0.35675,0.54648,0.55127,0.5198
0.11548,0.024196,0.025091,0.35682,0.54639,0.55157,0.51952
0.11516,0.024192,0.025194,0.35691,0.54633,0.55182,0.51926
0.11484,0.024135,0.025235,0.35696,0.54635,0.55196,0.51905
0.11453,0.024073,0.02527,0.35703,0.54654,0.55193,0.51885
0.11416,0.024031,0.025293,0.35704,0.54682,0.55181,0.51867
0.11387,0.023997,0.02528,0.35699,0.54704,0.5517,0.5186
0.1135,0.023983,0.025259,0.35689,0.54711,0.5517,0.51858
0.11318,0.023967,0.025262,0.35681,0.54708,0.55187,0.51849
0.11275,0.023969,0.025244,0.35676,0.54709,0.55212,0.51825
0.11231,0.023953,0.025231,0.35683,0.5473,0.55222,0.51787
0.11186,0.023969,0.025212,0.35691,0.54755,0.55228,0.51749
0.11143,0.02396,0.02518,0.35703,0.54781,0.55234,0.51707
0.11095,0.023959,0.025134,0.35703,0.54802,0.55246,0.5167
0.11043,0.023921,0.025052,0.35701,0.54827,0.55252,0.5164
0.10992,0.023882,0.024942,0.35694,0.54857,0.55253,0.51612
0.10939,0.023841,0.024878,0.35682,0.54878,0.55253,0.51598
0.10888,0.023868,0.024762,0.35672,0.54883,0.55248,0.51605
0.10837,0.02384,0.024626,0.35652,0.54891,0.55239,0.51619
0.10785,0.023822,0.024486,0.35638,0.54891,0.55238,0.5163
0.10727,0.023794,0.02441,0.35627,0.54899,0.55249,0.51618
0.10667,0.023745,0.024357,0.35624,0.54911,0.55269,0.51586
0.10601,0.023691,0.024342,0.35626,0.54939,0.55279,0.51543
0.10535,0.023638,0.024315,0.35628,0.54981,0.55278,0.51498
0.10468,0.023575,0.024326,0.35628,0.55022,0.55275,0.51459
0.10404,0.023533,0.024386,0.35615,0.55055,0.55271,0.51435
0.10347,0.023514,0.024513,0.35606,0.55071,0.55273,0.51424
0.10293,0.02348,0.024633,0.35583,0.55067,0.55289,0.51426
0.10237,0.023503,0.024787,0.35561,0.55054,0.55312,0.5143
0.10182,0.023499,0.024919,0.35537,0.55047,0.55335,0.5143
0.10119,0.023485,0.025047,0.35524,0.55042,0.5536,0.51417
0.10054,0.023539,0.025205,0.35526,0.55037,0.55386,0.51392
0.099866,0.023583,0.025399,0.35537,0.55042,0.55406,0.51358
0.099147,0.023664,0.025623,0.35559,0.55051,0.5542,0.51319
0.098437,0.0237,0.025885,0.35577,0.55062,0.55438,0.51275
0.097752,0.023779,0.026194,0.35595,0.55064,0.55464,0.51231
0.097051,0.023828,0.02656,0.35612,0.55051,0.55499,0.51196
0.096367,0.023816,0.026911,0.35617,0.55037,0.55545,0.51157
0.095668,0.023833,0.027252,0.35623,0.55026,0.55596,0.5111
0.094933,0.023919,0.02756,0.35638,0.55016,0.55647,0.51055
0.09418,0.023991,0.027801,0.35662,0.55016,0.55682,0.50999
0.093372,0.024079,0.027984,0.35696,0.55026,0.55699,0.50946
0.092636,0.024148,0.028199,0.35727,0.55035,0.55713,0.50899
0.091878,0.024234,0.028371,0.35759,0.55036,0.55727,0.50861
0.091123,0.024312,0.028544,0.35787,0.5501,0.55754,0.50839
0.090427,0.02433,0.028741,0.35813,0.54974,0.55787,0.50824
0.089696,0.024357,0.028935,0.35841,0.54928,0.55817,0.50822
0.088944,0.024366,0.029062,0.35871,0.54882,0.55835,0.5083
0.088097,0.024457,0.029194,0.35908,0.54852,0.55845,0.50826
0.087223,0.024528,0.029323,0.35941,0.54853,0.55847,0.50799
0.086232,0.02456,0.029418,0.35966,0.54895,0.55847,0.50735
0.08511,0.024594,0.029484,0.35984,0.54944,0.55846,0.50671
0.083977,0.024617,0.029549,0.35993,0.54995,0.55848,0.50606
0.082809,0.024638,0.029539,0.35973,0.55025,0.55862,0.50573
0.08158,0.024654,0.029513,0.35962,0.55031,0.55882,0.50551
0.080408,0.024694,0.029571,0.35957,0.55019,0.55918,0.50529
0.079281,0.024776,0.029646,0.35955,0.55004,0.55952,0.50509
0.07805,0.024856,0.029689,0.3596,0.5501,0.55996,0.5045
0.076774,0.024904,0.029692,0.35957,0.55032,0.56029,0.50392
0.075539,0.024946,0.029675,0.3595,0.55075,0.56041,0.50337
0.074236,0.024944,0.02953,0.35935,0.5513,0.56038,0.5029
0.073001,0.024858,0.029384,0.35919,0.55187,0.56026,0.50252
0.071772,0.024746,0.029233,0.35906,0.55235,0.56011,0.50226
0.070496,0.024672,0.029073,0.35892,0.55275,0.55995,0.50209
0.069279,0.024557,0.028962,0.35889,0.55301,0.55991,0.50187
0.068059,0.024495,0.028934,0.35892,0.55321,0.56001,0.50152
0.066767,0.024516,0.028972,0.35905,0.55326,0.56031,0.50104
0.06555,0.02451,0.02906,0.35929,0.55326,0.56066,0.50048
0.06433,0.024554,0.029143,0.35974,0.55335,0.56081,0.49989
0.063065,0.024599,0.029198,0.36005,0.5536,0.56088,0.49931
0.061758,0.024624,0.029199,0.36025,0.55387,0.56086,0.49889
0.060468,0.024661,0.029173,0.36023,0.55411,0.56091,0.49857
0.05919,0.024639,0.029115,0.36011,0.55423,0.56098,0.49844
0.057937,0.024583,0.029073,0.35997,0.55434,0.56103,0.49837
0.056668,0.024428,0.028959,0.35981,0.55441,0.56114,0.49828
0.055402,0.024304,0.028929,0.35974,0.55468,0.56124,0.49792
0.054043,0.024072,0.028858,0.35966,0.55506,0.5615,0.49726
0.052655,0.023893,0.028878,0.35957,0.55547,0.56181,0.49652
0.051219,0.023714,0.028872,0.35937,0.55594,0.5621,0.49581
0.049779,0.023576,0.028889,0.35918,0.55641,0.56227,0.49522
0.048294,0.023465,0.028915,0.3589,0.5569,0.56236,0.49479
0.046772,0.023358,0.028985,0.35848,0.55719,0.56259,0.49449
0.045275,0.023221,0.029031,0.35814,0.55735,0.56283,0.49429
0.043807,0.023108,0.029166,0.35789,0.55739,0.56311,0.49411
0.042408,0.022949,0.029355,0.35781,0.55746,0.56333,0.49383
0.041011,0.022787,0.029597,0.35787,0.55759,0.56366,0.49326
0.039651,0.022621,0.029843,0.35808,0.55776,0.56405,0.49248
0.038241,0.02251,0.030112,0.35838,0.558,0.56444,0.49153
0.036835,0.02238,0.030305,0.35876,0.55841,0.56464,0.49057
0.035435,0.022239,0.03044,0.35896,0.55893,0.56469,0.48976
0.033983,0.022137,0.030561,0.35903,0.55945,0.56462,0.48919
0.032636,0.021987,0.030636,0.35888,0.55981,0.56461,0.48891
0.031325,0.021866,0.030761,0.3586,0.55991,0.56465,0.48896
0.030064,0.021721,0.030895,0.35828,0.55988,0.56472,0.48915
0.028818,0.021605,0.031098,0.35801,0.55972,0.5649,0.48931
0.027551,0.021471,0.031338,0.3578,0.55968,0.56528,0.48908
0.026264,0.021317,0.031624,0.35781,0.55979,0.56569,0.48846
0.024947,0.021118,0.031918,0.35806,0.56003,0.56609,0.48754
0.023646,0.02092,0.032213,0.35847,0.56033,0.56634,0.48661
0.02238,0.020722,0.032492,0.35891,0.56064,0.56651,0.48572
0.021164,0.020487,0.032771,0.35926,0.56096,0.56659,0.485
0.0199,0.020252,0.033034,0.35935,0.56125,0.56671,0.48445
0.018666,0.02004,0.03329,0.35924,0.56152,0.5668,0.48413
0.017419,0.019822,0.033518,0.35918,0.56178,0.56687,0.48378
0.016196,0.019579,0.033777,0.35919,0.56198,0.56707,0.48332
0.014949,0.019355,0.034047,0.35936,0.56221,0.56734,0.48259
0.013688,0.019161,0.034311,0.35951,0.56242,0.56768,0.48184
0.012425,0.01893,0.034521,0.35987,0.56271,0.56793,0.48094
0.011162,0.018691,0.034694,0.36021,0.56309,0.5681,0.48004
0.0099711,0.018473,0.034782,0.36053,0.56349,0.56807,0.47936
0.0087913,0.01822,0.034869,0.36075,0.56394,0.56799,0.47876
0.0076499,0.017936,0.03488,0.36096,0.56433,0.56783,0.47834
0.0066257,0.017679,0.034918,0.36103,0.56468,0.5676,0.47814
0.0056393,0.017443,0.034961,0.36116,0.56491,0.56741,0.47799
0.0046625,0.017189,0.034994,0.36122,0.56519,0.56729,0.47777
0.0036647,0.016907,0.034995,0.36122,0.5656,0.56727,0.4773
0.0026498,0.01668,0.035031,0.36135,0.56606,0.56732,0.4766
0.0016339,0.016423,0.03503,0.36151,0.56653,0.5674,0.47583
0.00057904,0.016128,0.034987,0.36169,0.56713,0.56736,0.47501
-0.00041566,0.015902,0.034883,0.36178,0.56759,0.56741,0.47435
-0.0014513,0.015603,0.034685,0.36163,0.56824,0.56731,0.4738
-0.0024339,0.015363,0.034482,0.36124,0.5687,0.56725,0.47361
-0.0033925,0.015079,0.034258,0.36063,0.56895,0.56729,0.47374
-0.0043398,0.014821,0.034033,0.35993,0.5691,0.5674,0.47396
-0.0052223,0.014552,0.033791,0.35915,0.56932,0.56749,0.47418
-0.0061499,0.014262,0.033573,0.35847,0.56965,0.56755,0.47422
-0.007063,0.013976,0.033405,0.35792,0.57017,0.56769,0.47385
-0.0080004,0.013719,0.033325,0.35765,0.57082,0.56793,0.47298
-0.008877,0.013456,0.033222,0.35756,0.57157,0.56811,0.47193
-0.0097483,0.01325,0.033232,0.35753,0.57214,0.56836,0.47095
-0.010536,0.013048,0.033177,0.35738,0.57259,0.56861,0.47022
-0.011258,0.012868,0.033185,0.35721,0.57288,0.56874,0.46984
-0.011994,0.01271,0.033068,0.35692,0.57313,0.56879,0.46968
-0.012631,0.012591,0.032974,0.35671,0.57337,0.56882,0.46952
-0.013216,0.012436,0.032957,0.35646,0.57342,0.56901,0.46942
-0.013719,0.012361,0.032964,0.35643,0.57366,0.56905,0.4691
-0.014271,0.012236,0.033012,0.35638,0.57387,0.56929,0.46859
-0.014723,0.012174,0.033146,0.35648,0.574,0.56961,0.46796
-0.015226,0.012101,0.033225,0.35655,0.57399,0.57005,0.46739
-0.015728,0.012039,0.033322,0.3565,0.57394,0.57054,0.46689
-0.016226,0.01193,0.033362,0.35633,0.574,0.57097,0.46642
-0.016845,0.011781,0.033296,0.35595,0.57424,0.57124,0.46608
-0.01741,0.011616,0.033156,0.35545,0.57457,0.57131,0.46597
-0.01796,0.011473,0.033017,0.35504,0.57498,0.57126,0.46584
-0.018466,0.011376,0.032909,0.35476,0.57535,0.57117,0.4657
-0.018957,0.011262,0.032812,0.35462,0.57557,0.57118,0.46553
-0.019386,0.011189,0.03277,0.35461,0.57575,0.57124,0.46524
-0.019808,0.0111,0.032752,0.3547,0.57596,0.57135,0.46478
-0.020232,0.011041,0.032738,0.35484,0.57604,0.57149,0.46439
-0.020597,0.010971,0.032785,0.35499,0.57608,0.57168,0.464
-0.021078,0.010893,0.032791,0.35506,0.57611,0.57184,0.46371
-0.021495,0.010784,0.032819,0.35516,0.57616,0.57193,0.46346
-0.022,0.0107,0.032764,0.35531,0.57639,0.57185,0.46316
-0.022418,0.010616,0.032753,0.35562,0.5767,0.57168,0.46275
-0.022868,0.010557,0.032715,0.35594,0.57709,0.5714,0.46236
-0.023223,0.010525,0.032687,0.35619,0.57749,0.57114,0.46198
-0.023548,0.010496,0.032684,0.35638,0.57774,0.57098,0.46173
-0.023919,0.010464,0.032737,0.3565,0.5779,0.57102,0.46139
-0.024264,0.010436,0.03277,0.35666,0.57797,0.57114,0.46102
-0.024625,0.010458,0.032839,0.35674,0.578,0.5713,0.46073
-0.024954,0.010521,0.032922,0.35678,0.57813,0.5714,0.46041
-0.025358,0.010543,0.032967,0.35687,0.5783,0.57146,0.46005
-0.025668,0.010602,0.032963,0.3569,0.57855,0.5714,0.45979
-0.025984,0.010622,0.033004,0.35693,0.57886,0.57134,0.45944
-0.026219,0.010619,0.03295,0.35687,0.57915,0.57123,0.45927
-0.026392,0.010623,0.032957,0.35666,0.57917,0.57137,0.45922
-0.026498,0.010689,0.033031,0.35637,0.57915,0.57155,0.45926
-0.026573,0.010694,0.033052,0.35627,0.57925,0.5716,0.45915
-0.026667,0.010718,0.033153,0.3563,0.57929,0.57167,0.45899
-0.026749,0.010785,0.033265,0.3564,0.57925,0.57184,0.45874
-0.026798,0.010839,0.033387,0.35647,0.57896,0.57217,0.45865
-0.026829,0.010925,0.033564,0.3565,0.57862,0.57253,0.4586
-0.026831,0.011005,0.033739,0.35662,0.57828,0.5729,0.45848
-0.026797,0.011054,0.03391,0.35672,0.57822,0.57303,0.45832
-0.026729,0.011105,0.034071,0.35688,0.5782,0.57301,0.45824
-0.026657,0.011152,0.034232,0.35688,0.57825,0.57297,0.45822
-0.026543,0.011182,0.034336,0.3568,0.57831,0.57295,0.45823
-0.026452,0.011267,0.034414,0.35671,0.57826,0.57299,0.45832
-0.026349,0.011338,0.034482,0.35657,0.57801,0.57315,0.45853
-0.026215,0.011372,0.034569,0.35645,0.57769,0.57343,0.45869
-0.026103,0.011399,0.034606,0.35643,0.57741,0.57366,0.45877
-0.025984,0.011454,0.034681,0.35657,0.57732,0.57374,0.45867
-0.025844,0.011426,0.034722,0.35669,0.57731,0.57373,0.45861
-0.025681,0.011396,0.034752,0.35662,0.57727,0.57379,0.45863
-0.025492,0.011402,0.034866,0.35645,0.57704,0.57397,0.45882
-0.025387,0.011354,0.034925,0.35626,0.5768,0.57414,0.45907
-0.025249,0.011376,0.034959,0.35598,0.5768,0.57413,0.45931
-0.025131,0.011405,0.034904,0.35581,0.57687,0.57402,0.45948
-0.025092,0.011429,0.034854,0.35571,0.57694,0.57389,0.45964
-0.024987,0.011482,0.03478,0.35561,0.57698,0.57384,0.45971
-0.024935,0.011525,0.034667,0.35556,0.57698,0.57384,0.45975
-0.024862,0.011556,0.034621,0.35556,0.57698,0.57384,0.45975
-0.024726,0.011593,0.034636,0.35556,0.57698,0.57384,0.45975
-0.024682,0.011582,0.034601,0.35555,0.57687,0.5739,0.45983
-0.024615,0.011569,0.034645,0.35542,0.57673,0.57401,0.45997
-0.024493,0.011564,0.034717,0.35532,0.57649,0.57418,0.46014
-0.024475,0.011616,0.034765,0.35524,0.5763,0.57433,0.46024
-0.024437,0.011607,0.034831,0.35524,0.57626,0.57437,0.46025
-0.024389,0.011612,0.034785,0.35524,0.5763,0.57433,0.46024
-0.024379,0.011607,0.034747,0.35538,0.57635,0.5743,0.46012
-0.024291,0.011658,0.034739,0.35551,0.5764,0.57426,0.46
-0.024205,0.011679,0.034778,0.35561,0.5763,0.57435,0.45993
-0.024095,0.011704,0.034837,0.3557,0.57601,0.57456,0.45996
-0.02396,0.0117,0.034957,0.35568,0.57574,0.5748,0.46003
-0.023876,0.011738,0.035065,0.35568,0.57562,0.57483,0.46013
-0.023764,0.011745,0.035164,0.35566,0.57556,0.57485,0.46021
-0.023685,0.011727,0.035229,0.35571,0.57548,0.57484,0.46027
-0.023537,0.011793,0.035392,0.35586,0.57536,0.57488,0.46025
-0.023433,0.011821,0.035478,0.35596,0.57518,0.57505,0.46019
-0.023251,0.011838,0.035608,0.35611,0.57504,0.57517,0.46009
-0.022927,0.011942,0.035762,0.35611,0.57504,0.57517,0.46009
-0.022694,0.012024,0.035943,0.35624,0.57489,0.57527,0.46006
-0.022469,0.012103,0.036192,0.3564,0.57427,0.57577,0.46009
-0.022186,0.012178,0.036399,0.35645,0.57389,0.57606,0.46016
-0.021986,0.012243,0.036566,0.35645,0.57357,0.57622,0.46036
-0.021775,0.012263,0.036733,0.35645,0.57357,0.57622,0.46036
-0.021655,0.012293,0.036803,0.35639,0.57334,0.57631,0.46058
-0.021398,0.012324,0.036884,0.35633,0.57309,0.57635,0.46089
-0.021161,0.012404,0.037016,0.35645,0.57295,0.57637,0.46095
-0.020897,0.012449,0.037142,0.35655,0.57279,0.57644,0.46098
-0.020608,0.012447,0.037262,0.35655,0.57279,0.57644,0.46098
-0.020321,0.012464,0.03742,0.35666,0.5726,0.5766,0.46092
-0.020051,0.012465,0.037603,0.35684,0.57233,0.57674,0.46095
-0.019759,0.012507,0.037779,0.357,0.57203,0.57694,0.46096
-0.019489,0.012587,0.037945,0.35722,0.57177,0.57699,0.46104
-0.019224,0.012612,0.038003,0.35739,0.57161,0.57696,0.46114
-0.018923,0.012606,0.038104,0.35755,0.57158,0.57682,0.46123
-0.018653,0.012615,0.038141,0.35768,0.57164,0.57657,0.46137
-0.018357,0.012642,0.038151,0.35774,0.57164,0.57633,0.46162
-0.01807,0.012676,0.038184,0.35776,0.57154,0.57617,0.46192
-0.0178,0.012715,0.038265,0.35779,0.57133,0.57618,0.46215
-0.017557,0.012758,0.038344,0.35783,0.57103,0.57626,0.46239
-0.017346,0.012786,0.038456,0.35794,0.57069,0.57641,0.46254
-0.017162,0.012813,0.038588,0.3581,0.57039,0.57661,0.46254
-0.01702,0.012838,0.038723,0.35828,0.57014,0.57679,0.46248
-0.016899,0.01287,0.038849,0.3585,0.57004,0.57685,0.46236
-0.016836,0.012885,0.039,0.35857,0.56993,0.57691,0.46236
-0.016787,0.012952,0.039091,0.35866,0.56995,0.57683,0.46237
-0.01677,0.013005,0.039177,0.35866,0.57002,0.57671,0.46245
-0.016672,0.013067,0.039232,0.35869,0.57005,0.57654,0.46258
-0.016593,0.013104,0.039364,0.35876,0.57001,0.57647,0.46266
-0.016514,0.01319,0.039498,0.35884,0.56983,0.57652,0.46276
-0.016448,0.013253,0.039666,0.35891,0.56955,0.57676,0.46275
-0.016421,0.013297,0.039852,0.35916,0.56925,0.57696,0.46268
-0.016399,0.013334,0.040015,0.35947,0.56913,0.57712,0.46239
-0.016338,0.013402,0.040233,0.35979,0.56897,0.57723,0.46221
-0.016339,0.013505,0.040403,0.36002,0.56897,0.57724,0.46201
-0.016329,0.013607,0.040545,0.36013,0.56896,0.57722,0.46195
-0.016338,0.013703,0.040676,0.36016,0.56898,0.57725,0.46188
-0.016328,0.013812,0.040742,0.3602,0.56903,0.57721,0.46184
-0.016322,0.013868,0.040815,0.36029,0.56912,0.57714,0.46175
-0.016342,0.013926,0.040885,0.36042,0.56921,0.57706,0.46162
-0.016297,0.013998,0.040873,0.36051,0.56926,0.57703,0.46154
-0.016296,0.014028,0.040853,0.36057,0.56937,0.57698,0.46142
-0.016225,0.014085,0.040838,0.36071,0.56941,0.57694,0.4613
-0.016198,0.014173,0.040842,0.36085,0.5695,0.57687,0.46117
-0.016124,0.014232,0.040811,0.36089,0.56948,0.57683,0.46122
-0.01606,0.01428,0.040858,0.36081,0.56931,0.5769,0.4614
-0.016035,0.014356,0.040844,0.36061,0.56916,0.57698,0.46165
-0.016009,0.014376,0.040805,0.36036,0.56907,0.57707,0.46183
-0.015969,0.014398,0.040823,0.36027,0.56894,0.57718,0.46193
-0.015955,0.014418,0.040846,0.36023,0.56896,0.57723,0.46188
-0.015949,0.014426,0.040914,0.36027,0.56908,0.57719,0.46174
-0.016008,0.014428,0.040984,0.36029,0.56922,0.57719,0.46156
-0.016056,0.014456,0.041029,0.36026,0.56931,0.57722,0.46144
-0.016132,0.014452,0.041062,0.3602,0.56924,0.57744,0.46128
-0.016143,0.014473,0.041177,0.36019,0.56909,0.57767,0.46119
-0.016103,0.014506,0.041245,0.36017,0.56904,0.57781,0.46108
-0.016111,0.014545,0.041298,0.36018,0.569,0.57785,0.46109
-0.016055,0.014616,0.041396,0.36007,0.56887,0.57799,0.46116
-0.016054,0.014687,0.04147,0.36,0.56859,0.57822,0.46127
-0.015952,0.014781,0.041615,0.35999,0.5683,0.57843,0.46137
-0.015942,0.014865,0.041767,0.36001,0.56807,0.57862,0.4614
-0.016025,0.014955,0.041856,0.36006,0.56802,0.57867,0.46137
-0.016015,0.014992,0.042012,0.36019,0.56811,0.57859,0.46124
-0.016092,0.015091,0.042113,0.3604,0.56815,0.57854,0.4611
-0.016134,0.015131,0.042232,0.36058,0.56819,0.57851,0.46093
-0.016151,0.015221,0.042383,0.36077,0.56819,0.57852,0.46078
-0.01616,0.015255,0.042542,0.36095,0.56819,0.57853,0.46062
-0.016121,0.015313,0.042652,0.36112,0.56818,0.57851,0.46052
-0.016186,0.015378,0.042798,0.36112,0.56812,0.57864,0.46045
-0.016175,0.015404,0.042902,0.36107,0.5679,0.57885,0.46049
-0.016197,0.015494,0.042992,0.36087,0.56768,0.57906,0.46064
-0.016207,0.015531,0.043082,0.36073,0.56754,0.57928,0.46067
-0.016234,0.01563,0.043165,0.36064,0.56752,0.57936,0.46066
-0.016251,0.015652,0.043215,0.36059,0.56754,0.5794,0.46061
-0.01626,0.015675,0.043227,0.36061,0.56761,0.57939,0.46054
-0.016225,0.015653,0.043258,0.36057,0.56759,0.57947,0.46049
-0.016193,0.015674,0.043287,0.36057,0.56754,0.57951,0.4605
-0.016162,0.01566,0.043297,0.36053,0.56749,0.57955,0.46054
-0.016163,0.015673,0.043289,0.36048,0.56749,0.57954,0.46058
-0.016123,0.015658,0.043302,0.36046,0.56738,0.5796,0.46066
-0.016079,0.015656,0.043315,0.36051,0.56736,0.57955,0.46071
-0.015972,0.015647,0.043372,0.3606,0.56738,0.57947,0.46072
-0.015816,0.015671,0.043424,0.3606,0.56735,0.57943,0.46081
-0.015718,0.015641,0.043485,0.36067,0.56724,0.57949,0.46081
-0.015598,0.015661,0.043561,0.36075,0.56709,0.57959,0.46081
-0.015505,0.015637,0.043618,0.36089,0.56705,0.57963,0.4607
-0.015363,0.015642,0.043627,0.36096,0.56707,0.57957,0.46068
-0.015266,0.015641,0.043625,0.36105,0.56714,0.57945,0.46069
-0.015168,0.015648,0.043644,0.3611,0.56711,0.57941,0.46074
-0.015063,0.01565,0.043651,0.3611,0.56699,0.57944,0.46084
-0.014969,0.015652,0.04371,0.36104,0.56686,0.57945,0.46105
-0.014864,0.015618,0.043645,0.36097,0.56681,0.57938,0.46125
-0.014769,0.015616,0.043685,0.36085,0.5668,0.57935,0.4614
-0.014704,0.015601,0.043716,0.36082,0.56683,0.57929,0.46145
-0.014647,0.015561,0.043759,0.36078,0.56679,0.57932,0.46149
-0.014532,0.015563,0.04378,0.36081,0.56672,0.57934,0.46153
-0.014499,0.015566,0.043821,0.36086,0.56663,0.57942,0.4615
-0.014492,0.015582,0.043861,0.36095,0.56668,0.57938,0.46142
-0.014464,0.015586,0.043882,0.36097,0.56679,0.57933,0.46134
-0.014436,0.015598,0.043971,0.36105,0.56663,0.57943,0.46135
-0.014383,0.015612,0.044036,0.36097,0.5664,0.57962,0.46145
-0.014365,0.015622,0.044116,0.36093,0.56617,0.57981,0.46152
-0.014359,0.015625,0.04415,0.36094,0.56612,0.57985,0.46152
-0.014364,0.015592,0.044167,0.36102,0.56626,0.57974,0.46143
-0.014335,0.015602,0.044152,0.36111,0.56635,0.57966,0.46134
-0.014309,0.015568,0.044167,0.3612,0.56645,0.57959,0.46125
-0.014326,0.015586,0.044208,0.36124,0.56649,0.57955,0.46121
-0.014341,0.015604,0.0442,0.3612,0.56645,0.57959,0.46125
-0.014332,0.015594,0.044223,0.36115,0.5664,0.57963,0.46129
-0.014359,0.015616,0.044219,0.36116,0.56635,0.57967,0.4613
-0.014367,0.015613,0.044178,0.36111,0.56631,0.5797,0.46134
-0.014367,0.015624,0.044195,0.36103,0.56624,0.57982,0.46134
-0.014343,0.015663,0.044203,0.36089,0.56627,0.57986,0.46137
-0.014367,0.015681,0.044191,0.36075,0.5662,0.57998,0.46141
-0.0144,0.015694,0.044226,0.36066,0.56618,0.58006,0.4614
-0.014368,0.015689,0.044242,0.3606,0.56618,0.58016,0.46132
-0.01441,0.015644,0.044303,0.3606,0.56616,0.58025,0.46124
-0.014364,0.015661,0.044397,0.36061,0.56605,0.58041,0.46116
-0.014381,0.015655,0.044453,0.3606,0.56593,0.58055,0.46115
-0.014419,0.015615,0.044462,0.36049,0.56584,0.58065,0.46122
