0,0,0,0.26659,0.55872,0.56815,0.54219
-6.053e-05,5.9767e-05,0.00012142,0.26673,0.55873,0.56817,0.54209
-4.0961e-05,0.00016385,0.00021282,0.26684,0.55864,0.56826,0.54203
-3.7154e-05,0.00024125,0.00032734,0.2669,0.55851,0.56838,0.54201
-3.8539e-05,0.00035586,0.00040832,0.26684,0.55838,0.56852,0.54204
-7.3569e-05,0.00044036,0.00048902,0.26675,0.55826,0.56867,0.54204
-0.00018682,0.000553,0.00053699,0.26663,0.55825,0.56877,0.542
-0.0002396,0.0006618,0.00066509,0.2665,0.55821,0.56893,0.54194
-0.00031045,0.00077193,0.00077276,0.26625,0.55813,0.56914,0.54193
-0.00042942,0.00088026,0.00086697,0.26609,0.55798,0.56935,0.54194
-0.00052267,0.00096009,0.0009725,0.2659,0.55793,0.5695,0.54192
-0.00059652,0.001061,0.0010213,0.26574,0.55788,0.56963,0.54192
-0.00069327,0.0011468,0.0011643,0.26575,0.55789,0.56977,0.54175
-0.00077372,0.0011892,0.0012861,0.26581,0.55779,0.56994,0.54165
-0.00083383,0.0012115,0.0013915,0.26595,0.55772,0.57006,0.54153
-0.00093253,0.0012981,0.0015417,0.2661,0.55772,0.57017,0.54134
-0.0010209,0.0013336,0.0016599,0.26621,0.55766,0.57031,0.54119
-0.0011261,0.0014139,0.0017812,0.26636,0.55763,0.57037,0.54109
-0.0012441,0.0014982,0.0018247,0.26646,0.55772,0.57039,0.54093
-0.0013864,0.0015223,0.0018484,0.26659,0.55783,0.57035,0.54079
-0.0015161,0.0016033,0.0018509,0.2667,0.55791,0.57036,0.54065
-0.0016298,0.0016621,0.0018814,0.26685,0.55795,0.57042,0.54045
-0.0017112,0.0016834,0.0019248,0.26704,0.55794,0.57051,0.54029
-0.001765,0.0017954,0.0020103,0.26714,0.55788,0.57065,0.54015
-0.0018826,0.001903,0.0020885,0.2673,0.55779,0.57084,0.53997
-0.0020047,0.0019756,0.0021414,0.26745,0.55783,0.5709,0.53978
-0.0021557,0.0020383,0.002218,0.2676,0.55792,0.57093,0.53958
-0.0022937,0.0021344,0.0022517,0.26768,0.55807,0.57094,0.53939
-0.0024383,0.0021863,0.00229,0.2677,0.55813,0.57093,0.53932
-0.0025891,0.0022854,0.0023821,0.26766,0.55816,0.57097,0.53926
-0.0026851,0.0024005,0.0024675,0.26757,0.55809,0.57109,0.53926
-0.0027506,0.0024741,0.0026105,0.2675,0.55804,0.57123,0.53919
-0.0028141,0.00257,0.0027062,0.2675,0.55804,0.57123,0.53919
-0.0028742,0.0026451,0.0029226,0.26799,0.55806,0.57149,0.53865
-0.0028435,0.0027611,0.0031087,0.26842,0.55799,0.5716,0.5384
-0.0028285,0.0028598,0.0033467,0.26876,0.55797,0.57168,0.53816
-0.0027653,0.0029339,0.0035086,0.26876,0.55797,0.57168,0.53816
-0.0027041,0.0029947,0.0037152,0.26903,0.5579,0.57168,0.5381
-0.0026212,0.0030652,0.0038897,0.26933,0.55776,0.57169,0.53808
-0.0025601,0.0031094,0.0040766,0.26953,0.55753,0.57177,0.53814
-0.0024374,0.0031696,0.0042417,0.26956,0.55729,0.57186,0.53827
-0.0022917,0.0032416,0.0044258,0.26962,0.557,0.57196,0.53844
-0.0020893,0.0032674,0.0045511,0.26973,0.55676,0.57202,0.53857
-0.0019187,0.0033186,0.0047171,0.26987,0.55657,0.57206,0.53865
-0.0017723,0.0033326,0.0048519,0.2701,0.55644,0.57209,0.53864
-0.0016026,0.0033348,0.0049749,0.27046,0.55639,0.57201,0.53859
-0.0014551,0.0033378,0.0051336,0.27082,0.55629,0.57197,0.53855
-0.0012825,0.0032991,0.0052848,0.27119,0.55615,0.57197,0.53852
-0.00113,0.0032673,0.0054495,0.2715,0.5561,0.57188,0.53851
-0.00094974,0.003206,0.0055432,0.27176,0.55608,0.57175,0.53853
-0.0008047,0.0032576,0.0056589,0.27202,0.55607,0.57162,0.53855
-0.00062311,0.0032762,0.0057467,0.27229,0.55606,0.57149,0.53857
-0.00044729,0.003289,0.0058268,0.27255,0.55605,0.57136,0.53859
-0.00030904,0.0033119,0.0059069,0.27271,0.55606,0.57127,0.53859
-0.00013196,0.0032741,0.0059368,0.27291,0.55592,0.57127,0.53864
-2.0462e-05,0.0032415,0.0059688,0.27303,0.55574,0.57133,0.5387
0.00014808,0.0032374,0.0060106,0.27317,0.55564,0.57129,0.53877
0.00025686,0.0031525,0.0059707,0.27337,0.55559,0.57121,0.53881
0.00038654,0.0031153,0.0059293,0.27356,0.55559,0.57109,0.53883
0.00052327,0.0030553,0.0059081,0.27381,0.55567,0.57089,0.53884
0.00064102,0.003003,0.0058693,0.27413,0.55583,0.57058,0.53883
0.00075401,0.0029712,0.0058421,0.27457,0.55604,0.57023,0.53877
0.00081692,0.0029267,0.0058101,0.275,0.55633,0.5698,0.5387
0.00094013,0.0028898,0.0057707,0.27543,0.55668,0.56933,0.53862
0.0010199,0.0028278,0.0057805,0.27577,0.5569,0.56902,0.53854
0.0011297,0.0027979,0.0058601,0.27608,0.55689,0.56889,0.53852
0.001174,0.0027874,0.0059045,0.27636,0.55673,0.56897,0.53848
0.0010848,0.0027835,0.0058699,0.27668,0.55673,0.56898,0.53829
0.0010597,0.0027654,0.0058576,0.27711,0.55688,0.56887,0.53804
0.0010335,0.0027532,0.0058646,0.27757,0.55704,0.56878,0.53773
0.00097538,0.002727,0.0058717,0.27799,0.55723,0.56863,0.53748
0.00089518,0.0027096,0.0058035,0.27838,0.55758,0.56829,0.53726
0.00086309,0.0026535,0.0057425,0.27869,0.55805,0.5678,0.53713
0.00076834,0.0026757,0.0056169,0.27881,0.55848,0.56747,0.53697
0.00069303,0.0026704,0.0055328,0.27889,0.55872,0.56729,0.53687
0.00061864,0.0026838,0.0054735,0.27906,0.55885,0.56726,0.53669
0.00050053,0.0026872,0.0054334,0.27928,0.55902,0.56719,0.53647
0.0004112,0.0027079,0.0054014,0.2796,0.5592,0.56702,0.53629
0.00036653,0.0027363,0.0054516,0.27979,0.55938,0.56698,0.53604
0.00028557,0.002756,0.0054775,0.27994,0.55943,0.56705,0.53585
0.00021696,0.0027793,0.0054438,0.28009,0.55944,0.56706,0.53574
0.0001698,0.0028272,0.0054299,0.28035,0.55963,0.56691,0.53557
7.926e-05,0.0028226,0.0053958,0.28067,0.56007,0.5666,0.53527
-4.3513e-06,0.0029068,0.0053726,0.28111,0.56065,0.56605,0.53501
-6.1218e-05,0.0029674,0.0054294,0.28152,0.56116,0.56562,0.53471
-5.0119e-05,0.0030514,0.0055426,0.28175,0.56124,0.56553,0.53461
-8.9231e-05,0.0031011,0.0056487,0.2818,0.56093,0.56583,0.53459
-0.00014202,0.0031441,0.0056855,0.28187,0.56066,0.56607,0.53459
-0.00021991,0.0031935,0.0056913,0.28211,0.56072,0.56606,0.5344
-0.00033673,0.0032485,0.0056868,0.2826,0.56106,0.56582,0.53403
-0.0003972,0.0032685,0.0057019,0.28311,0.56149,0.56548,0.53368
-0.00044889,0.0032758,0.0056822,0.28364,0.56195,0.56508,0.53334
-0.00046245,0.003311,0.0056665,0.28405,0.56233,0.56468,0.53314
-0.00052267,0.0033316,0.0056115,0.28443,0.56279,0.56417,0.533
-0.00051798,0.0033339,0.0055285,0.28484,0.56335,0.56359,0.5328
-0.00058517,0.0033468,0.0054462,0.28523,0.56397,0.56299,0.53257
-0.00061696,0.0033312,0.0053922,0.28576,0.56459,0.56241,0.53223
-0.00069774,0.0033493,0.0053485,0.2863,0.5653,0.56183,0.5318
-0.00076182,0.003335,0.0053326,0.28679,0.5659,0.56133,0.53142
-0.00076969,0.0033778,0.0053441,0.28721,0.56635,0.56103,0.53104
-0.00068439,0.0033827,0.0053446,0.28753,0.56657,0.56082,0.53085
-0.00069284,0.0033661,0.0052421,0.28782,0.56691,0.56047,0.5307
-0.00080922,0.0033299,0.0049897,0.28823,0.56752,0.55984,0.5305
-0.00077632,0.0032599,0.0046875,0.28878,0.56845,0.55885,0.53025
-0.0007438,0.0031579,0.0042712,0.28949,0.56973,0.55751,0.5299
-0.00064226,0.0030606,0.0038684,0.29036,0.57141,0.55578,0.52942
-0.00072062,0.0029234,0.0032994,0.29157,0.57355,0.55367,0.52866
-0.00075954,0.0028187,0.0028872,0.2931,0.57602,0.5512,0.5277
-0.00074779,0.0026836,0.0025866,0.29481,0.57843,0.54873,0.52669
-0.0007879,0.002638,0.0024732,0.29616,0.58023,0.54709,0.52565
-0.00075755,0.0026074,0.0024872,0.2972,0.58112,0.54626,0.52495
-0.00078322,0.0025685,0.0025067,0.2979,0.58142,0.54596,0.52453
-0.0008483,0.002525,0.0023799,0.29838,0.58164,0.54565,0.52433
-0.00031092,0.0026151,0.0023017,0.2999,0.58167,0.54403,0.52511
-0.00037436,0.0025092,0.0018474,0.30063,0.58278,0.54277,0.52478
-0.00034714,0.0023374,0.0013087,0.30173,0.58458,0.5408,0.52418
-0.00035442,0.0021809,0.00069987,0.30326,0.58703,0.53831,0.52311
-0.00040857,0.0020205,0.00014656,0.30504,0.5897,0.5356,0.52187
8.3181e-06,0.001975,-0.00028256,0.30824,0.59172,0.53179,0.52159
2.6142e-05,0.0018617,-0.00058079,0.31023,0.59415,0.52927,0.52021
2.4885e-05,0.0017977,-0.00074631,0.31206,0.59613,0.52719,0.51896
7.862e-07,0.0017435,-0.00082046,0.31366,0.59768,0.5255,0.51793
-1.5325e-05,0.0016979,-0.00080146,0.31512,0.59882,0.52421,0.51703
0.00039616,0.0017562,-0.0008302,0.31775,0.59891,0.52206,0.51749
0.00042195,0.0017208,-0.00084106,0.31903,0.59954,0.52116,0.51687
0.00049273,0.0017095,-0.00085968,0.32031,0.60017,0.52027,0.51626
0.00058176,0.0017014,-0.00094088,0.32165,0.60086,0.51928,0.51562
0.00065724,0.0017342,-0.00096346,0.32307,0.6017,0.51816,0.51487
0.00078802,0.001719,-0.0010556,0.32445,0.60264,0.51699,0.51408
0.00083046,0.0016976,-0.0010804,0.32585,0.60363,0.5158,0.51322
0.00085381,0.0016813,-0.0011722,0.32719,0.60464,0.51462,0.51237
0.0009315,0.0016411,-0.0011925,0.32841,0.60556,0.51354,0.51158
0.00091507,0.0016106,-0.001238,0.32948,0.60632,0.51264,0.5109
0.0011868,0.0016313,-0.0012457,0.33104,0.60648,0.51136,0.51099
0.0012158,0.0015942,-0.0012639,0.33177,0.60689,0.5108,0.51059
0.0012856,0.00159,-0.0012599,0.33247,0.60712,0.5104,0.51026
0.0013511,0.0016147,-0.0012549,0.33312,0.60734,0.51008,0.50988
0.0013997,0.0016115,-0.0012792,0.33393,0.60768,0.50964,0.5094
0.0015053,0.0016026,-0.0013396,0.33487,0.60816,0.50907,0.50877
0.0014939,0.0015937,-0.0014472,0.33599,0.6089,0.50825,0.50797
0.0014923,0.0015541,-0.0015557,0.33728,0.60978,0.50723,0.50708
0.0015107,0.0015012,-0.0017544,0.33883,0.61095,0.50577,0.50608
0.0014462,0.0014439,-0.0020344,0.34059,0.61245,0.50384,0.50503
0.001497,0.0014027,-0.0022642,0.34283,0.61389,0.50137,0.50422
0.0013798,0.001354,-0.0024753,0.3447,0.61544,0.4993,0.5031
0.001294,0.0013059,-0.0025557,0.34657,0.61667,0.49751,0.50208
0.0011909,0.0012941,-0.0025658,0.34827,0.61758,0.4962,0.50109
0.0011105,0.001303,-0.002545,0.34984,0.61822,0.49525,0.50015
0.0012957,0.0013315,-0.0026296,0.35243,0.61803,0.49369,0.5001
0.00099692,0.0012977,-0.0028226,0.35401,0.61856,0.49302,0.499
0.00064587,0.0012537,-0.0031948,0.3559,0.61991,0.49152,0.49745
0.00013205,0.0011393,-0.0037165,0.35831,0.62238,0.48871,0.4954
-0.00037599,0.0010225,-0.0043511,0.36109,0.62568,0.4849,0.49296
-0.00080809,0.00091648,-0.0049348,0.36394,0.62883,0.48098,0.49069
-0.0011957,0.00075965,-0.0053158,0.36667,0.63204,0.47715,0.48827
-0.0016766,0.00064002,-0.0055277,0.36907,0.63455,0.47399,0.48628
-0.0019544,0.00062942,-0.0055296,0.37113,0.63624,0.47174,0.48468
-0.0021657,0.00060767,-0.0054652,0.37274,0.63724,0.47027,0.48357
-0.0018523,0.00078886,-0.0053395,0.37552,0.63634,0.46862,0.4842
-0.0021066,0.0008995,-0.0052421,0.3766,0.63645,0.46827,0.48357
-0.0024242,0.00097433,-0.0052279,0.37761,0.63641,0.46813,0.48296
-0.0027689,0.0010116,-0.005361,0.37902,0.63697,0.46729,0.48192
-0.0031724,0.0010641,-0.005581,0.38061,0.63827,0.46553,0.48065
-0.0036435,0.0010964,-0.0060133,0.38227,0.6403,0.46294,0.47913
-0.0042975,0.00095739,-0.0069519,0.38402,0.64282,0.4597,0.47748
-0.0048132,0.00086312,-0.007595,0.38579,0.64546,0.4563,0.47575
-0.0053455,0.00074849,-0.0081111,0.3875,0.64779,0.4532,0.47415
-0.0056689,0.00073253,-0.008359,0.38905,0.64956,0.45077,0.47278
-0.0060105,0.00071531,-0.0086905,0.39062,0.65055,0.44885,0.47195
-0.0063917,0.00076378,-0.0086438,0.39172,0.65105,0.44793,0.47121
-0.0065015,0.00087823,-0.0085574,0.39264,0.65116,0.44746,0.47075
-0.0067114,0.00095313,-0.0084976,0.39337,0.65089,0.4474,0.47057
-0.0070785,0.0010119,-0.0087023,0.39401,0.65076,0.44723,0.47037
-0.0071336,0.001136,-0.008753,0.39532,0.65049,0.4462,0.47063
-0.0075101,0.0011924,-0.0089703,0.3959,0.65112,0.44521,0.4702
-0.0079882,0.001138,-0.0094444,0.39663,0.65225,0.44362,0.46953
-0.0085608,0.0010768,-0.010003,0.3976,0.65392,0.44134,0.46854
-0.0089372,0.0010527,-0.01038,0.39881,0.65584,0.43859,0.4674
-0.0094313,0.00098223,-0.010989,0.40018,0.65773,0.4357,0.46627
-0.0099835,0.00090926,-0.011503,0.40139,0.65937,0.43339,0.46508
-0.010861,0.00086184,-0.01191,0.40255,0.6605,0.43169,0.46405
-0.011166,0.00091335,-0.012044,0.40367,0.6611,0.43061,0.46321
-0.011537,0.00086775,-0.012233,0.4046,0.66138,0.43,0.46257
-0.011754,0.00092146,-0.012269,0.40575,0.66119,0.42942,0.46237
-0.012099,0.00094668,-0.012368,0.40642,0.66132,0.42909,0.46191
-0.012462,0.00094203,-0.012469,0.40717,0.66163,0.42853,0.46134
-0.013243,0.00092109,-0.01259,0.4081,0.66226,0.4277,0.46038
-0.013752,0.00090381,-0.012844,0.4093,0.66346,0.42613,0.45903
-0.01415,0.00089378,-0.013254,0.41166,0.66478,0.42317,0.45774
-0.014812,0.00082736,-0.013704,0.41333,0.66699,0.42037,0.4556
-0.015476,0.00077427,-0.014154,0.41503,0.66918,0.41755,0.45342
-0.015853,0.00069417,-0.014563,0.41665,0.67107,0.41513,0.45136
-0.016475,0.00061851,-0.014807,0.41813,0.6725,0.41329,0.44956
-0.017002,0.00059086,-0.014951,0.41935,0.67339,0.41213,0.44816
-0.017446,0.00059114,-0.014981,0.42036,0.67384,0.41149,0.44713
-0.017889,0.00062035,-0.014943,0.42107,0.67412,0.41108,0.44641
-0.018147,0.00070527,-0.014861,0.42176,0.67429,0.41075,0.44579
-0.018533,0.0007601,-0.014837,0.42249,0.67442,0.41043,0.4452
-0.018721,0.0009108,-0.014847,0.42396,0.67434,0.40939,0.44488
-0.019161,0.0009896,-0.014943,0.42488,0.6751,0.40836,0.4438
-0.019596,0.0010681,-0.015125,0.42592,0.67629,0.40679,0.44244
-0.019834,0.001082,-0.015301,0.42716,0.67766,0.40496,0.44082
-0.020287,0.0011466,-0.015397,0.4285,0.679,0.40311,0.43914
-0.020704,0.0011906,-0.01542,0.42989,0.68017,0.40153,0.43742
-0.021087,0.0012445,-0.015412,0.43129,0.68097,0.40027,0.43595
-0.021384,0.0013418,-0.015316,0.43258,0.68143,0.39941,0.43474
-0.021832,0.0013925,-0.015165,0.43381,0.68155,0.39881,0.43388
-0.021999,0.0015177,-0.014911,0.43491,0.6814,0.39864,0.43317
-0.021979,0.0017555,-0.014677,0.43668,0.68059,0.39811,0.43315
-0.022078,0.0019482,-0.014407,0.43758,0.68042,0.39801,0.4326
-0.022223,0.0021152,-0.014219,0.43836,0.68042,0.39772,0.43207
-0.022202,0.0023193,-0.014003,0.4391,0.68055,0.39741,0.4314
-0.022348,0.0025034,-0.013818,0.43974,0.68078,0.39707,0.4307
-0.022251,0.0026936,-0.013673,0.44099,0.68057,0.39635,0.43042
-0.022403,0.0027603,-0.013535,0.44146,0.68079,0.39618,0.42973
-0.022545,0.0028638,-0.013377,0.44186,0.68087,0.39623,0.42916
-0.022729,0.002993,-0.013191,0.44229,0.68071,0.39646,0.42874
-0.022832,0.003095,-0.013033,0.44264,0.68043,0.3968,0.42851
-0.022928,0.0031493,-0.012878,0.44284,0.68016,0.39727,0.42831
-0.022948,0.0032668,-0.012723,0.44301,0.6798,0.39767,0.42834
-0.022946,0.0033805,-0.012603,0.44307,0.67942,0.39815,0.42844
-0.022971,0.0034039,-0.012593,0.44308,0.67909,0.39852,0.42859
-0.022929,0.0034165,-0.012541,0.44304,0.67909,0.39852,0.42863
-0.023018,0.0033869,-0.012615,0.44264,0.67947,0.39844,0.42853
-0.023086,0.0033258,-0.012719,0.4424,0.67985,0.39817,0.42842
-0.023151,0.0033256,-0.012793,0.44212,0.68015,0.39805,0.42835
-0.02436,0.0033436,-0.012829,0.44188,0.68032,0.39811,0.42826
-0.024395,0.0033398,-0.012792,0.4417,0.68032,0.39832,0.42825
-0.02442,0.0033024,-0.012772,0.44135,0.68036,0.39867,0.42824
-0.024413,0.0033265,-0.012783,0.44127,0.6802,0.39889,0.42836
-0.024332,0.0033087,-0.012726,0.44122,0.68001,0.39912,0.42851
-0.024306,0.0033308,-0.012654,0.44113,0.67966,0.39941,0.42889
-0.024167,0.0033204,-0.012694,0.44106,0.67928,0.39968,0.4293
-0.023967,0.00332,-0.012687,0.44094,0.67891,0.39995,0.42976
-0.023817,0.0033824,-0.012656,0.4408,0.67877,0.40008,0.43
-0.023716,0.0034071,-0.012682,0.44065,0.67876,0.40006,0.43019
-0.023892,0.003401,-0.012717,0.44051,0.67888,0.39989,0.4303
-0.023855,0.0034364,-0.01275,0.4404,0.67907,0.39964,0.43035
-0.023851,0.0034596,-0.012779,0.44036,0.67911,0.39947,0.43047
-0.023804,0.0034719,-0.012814,0.44017,0.67909,0.39955,0.43063
-0.023783,0.0034605,-0.012814,0.43997,0.67894,0.39985,0.4308
-0.023681,0.0034058,-0.012775,0.43971,0.6787,0.40022,0.4311
-0.023577,0.0034037,-0.012741,0.43944,0.67841,0.40061,0.43146
-0.023474,0.0034402,-0.012757,0.43937,0.67793,0.40084,0.43208
-0.023413,0.0034348,-0.012772,0.43891,0.67765,0.40134,0.43251
-0.023334,0.0034334,-0.01274,0.43844,0.67729,0.40198,0.43296
-0.023586,0.0034897,-0.012714,0.43792,0.67695,0.4026,0.43344
-0.023531,0.0034671,-0.012712,0.43756,0.67676,0.40303,0.4337
-0.023547,0.0034773,-0.01276,0.43722,0.67662,0.40334,0.43399
-0.023492,0.0034834,-0.012745,0.43702,0.6764,0.40364,0.43425
-0.023403,0.0034821,-0.012742,0.43687,0.67614,0.40398,0.43448
-0.023454,0.0034772,-0.012752,0.43672,0.67578,0.40439,0.43481
-0.023331,0.0034568,-0.012742,0.43652,0.67536,0.40492,0.43518
-0.02323,0.0034605,-0.012643,0.43636,0.67487,0.40544,0.43561
-0.023133,0.0034769,-0.012596,0.43604,0.6744,0.40611,0.43604
-0.023016,0.0034957,-0.012502,0.43567,0.67394,0.40677,0.4365
-0.022865,0.0035346,-0.01241,0.43524,0.67346,0.40741,0.43708
-0.022766,0.0035879,-0.012337,0.43465,0.67299,0.40816,0.43768
-0.022646,0.0036361,-0.012232,0.43465,0.67299,0.40816,0.43768
-0.022191,0.0037234,-0.01217,0.43503,0.67184,0.40823,0.43901
-0.022082,0.0037571,-0.012193,0.43383,0.67095,0.40972,0.44017
-0.021994,0.0037478,-0.012226,0.43335,0.6705,0.4104,0.44069
-0.021734,0.0037838,-0.012201,0.43287,0.66998,0.41108,0.44131
-0.021556,0.003773,-0.01222,0.43287,0.66998,0.41108,0.44131
-0.021349,0.0037943,-0.012179,0.43238,0.66936,0.41183,0.44204
-0.021038,0.0038082,-0.012175,0.43088,0.66774,0.41401,0.44393
-0.020702,0.0037986,-0.012115,0.43006,0.66678,0.41529,0.44496
-0.0204,0.0038373,-0.01197,0.42932,0.66572,0.41664,0.44599
-0.020112,0.0038884,-0.011804,0.42932,0.66572,0.41664,0.44599
-0.019712,0.0039375,-0.011575,0.42847,0.66456,0.41818,0.4471
-0.019294,0.0040795,-0.011268,0.42661,0.66208,0.42161,0.44932
-0.01928,0.00413,-0.011059,0.42661,0.66208,0.42161,0.44932
-0.018925,0.0042363,-0.010915,0.42574,0.66094,0.42316,0.45039
-0.018636,0.0043074,-0.010777,0.42499,0.66,0.42439,0.45131
-0.018452,0.0043437,-0.01069,0.42415,0.65951,0.42545,0.45181
-0.018183,0.0043297,-0.010694,0.42371,0.65904,0.426,0.45238
-0.018188,0.0043623,-0.010685,0.42345,0.65872,0.42636,0.45277
-0.01793,0.0043641,-0.010681,0.42319,0.65841,0.42661,0.45322
-0.017676,0.0043768,-0.01066,0.42285,0.65807,0.42695,0.45372
-0.017422,0.0044337,-0.010524,0.4223,0.65772,0.42757,0.45415
-0.017054,0.0044658,-0.010394,0.42176,0.65708,0.4283,0.45489
-0.016911,0.0045388,-0.010141,0.42111,0.65627,0.4293,0.45572
-0.016525,0.0046616,-0.0098855,0.42031,0.65522,0.43067,0.45667
-0.016121,0.004785,-0.0095469,0.4195,0.65396,0.43226,0.45772
-0.015677,0.0049345,-0.0091923,0.41858,0.6526,0.43403,0.45884
-0.015243,0.0050606,-0.0088116,0.41767,0.65111,0.43592,0.45999
-0.015276,0.0051851,-0.0084483,0.41675,0.64958,0.43777,0.46122
-0.014787,0.0053227,-0.0080788,0.41572,0.64811,0.43967,0.4624
-0.014288,0.0054128,-0.0077808,0.41464,0.64673,0.44142,0.46363
-0.013807,0.0055128,-0.0075626,0.41368,0.64539,0.44289,0.46496
-0.013357,0.0055796,-0.0073345,0.41265,0.6443,0.44422,0.46612
-0.012646,0.0056492,-0.0071951,0.41157,0.64344,0.44533,0.46719
-0.012265,0.0056832,-0.007064,0.41062,0.64266,0.44637,0.46813
-0.011898,0.005736,-0.0069365,0.4097,0.64191,0.44736,0.46901
-0.011466,0.0057829,-0.0067379,0.40879,0.64104,0.44848,0.46991
-0.011068,0.0058477,-0.0064714,0.40785,0.64004,0.44985,0.47079
-0.010982,0.0059195,-0.006162,0.40686,0.63886,0.45135,0.47181
-0.01056,0.0059809,-0.0057936,0.40582,0.63756,0.45301,0.47287
-0.010117,0.0060193,-0.0054743,0.40469,0.63622,0.45471,0.47402
-0.0096033,0.0061139,-0.0051796,0.4036,0.63481,0.4563,0.4753
-0.0091062,0.0061591,-0.0048503,0.40245,0.63351,0.45785,0.47651
-0.008689,0.0062316,-0.0045938,0.40119,0.63237,0.45932,0.47768
-0.0082371,0.0062636,-0.0043818,0.3999,0.63144,0.46056,0.47879
-0.0078235,0.0063288,-0.0042056,0.39864,0.6306,0.46172,0.47984
-0.0074912,0.006298,-0.0039757,0.39708,0.63007,0.46314,0.48046
-0.0069793,0.0063465,-0.0037221,0.39608,0.62912,0.46428,0.48143
-0.0065258,0.006384,-0.0033296,0.395,0.62804,0.46562,0.48242
-0.0060286,0.0064626,-0.0028052,0.39383,0.62661,0.4673,0.48361
-0.0054959,0.0065437,-0.0022538,0.3924,0.62477,0.46953,0.485
-0.0049371,0.0067026,-0.0015389,0.39069,0.62266,0.47223,0.48647
-0.0042512,0.0068103,-0.0007647,0.38892,0.62005,0.47527,0.48826
-0.0029172,0.0069953,3.6242e-05,0.38696,0.61711,0.47864,0.49024
-0.0021244,0.0071743,0.0007507,0.38473,0.61406,0.48207,0.49246
-0.001386,0.0073092,0.0013421,0.38239,0.61112,0.48524,0.49482
-0.00061253,0.0074409,0.0017814,0.38002,0.60858,0.48804,0.49702
0.00014743,0.0075398,0.0021685,0.37779,0.60639,0.49051,0.49897
0.00073821,0.0076464,0.0025461,0.37572,0.6045,0.49271,0.50065
0.001426,0.0077011,0.0028767,0.37374,0.60286,0.49472,0.50212
0.0020905,0.0078146,0.0033444,0.37186,0.60117,0.49678,0.50352
0.0026238,0.0078577,0.0038747,0.36943,0.59958,0.49942,0.50458
0.0032992,0.0079563,0.0044998,0.36738,0.5973,0.50213,0.5061
0.0040223,0.0080782,0.005196,0.36513,0.59445,0.50525,0.50797
0.0047556,0.0082247,0.0058913,0.36277,0.59138,0.50849,0.51001
0.0054796,0.0083789,0.0065263,0.36038,0.58841,0.51154,0.51209
0.0062269,0.0084977,0.0070438,0.35814,0.58579,0.51406,0.51413
0.0069486,0.00863,0.0075171,0.35614,0.58359,0.51622,0.51586
0.0074647,0.0087363,0.0079245,0.3543,0.58174,0.51806,0.51737
0.0081628,0.0088476,0.00833,0.35264,0.58008,0.51978,0.51863
0.0088353,0.0089978,0.0087532,0.35114,0.57863,0.52136,0.51968
0.0094165,0.0091696,0.0092079,0.34947,0.57733,0.52307,0.52054
0.010025,0.0093033,0.0097531,0.34802,0.5757,0.52472,0.52165
0.010497,0.0094578,0.010375,0.34644,0.57382,0.52665,0.52282
0.011104,0.0095849,0.011012,0.34486,0.57153,0.52881,0.5242
0.011666,0.0097403,0.011654,0.34317,0.56906,0.53106,0.52572
0.012273,0.0098881,0.012202,0.34143,0.56671,0.53314,0.52727
0.012809,0.010032,0.012608,0.33968,0.56465,0.53478,0.52896
0.013342,0.010165,0.012969,0.33809,0.56299,0.53596,0.53055
0.013931,0.010347,0.013355,0.33662,0.56156,0.53715,0.5318
0.014494,0.010509,0.01381,0.33526,0.56001,0.5386,0.53282
0.015038,0.010714,0.014362,0.33391,0.55834,0.54033,0.53367
0.015505,0.010876,0.01495,0.33256,0.55645,0.54226,0.53453
0.016,0.01105,0.015554,0.33101,0.55435,0.54443,0.53546
0.016397,0.011234,0.016141,0.32924,0.55201,0.54677,0.53659
0.016751,0.011402,0.016723,0.32719,0.54966,0.5491,0.53788
0.017093,0.011533,0.017166,0.32508,0.54741,0.55125,0.53926
0.017429,0.011625,0.01755,0.32296,0.5455,0.55305,0.54061
0.017728,0.011775,0.017868,0.32081,0.54379,0.5546,0.54202
0.017536,0.011739,0.017701,0.31874,0.54224,0.55595,0.54341
0.018385,0.011989,0.01839,0.31662,0.5408,0.55727,0.54473
0.018605,0.012101,0.018668,0.31454,0.53938,0.55884,0.54574
0.018852,0.012253,0.019078,0.31263,0.53772,0.56058,0.54668
0.018417,0.01224,0.019099,0.3108,0.53576,0.56265,0.54753
0.018552,0.012414,0.0197,0.30886,0.53346,0.56508,0.54837
0.01921,0.012735,0.020763,0.30676,0.53093,0.56761,0.5494
0.019311,0.012912,0.021325,0.30418,0.52857,0.57029,0.55033
0.019417,0.013084,0.021761,0.30178,0.52635,0.57242,0.55156
0.01892,0.013069,0.021775,0.2995,0.5246,0.57404,0.55279
0.01918,0.013266,0.022155,0.29754,0.523,0.57534,0.55401
0.019496,0.013417,0.022509,0.29573,0.52142,0.57646,0.55531
0.019801,0.013604,0.022906,0.29401,0.51962,0.57768,0.55663
0.02017,0.013758,0.023327,0.29245,0.51764,0.57907,0.55785
0.020389,0.01396,0.023843,0.29101,0.51547,0.58085,0.55877
0.020539,0.014129,0.024407,0.28955,0.513,0.58306,0.55949
0.02059,0.014322,0.024965,0.2883,0.51049,0.58531,0.56008
0.020617,0.014469,0.025416,0.28699,0.50837,0.58739,0.56051
0.020609,0.014659,0.02579,0.28553,0.50657,0.58907,0.56112
0.020731,0.014774,0.026066,0.28389,0.50502,0.59048,0.56187
0.020818,0.014921,0.026335,0.28207,0.50334,0.59191,0.56279
0.020841,0.015057,0.026618,0.28021,0.50138,0.59346,0.56384
0.020954,0.015209,0.026882,0.27839,0.49908,0.59493,0.56523
0.02113,0.015347,0.027211,0.27648,0.49669,0.5965,0.5666
0.021439,0.015493,0.027552,0.27468,0.49413,0.59803,0.5681
0.021651,0.015676,0.027909,0.27298,0.49151,0.59969,0.56945
0.021819,0.01585,0.028299,0.27155,0.48896,0.60146,0.57046
0.02197,0.015998,0.028627,0.27049,0.48648,0.60312,0.57133
0.02201,0.016112,0.029016,0.2697,0.48436,0.60467,0.57187
0.021966,0.016212,0.029432,0.26913,0.48254,0.606,0.57227
0.021933,0.016337,0.029799,0.2684,0.48082,0.60738,0.57259
0.02197,0.01644,0.030245,0.26758,0.47871,0.60895,0.57308
0.021951,0.016513,0.030703,0.26659,0.47625,0.61076,0.57367
0.021998,0.016568,0.031159,0.2656,0.4735,0.61258,0.57445
0.022133,0.016649,0.031636,0.26461,0.47062,0.61442,0.57531
0.02223,0.0166,0.03206,0.26364,0.46796,0.61605,0.57619
0.022379,0.016631,0.032485,0.26273,0.46567,0.61746,0.57695
0.022515,0.016704,0.032765,0.2619,0.4634,0.61856,0.57797
0.022649,0.016762,0.032962,0.26092,0.46126,0.61953,0.57908
0.023089,0.016887,0.03317,0.25971,0.45923,0.62023,0.58049
0.023271,0.016963,0.033273,0.25828,0.45702,0.62088,0.58218
0.0235,0.017036,0.033426,0.2565,0.45446,0.62166,0.58414
0.02353,0.017064,0.033508,0.25445,0.45193,0.62272,0.58586
0.023629,0.017079,0.033591,0.25235,0.4494,0.62391,0.58745
0.023489,0.017093,0.03365,0.25035,0.44716,0.62517,0.58867
0.023353,0.017077,0.033821,0.24871,0.44516,0.62672,0.58923
0.023133,0.017024,0.033995,0.24756,0.44356,0.62832,0.58923
0.022972,0.016963,0.034248,0.24668,0.44216,0.62987,0.58899
0.022785,0.0169,0.03453,0.2458,0.44096,0.63129,0.58874
0.022532,0.016834,0.034776,0.24463,0.43996,0.63246,0.58872
0.022405,0.016771,0.034913,0.24308,0.43905,0.63344,0.58898
0.022283,0.016783,0.034919,0.24138,0.43831,0.63401,0.58962
0.022372,0.016823,0.034887,0.23977,0.4377,0.6342,0.59052
0.022463,0.016892,0.0348,0.23822,0.43714,0.63427,0.5915
0.022759,0.016948,0.034766,0.23689,0.43649,0.6344,0.59236
0.022828,0.016992,0.034753,0.23563,0.43584,0.63477,0.59294
0.022968,0.017007,0.034785,0.23451,0.43518,0.63556,0.59304
0.023048,0.017062,0.034867,0.23377,0.43486,0.63631,0.59275
0.023175,0.017058,0.034862,0.23339,0.43492,0.63663,0.59251
0.023388,0.017034,0.034849,0.23313,0.43535,0.63662,0.59231
0.023537,0.017019,0.03486,0.23289,0.43575,0.63655,0.59219
0.023751,0.017051,0.034936,0.23249,0.43562,0.6367,0.59229
0.023863,0.017073,0.034966,0.23204,0.43529,0.63678,0.59261
0.023968,0.017054,0.035019,0.23156,0.435,0.6369,0.59289
0.024232,0.017058,0.035068,0.23115,0.43474,0.63706,0.59307
0.024268,0.017014,0.0351,0.23081,0.43461,0.63721,0.59313
0.024301,0.017035,0.035151,0.23068,0.43474,0.63739,0.59289
0.024386,0.017077,0.035118,0.2311,0.4351,0.63705,0.59282
0.024329,0.017107,0.035139,0.23149,0.43583,0.63703,0.59216
0.024131,0.01711,0.035253,0.23183,0.43624,0.63721,0.59154
0.024106,0.017137,0.035457,0.23188,0.43604,0.63769,0.59114
0.024071,0.017134,0.035617,0.23161,0.43542,0.63831,0.59104
0.024012,0.017155,0.035711,0.23133,0.43493,0.63869,0.5911
0.023933,0.017159,0.035704,0.23131,0.43506,0.63855,0.59115
0.023825,0.017134,0.035561,0.23161,0.43572,0.63811,0.59103
0.023757,0.017144,0.035463,0.23198,0.43656,0.6377,0.59071
0.023643,0.017172,0.03546,0.23223,0.43711,0.63765,0.59026
0.023623,0.017208,0.03556,0.23242,0.43698,0.63789,0.59002
0.023555,0.017223,0.03561,0.23236,0.43685,0.63838,0.58961
0.023535,0.017233,0.035631,0.23242,0.43706,0.63858,0.58921
0.023392,0.017185,0.035547,0.2327,0.43755,0.63854,0.58878
0.023283,0.017187,0.035454,0.23309,0.43817,0.63825,0.58849
0.02319,0.017188,0.035449,0.23341,0.43849,0.63807,0.58831
0.023112,0.017211,0.035586,0.23354,0.43832,0.63825,0.58819
0.023046,0.017309,0.03571,0.23352,0.43798,0.63851,0.58817
0.022947,0.017388,0.035787,0.23357,0.4378,0.6388,0.58797
0.022894,0.017447,0.03582,0.23381,0.43808,0.63878,0.58769
0.022744,0.017413,0.035759,0.23391,0.43873,0.63888,0.58706
0.02273,0.017402,0.035665,0.23421,0.43932,0.63855,0.58685
0.022697,0.017377,0.035653,0.23429,0.43955,0.63845,0.58675
0.022714,0.017429,0.035681,0.23411,0.43931,0.63853,0.58692
0.022735,0.01744,0.035721,0.23381,0.43901,0.63874,0.58703
0.022796,0.017459,0.035743,0.23376,0.43883,0.63859,0.58735
0.022768,0.01745,0.035717,0.23382,0.4391,0.63843,0.58731
0.023036,0.01753,0.035676,0.23404,0.43936,0.63827,0.5872
0.022992,0.017551,0.035592,0.23421,0.43966,0.63817,0.58701
0.023004,0.017596,0.035542,0.23436,0.43997,0.63808,0.58683
0.023054,0.017613,0.035539,0.23445,0.44028,0.63799,0.58665
0.023088,0.017576,0.035505,0.23446,0.44055,0.63796,0.58647
0.023347,0.017546,0.035445,0.23441,0.44068,0.63794,0.58642
0.02337,0.017513,0.03539,0.23439,0.44085,0.63785,0.58639
0.023359,0.017509,0.03538,0.23444,0.44095,0.63779,0.58636
0.023457,0.017528,0.035386,0.23472,0.44083,0.63749,0.58667
0.023477,0.017578,0.03537,0.23474,0.44068,0.63748,0.58678
0.024013,0.017606,0.035309,0.2348,0.44074,0.63735,0.58686
0.02406,0.017591,0.035229,0.23515,0.4411,0.63711,0.5867
0.024089,0.017535,0.035149,0.23562,0.44166,0.63684,0.5864
0.02407,0.017459,0.03514,0.23599,0.4422,0.63677,0.5859
0.024111,0.017433,0.035157,0.23623,0.44248,0.63675,0.58562
0.024118,0.017409,0.035241,0.23637,0.44265,0.63678,0.58541
0.024097,0.017434,0.03524,0.23637,0.44278,0.63676,0.58533
0.024081,0.017426,0.035237,0.23637,0.44289,0.63669,0.58532
0.024068,0.017451,0.035167,0.23636,0.44295,0.63657,0.58541
0.024077,0.017442,0.035117,0.23621,0.44309,0.63645,0.5855
0.024119,0.017447,0.035086,0.23619,0.44327,0.63627,0.58556
0.024154,0.017404,0.035035,0.23619,0.44342,0.63617,0.58556
0.024145,0.017394,0.035032,0.23619,0.44341,0.63626,0.58547
0.02421,0.017415,0.035067,0.23637,0.44309,0.63622,0.58568
0.02413,0.017373,0.035054,0.23621,0.44295,0.63646,0.58559
0.023791,0.017337,0.035016,0.23626,0.44314,0.63642,0.58547
0.023722,0.017305,0.034901,0.23637,0.44346,0.63622,0.5854
0.023727,0.017307,0.034894,0.23646,0.44377,0.63604,0.58533
0.023827,0.01732,0.034913,0.2366,0.44375,0.63578,0.58557
0.02388,0.017345,0.034967,0.23656,0.4436,0.63577,0.58571
0.02383,0.017298,0.034973,0.23651,0.44361,0.63567,0.58583
0.023831,0.017338,0.035004,0.23651,0.44366,0.63564,0.58583
0.02382,0.017324,0.035019,0.23651,0.44364,0.63573,0.58574
0.023801,0.017337,0.035095,0.23657,0.44348,0.63592,0.58563
0.023798,0.017363,0.035153,0.23672,0.44335,0.63605,0.58553
0.023825,0.017379,0.035184,0.23686,0.44328,0.63616,0.58541
0.023767,0.017393,0.035181,0.2371,0.4434,0.63614,0.58524
0.023749,0.017401,0.035191,0.23749,0.44383,0.63589,0.58503
0.02377,0.017402,0.035172,0.23799,0.44434,0.63532,0.58505
0.02379,0.017414,0.035154,0.23827,0.44488,0.6349,0.58498
0.023773,0.017449,0.035169,0.2384,0.44508,0.63476,0.58494
0.02377,0.017489,0.035267,0.23833,0.44468,0.63495,0.58506
0.023804,0.017515,0.035415,0.23821,0.44433,0.63519,0.58511
0.023773,0.01754,0.035415,0.23824,0.4443,0.63525,0.58505
0.023697,0.01753,0.035379,0.23854,0.44462,0.63519,0.58476
0.023417,0.017534,0.035368,0.23902,0.44506,0.63506,0.58437
0.023361,0.017593,0.035314,0.23957,0.44567,0.63477,0.58399
0.023339,0.017592,0.035264,0.2401,0.44622,0.63448,0.58368
0.023354,0.017632,0.035186,0.24079,0.44686,0.63389,0.58354
0.023364,0.017586,0.035079,0.24146,0.44777,0.63315,0.58337
0.023364,0.017564,0.034959,0.24207,0.44868,0.6324,0.58323
0.023381,0.017487,0.034878,0.24262,0.44944,0.63177,0.5831
0.023362,0.01749,0.034787,0.24308,0.44996,0.63133,0.58298
0.023312,0.017488,0.034769,0.24355,0.45008,0.63117,0.58287
0.023282,0.01753,0.034786,0.24403,0.45018,0.63109,0.58268
0.023142,0.017538,0.034779,0.24472,0.45057,0.63091,0.58228
0.023056,0.017539,0.034718,0.24556,0.45129,0.63055,0.58176
0.022974,0.017455,0.034563,0.24654,0.45228,0.63004,0.58112
0.022926,0.017392,0.034443,0.24739,0.45314,0.62956,0.58062
0.022851,0.01734,0.034338,0.24822,0.45396,0.62913,0.58008
0.023016,0.017258,0.034264,0.24877,0.45448,0.62882,0.57979
0.022885,0.017202,0.034113,0.24907,0.45473,0.62863,0.57966
0.022749,0.017166,0.033974,0.24936,0.4551,0.62829,0.57962
0.022666,0.017122,0.033782,0.25028,0.45586,0.62743,0.57955
0.022551,0.01704,0.033547,0.25097,0.45676,0.6268,0.57922
0.022477,0.016982,0.033268,0.25194,0.45778,0.62611,0.57875
0.022386,0.01691,0.033108,0.25288,0.45861,0.62559,0.57825
0.022378,0.016823,0.033013,0.25372,0.45927,0.62515,0.57783
0.022322,0.016755,0.032913,0.25446,0.45988,0.62473,0.57747
0.022301,0.0167,0.032835,0.25446,0.45988,0.62473,0.57747
0.022609,0.016629,0.032669,0.25563,0.46114,0.62364,0.57713
0.02253,0.016569,0.03247,0.25613,0.46202,0.62286,0.57704
0.022455,0.016544,0.0323,0.25674,0.46296,0.62206,0.57688
0.022385,0.016476,0.032104,0.25674,0.46296,0.62206,0.57688
0.02241,0.016431,0.031745,0.25774,0.46451,0.62073,0.57662
0.022495,0.016349,0.031372,0.25908,0.46648,0.61928,0.576
0.02251,0.016208,0.031004,0.26066,0.46863,0.61766,0.57527
0.022501,0.016103,0.03077,0.26213,0.47033,0.61644,0.57452
0.022429,0.016013,0.030696,0.26323,0.47119,0.61587,0.57393
0.022355,0.015901,0.030653,0.26394,0.4716,0.6156,0.57355
0.022187,0.015847,0.0306,0.26446,0.472,0.61531,0.5733
0.022049,0.01579,0.030459,0.26506,0.47286,0.61462,0.57304
0.02186,0.015759,0.030137,0.26582,0.47432,0.61351,0.57269
0.021741,0.015688,0.029725,0.2669,0.47639,0.61188,0.5722
0.021656,0.015626,0.029272,0.26834,0.47901,0.60986,0.5715
0.021626,0.015519,0.028909,0.26997,0.48165,0.60788,0.57062
0.021537,0.015445,0.028634,0.27146,0.48383,0.60643,0.56961
0.021412,0.01537,0.028497,0.27266,0.48518,0.60571,0.56865
0.021291,0.015292,0.028542,0.27351,0.48572,0.60564,0.56787
0.02133,0.015259,0.028528,0.27468,0.4857,0.60516,0.56782
0.021313,0.015182,0.028413,0.27549,0.48638,0.60486,0.56718
0.021104,0.01508,0.028105,0.27654,0.48779,0.60379,0.56659
0.020925,0.014993,0.027723,0.27785,0.49004,0.602,0.56591
0.020732,0.014913,0.027268,0.27933,0.49272,0.59977,0.56523
0.020744,0.014916,0.026925,0.28111,0.49493,0.59736,0.56497
0.020633,0.014862,0.026661,0.28211,0.49647,0.59605,0.5645
0.020465,0.014876,0.026588,0.28258,0.49707,0.59553,0.56428
0.020308,0.01485,0.026566,0.28276,0.49696,0.59569,0.56413
0.020108,0.014835,0.026609,0.28292,0.49671,0.59598,0.56395
0.019821,0.014816,0.026557,0.28344,0.49697,0.59592,0.56353
0.019478,0.014768,0.026399,0.28416,0.49784,0.59548,0.56287
0.019236,0.014706,0.026234,0.28523,0.49922,0.5946,0.56203
0.019033,0.014649,0.026,0.28642,0.50098,0.59341,0.56112
0.018905,0.014631,0.02578,0.28751,0.50273,0.59209,0.56038
0.018819,0.014609,0.025574,0.28851,0.5042,0.59089,0.55982
0.018792,0.014593,0.025441,0.28919,0.50536,0.5899,0.55946
0.018701,0.014556,0.02526,0.2897,0.50625,0.58916,0.55918
0.018614,0.014484,0.025146,0.29018,0.50674,0.58868,0.55898
0.018468,0.014375,0.025059,0.2908,0.50742,0.58828,0.55847
0.018195,0.014272,0.024905,0.29138,0.50849,0.58793,0.55755
0.018071,0.014195,0.024746,0.29247,0.5097,0.58712,0.55673
0.017914,0.014096,0.024444,0.29368,0.51132,0.58594,0.55586
0.017821,0.014002,0.024138,0.29505,0.51326,0.58449,0.55487
0.0177,0.013904,0.023768,0.29639,0.51551,0.58272,0.55393
0.017615,0.013814,0.023403,0.29768,0.51785,0.58077,0.55311
0.01753,0.013688,0.02303,0.29872,0.52019,0.57893,0.55228
0.01748,0.013485,0.022583,0.29969,0.52236,0.57716,0.55155
0.017322,0.01335,0.022209,0.30069,0.52431,0.57561,0.55079
0.017194,0.013242,0.021824,0.30174,0.52611,0.57417,0.54999
0.017034,0.013098,0.021437,0.30304,0.52793,0.57275,0.54901
0.01698,0.012975,0.02112,0.30453,0.52985,0.57127,0.54788
0.01683,0.012857,0.020799,0.30604,0.53152,0.56996,0.54678
0.01671,0.012742,0.020608,0.30762,0.53294,0.56884,0.54567
0.016663,0.012717,0.020495,0.30894,0.53391,0.56801,0.54484
0.016526,0.012685,0.020392,0.30968,0.53482,0.56766,0.5439
0.016482,0.012669,0.020281,0.31057,0.53554,0.56688,0.5435
0.016446,0.012641,0.020004,0.31145,0.53658,0.56572,0.54318
0.01649,0.01259,0.019646,0.31248,0.53801,0.56415,0.54281
0.016476,0.012491,0.019118,0.31365,0.53988,0.56228,0.54221
0.016415,0.012374,0.018505,0.31495,0.54227,0.5603,0.54112
0.016313,0.012198,0.017798,0.3168,0.5452,0.55753,0.53996
0.016214,0.012029,0.017076,0.31888,0.54849,0.55452,0.5385
0.016172,0.011884,0.016564,0.32091,0.55121,0.5521,0.537
0.016119,0.011842,0.016357,0.3227,0.55278,0.55078,0.53566
0.01611,0.011822,0.016349,0.32407,0.55329,0.55047,0.53463
0.016025,0.011798,0.016462,0.32512,0.55324,0.55063,0.53389
0.015972,0.011778,0.016493,0.32599,0.5532,0.5507,0.53332
0.015858,0.011767,0.016332,0.32698,0.55365,0.55019,0.53277
0.01576,0.011691,0.015919,0.32846,0.55512,0.54859,0.53198
0.015593,0.011527,0.015186,0.33044,0.55786,0.54587,0.53069
0.015319,0.011312,0.014241,0.33292,0.56164,0.54211,0.529
0.015084,0.011065,0.013297,0.3357,0.56588,0.53786,0.52706
0.014903,0.010872,0.01244,0.33828,0.56981,0.53391,0.52518
0.014755,0.010684,0.011808,0.34035,0.57281,0.53095,0.52359
0.01462,0.010597,0.011441,0.34201,0.57467,0.52911,0.52234
0.015144,0.010537,0.011274,0.3433,0.5756,0.52814,0.52145
0.015044,0.010488,0.01121,0.34437,0.57603,0.52761,0.52079
0.014884,0.010408,0.011065,0.34541,0.57641,0.52701,0.52029
0.014776,0.010363,0.010866,0.34655,0.57714,0.52604,0.5197
0.014652,0.01029,0.01044,0.34785,0.57845,0.52446,0.51898
0.014548,0.010191,0.0098708,0.34959,0.58047,0.52198,0.51806
0.014648,0.010068,0.0093496,0.35153,0.58318,0.51881,0.51687
0.014562,0.0099337,0.008686,0.35355,0.58605,0.51557,0.51549
0.014312,0.0097826,0.0080624,0.35541,0.58844,0.51292,0.51413
0.014428,0.0097867,0.0080673,0.35679,0.58968,0.51156,0.51313
0.014758,0.0098422,0.0082484,0.35757,0.58961,0.51158,0.51263
0.014751,0.0099517,0.0085788,0.35779,0.58867,0.51256,0.51257
0.014738,0.010039,0.0089365,0.35788,0.58736,0.51383,0.51275
0.014731,0.010109,0.0092456,0.358,0.5861,0.51497,0.51296
0.014687,0.010153,0.0093297,0.35845,0.58519,0.51567,0.51297
0.014655,0.010169,0.0092743,0.35939,0.58518,0.51535,0.51266
0.014528,0.010103,0.0089266,0.36078,0.58623,0.5138,0.51203
0.014501,0.010042,0.0083969,0.3624,0.58808,0.5114,0.51117
0.014419,0.0099123,0.0077815,0.36412,0.59034,0.50855,0.5102
0.014351,0.0097762,0.007179,0.36564,0.59253,0.50591,0.50919
0.014247,0.009662,0.0067381,0.36706,0.59408,0.50396,0.5083
0.014125,0.0095667,0.0064081,0.36827,0.59499,0.50273,0.50757
0.013981,0.009487,0.006188,0.36927,0.59524,0.50216,0.50712
0.01374,0.009397,0.0060585,0.37035,0.59533,0.50189,0.50649
0.013514,0.0093122,0.0058841,0.37148,0.59554,0.50147,0.50582
0.013263,0.0091918,0.0055501,0.37266,0.59621,0.50056,0.50507
0.012872,0.0090273,0.0049699,0.37401,0.59771,0.49874,0.5041
0.012467,0.0087875,0.0041223,0.37557,0.60013,0.49592,0.50285
0.012058,0.0085086,0.003175,0.37728,0.60318,0.49234,0.50143
0.011682,0.0081792,0.0021682,0.3789,0.60633,0.48868,0.49999
0.012391,0.0079179,0.001253,0.38045,0.60937,0.4852,0.4985
0.012009,0.0076252,0.00044238,0.38181,0.61192,0.48228,0.49718
0.011657,0.0073621,-0.00014947,0.38297,0.61383,0.4801,0.49604
0.011268,0.0071233,-0.00077125,0.38412,0.61521,0.47845,0.49503
0.010823,0.0069127,-0.0012785,0.38531,0.61641,0.47694,0.49407
0.01019,0.0066219,-0.0019407,0.3867,0.61806,0.47494,0.49284
0.0096404,0.0062941,-0.0027685,0.38829,0.62059,0.47211,0.49113
0.0090195,0.0059273,-0.0037449,0.39017,0.62392,0.46824,0.48913
0.0083597,0.0055327,-0.0047958,0.39212,0.62775,0.46372,0.48696
0.0078156,0.0051741,-0.0058063,0.39405,0.6317,0.45909,0.48468
0.0073737,0.0048303,-0.0066735,0.39565,0.63528,0.45496,0.48259
0.0068928,0.0045642,-0.0073728,0.3971,0.63812,0.45154,0.48086
0.006481,0.0043153,-0.0078993,0.39847,0.6401,0.44909,0.47938
0.0061411,0.0041489,-0.0082475,0.39983,0.64148,0.44737,0.47802
0.0057329,0.0040079,-0.0085445,0.40139,0.64252,0.44575,0.47682
0.0056516,0.0037975,-0.0089776,0.4029,0.64396,0.44379,0.47543
0.0051152,0.0035534,-0.0095636,0.40473,0.64599,0.44101,0.47371
0.0044734,0.0032662,-0.010289,0.40686,0.64883,0.43721,0.47151
0.0038468,0.0029349,-0.011079,0.40919,0.65223,0.43256,0.46911
0.0032336,0.002655,-0.011863,0.41153,0.65575,0.42768,0.46661
0.0026891,0.0024211,-0.012545,0.41348,0.65897,0.4234,0.46425
0.0021122,0.0022113,-0.013009,0.41514,0.66146,0.42015,0.46218
0.0016404,0.0021021,-0.013265,0.41653,0.66317,0.41788,0.46052
0.0011836,0.0020601,-0.013335,0.41789,0.66419,0.41648,0.45909
0.00073532,0.0020351,-0.013339,0.41923,0.66479,0.41553,0.45785
0.00037109,0.0020601,-0.013298,0.42063,0.66535,0.4145,0.45668
-0.00013292,0.0020002,-0.013465,0.42212,0.66612,0.41316,0.45541
-0.00078612,0.0018853,-0.01388,0.42381,0.66772,0.41072,0.45371
-0.0015218,0.0017051,-0.014471,0.42573,0.67016,0.40712,0.45154
-0.0021528,0.0015214,-0.015085,0.42841,0.67278,0.40242,0.44933
-0.0023298,0.0014081,-0.015538,0.43017,0.67563,0.39849,0.44685
-0.0028381,0.0013106,-0.015787,0.43158,0.67747,0.39591,0.44501
-0.0032073,0.0013346,-0.015757,0.4325,0.67826,0.39489,0.44382
-0.0034379,0.001402,-0.015536,0.43305,0.67815,0.3952,0.44317
-0.0036551,0.0015466,-0.01515,0.43365,0.6774,0.39624,0.44281
-0.0040287,0.0015366,-0.015171,0.43426,0.6765,0.39757,0.44239
-0.0040735,0.0017877,-0.014373,0.43505,0.67547,0.39907,0.44182
-0.0043504,0.001934,-0.014037,0.43602,0.67469,0.40008,0.44115
-0.0046993,0.0019976,-0.01392,0.43722,0.6745,0.40016,0.44018
-0.0050335,0.0020782,-0.013975,0.43849,0.67503,0.39922,0.43896
-0.0052875,0.0021119,-0.014171,0.43979,0.67602,0.39758,0.43762
-0.0056138,0.002138,-0.014392,0.44112,0.67711,0.39569,0.4363
-0.0058551,0.0021928,-0.014574,0.44225,0.67787,0.39419,0.43534
-0.0060365,0.0022646,-0.014607,0.44318,0.67802,0.39352,0.43477
-0.0060837,0.0023923,-0.014517,0.44432,0.67734,0.39338,0.43479
-0.0065153,0.0023746,-0.01476,0.44496,0.6767,0.39383,0.43473
-0.0063432,0.0026102,-0.014307,0.44552,0.67601,0.39442,0.43468
-0.0066924,0.0026909,-0.014314,0.4462,0.67542,0.39482,0.43456
-0.0071921,0.002741,-0.014451,0.44698,0.67551,0.39446,0.43393
-0.0078865,0.0027437,-0.014774,0.44786,0.67659,0.39308,0.43259
-0.0083906,0.0027692,-0.015112,0.44919,0.67817,0.39063,0.43094
-0.0095096,0.0027213,-0.015618,0.45064,0.6801,0.38764,0.42909
-0.010539,0.0026639,-0.016307,0.45213,0.68203,0.38459,0.42721
-0.011187,0.0027076,-0.016775,0.45351,0.68365,0.38188,0.42558
-0.011891,0.0027853,-0.017259,0.45529,0.68445,0.37956,0.42448
-0.012672,0.002875,-0.017646,0.45667,0.68496,0.37814,0.42343
-0.013227,0.0029722,-0.017812,0.45805,0.68509,0.37724,0.42252
-0.013808,0.003071,-0.017671,0.45933,0.68512,0.37663,0.42162
-0.014384,0.0029349,-0.017975,0.4604,0.68532,0.37605,0.42065
-0.014976,0.0028657,-0.018052,0.46133,0.68583,0.37507,0.41968
-0.01581,0.0027684,-0.018362,0.46216,0.68714,0.37317,0.41832
-0.016914,0.0026293,-0.018887,0.46313,0.68945,0.37001,0.41626
-0.01813,0.0024453,-0.019588,0.46422,0.69227,0.36609,0.41381
-0.019357,0.0021927,-0.020397,0.46537,0.69509,0.36205,0.41134
-0.020426,0.001887,-0.021189,0.46639,0.69743,0.35854,0.40929
-0.021408,0.0015466,-0.022,0.46709,0.69926,0.35585,0.40771
-0.022002,0.0012944,-0.022587,0.46768,0.70046,0.35402,0.40656
-0.022581,0.0010128,-0.02305,0.46808,0.70126,0.3528,0.40578
-0.023078,0.00081905,-0.023418,0.46823,0.70183,0.35199,0.40533
-0.0235,0.00060975,-0.023698,0.46817,0.70232,0.35146,0.40502
-0.023896,0.00041909,-0.02402,0.46804,0.70295,0.35072,0.40471
-0.024234,0.00025518,-0.024368,0.46799,0.70385,0.34952,0.40426
-0.024675,0.0001136,-0.02476,0.4681,0.70504,0.34774,0.40359
-0.025062,-3.8206e-05,-0.025232,0.46843,0.70641,0.34549,0.40275
-0.025455,-0.00030403,-0.025709,0.4687,0.70799,0.34325,0.40155
-0.025645,-0.00049428,-0.026192,0.46947,0.70909,0.34106,0.40058
-0.025588,-0.00065057,-0.026551,0.47028,0.70965,0.3396,0.39988
-0.025466,-0.00069077,-0.026626,0.47116,0.70958,0.33902,0.39946
-0.025267,-0.00065508,-0.026562,0.47194,0.70903,0.3392,0.39936
-0.024947,-0.00059748,-0.026303,0.47253,0.7083,0.33981,0.39944
-0.024586,-0.00045972,-0.026002,0.47307,0.70754,0.34038,0.39966
-0.024566,-0.00031727,-0.025656,0.47355,0.70711,0.34069,0.39958
-0.024361,-0.00018146,-0.025391,0.47416,0.70704,0.34041,0.39924
-0.024166,1.357e-05,-0.02516,0.4749,0.70733,0.33951,0.39861
-0.024145,8.2901e-05,-0.025084,0.47583,0.70807,0.33786,0.39758
-0.024203,0.00011698,-0.025146,0.47704,0.70925,0.33548,0.39605
-0.024493,9.7309e-05,-0.025278,0.47837,0.71059,0.33284,0.39426
-0.024689,0.0001034,-0.025372,0.47975,0.71175,0.33037,0.39256
-0.024793,9.7684e-05,-0.025412,0.48106,0.71251,0.32856,0.3911
-0.02491,0.00013752,-0.025355,0.48222,0.71283,0.32739,0.39007
-0.024995,0.00022112,-0.025235,0.48317,0.71289,0.32673,0.38935
-0.02502,0.00027937,-0.025041,0.48396,0.71288,0.32622,0.3888
-0.025031,0.00036156,-0.024862,0.48463,0.71301,0.32563,0.38822
-0.025129,0.00045377,-0.024738,0.48537,0.71333,0.32469,0.3875
-0.02527,0.00053414,-0.024677,0.48622,0.71398,0.3232,0.38648
-0.025409,0.00056956,-0.024712,0.4871,0.71496,0.32117,0.38525
-0.026353,0.00055983,-0.024774,0.48813,0.71614,0.31882,0.38369
-0.026588,0.00053892,-0.024872,0.48929,0.71734,0.31638,0.38199
-0.026799,0.00050052,-0.025031,0.49054,0.71832,0.31419,0.38034
-0.026978,0.00045897,-0.025067,0.49182,0.719,0.31246,0.37884
-0.02709,0.00048762,-0.025022,0.493,0.71927,0.31128,0.37776
-0.027183,0.00051513,-0.024938,0.49386,0.71937,0.31063,0.377
-0.027223,0.00059786,-0.024823,0.4945,0.71923,0.31038,0.37661
-0.027144,0.00070947,-0.024601,0.49485,0.71886,0.31066,0.37665
-0.026953,0.00080583,-0.024368,0.49496,0.71836,0.31128,0.37694
-0.026704,0.00091679,-0.024117,0.49493,0.71797,0.31186,0.37724
-0.027213,0.0009488,-0.023973,0.49509,0.71811,0.31155,0.37702
-0.027233,0.00094335,-0.02405,0.49555,0.71871,0.31028,0.37631
-0.027404,0.00091981,-0.024198,0.49614,0.71964,0.30848,0.37524
-0.027571,0.00087774,-0.024382,0.49667,0.72061,0.30663,0.37419
-0.027669,0.00083666,-0.024522,0.49714,0.72105,0.30566,0.37351
-0.027521,0.00089621,-0.024428,0.49721,0.72037,0.3066,0.37396
-0.026873,0.0011126,-0.023861,0.49684,0.71803,0.31026,0.37593
-0.025905,0.00144,-0.023021,0.49565,0.71448,0.31628,0.37924
-0.024709,0.001782,-0.022015,0.49376,0.71028,0.32355,0.38343
-0.023513,0.0021814,-0.020905,0.4916,0.70621,0.33063,0.38767
-0.023397,0.0024926,-0.0201,0.48963,0.70341,0.33587,0.39073
-0.022956,0.0027295,-0.019628,0.48837,0.70224,0.33844,0.39219
-0.022913,0.0028808,-0.019456,0.48789,0.70258,0.33842,0.3922
-0.023364,0.0028156,-0.019545,0.48702,0.70454,0.33735,0.39067
-0.023634,0.0027561,-0.019763,0.48745,0.70598,0.33533,0.38929
-0.023833,0.0026657,-0.02007,0.48779,0.7071,0.3338,0.38814
-0.023974,0.0025938,-0.020282,0.48784,0.70732,0.33363,0.38782
-0.023918,0.0026165,-0.020188,0.48739,0.70631,0.33545,0.38866
-0.023479,0.0027266,-0.019834,0.48678,0.70384,0.33881,0.39098
-0.023137,0.0029066,-0.019268,0.48488,0.70118,0.34364,0.3939
-0.022849,0.0032038,-0.018613,0.48273,0.69843,0.34866,0.39701
-0.022697,0.0034673,-0.018054,0.48073,0.69634,0.35267,0.39954
-0.022693,0.003723,-0.017711,0.47924,0.69521,0.35513,0.40111
-0.023231,0.0037662,-0.017683,0.47731,0.69602,0.35638,0.40091
-0.023578,0.0038057,-0.017831,0.47718,0.69704,0.35537,0.40019
-0.025706,0.0036839,-0.018156,0.47738,0.69847,0.35367,0.39896
-0.026132,0.0035307,-0.018653,0.47766,0.69985,0.35197,0.39771
-0.026594,0.0033345,-0.019117,0.47782,0.70097,0.35061,0.39674
-0.027113,0.0031309,-0.019534,0.47759,0.70189,0.34989,0.39603
-0.027484,0.0029654,-0.019817,0.47748,0.7022,0.3496,0.39587
-0.027868,0.0028441,-0.019922,0.47732,0.70219,0.34971,0.39597
-0.028141,0.0027989,-0.019935,0.47718,0.702,0.35002,0.39621
-0.028332,0.0027359,-0.019969,0.47711,0.70192,0.35013,0.39633
-0.028502,0.0027522,-0.019971,0.47711,0.70192,0.35013,0.39633
-0.028792,0.0026894,-0.020164,0.47661,0.70247,0.35008,0.39601
-0.029151,0.002635,-0.020598,0.47728,0.70452,0.34679,0.39445
-0.029623,0.002529,-0.02115,0.47815,0.7065,0.3436,0.39263
-0.030068,0.0024264,-0.021563,0.47815,0.7065,0.3436,0.39263
-0.030654,0.0022857,-0.0221,0.47933,0.70869,0.34001,0.39039
-0.031134,0.002114,-0.022494,0.48051,0.71053,0.33677,0.38838
-0.031268,0.0020569,-0.022672,0.48158,0.71176,0.33448,0.38679
-0.031362,0.0020391,-0.022621,0.48233,0.7122,0.33339,0.38598
-0.031332,0.0021078,-0.022411,0.4829,0.71202,0.33327,0.38569
-0.031359,0.0021994,-0.022171,0.48319,0.71156,0.33375,0.38577
-0.031202,0.0023728,-0.02187,0.48341,0.71106,0.33425,0.38599
-0.031079,0.0025051,-0.021665,0.48362,0.71071,0.33459,0.38608
-0.030968,0.0026441,-0.021469,0.48376,0.71048,0.33478,0.38616
-0.030872,0.0027691,-0.021352,0.48381,0.71036,0.3349,0.38622
-0.030828,0.0028654,-0.021299,0.48371,0.71043,0.3349,0.38621
-0.030891,0.0028236,-0.02137,0.48324,0.71092,0.33488,0.38592
-0.030113,0.002802,-0.021448,0.4831,0.71129,0.3345,0.38573
-0.030112,0.0026576,-0.021626,0.48294,0.71169,0.33404,0.38559
-0.03006,0.0025399,-0.021702,0.48271,0.71196,0.3338,0.38558
-0.029878,0.0024874,-0.021675,0.48238,0.71179,0.33417,0.386
-0.029586,0.0024637,-0.02158,0.48196,0.71118,0.33521,0.38673
-0.029162,0.0024737,-0.021472,0.48149,0.71023,0.33667,0.38781
-0.028664,0.0025195,-0.021256,0.48093,0.70915,0.33827,0.3891
-0.028234,0.0025252,-0.021145,0.48022,0.70813,0.33992,0.39038
-0.027768,0.0025501,-0.020982,0.47948,0.70722,0.34139,0.39166
-0.027362,0.0025105,-0.020913,0.47843,0.70664,0.34285,0.39271
-0.026887,0.0025396,-0.020869,0.47776,0.70615,0.34375,0.39362
-0.026555,0.0025029,-0.020867,0.47719,0.70591,0.34431,0.39424
-0.026328,0.0024727,-0.020893,0.47681,0.70588,0.34454,0.39456
-0.026016,0.0024566,-0.020946,0.47661,0.70576,0.34477,0.39482
-0.025653,0.0024071,-0.020931,0.47649,0.70548,0.34519,0.3951
-0.025171,0.002417,-0.020881,0.47641,0.70484,0.3459,0.39572
-0.024501,0.0024832,-0.020635,0.47622,0.7037,0.3473,0.39675
-0.02378,0.0025336,-0.020322,0.47572,0.70209,0.3495,0.39826
-0.023013,0.002584,-0.019981,0.47488,0.70012,0.35228,0.40027
-0.022264,0.002658,-0.01964,0.47376,0.69825,0.35517,0.40231
-0.021613,0.0027223,-0.019385,0.47271,0.69674,0.35749,0.40412
-0.021046,0.002761,-0.019221,0.47186,0.69573,0.35898,0.40553
-0.02071,0.0027611,-0.019154,0.47121,0.69526,0.35981,0.40635
-0.020429,0.0027385,-0.019205,0.47076,0.6951,0.36019,0.4068
-0.020434,0.0025723,-0.019284,0.46965,0.69568,0.36068,0.40665
-0.020286,0.0024822,-0.019318,0.46938,0.6957,0.36081,0.40681
-0.019975,0.0024588,-0.019156,0.46912,0.69552,0.36127,0.40702
-0.01948,0.0025108,-0.018754,0.4687,0.69453,0.36283,0.4078
-0.018658,0.0026809,-0.018056,0.46775,0.6924,0.3661,0.40959
-0.017697,0.0029267,-0.017279,0.46623,0.68932,0.37072,0.41235
-0.016803,0.0031747,-0.016458,0.46413,0.68593,0.37596,0.41561
-0.015852,0.0034465,-0.015723,0.46182,0.6826,0.3811,0.41898
-0.015087,0.0036508,-0.015205,0.45963,0.67986,0.38535,0.42195
-0.014372,0.0037947,-0.014802,0.45802,0.67782,0.38848,0.4241
-0.014064,0.0037762,-0.01458,0.45582,0.67715,0.3913,0.42493
-0.014878,0.00371,-0.014494,0.45504,0.67629,0.39273,0.42583
-0.014563,0.0037037,-0.014509,0.45445,0.67574,0.39369,0.42644
-0.014223,0.0036584,-0.014603,0.45403,0.67538,0.39427,0.42693
-0.013935,0.0035736,-0.01467,0.45359,0.67512,0.39472,0.42739
-0.013562,0.0035154,-0.014559,0.45305,0.67468,0.39539,0.42804
-0.013276,0.0035561,-0.014169,0.45239,0.67365,0.39679,0.42908
-0.01257,0.0037294,-0.013487,0.45128,0.67149,0.39977,0.43085
-0.011769,0.004017,-0.012649,0.44972,0.66855,0.40388,0.43321
-0.010959,0.0042832,-0.011896,0.44786,0.66537,0.40837,0.43581
-0.010187,0.0045595,-0.011207,0.44592,0.66254,0.41243,0.43829
-0.0093713,0.0047353,-0.010734,0.44441,0.66036,0.41548,0.44024
-0.008822,0.0048496,-0.010429,0.4434,0.65895,0.41747,0.44147
-0.0084403,0.0048702,-0.010366,0.44278,0.65825,0.41843,0.44224
-0.0081027,0.0048264,-0.010348,0.44242,0.65805,0.41874,0.44259
-0.0075838,0.0048288,-0.01035,0.44291,0.6576,0.41826,0.44324
-0.0074038,0.0047223,-0.010401,0.44255,0.65763,0.41831,0.44349
-0.0070852,0.0046837,-0.010307,0.44203,0.65736,0.41871,0.44404
-0.0067372,0.0047364,-0.0099927,0.44118,0.65664,0.41982,0.44491
-0.0062609,0.0048375,-0.0094928,0.44011,0.65512,0.42187,0.44626
-0.005871,0.0049954,-0.0088435,0.43798,0.65344,0.42536,0.4475
-0.0052172,0.0052637,-0.0081513,0.43643,0.65082,0.42873,0.44961
-0.0047175,0.0054169,-0.0076525,0.43479,0.64826,0.43207,0.45171
-0.0041243,0.0056216,-0.0071949,0.43335,0.64602,0.43495,0.45353
-0.0033243,0.0058695,-0.0066168,0.43221,0.64421,0.43731,0.45491
-0.0030544,0.0059126,-0.0064567,0.4312,0.643,0.43911,0.45585
-0.0022535,0.0060317,-0.0062578,0.43063,0.64212,0.44021,0.45658
-0.0018371,0.0060456,-0.0061524,0.4301,0.64153,0.44091,0.45723
-0.001472,0.0060886,-0.0060592,0.42952,0.64124,0.4413,0.4578
-0.0011296,0.0061139,-0.0058444,0.42886,0.64076,0.44193,0.45849
-0.00070435,0.0062227,-0.0053954,0.42799,0.63977,0.4432,0.45945
-0.00041433,0.0064243,-0.0046129,0.42676,0.63782,0.44567,0.46092
0.00019372,0.0066943,-0.0035654,0.42496,0.63493,0.4494,0.46294
0.00087193,0.007031,-0.002409,0.42265,0.63108,0.45426,0.46557
0.0016016,0.0074265,-0.0012275,0.41997,0.62686,0.45961,0.46844
0.0020256,0.0077099,-0.0001896,0.41654,0.62335,0.46531,0.47054
0.0021272,0.0079844,0.00056514,0.41416,0.62,0.46956,0.47284
0.002538,0.0081939,0.0010968,0.41224,0.61757,0.47262,0.47466
0.0028654,0.0083373,0.0013386,0.41074,0.61613,0.4745,0.47595
0.003151,0.0083732,0.0013891,0.4096,0.61552,0.47537,0.47684
0.0029729,0.0082938,0.0013367,0.40732,0.61628,0.4768,0.47639
0.0031852,0.0083402,0.0013767,0.40646,0.6161,0.47715,0.47701
0.003347,0.0083626,0.0016497,0.40553,0.61559,0.47785,0.47775
0.0036055,0.0084731,0.0022004,0.40425,0.61427,0.47949,0.47891
0.0038869,0.0086805,0.0031878,0.40257,0.61165,0.48261,0.48053
0.0043335,0.0089758,0.0044436,0.40022,0.6075,0.48762,0.4827
0.0047766,0.0093001,0.0057494,0.39729,0.60234,0.4936,0.48549
0.005142,0.0096197,0.006908,0.39419,0.59743,0.49931,0.48823
0.0054378,0.0098735,0.0076801,0.39138,0.5935,0.5038,0.49067
0.005659,0.010045,0.0080794,0.38925,0.59117,0.50652,0.49238
0.0055267,0.010099,0.008057,0.38776,0.59193,0.50709,0.49206
0.005455,0.010063,0.0078748,0.38697,0.59224,0.50702,0.49237
0.0055499,0.010032,0.0076465,0.38656,0.59317,0.50623,0.49239
0.0056412,0.010037,0.0076158,0.38579,0.59308,0.5065,0.49283
0.0058179,0.010128,0.0078855,0.38452,0.59171,0.50821,0.4937
0.0058151,0.010232,0.0084401,0.38247,0.589,0.51166,0.49498
0.0067991,0.01042,0.0092246,0.38058,0.58618,0.51497,0.49635
0.006897,0.010608,0.010172,0.37799,0.58187,0.51969,0.49847
0.007025,0.010807,0.011014,0.37537,0.57813,0.52377,0.50053
0.0071336,0.010983,0.011621,0.37311,0.57558,0.52661,0.50217
0.0072287,0.011085,0.011955,0.37147,0.57426,0.52818,0.50325
0.0069882,0.01116,0.012075,0.37035,0.57385,0.52883,0.50386
0.0070984,0.011293,0.012113,0.36958,0.57377,0.52914,0.50419
0.0072011,0.011411,0.012189,0.36874,0.57341,0.52977,0.50456
0.0074547,0.01157,0.012456,0.36753,0.57212,0.53129,0.5053
0.0076517,0.011783,0.01293,0.36574,0.56963,0.53403,0.50654
0.0078983,0.011933,0.013511,0.36344,0.56621,0.53765,0.50818
0.0080739,0.012112,0.014209,0.36105,0.56264,0.54136,0.5099
0.0080825,0.012235,0.014736,0.35893,0.55976,0.5444,0.51133
0.0080929,0.012301,0.015081,0.35727,0.55787,0.54642,0.51241
0.0079662,0.01237,0.015197,0.35591,0.55715,0.54738,0.51312
0.0078189,0.012418,0.015233,0.35468,0.55677,0.54811,0.5136
0.0078563,0.012501,0.015243,0.35348,0.5563,0.5488,0.5142
0.0079459,0.012583,0.015265,0.35222,0.55566,0.54966,0.51483
0.0080615,0.012663,0.01534,0.35104,0.55491,0.55059,0.51546
0.0081043,0.012736,0.015398,0.34978,0.55388,0.55174,0.5162
0.0079477,0.012816,0.015556,0.34859,0.5525,0.55325,0.51686
0.0079557,0.012869,0.015813,0.34735,0.55081,0.55505,0.51756
0.0079193,0.012915,0.016062,0.34611,0.54904,0.55684,0.51836
0.0078837,0.013,0.016344,0.34481,0.5474,0.5585,0.51917
0.0078492,0.013039,0.016537,0.34344,0.54616,0.55989,0.51989
0.0078844,0.013139,0.016728,0.34236,0.54518,0.5608,0.52064
0.0079996,0.0132,0.016827,0.34147,0.54463,0.56126,0.52131
0.0080751,0.01328,0.01683,0.34063,0.5443,0.56151,0.52193
0.0081172,0.013353,0.01687,0.33983,0.54377,0.56189,0.5226
0.0081995,0.013433,0.016969,0.33889,0.54291,0.56278,0.52314
0.0083625,0.013507,0.017176,0.33777,0.54161,0.5642,0.52369
0.0083758,0.013562,0.017387,0.33662,0.54006,0.56589,0.52421
0.0083781,0.01364,0.017658,0.33544,0.53865,0.56748,0.52468
0.0083026,0.013646,0.017761,0.33445,0.53764,0.56867,0.52507
0.0082372,0.013654,0.017801,0.33355,0.53712,0.56942,0.52536
0.0081561,0.013663,0.017781,0.33287,0.53692,0.56977,0.52562
0.0081055,0.013651,0.017779,0.33223,0.53668,0.57017,0.52583
0.0081232,0.013621,0.017728,0.33161,0.53636,0.57055,0.52615
0.0082296,0.013642,0.017776,0.33088,0.53572,0.57112,0.52663
0.0082302,0.013638,0.017767,0.33002,0.53527,0.57174,0.52696
0.0081964,0.013668,0.017777,0.32935,0.535,0.57221,0.52714
0.0081528,0.013691,0.01781,0.32875,0.53455,0.57283,0.5273
0.0081714,0.013714,0.017889,0.32818,0.53384,0.57362,0.52751
0.0082219,0.013747,0.017977,0.32758,0.5329,0.57449,0.52789
0.0083949,0.013787,0.017974,0.3278,0.53265,0.57412,0.52841
0.0084812,0.013759,0.017878,0.32773,0.533,0.57376,0.5285
0.0085277,0.013684,0.017744,0.32779,0.53355,0.57317,0.52854
0.0085928,0.013657,0.017654,0.32808,0.53418,0.57248,0.52847
0.0086762,0.013604,0.01755,0.32833,0.53475,0.57191,0.52836
0.0087683,0.013539,0.017503,0.32858,0.53495,0.57166,0.52827
0.0089053,0.013488,0.017483,0.32885,0.53495,0.57155,0.52822
0.0089837,0.013432,0.017405,0.32915,0.53517,0.57123,0.52817
0.0090875,0.01338,0.017343,0.32959,0.53561,0.5707,0.52801
0.0091284,0.013324,0.017216,0.33002,0.5362,0.57006,0.52783
0.0091713,0.013279,0.017114,0.33042,0.53677,0.5695,0.52761
0.0091727,0.013258,0.016966,0.33071,0.53734,0.56893,0.52746
0.0092743,0.013227,0.016874,0.33079,0.53764,0.56862,0.52744
0.0094466,0.013224,0.016888,0.33069,0.53764,0.56861,0.52751
0.0095016,0.013228,0.016856,0.3306,0.53749,0.56872,0.5276
0.0095721,0.013203,0.016838,0.33051,0.53747,0.5688,0.52759
0.0090899,0.013187,0.01679,0.3306,0.53762,0.56869,0.52751
0.0090845,0.013113,0.016777,0.33074,0.53781,0.56855,0.52737
0.009067,0.013042,0.016684,0.33083,0.53791,0.56848,0.52729
0.009051,0.013049,0.016649,0.33087,0.53801,0.56841,0.52724
0.0090554,0.01301,0.016633,0.33089,0.53804,0.56835,0.52726
0.0091355,0.013025,0.016643,0.33093,0.53818,0.56824,0.52721
0.0091375,0.013002,0.016703,0.33088,0.53821,0.56828,0.52716
0.0091128,0.01301,0.016775,0.3308,0.53814,0.5684,0.52716
0.0090704,0.013005,0.016831,0.33067,0.53798,0.56859,0.5272
0.0090335,0.013031,0.016936,0.33067,0.53797,0.56868,0.52712
0.0087562,0.013074,0.016965,0.33063,0.53804,0.56869,0.52706
0.0087698,0.01311,0.017069,0.33055,0.53779,0.56896,0.52708
0.0087962,0.013189,0.017166,0.33024,0.53733,0.56936,0.5273
0.0088658,0.013252,0.017242,0.33015,0.53728,0.56939,0.52738
0.0088714,0.013324,0.017272,0.33012,0.53752,0.56931,0.52724
0.0088045,0.013395,0.017282,0.33026,0.53765,0.5693,0.52703
0.0087786,0.013448,0.017326,0.33036,0.53764,0.56939,0.52688
0.0087415,0.013463,0.01742,0.33043,0.53739,0.56968,0.52678
0.008834,0.013463,0.0175,0.33038,0.53707,0.56996,0.52683
0.0090361,0.013483,0.017581,0.33075,0.53649,0.56973,0.52744
0.0091463,0.013505,0.017682,0.33071,0.5363,0.56988,0.5275
0.0091936,0.013501,0.017678,0.33065,0.53631,0.56979,0.52762
0.009217,0.013521,0.017667,0.33056,0.53618,0.56981,0.52779
0.0092305,0.013557,0.017671,0.33047,0.53591,0.56994,0.52798
0.0092813,0.01356,0.017677,0.3302,0.53569,0.57016,0.52814
0.0090913,0.01358,0.017641,0.33008,0.53546,0.57014,0.52846
0.0092228,0.013619,0.017608,0.3302,0.53561,0.56981,0.52859
0.0093567,0.013575,0.017572,0.33041,0.53581,0.56945,0.52864
0.009432,0.013519,0.017572,0.33044,0.53567,0.56945,0.52876
0.0097577,0.01357,0.017642,0.33086,0.53484,0.56928,0.52953
0.010053,0.013549,0.017743,0.33055,0.53438,0.56968,0.52975
0.01011,0.013524,0.017804,0.33032,0.53416,0.5699,0.52987
0.010112,0.013526,0.017786,0.33018,0.53428,0.56986,0.52989
0.010083,0.013449,0.017692,0.33021,0.53462,0.5696,0.52982
0.010218,0.013385,0.017558,0.33053,0.53483,0.56905,0.52999
0.010777,0.013317,0.017407,0.33074,0.53521,0.56863,0.52993
0.010819,0.013229,0.01722,0.33094,0.5356,0.56812,0.52996
0.010973,0.013137,0.017088,0.33113,0.53587,0.56765,0.53006
0.011102,0.013015,0.016922,0.33134,0.53616,0.56722,0.5301
0.011083,0.01289,0.016846,0.33125,0.53632,0.56723,0.52999
0.011502,0.012838,0.01683,0.33115,0.53614,0.56729,0.53017
0.011564,0.012763,0.016792,0.33111,0.53596,0.56735,0.5303
0.011654,0.012698,0.016865,0.33117,0.536,0.56729,0.53029
0.011687,0.012737,0.016825,0.33123,0.53622,0.56708,0.53025
0.011744,0.01274,0.016804,0.33141,0.53648,0.56682,0.53016
0.011812,0.012726,0.016704,0.33157,0.5368,0.56643,0.53015
0.011897,0.012737,0.016537,0.33176,0.53694,0.56608,0.53026
0.012058,0.012721,0.016406,0.33202,0.5372,0.5656,0.53035
0.012175,0.012672,0.01623,0.33231,0.53761,0.56501,0.53039
0.012276,0.012656,0.016054,0.33246,0.53813,0.56438,0.53044
0.012092,0.012605,0.015877,0.3325,0.53853,0.56387,0.53055
0.012158,0.012548,0.015803,0.33241,0.53857,0.56371,0.53073
0.012223,0.012548,0.015789,0.33227,0.53842,0.56382,0.53085
0.012179,0.012549,0.015816,0.33227,0.53823,0.56408,0.53077
0.012144,0.012571,0.015887,0.33236,0.53814,0.56428,0.53059
0.012048,0.012615,0.015946,0.33267,0.53822,0.56429,0.53031
0.011965,0.012583,0.015961,0.33301,0.53846,0.56411,0.53004
0.011906,0.012613,0.015952,0.33329,0.53875,0.5639,0.52979
0.011782,0.01262,0.015916,0.33351,0.53914,0.56362,0.52956
0.011771,0.01265,0.015957,0.33393,0.53939,0.56312,0.52957
