0,0,0,0.35545,0.60309,0.52723,0.48163
-3.7453e-05,-3.7685e-05,-2.1248e-05,0.35527,0.60311,0.52727,0.4817
-0.00010445,-7.0135e-05,-6.6462e-05,0.35504,0.60309,0.52734,0.48181
-0.00012793,-3.235e-05,-8.4353e-05,0.35477,0.60303,0.52745,0.48196
-0.00019578,-5.0439e-05,-0.00015472,0.35453,0.60305,0.52749,0.48207
-0.00018638,-8.0203e-05,-0.00022863,0.35443,0.6031,0.52744,0.48214
-0.0002212,-8.7334e-05,-0.00031738,0.35431,0.60315,0.52742,0.48219
-0.00022427,-9.6933e-05,-0.00036861,0.35422,0.60319,0.52737,0.48226
-0.00026501,-0.00010887,-0.00043816,0.35412,0.60319,0.52736,0.48233
-0.00025354,-0.0001411,-0.00044564,0.35407,0.60319,0.52736,0.48237
-0.00029316,-0.00022961,-0.00046552,0.35418,0.60323,0.5273,0.48231
-0.00021973,-0.0003012,-0.00049856,0.35432,0.60329,0.52718,0.48227
-0.00022408,-0.00042191,-0.00052166,0.35446,0.60341,0.52705,0.48215
-0.00017281,-0.0004856,-0.00056832,0.3546,0.60347,0.52692,0.48211
-0.00011984,-0.00059458,-0.00067577,0.35458,0.60358,0.52675,0.48218
-0.00015815,-0.00066335,-0.00082381,0.35448,0.60364,0.52662,0.48233
-0.00012151,-0.00071111,-0.00099005,0.35432,0.60374,0.52644,0.48252
-0.00011268,-0.00075185,-0.0011483,0.35416,0.60387,0.52631,0.48261
-0.00011615,-0.00081986,-0.0012991,0.35407,0.60391,0.52626,0.48268
-0.00012087,-0.00087018,-0.0014594,0.35401,0.60395,0.52622,0.48271
-0.00014263,-0.00098136,-0.0015655,0.35396,0.604,0.52617,0.48274
-0.0001971,-0.0010738,-0.0016579,0.354,0.60413,0.52605,0.48268
-0.00023849,-0.001143,-0.0017383,0.35403,0.60427,0.52593,0.48261
-0.00032175,-0.0011775,-0.0018116,0.35397,0.60439,0.5259,0.48255
-0.0004173,-0.0012065,-0.0018339,0.354,0.6044,0.52592,0.48249
-0.00042564,-0.0011924,-0.0018586,0.354,0.60441,0.52592,0.48248
-0.00043533,-0.0011975,-0.001877,0.35399,0.60449,0.52584,0.48247
-0.00041187,-0.0012062,-0.0018818,0.35394,0.60454,0.52579,0.4825
-0.0004055,-0.0012179,-0.0018996,0.35387,0.60447,0.52581,0.48261
-0.00035707,-0.0011721,-0.0019148,0.35379,0.60431,0.52588,0.4828
-0.00032679,-0.001168,-0.0019389,0.35385,0.60414,0.52596,0.48288
-0.00027194,-0.0011654,-0.0019186,0.35395,0.60406,0.52604,0.48282
-0.00019076,-0.0011226,-0.0018303,0.35419,0.60399,0.52605,0.48272
-0.00013628,-0.001115,-0.0018413,0.35442,0.60398,0.52593,0.4827
-4.81e-05,-0.0011171,-0.0018102,0.35455,0.60404,0.52581,0.48266
3.9765e-05,-0.001168,-0.001777,0.35468,0.60403,0.52568,0.48271
9.4297e-05,-0.0011952,-0.0018225,0.35476,0.60406,0.52551,0.4828
0.00017141,-0.0012069,-0.0018038,0.35494,0.60405,0.52538,0.48282
0.00019665,-0.0012105,-0.0018184,0.35507,0.60416,0.52522,0.48277
0.00023211,-0.0011418,-0.0018853,0.3552,0.60419,0.52505,0.48282
0.00027582,-0.0010936,-0.0019023,0.3552,0.60419,0.52505,0.48282
0.00029009,-0.0010473,-0.0018916,0.3552,0.60419,0.52505,0.48282
0.0003249,-0.0010409,-0.0018825,0.35518,0.60412,0.52507,0.48289
0.00030839,-0.0010081,-0.0018742,0.35523,0.60408,0.52511,0.48286
0.00028764,-0.0010003,-0.0018806,0.35527,0.60413,0.52507,0.48282
0.00026505,-0.00097252,-0.0019071,0.35538,0.60416,0.52502,0.48275
0.00017332,-0.00095307,-0.0019312,0.3554,0.60427,0.52496,0.48267
0.00013445,-0.00095022,-0.0019498,0.35544,0.60431,0.52492,0.48262
0.0001179,-0.00094501,-0.0019614,0.35548,0.6044,0.52484,0.48257
0.00011114,-0.00093146,-0.0019917,0.35547,0.60445,0.5248,0.48256
8.9208e-05,-0.00091634,-0.002013,0.35543,0.60445,0.5248,0.4826
8.9438e-05,-0.00089562,-0.0020116,0.35543,0.60445,0.5248,0.4826
8.0363e-05,-0.00089818,-0.0020318,0.35547,0.60445,0.5248,0.48256
2.4885e-05,-0.00088655,-0.0020591,0.35552,0.60449,0.52476,0.48252
-8.0342e-05,-0.00091072,-0.0020882,0.35556,0.60449,0.52476,0.48248
-5.7133e-05,-0.00091314,-0.0021189,0.35566,0.60446,0.52472,0.48249
-6.6121e-05,-0.00087584,-0.0021483,0.35565,0.60448,0.52463,0.48257
-9.7518e-05,-0.00086486,-0.0022017,0.3556,0.6045,0.52454,0.48269
-9.7518e-05,-0.00086486,-0.0022017,0.3556,0.6045,0.52454,0.48269
-9.8779e-05,-0.00086895,-0.0022182,0.35554,0.60454,0.5245,0.48272
-9.0303e-05,-0.00088354,-0.0021777,0.3556,0.60452,0.52459,0.4826
-0.00012388,-0.00086546,-0.0021244,0.3556,0.60451,0.52468,0.48252
-0.00015126,-0.00086282,-0.0020782,0.35554,0.60455,0.52475,0.48244
-0.00022114,-0.00084247,-0.0019867,0.35549,0.60454,0.52483,0.4824
-0.00026811,-0.00083996,-0.0019289,0.35543,0.60458,0.5249,0.48233
-0.00032676,-0.00082754,-0.0019023,0.35545,0.60459,0.52492,0.48226
-0.00028376,-0.00080659,-0.0018772,0.35545,0.60459,0.52492,0.48226
-0.00025435,-0.00076983,-0.0018587,0.35545,0.60459,0.52492,0.48226
-0.00021874,-0.00070027,-0.0018541,0.35545,0.60457,0.52488,0.48235
-0.00015934,-0.00065592,-0.0018108,0.35548,0.60446,0.52494,0.48239
-5.9164e-05,-0.00059895,-0.0017657,0.35551,0.60437,0.52491,0.48252
2.3866e-05,-0.00054206,-0.0016659,0.35563,0.60429,0.52488,0.48256
8.7699e-05,-0.00046388,-0.0015921,0.35572,0.60422,0.52488,0.48258
0.00011854,-0.00039033,-0.0014971,0.35585,0.60411,0.52495,0.48254
0.00018737,-0.00030941,-0.0014084,0.35599,0.60404,0.52495,0.48252
0.00019725,-0.00017457,-0.0012979,0.35612,0.60394,0.52502,0.48249
0.00022428,-7.4606e-05,-0.0012129,0.35617,0.60389,0.52506,0.48246
0.00025181,6.1783e-05,-0.0011571,0.35627,0.60381,0.52515,0.4824
0.00030496,0.00015683,-0.0010532,0.35637,0.60381,0.52515,0.48232
0.00036486,0.00030567,-0.00094221,0.35646,0.60381,0.52516,0.48224
0.00033956,0.0004349,-0.00091503,0.35657,0.60372,0.52525,0.48218
0.00039226,0.0005767,-0.0008005,0.35665,0.60353,0.52539,0.4822
0.00044915,0.00073218,-0.00066481,0.35667,0.60335,0.52556,0.48223
0.00047323,0.0008968,-0.00056257,0.35661,0.60327,0.52566,0.48226
0.00048497,0.0010731,-0.0003892,0.35653,0.60317,0.52582,0.48227
0.00049108,0.0012717,-0.0002634,0.35649,0.60315,0.52591,0.48223
0.00050039,0.0014798,-8.6251e-05,0.35655,0.60309,0.52604,0.48211
0.00050712,0.001707,7.7692e-05,0.35656,0.60303,0.52617,0.48204
0.00046777,0.001962,0.00023852,0.35656,0.60289,0.52641,0.48196
0.00049062,0.0022032,0.00047051,0.35661,0.60272,0.52668,0.48183
0.00043132,0.0025187,0.00061742,0.35663,0.60257,0.52689,0.48177
0.00036732,0.0027728,0.00079282,0.35657,0.60248,0.52708,0.48172
0.00033729,0.00298,0.00095566,0.35654,0.60237,0.52725,0.48169
0.00025942,0.0032744,0.0011346,0.35637,0.6023,0.52746,0.48169
0.00021308,0.0035113,0.0012908,0.35624,0.60219,0.52762,0.48174
0.00013627,0.0037507,0.0014831,0.3561,0.60209,0.52781,0.48177
4.3969e-05,0.003951,0.0016617,0.35588,0.602,0.5281,0.48172
-6.5763e-05,0.0041904,0.0018218,0.35572,0.60188,0.52835,0.48173
-0.00018974,0.0044284,0.0020145,0.35551,0.60177,0.52873,0.4816
-0.00034565,0.0046547,0.0022565,0.35541,0.60174,0.52901,0.4814
-0.00056517,0.0048877,0.0024359,0.35534,0.60167,0.52936,0.48115
-0.00069838,0.0051296,0.002703,0.35532,0.60161,0.52971,0.48086
-0.00087572,0.0053897,0.0029665,0.35536,0.60158,0.53,0.48054
-0.0010684,0.0056697,0.0032559,0.35535,0.6016,0.53024,0.48026
-0.0011699,0.0059699,0.0035404,0.35541,0.60157,0.53042,0.48005
-0.0012786,0.0063277,0.0038175,0.35539,0.60144,0.53068,0.47994
-0.0014067,0.0066366,0.0040005,0.35526,0.60141,0.53085,0.47989
-0.0015312,0.0069531,0.004086,0.35512,0.60144,0.53089,0.47992
-0.0015647,0.0073092,0.0041636,0.35501,0.60136,0.53099,0.47999
-0.0015935,0.0076647,0.0042735,0.35488,0.6013,0.53111,0.48003
-0.0016157,0.0079731,0.0043801,0.35475,0.60123,0.53123,0.48007
-0.0016131,0.0082676,0.0044774,0.35469,0.60124,0.53133,0.48
-0.0016574,0.0086209,0.0045594,0.3546,0.6012,0.53151,0.47991
-0.0017224,0.0089636,0.004698,0.35458,0.60108,0.53176,0.4798
-0.0018092,0.009292,0.0047905,0.35445,0.60105,0.53193,0.47975
-0.001914,0.0096143,0.0048386,0.35431,0.6011,0.53202,0.47969
-0.001971,0.0099595,0.0048675,0.35413,0.60108,0.53209,0.47976
-0.0021125,0.010316,0.0048924,0.35388,0.60108,0.53219,0.47984
-0.002199,0.010645,0.0049623,0.35368,0.60103,0.53233,0.4799
-0.002314,0.010989,0.0049991,0.35345,0.60099,0.53249,0.47993
-0.002462,0.011353,0.0050794,0.35332,0.601,0.53262,0.47987
-0.0026115,0.011722,0.0051743,0.35317,0.60099,0.53281,0.47979
-0.0027308,0.012089,0.0053122,0.35301,0.60081,0.53318,0.47972
-0.0028786,0.012532,0.0054751,0.35293,0.60056,0.53358,0.47965
-0.0030908,0.012944,0.0055579,0.35281,0.60051,0.53384,0.47951
-0.0032634,0.013396,0.0056301,0.35273,0.60063,0.53391,0.47934
-0.0035024,0.013794,0.0056287,0.35266,0.60076,0.5339,0.47924
-0.0036613,0.014256,0.0057049,0.35254,0.60084,0.53401,0.47911
-0.0038733,0.014732,0.0057353,0.35233,0.60087,0.53407,0.47915
-0.0040538,0.015173,0.0057259,0.35201,0.60088,0.53418,0.47925
-0.0042211,0.015693,0.0057639,0.35176,0.60086,0.53437,0.47925
-0.0044868,0.016212,0.0057668,0.35158,0.60087,0.53449,0.47923
-0.0046954,0.016784,0.0058842,0.35141,0.60086,0.5347,0.47913
-0.004953,0.017351,0.0059379,0.35122,0.60083,0.53498,0.47901
-0.0051747,0.017935,0.0060507,0.351,0.60073,0.53527,0.47896
-0.0054783,0.01852,0.0061205,0.35064,0.60075,0.53551,0.47893
-0.0058048,0.019122,0.0062599,0.35026,0.60077,0.53587,0.47878
-0.0062002,0.019696,0.0063369,0.34987,0.60093,0.53611,0.47861
-0.0065692,0.020328,0.0064318,0.34966,0.6011,0.53627,0.47837
-0.0069489,0.021033,0.0065405,0.34952,0.60126,0.53641,0.47811
-0.0072993,0.021781,0.0066292,0.34944,0.6013,0.53658,0.47793
-0.0076102,0.022543,0.0066774,0.34944,0.60131,0.53672,0.47775
-0.0078806,0.023366,0.0067173,0.34942,0.60133,0.53674,0.47772
-0.00808,0.02419,0.006747,0.34933,0.60107,0.537,0.47782
-0.0082111,0.024995,0.0068169,0.34924,0.60081,0.53726,0.47792
-0.0083415,0.025752,0.0068288,0.34924,0.60057,0.53744,0.47802
-0.0084681,0.026526,0.0068087,0.34923,0.60059,0.53735,0.4781
-0.0086497,0.027264,0.006764,0.34916,0.60078,0.5371,0.4782
-0.0088237,0.028034,0.0067697,0.34911,0.60087,0.53701,0.47822
-0.009024,0.028832,0.006834,0.34911,0.60087,0.53701,0.47822
-0.0092015,0.029652,0.0069139,0.34913,0.60084,0.53708,0.47816
-0.0094339,0.030453,0.0069063,0.34909,0.6009,0.53717,0.47802
-0.0096487,0.031282,0.0069144,0.349,0.60084,0.53729,0.47802
-0.0098452,0.032113,0.0069195,0.34892,0.60075,0.53737,0.47811
-0.010035,0.033001,0.0069378,0.34877,0.60062,0.53751,0.47823
-0.010265,0.033885,0.0069442,0.34859,0.60049,0.53762,0.4784
-0.010522,0.034764,0.0069595,0.34843,0.60049,0.53763,0.4785
-0.010697,0.035648,0.00696,0.34826,0.60051,0.53764,0.47858
-0.010909,0.036578,0.0069699,0.34803,0.6005,0.53763,0.47878
-0.011142,0.037476,0.0069809,0.34771,0.60042,0.53783,0.47889
-0.011361,0.038377,0.0069702,0.34735,0.60034,0.53802,0.47904
-0.011602,0.039226,0.0069679,0.34711,0.60031,0.5382,0.47904
-0.011848,0.040101,0.0070194,0.347,0.60034,0.53835,0.47892
-0.012116,0.04092,0.0070094,0.34689,0.60029,0.5385,0.4789
-0.012325,0.04179,0.007016,0.34667,0.60018,0.53865,0.47902
-0.012495,0.042612,0.0069775,0.34649,0.60007,0.53881,0.47911
-0.012628,0.043432,0.0069061,0.34627,0.59998,0.53888,0.47931
-0.012779,0.044296,0.0068691,0.34583,0.59989,0.53895,0.47965
-0.01293,0.045101,0.0067804,0.34533,0.59973,0.53913,0.48001
-0.013075,0.045906,0.0067579,0.34489,0.59967,0.53926,0.48026
-0.013241,0.046705,0.0067256,0.34448,0.59959,0.53944,0.48045
-0.013407,0.047494,0.0066967,0.34421,0.5995,0.53964,0.48052
-0.013573,0.048247,0.0066707,0.34403,0.59953,0.53968,0.48058
-0.013743,0.049023,0.0066817,0.34389,0.59955,0.53972,0.48061
-0.013869,0.049835,0.0066819,0.3437,0.59951,0.53974,0.48077
-0.014009,0.05067,0.0066584,0.34354,0.59939,0.53979,0.48097
-0.014119,0.051472,0.0065499,0.34339,0.5995,0.53961,0.48115
-0.014166,0.05226,0.0064562,0.34333,0.59953,0.53943,0.48135
-0.014172,0.053072,0.0063017,0.3432,0.59954,0.53923,0.48166
-0.014167,0.053865,0.0061066,0.34303,0.59951,0.53906,0.48202
-0.014144,0.05466,0.0059,0.34288,0.59942,0.53891,0.4824
-0.014091,0.055412,0.0056454,0.34265,0.59936,0.53869,0.48289
-0.014034,0.056151,0.0053727,0.34247,0.59938,0.53839,0.48332
-0.014004,0.056892,0.005101,0.34225,0.59939,0.53817,0.4837
-0.013913,0.057571,0.0048042,0.34202,0.5994,0.53796,0.48409
-0.013911,0.0583,0.0045355,0.34182,0.5994,0.53772,0.4845
-0.013856,0.059014,0.0042063,0.34146,0.59951,0.53744,0.48491
-0.01389,0.059688,0.0038526,0.3411,0.59959,0.53723,0.48532
-0.013871,0.060388,0.0035037,0.34074,0.5997,0.53695,0.48574
-0.013918,0.06108,0.0032032,0.34074,0.5997,0.53695,0.48574
-0.013895,0.061722,0.002701,0.34012,0.60002,0.53631,0.48648
-0.013905,0.062415,0.0022567,0.33998,0.60013,0.53593,0.48686
-0.0139,0.063082,0.0018417,0.33986,0.60019,0.53557,0.48727
-0.013883,0.063754,0.0014128,0.33971,0.60035,0.53515,0.48764
-0.013863,0.064415,0.00099359,0.33959,0.60041,0.53479,0.48804
-0.013806,0.065038,0.00061601,0.33945,0.60041,0.53445,0.48852
-0.013688,0.065652,0.00031535,0.33933,0.60038,0.53417,0.48894
-0.013643,0.066236,6.3811e-05,0.33934,0.60038,0.53383,0.48931
-0.013554,0.066803,-0.00016689,0.33934,0.60041,0.53354,0.48958
-0.013583,0.067426,-0.00038837,0.33946,0.60047,0.5332,0.48979
-0.013672,0.068086,-0.00052249,0.33962,0.60066,0.53282,0.48987
-0.013833,0.068766,-0.00069302,0.33973,0.60083,0.53253,0.4899
-0.013994,0.069533,-0.00075182,0.33986,0.60086,0.53237,0.48995
-0.01417,0.070252,-0.0008517,0.33986,0.60083,0.53232,0.49003
-0.014354,0.071041,-0.00082863,0.3399,0.60064,0.53246,0.49009
-0.014603,0.071855,-0.00077872,0.3399,0.60064,0.53246,0.49009
-0.014791,0.072631,-0.00079748,0.34002,0.60069,0.5322,0.49022
-0.015118,0.073451,-0.00083642,0.33992,0.60077,0.53212,0.49029
-0.015392,0.074284,-0.00085498,0.33992,0.60077,0.53212,0.49029
-0.015672,0.075124,-0.00090908,0.33986,0.60086,0.53203,0.49031
-0.015876,0.075963,-0.00094931,0.33972,0.60078,0.53201,0.49052
-0.016141,0.076791,-0.0010351,0.33953,0.60075,0.53195,0.49076
-0.016052,0.07676,-0.0012296,0.33921,0.60065,0.53201,0.49104
-0.016284,0.07755,-0.0012451,0.3391,0.6005,0.5321,0.49121
-0.016942,0.079172,-0.0011128,0.33905,0.60037,0.53224,0.49124
-0.017185,0.079886,-0.0010324,0.33906,0.60024,0.53236,0.49127
-0.017402,0.080612,-0.00099986,0.339,0.60008,0.53246,0.49139
-0.017303,0.080615,-0.0010337,0.33891,0.59992,0.53253,0.49158
-0.017455,0.081293,-0.001037,0.33884,0.59983,0.53249,0.49178
-0.017956,0.082718,-0.00094178,0.33878,0.59973,0.53245,0.49198
-0.018145,0.083419,-0.00089031,0.33872,0.59967,0.53235,0.4922
-0.018337,0.084076,-0.0007869,0.33877,0.59957,0.5323,0.49234
-0.018194,0.084094,-0.00076869,0.33878,0.59937,0.53233,0.49255
-0.018334,0.084731,-0.00064492,0.33891,0.59912,0.53238,0.49271
-0.018465,0.085368,-0.00050979,0.33899,0.59894,0.53244,0.49281
-0.018598,0.08596,-0.00043901,0.33913,0.59884,0.53239,0.49288
-0.018726,0.086588,-0.0003373,0.3393,0.59876,0.53237,0.49289
-0.018801,0.087201,-0.0002367,0.33952,0.59863,0.5324,0.49287
-0.018825,0.087821,-0.00012855,0.33971,0.5985,0.53231,0.49299
-0.018812,0.088397,-7.3606e-05,0.33977,0.5984,0.53214,0.49325
-0.018821,0.088941,-0.00013456,0.33986,0.59828,0.53196,0.49353
-0.018735,0.089492,-0.00014241,0.34004,0.59813,0.53173,0.49383
-0.01869,0.090024,-0.0001577,0.34015,0.598,0.53153,0.49414
-0.018591,0.090497,-0.00025175,0.3403,0.59791,0.53128,0.4944
-0.018523,0.090945,-0.00038684,0.34036,0.59778,0.53107,0.49475
-0.018453,0.091428,-0.00047912,0.34043,0.59766,0.53099,0.49493
-0.018449,0.091871,-0.00061498,0.3405,0.59763,0.53084,0.49509
-0.018433,0.092303,-0.00076575,0.3404,0.59769,0.53059,0.49534
-0.018481,0.092733,-0.00089872,0.34026,0.59779,0.5303,0.49563
-0.018536,0.093168,-0.00095343,0.34006,0.59777,0.53015,0.49596
-0.018523,0.093577,-0.00097716,0.33992,0.59758,0.53007,0.49636
-0.018472,0.093928,-0.00099523,0.33993,0.59736,0.53005,0.49665
-0.018492,0.094279,-0.00095867,0.34009,0.59732,0.52999,0.49665
-0.01861,0.094639,-0.00097541,0.34046,0.5974,0.5298,0.4965
-0.018691,0.094966,-0.00098814,0.34085,0.59746,0.52968,0.49629
-0.018807,0.095326,-0.00089141,0.34116,0.59736,0.52976,0.49611
-0.018849,0.095673,-0.00080811,0.34144,0.59719,0.52982,0.49606
-0.01892,0.096017,-0.00074634,0.34163,0.597,0.52986,0.4961
-0.01902,0.096361,-0.00072672,0.34184,0.597,0.52977,0.49606
-0.019111,0.096641,-0.00077198,0.34194,0.59706,0.52962,0.49608
-0.019202,0.096976,-0.00081692,0.34197,0.59713,0.52941,0.4962
-0.019292,0.097298,-0.00089661,0.34199,0.5971,0.52925,0.4964
-0.019388,0.097613,-0.0009475,0.34201,0.59702,0.52913,0.49661
-0.019432,0.097895,-0.00098561,0.3422,0.59693,0.52909,0.49664
-0.019482,0.098136,-0.00097005,0.34257,0.59692,0.52897,0.4965
-0.019581,0.09838,-0.00091839,0.34298,0.59696,0.52883,0.49633
-0.019672,0.098566,-0.00087595,0.34335,0.59703,0.52872,0.4961
-0.019694,0.098761,-0.0007786,0.3436,0.59708,0.52868,0.49592
-0.019813,0.098963,-0.00072812,0.34373,0.59697,0.52874,0.49589
-0.019925,0.099197,-0.00063373,0.34369,0.59688,0.52882,0.49594
-0.020007,0.099388,-0.00060512,0.3437,0.59684,0.52886,0.49595
-0.020053,0.099621,-0.00057282,0.34368,0.59677,0.52888,0.49602
-0.020094,0.099829,-0.00055756,0.34372,0.59682,0.52884,0.49597
-0.020136,0.10005,-0.00055153,0.34377,0.59682,0.52884,0.49594
-0.020054,0.1003,-0.00052725,0.34391,0.59679,0.52881,0.49591
-0.01995,0.10057,-0.00052764,0.34404,0.59671,0.52867,0.49606
-0.01981,0.10077,-0.0005505,0.34406,0.5966,0.5285,0.49636
-0.019745,0.10093,-0.00054076,0.34409,0.59661,0.52828,0.49657
-0.019633,0.10113,-0.00053594,0.34415,0.59659,0.52804,0.49681
-0.019577,0.10128,-0.00047057,0.34421,0.59651,0.52792,0.49698
-0.01955,0.10144,-0.0003231,0.34436,0.5964,0.52796,0.49697
-0.019603,0.10157,-0.00019113,0.34451,0.59636,0.52801,0.49686
-0.019635,0.1017,-9.4149e-06,0.34471,0.59638,0.52817,0.49654
-0.019657,0.10184,0.00023678,0.34492,0.59626,0.52844,0.49624
-0.019736,0.10195,0.00045409,0.34491,0.59604,0.52887,0.49606
-0.019753,0.10212,0.00070598,0.34475,0.59578,0.52923,0.49608
-0.019767,0.10222,0.00087819,0.34456,0.5956,0.5295,0.49616
-0.019831,0.10233,0.00099601,0.34427,0.59554,0.52963,0.49629
-0.01983,0.10244,0.001036,0.344,0.59559,0.52959,0.49645
-0.019692,0.10246,0.0010723,0.34381,0.59563,0.52954,0.49659
-0.019612,0.10248,0.0010967,0.34361,0.59555,0.52963,0.49674
-0.019449,0.10249,0.0010595,0.34339,0.59529,0.52977,0.49705
-0.019217,0.10244,0.001031,0.34314,0.59509,0.52989,0.49734
-0.019012,0.1024,0.0010727,0.34299,0.59489,0.53001,0.49755
-0.018927,0.10236,0.0010616,0.343,0.59484,0.53005,0.49755
-0.018843,0.10232,0.0010348,0.34299,0.59489,0.53001,0.49755
-0.01881,0.10224,0.0010046,0.34293,0.59502,0.52989,0.49756
-0.018747,0.10214,0.0010047,0.34283,0.59506,0.52984,0.49763
-0.018762,0.10208,0.0010002,0.34267,0.5951,0.5299,0.49763
-0.018732,0.10196,0.0010104,0.34262,0.59513,0.52995,0.49758
-0.018755,0.10189,0.0010158,0.34262,0.5952,0.52995,0.49748
-0.018755,0.10175,0.0010021,0.34264,0.59527,0.52994,0.49741
-0.018771,0.10157,0.00092818,0.34266,0.59537,0.52988,0.49734
-0.018753,0.10139,0.0009055,0.34283,0.59535,0.52996,0.49716
-0.018721,0.10119,0.00082879,0.34299,0.59534,0.52995,0.49707
-0.018722,0.10097,0.00074699,0.34315,0.59542,0.52985,0.49697
-0.018725,0.10071,0.00060392,0.34326,0.59554,0.52972,0.49689
-0.018735,0.10041,0.00039941,0.34333,0.59569,0.52951,0.49688
-0.018783,0.10014,0.00012868,0.34333,0.59592,0.5292,0.49695
-0.018793,0.09984,-0.00016815,0.34321,0.59611,0.52894,0.49708
-0.018806,0.099558,-0.000445,0.34301,0.59624,0.5288,0.49721
-0.018758,0.099236,-0.00075628,0.34275,0.59634,0.52861,0.49747
-0.018694,0.098889,-0.0010838,0.34248,0.59644,0.52854,0.49761
-0.018657,0.098569,-0.0014175,0.34227,0.59648,0.52851,0.49774
-0.018571,0.098193,-0.0017376,0.3421,0.59654,0.52848,0.49782
-0.018418,0.097857,-0.0020436,0.34206,0.59658,0.52832,0.49796
-0.018289,0.097489,-0.0023382,0.34198,0.59663,0.52816,0.49813
-0.01813,0.097106,-0.0026577,0.342,0.59668,0.5279,0.49834
-0.017958,0.096703,-0.0029397,0.34205,0.5967,0.52761,0.49857
-0.017747,0.096275,-0.0032235,0.34211,0.59661,0.52736,0.49891
-0.017609,0.095865,-0.0034927,0.34217,0.59652,0.5271,0.49925
-0.017443,0.095451,-0.0037286,0.34222,0.5964,0.5268,0.49967
-0.017244,0.094971,-0.0039464,0.34228,0.59624,0.52654,0.50011
-0.017075,0.094526,-0.004192,0.34234,0.5961,0.52633,0.50045
-0.016927,0.094026,-0.0043535,0.34238,0.596,0.52627,0.5006
-0.016838,0.093577,-0.0044588,0.34251,0.59594,0.5263,0.50056
-0.016771,0.093088,-0.0045889,0.34264,0.59599,0.52627,0.50044
-0.01669,0.092635,-0.0046598,0.3427,0.59607,0.52617,0.50041
-0.01668,0.09217,-0.0047579,0.3427,0.59616,0.52609,0.50039
-0.016606,0.091679,-0.0048155,0.34254,0.59612,0.52614,0.50049
-0.016522,0.091198,-0.0048675,0.34232,0.59586,0.52628,0.50081
-0.016405,0.090734,-0.0048949,0.34219,0.59561,0.52633,0.50113
-0.016259,0.090242,-0.0048943,0.34213,0.59542,0.52638,0.50135
-0.016071,0.089766,-0.0049067,0.34227,0.59532,0.52633,0.50142
-0.015884,0.089283,-0.0048673,0.3425,0.59535,0.52626,0.50131
-0.015719,0.08879,-0.0048875,0.34297,0.59554,0.52602,0.501
-0.015579,0.088315,-0.004861,0.34346,0.59577,0.52572,0.50072
-0.015383,0.087808,-0.0048656,0.34395,0.59608,0.52533,0.50041
-0.015252,0.087379,-0.0047977,0.34435,0.59626,0.52506,0.50021
-0.015059,0.086948,-0.0046618,0.34455,0.59626,0.52496,0.50017
-0.014937,0.08654,-0.0045401,0.3447,0.59607,0.525,0.50025
-0.014839,0.086115,-0.0043327,0.34485,0.59593,0.52499,0.50033
-0.014751,0.085707,-0.0041107,0.34502,0.5958,0.52501,0.50035
-0.014712,0.085242,-0.0038885,0.34517,0.59571,0.5251,0.50025
-0.014652,0.084806,-0.0036292,0.34541,0.59555,0.52531,0.50007
-0.01461,0.084341,-0.0033157,0.34571,0.59537,0.52558,0.49978
-0.014546,0.083845,-0.0030427,0.34607,0.5953,0.52582,0.49936
-0.01448,0.083377,-0.0027565,0.34655,0.59526,0.52599,0.49891
-0.014447,0.08292,-0.0024607,0.34697,0.59523,0.52617,0.49846
-0.014401,0.082402,-0.0021782,0.34731,0.59513,0.52637,0.49813
-0.014268,0.081941,-0.0019186,0.34755,0.59497,0.52657,0.49794
-0.014176,0.081449,-0.0016743,0.34767,0.59471,0.52682,0.49791
-0.01403,0.08095,-0.0014238,0.34771,0.5943,0.52719,0.49798
-0.013853,0.080465,-0.0011973,0.34775,0.59403,0.52732,0.49813
-0.013658,0.079958,-0.00096458,0.34795,0.5938,0.5274,0.49818
-0.013436,0.079521,-0.00070943,0.34813,0.59344,0.52773,0.49813
-0.013278,0.079049,-0.00043271,0.3485,0.59301,0.52808,0.49802
-0.012998,0.078617,-0.00013184,0.34895,0.59272,0.5283,0.49781
-0.0127,0.078187,7.4241e-05,0.34941,0.59248,0.52837,0.4977
-0.012397,0.077736,0.00024526,0.34984,0.59231,0.52834,0.49763
-0.0121,0.077296,0.00039878,0.3501,0.59215,0.52832,0.49766
-0.011757,0.076817,0.00051324,0.35031,0.59196,0.52824,0.49782
-0.01145,0.07635,0.0005702,0.35046,0.5917,0.52818,0.49809
-0.011081,0.075831,0.00065728,0.35064,0.59159,0.528,0.49829
-0.010805,0.075326,0.00070996,0.3508,0.59147,0.52793,0.49839
-0.010442,0.074785,0.0007536,0.35099,0.59133,0.52793,0.49842
-0.010159,0.074225,0.00084233,0.35117,0.59118,0.52804,0.49836
-0.0098867,0.073675,0.00093398,0.35133,0.59108,0.52822,0.49818
-0.0096626,0.073066,0.0010243,0.35153,0.59099,0.52831,0.49804
-0.0094381,0.072526,0.0011644,0.35167,0.59103,0.52837,0.49783
-0.0092818,0.071957,0.0013096,0.35175,0.59099,0.52853,0.49765
-0.0090902,0.071377,0.0014479,0.35163,0.59091,0.52874,0.49761
-0.0088799,0.070801,0.0015985,0.35149,0.59068,0.52904,0.49766
-0.0086199,0.070163,0.0017218,0.35136,0.5904,0.52939,0.49771
-0.0083888,0.069527,0.0018335,0.35136,0.59016,0.52957,0.49781
-0.0080894,0.068885,0.0019294,0.35137,0.58998,0.52973,0.49784
-0.0078405,0.068221,0.0020016,0.35148,0.58985,0.52986,0.49778
-0.0075678,0.067534,0.002048,0.3517,0.58975,0.52993,0.49767
-0.0072316,0.066924,0.0021459,0.35186,0.5895,0.53009,0.49768
-0.0069377,0.066289,0.0021603,0.35212,0.58941,0.53008,0.49761
-0.0066338,0.065624,0.002154,0.35244,0.58949,0.52988,0.4975
-0.0063109,0.064897,0.002174,0.3527,0.58962,0.52964,0.49742
-0.0060552,0.064162,0.0021292,0.35295,0.5896,0.5295,0.49742
-0.0057675,0.063387,0.0020922,0.35317,0.58964,0.52934,0.4974
-0.0054923,0.062587,0.0020013,0.35343,0.58956,0.52923,0.49741
-0.0051919,0.061868,0.0019672,0.35375,0.5896,0.52908,0.49731
-0.0049525,0.061125,0.0018702,0.35412,0.58984,0.52879,0.49707
-0.0047016,0.060369,0.001702,0.35451,0.5901,0.52844,0.49685
-0.0044419,0.059633,0.0015477,0.3548,0.59024,0.52822,0.4967
-0.0041437,0.058887,0.001372,0.35487,0.59015,0.52819,0.49679
-0.0037897,0.058147,0.0012606,0.35477,0.58988,0.52832,0.49706
-0.0034159,0.057441,0.0011367,0.35452,0.58965,0.52839,0.49743
-0.0030497,0.056678,0.00095777,0.35423,0.58958,0.52827,0.49784
-0.0026586,0.055909,0.00076379,0.35395,0.58972,0.52793,0.49824
-0.0022614,0.055149,0.00057168,0.35365,0.58991,0.52755,0.49863
-0.0018388,0.054371,0.00040275,0.35337,0.58996,0.52729,0.49904
-0.0014634,0.053664,0.00027811,0.35313,0.58997,0.52718,0.49931
-0.0011045,0.052918,0.00025749,0.35294,0.59004,0.52718,0.49937
-0.00082832,0.052195,0.00025449,0.3529,0.59002,0.52726,0.49933
-0.00051432,0.051398,0.00034495,0.35287,0.58987,0.52747,0.49931
-0.0002856,0.05064,0.00038924,0.35283,0.58964,0.52778,0.49928
-0.00010234,0.049844,0.00044418,0.35266,0.58949,0.52798,0.49937
5.1711e-05,0.049,0.00039788,0.35238,0.58942,0.52809,0.49952
0.00022493,0.048172,0.00029556,0.35198,0.58951,0.52801,0.49979
0.00034978,0.047363,0.00017161,0.35162,0.58953,0.52801,0.50003
0.00048462,0.046606,9.5264e-05,0.3514,0.58955,0.52793,0.50024
0.00060679,0.045805,6.4692e-06,0.35135,0.58956,0.52784,0.50036
0.00076513,0.044994,-8.5568e-05,0.35148,0.58955,0.52771,0.50042
0.00091577,0.044167,-0.00019685,0.35166,0.58954,0.52758,0.50044
0.0011428,0.043299,-0.00024365,0.35183,0.58937,0.52755,0.50054
0.0013825,0.042434,-0.0002489,0.35213,0.58915,0.52744,0.50071
0.001626,0.041575,-0.00024433,0.35244,0.58893,0.52732,0.50087
0.0018417,0.040711,-0.00023819,0.35274,0.58879,0.52721,0.50095
0.0019894,0.039827,-0.00028177,0.35317,0.58875,0.52694,0.50097
0.0021291,0.038955,-0.00035005,0.35364,0.58881,0.5266,0.50094
0.0022621,0.038136,-0.00038926,0.35412,0.58903,0.52606,0.5009
0.0022889,0.037318,-0.00043764,0.35443,0.58925,0.52563,0.50087
0.0023473,0.036544,-0.00048215,0.35467,0.58936,0.52537,0.50086
0.0024136,0.035725,-0.00049147,0.35495,0.58927,0.52524,0.50089
0.0024636,0.034947,-0.00051134,0.35522,0.58931,0.52508,0.50083
0.0025418,0.034129,-0.00056663,0.35558,0.58932,0.52488,0.50077
0.0025947,0.033433,-0.00057018,0.35594,0.58933,0.52467,0.50072
0.0025881,0.032669,-0.00060151,0.35633,0.58934,0.5245,0.5006
0.0026282,0.031905,-0.00063164,0.35671,0.58942,0.52428,0.50047
0.0026003,0.031132,-0.00068884,0.35708,0.58945,0.52413,0.50033
0.0025658,0.030322,-0.00078411,0.35737,0.58954,0.52404,0.50011
0.0025419,0.029492,-0.0008401,0.35769,0.58968,0.52394,0.49982
0.0025454,0.028666,-0.00094436,0.35787,0.58977,0.52387,0.49965
0.0024568,0.027828,-0.00098551,0.35799,0.5898,0.52391,0.49951
0.0024399,0.027008,-0.0009935,0.35814,0.58971,0.524,0.49941
0.0023771,0.026242,-0.001054,0.35833,0.58976,0.52397,0.49924
0.0023056,0.025466,-0.0010721,0.35857,0.58989,0.52384,0.49905
0.0022497,0.02472,-0.0011582,0.35884,0.59004,0.52365,0.49888
0.0022425,0.023959,-0.00122,0.35901,0.5901,0.52353,0.4988
0.0022498,0.023148,-0.0013059,0.3592,0.59,0.52348,0.49883
0.0023115,0.02233,-0.0013357,0.35939,0.5899,0.52344,0.49887
0.0023611,0.021501,-0.0014205,0.35959,0.58992,0.52325,0.4989
0.0024149,0.020615,-0.0015605,0.35985,0.59001,0.52296,0.49891
0.0024321,0.019748,-0.0016679,0.36012,0.59021,0.52261,0.49884
0.0025097,0.018839,-0.0018166,0.3604,0.59042,0.52227,0.49876
0.002556,0.017936,-0.0020178,0.36054,0.59055,0.52204,0.49873
0.0026591,0.017029,-0.0020873,0.36065,0.59058,0.52198,0.49867
0.0027351,0.016062,-0.0021988,0.36084,0.59063,0.52196,0.49851
0.0028509,0.015114,-0.0022483,0.361,0.59067,0.5219,0.49841
0.0028632,0.014112,-0.0023498,0.36122,0.59081,0.52179,0.4982
0.0029353,0.013093,-0.0024703,0.36146,0.59095,0.52157,0.49809
0.0030061,0.012058,-0.0025857,0.36164,0.59104,0.5215,0.49792
0.0031262,0.011025,-0.002687,0.36191,0.59106,0.52143,0.49777
0.0032327,0.0099197,-0.002817,0.3622,0.59106,0.52145,0.49754
0.0033842,0.0087932,-0.0029257,0.36248,0.59121,0.52123,0.49739
0.0035008,0.0076131,-0.0031075,0.36248,0.59121,0.52123,0.49739
0.0035743,0.0064664,-0.0033233,0.3628,0.59174,0.52063,0.49716
0.0036996,0.0053008,-0.0034855,0.36281,0.59182,0.52044,0.49726
0.0038368,0.004187,-0.0036558,0.36277,0.59183,0.52032,0.4974
0.0039353,0.0030912,-0.0037967,0.36277,0.59183,0.52032,0.4974
0.0040659,0.0020812,-0.0039586,0.36279,0.59178,0.52025,0.49751
0.0042332,0.0010385,-0.004083,0.36293,0.59172,0.52016,0.49757
0.0044072,3.7213e-05,-0.004269,0.3631,0.59175,0.51999,0.49758
0.0045716,-0.00096141,-0.0044386,0.36337,0.59179,0.51983,0.49751
0.004796,-0.0019016,-0.0047658,0.36366,0.59189,0.51965,0.49737
0.0048478,-0.0027723,-0.0047735,0.36407,0.59194,0.51941,0.49727
0.0049462,-0.0035914,-0.0049897,0.36435,0.59192,0.51918,0.49732
0.0050549,-0.0043861,-0.005227,0.36452,0.5919,0.51892,0.4975
0.0051878,-0.0052287,-0.0055096,0.36452,0.59193,0.51854,0.49786
0.005474,-0.0061047,-0.0059538,0.36455,0.59204,0.51803,0.49824
0.0055466,-0.006923,-0.00609,0.36453,0.59214,0.51751,0.49867
0.0056641,-0.0077479,-0.0063559,0.36449,0.59229,0.51707,0.49898
0.0057429,-0.0085491,-0.0066123,0.36456,0.59237,0.51677,0.49914
0.0057811,-0.0093272,-0.0068694,0.36463,0.59249,0.51651,0.49921
0.0059306,-0.0093784,-0.0072409,0.36471,0.59252,0.51634,0.49929
0.0057836,-0.010873,-0.0073746,0.36489,0.59256,0.51617,0.4993
0.0056915,-0.011688,-0.0076035,0.36506,0.59263,0.51597,0.4993
0.0057771,-0.011703,-0.0077456,0.36529,0.59279,0.51565,0.49927
0.005738,-0.012503,-0.008022,0.36543,0.5931,0.51515,0.49932
0.0056849,-0.013323,-0.0082868,0.36555,0.59335,0.51466,0.49943
0.005669,-0.014156,-0.0085827,0.36561,0.59346,0.51427,0.49967
0.0056494,-0.014969,-0.0088405,0.36556,0.59349,0.51388,0.50006
0.0056066,-0.015798,-0.0091302,0.36551,0.59352,0.51359,0.50036
0.0055002,-0.016604,-0.0093592,0.36554,0.5936,0.51337,0.50048
0.0054232,-0.01751,-0.0096986,0.36566,0.5937,0.51321,0.50043
0.0053662,-0.018321,-0.0096823,0.366,0.59383,0.51308,0.50016
0.0053198,-0.019128,-0.0098199,0.36638,0.594,0.51292,0.49984
0.0053016,-0.019862,-0.0099018,0.36675,0.59426,0.51267,0.49951
0.0053218,-0.020612,-0.0099457,0.36707,0.59454,0.51233,0.4993
0.0054266,-0.021379,-0.010187,0.36727,0.59479,0.51196,0.49923
0.0054272,-0.022121,-0.010231,0.36732,0.59485,0.51172,0.49937
0.0056123,-0.022889,-0.010359,0.36724,0.59474,0.51155,0.49974
0.0057542,-0.023626,-0.010491,0.36702,0.59458,0.5114,0.50023
0.0059038,-0.024389,-0.010655,0.36679,0.59439,0.51132,0.50071
0.0061138,-0.025151,-0.010864,0.36673,0.5943,0.51117,0.50101
0.0061681,-0.025839,-0.01086,0.36676,0.59433,0.511,0.50114
0.0062771,-0.026534,-0.010934,0.36684,0.59443,0.51083,0.50113
0.0064264,-0.027237,-0.010918,0.36693,0.59437,0.51074,0.50123
0.0065519,-0.027936,-0.010925,0.36701,0.5944,0.51056,0.50131
0.0067481,-0.028615,-0.010783,0.36713,0.5944,0.51034,0.50144
0.0068317,-0.029274,-0.010757,0.36726,0.5944,0.51012,0.50158
0.0069673,-0.029877,-0.010623,0.36735,0.59426,0.51002,0.50178
0.0071157,-0.030438,-0.010435,0.36742,0.59402,0.50998,0.50206
0.0072863,-0.030977,-0.010242,0.36746,0.59377,0.51002,0.50229
0.0074674,-0.031438,-0.0099574,0.3675,0.59342,0.51015,0.50254
0.0075243,-0.031942,-0.0098834,0.36757,0.59316,0.51031,0.50263
0.0075975,-0.032414,-0.0097246,0.36772,0.59305,0.51035,0.50262
0.0076886,-0.032874,-0.009549,0.36811,0.59306,0.51026,0.50241
0.0076906,-0.033335,-0.0093704,0.36861,0.59309,0.51011,0.50215
0.007776,-0.033799,-0.0091539,0.36909,0.59312,0.50994,0.50195
0.0078118,-0.034205,-0.0089016,0.3695,0.59312,0.50973,0.50185
0.0078357,-0.034567,-0.0086426,0.3697,0.59309,0.50958,0.50189
0.0079027,-0.034894,-0.0084482,0.36983,0.593,0.50944,0.50204
0.0079304,-0.035103,-0.0082184,0.36987,0.59297,0.5094,0.50209
0.0079141,-0.035301,-0.0080426,0.36995,0.59291,0.50942,0.50208
0.0079059,-0.035467,-0.0079659,0.36995,0.59291,0.50942,0.50208
0.0078599,-0.0356,-0.0079214,0.37003,0.59284,0.50953,0.50199
0.0078054,-0.035768,-0.007878,0.37011,0.59277,0.50964,0.50191
0.0077621,-0.036032,-0.0078615,0.37027,0.59276,0.50962,0.50182
0.0078083,-0.036279,-0.0078727,0.37045,0.59279,0.50946,0.50182
0.0077965,-0.036591,-0.00793,0.3706,0.5928,0.50926,0.5019
0.0078592,-0.036877,-0.0080049,0.37075,0.59273,0.50915,0.50198
0.0079368,-0.037203,-0.0080641,0.37091,0.59265,0.50904,0.50207
0.0079426,-0.037529,-0.0082321,0.37102,0.59262,0.50888,0.50219
0.0080541,-0.03784,-0.0083397,0.37123,0.59271,0.50858,0.50223
0.0081126,-0.038146,-0.0084648,0.37132,0.59277,0.50834,0.50233
0.008247,-0.038513,-0.008611,0.37139,0.59286,0.50804,0.50248
0.0083154,-0.038842,-0.0087568,0.37142,0.59293,0.50782,0.5026
0.0084361,-0.039159,-0.0088546,0.37152,0.5929,0.50766,0.50272
0.0085742,-0.039496,-0.0090093,0.37167,0.59291,0.50747,0.50278
0.0086798,-0.03986,-0.0091282,0.3718,0.59294,0.50729,0.50283
0.0088118,-0.040198,-0.0092364,0.37191,0.59287,0.50718,0.50296
0.0089181,-0.04058,-0.0093749,0.3719,0.59285,0.50704,0.50312
0.0089975,-0.040923,-0.0095226,0.37193,0.59283,0.5069,0.50325
0.0090585,-0.041222,-0.0096511,0.37193,0.59297,0.50666,0.50333
0.0090649,-0.041514,-0.0098215,0.372,0.5932,0.50638,0.5033
0.0091003,-0.041784,-0.009967,0.37204,0.59338,0.5061,0.50333
0.009119,-0.042028,-0.01008,0.37198,0.59348,0.50592,0.50344
0.0091578,-0.042285,-0.010155,0.37188,0.59353,0.50588,0.50351
0.0091752,-0.042502,-0.010193,0.37172,0.59349,0.50593,0.50361
0.0091698,-0.042692,-0.010126,0.37169,0.59339,0.5061,0.50358
0.0091543,-0.042821,-0.010013,0.3718,0.59329,0.50628,0.50344
0.0091657,-0.04293,-0.0099281,0.3719,0.59328,0.50638,0.50328
0.0091726,-0.043023,-0.0098675,0.37206,0.59327,0.50636,0.50319
0.0092719,-0.043057,-0.0097724,0.37215,0.59336,0.50629,0.5031
0.0092551,-0.04311,-0.0097094,0.37224,0.59336,0.50629,0.50302
0.0093139,-0.043157,-0.0095931,0.37238,0.59333,0.50625,0.50299
0.0093693,-0.04321,-0.0094707,0.37243,0.59333,0.50625,0.50295
0.0094182,-0.043263,-0.0093742,0.37248,0.59329,0.5063,0.50292
0.0094871,-0.043234,-0.0092552,0.37252,0.59314,0.5064,0.50297
0.0095508,-0.04326,-0.0091954,0.3725,0.59295,0.50665,0.50296
0.0095883,-0.043237,-0.0090832,0.37245,0.59277,0.50693,0.50293
0.0096258,-0.043241,-0.009017,0.37246,0.59251,0.5072,0.50295
0.0096857,-0.043254,-0.0089411,0.37251,0.59247,0.50724,0.50292
0.0097672,-0.043263,-0.0088389,0.37259,0.59256,0.50716,0.50282
0.0098224,-0.043263,-0.0087814,0.37274,0.59273,0.50698,0.5027
0.0098571,-0.043299,-0.0086906,0.37281,0.59279,0.50697,0.50259
0.0098817,-0.04328,-0.0085957,0.37288,0.59273,0.50699,0.50258
0.0099363,-0.043191,-0.0085132,0.37293,0.59273,0.507,0.50255
0.0099546,-0.043112,-0.0084235,0.37294,0.59264,0.50708,0.50256
0.0099911,-0.043036,-0.0083622,0.3729,0.59258,0.50721,0.50253
0.0099436,-0.042947,-0.0082791,0.37297,0.59248,0.50738,0.50242
0.0099396,-0.042846,-0.0081365,0.37301,0.59235,0.50762,0.5023
0.0098709,-0.042721,-0.0080114,0.37303,0.59227,0.50784,0.50215
0.0098095,-0.042581,-0.0079249,0.37306,0.59228,0.50796,0.502
0.0097421,-0.042477,-0.0078278,0.37312,0.59234,0.50806,0.50179
0.0096091,-0.042309,-0.0077494,0.37327,0.59233,0.50816,0.50159
0.0095418,-0.042141,-0.0076527,0.37339,0.59238,0.50824,0.50136
0.009469,-0.041967,-0.0076067,0.37334,0.59241,0.50828,0.50131
0.0094495,-0.041784,-0.0076263,0.37326,0.5924,0.50837,0.50131
0.0094375,-0.041571,-0.0076333,0.37315,0.59232,0.50847,0.50138
0.0093896,-0.041369,-0.0077434,0.37302,0.59223,0.50854,0.50151
0.0094015,-0.041169,-0.007773,0.37298,0.59214,0.50862,0.50156
0.0094359,-0.040969,-0.0077545,0.37303,0.5921,0.50867,0.50153
0.0095002,-0.040808,-0.0077134,0.37313,0.59213,0.50872,0.50136
0.0095978,-0.040628,-0.0075971,0.37314,0.59207,0.50885,0.50129
0.0095648,-0.040356,-0.0074921,0.37311,0.59211,0.50904,0.50107
0.009549,-0.040102,-0.0073888,0.37302,0.59217,0.50913,0.50097
0.0095126,-0.039787,-0.0072933,0.37286,0.5923,0.5092,0.50088
0.0094608,-0.039446,-0.0072309,0.3726,0.59242,0.50927,0.50086
0.0094313,-0.03912,-0.0071245,0.37238,0.59246,0.50944,0.5008
0.0093844,-0.038774,-0.0070805,0.37215,0.59255,0.50957,0.50073
0.0092611,-0.038444,-0.0070359,0.37207,0.59256,0.50971,0.50063
0.0091872,-0.038067,-0.006926,0.37204,0.59252,0.50998,0.50043
0.0091683,-0.037736,-0.0067977,0.37214,0.59238,0.51031,0.50018
0.0091664,-0.037378,-0.0066516,0.37228,0.59225,0.51055,0.49999
0.0090787,-0.037011,-0.0065385,0.3723,0.59222,0.51073,0.49983
0.0090686,-0.036628,-0.0064154,0.37227,0.59231,0.51076,0.4997
0.0089833,-0.036257,-0.0063916,0.37221,0.59252,0.51065,0.49962
0.0088446,-0.035848,-0.0063685,0.37214,0.59282,0.51044,0.49952
0.0086937,-0.035444,-0.0063581,0.37204,0.59322,0.51019,0.49939
0.0084722,-0.034995,-0.0063651,0.372,0.59352,0.5101,0.49915
0.0081895,-0.03453,-0.0064404,0.37194,0.59376,0.51003,0.49897
0.0079164,-0.034018,-0.0064951,0.37199,0.59387,0.51009,0.49875
0.0076176,-0.033505,-0.0065736,0.37205,0.59404,0.51014,0.49846
0.0072204,-0.032976,-0.0067134,0.37225,0.59427,0.51006,0.49812
0.0068518,-0.032451,-0.0069103,0.37248,0.59463,0.50986,0.49772
0.0064027,-0.031856,-0.0071595,0.37279,0.59517,0.5095,0.4972
0.0060185,-0.031303,-0.0074126,0.37279,0.59565,0.50914,0.49699
0.0056111,-0.030736,-0.0077413,0.3726,0.59596,0.50896,0.49695
0.0051928,-0.030256,-0.0080061,0.37211,0.59615,0.50902,0.49703
0.0047685,-0.029746,-0.0082217,0.37156,0.59627,0.50918,0.49714
0.0042421,-0.029233,-0.0083792,0.37098,0.59634,0.50961,0.49705
0.0036624,-0.028599,-0.0084799,0.37057,0.59643,0.51007,0.49677
0.0030061,-0.027995,-0.0086036,0.3703,0.59672,0.5104,0.49628
0.0022905,-0.027266,-0.0087597,0.37012,0.59712,0.51071,0.49561
0.0015715,-0.026534,-0.008885,0.36998,0.59754,0.51092,0.49499
0.00087015,-0.025788,-0.009043,0.36971,0.59792,0.51117,0.49448
0.00025764,-0.024991,-0.0091435,0.36923,0.59814,0.51151,0.49422
-0.00033961,-0.024213,-0.0092335,0.36871,0.59829,0.51183,0.4941
-0.00092266,-0.023471,-0.0092551,0.36819,0.59822,0.51239,0.49399
-0.0014592,-0.02267,-0.0092481,0.36768,0.59816,0.51294,0.49388
-0.0020407,-0.021887,-0.0091989,0.36722,0.59817,0.51339,0.49373
-0.0026051,-0.021028,-0.0091293,0.36691,0.59829,0.51379,0.4934
-0.0031574,-0.020179,-0.0090746,0.36673,0.59835,0.51422,0.49301
-0.0037223,-0.019304,-0.0089526,0.36655,0.59844,0.51469,0.49254
-0.0043254,-0.018392,-0.008857,0.36647,0.59853,0.51517,0.49199
-0.0048547,-0.017465,-0.0086497,0.36634,0.59858,0.51569,0.49149
-0.0054674,-0.016478,-0.0084242,0.36612,0.59854,0.51628,0.49108
-0.0060168,-0.015484,-0.008139,0.36587,0.59841,0.51696,0.49072
-0.0065758,-0.014455,-0.007833,0.36568,0.5983,0.51757,0.49034
-0.0071155,-0.013482,-0.007519,0.3655,0.59827,0.51819,0.48987
-0.0075991,-0.012474,-0.0071723,0.36542,0.59815,0.51878,0.48944
-0.0081867,-0.01144,-0.0068443,0.36537,0.59809,0.51936,0.48893
-0.008686,-0.010373,-0.0064739,0.36539,0.59799,0.51987,0.48851
-0.00917,-0.0092393,-0.0061481,0.36539,0.59785,0.52044,0.48806
-0.0096727,-0.0081484,-0.0058002,0.36532,0.59767,0.52103,0.48772
-0.01013,-0.0070342,-0.0054125,0.36522,0.59741,0.52163,0.48746
-0.010567,-0.0059743,-0.0050226,0.36508,0.5972,0.52218,0.48723
-0.011001,-0.0049289,-0.0045981,0.365,0.5971,0.5226,0.48696
-0.011432,-0.0038591,-0.0041568,0.36492,0.59696,0.52314,0.48662
-0.011861,-0.0027661,-0.0037547,0.36492,0.59682,0.52371,0.48617
-0.012317,-0.0016397,-0.0032801,0.36494,0.5967,0.52431,0.48566
-0.01271,-0.00051835,-0.0028403,0.36512,0.59666,0.52481,0.48504
-0.01309,0.00061227,-0.0024313,0.36527,0.5966,0.52528,0.48449
-0.013421,0.0017308,-0.002126,0.36532,0.59656,0.52566,0.48409
-0.01372,0.0028379,-0.001826,0.36512,0.59636,0.52613,0.48398
-0.013949,0.0039145,-0.0015894,0.36482,0.59598,0.52663,0.48412
-0.014076,0.0049814,-0.0013249,0.36434,0.59563,0.52707,0.48444
-0.014268,0.0059878,-0.0011577,0.36379,0.59535,0.52739,0.48484
-0.014458,0.0069667,-0.00091816,0.36338,0.59517,0.52778,0.48495
-0.014681,0.0079891,-0.00065148,0.36322,0.59502,0.5282,0.48479
-0.014904,0.0089614,-0.00031661,0.36337,0.59493,0.52863,0.48432
-0.015181,0.0099473,2.6575e-06,0.36365,0.59498,0.52894,0.48371
-0.015463,0.010904,0.00026555,0.36394,0.59506,0.52919,0.48312
-0.015699,0.011888,0.00055143,0.36415,0.59505,0.52951,0.48263
-0.015926,0.012897,0.00075685,0.3642,0.59489,0.52992,0.48234
-0.016199,0.01393,0.00090965,0.36411,0.5947,0.53019,0.48234
-0.01635,0.015024,0.0010012,0.36397,0.59449,0.53041,0.48247
-0.016457,0.016117,0.00098679,0.36374,0.59437,0.53043,0.48277
-0.01653,0.017211,0.00089171,0.36343,0.59432,0.53034,0.48316
-0.016645,0.018369,0.0007288,0.36317,0.59431,0.53022,0.4835
-0.016724,0.019472,0.00058009,0.36293,0.59424,0.5302,0.48379
-0.016874,0.020594,0.00048849,0.36279,0.59407,0.53037,0.48391
-0.017,0.021648,0.00042337,0.36271,0.59396,0.53054,0.48392
-0.017202,0.022733,0.00038786,0.36276,0.59395,0.53063,0.4838
-0.017451,0.023779,0.00029807,0.36276,0.59406,0.5306,0.4837
-0.017759,0.024805,0.0001811,0.36282,0.59417,0.53054,0.48358
-0.018126,0.025904,-7.0939e-06,0.36287,0.59438,0.53032,0.48353
-0.018522,0.027009,-0.00025818,0.36285,0.59473,0.52997,0.48349
-0.018915,0.028104,-0.00057666,0.36269,0.59492,0.52971,0.48366
-0.019251,0.029247,-0.00095628,0.36242,0.59496,0.52954,0.484
-0.0196,0.030362,-0.0014038,0.362,0.59493,0.52947,0.48444
-0.019986,0.031449,-0.001809,0.36153,0.59487,0.52949,0.48484
-0.020379,0.032522,-0.0022607,0.36104,0.59488,0.52948,0.4852
-0.020774,0.033593,-0.002596,0.36074,0.59484,0.52953,0.48542
-0.021183,0.034591,-0.0028901,0.36047,0.59495,0.52945,0.48557
-0.021691,0.035538,-0.0032189,0.36021,0.59504,0.52938,0.48572
-0.022156,0.036405,-0.003485,0.35998,0.59519,0.52927,0.48583
-0.022646,0.037207,-0.003768,0.35984,0.59531,0.52923,0.48584
-0.023014,0.037991,-0.0039756,0.35989,0.59543,0.52909,0.4858
-0.023467,0.038794,-0.0042369,0.35996,0.59566,0.52889,0.48569
-0.023933,0.039638,-0.0045306,0.36001,0.5959,0.52871,0.48555
-0.02445,0.04051,-0.0048547,0.36016,0.59607,0.52854,0.48543
-0.024973,0.041482,-0.0052017,0.36028,0.59626,0.52829,0.48537
-0.025424,0.042462,-0.0055988,0.36022,0.59649,0.52797,0.48547
-0.025864,0.043465,-0.0059158,0.35997,0.59663,0.52775,0.48573
-0.026316,0.04444,-0.0062537,0.35961,0.5969,0.52748,0.48596
-0.026762,0.045412,-0.0065271,0.35929,0.59713,0.52729,0.48612
-0.027206,0.046374,-0.0067996,0.35898,0.59735,0.52707,0.48632
-0.027647,0.047364,-0.0070185,0.35871,0.59753,0.527,0.48637
-0.028041,0.048327,-0.0072097,0.35849,0.59775,0.52689,0.48638
-0.028431,0.04928,-0.0074102,0.35826,0.59793,0.52683,0.4864
-0.028875,0.050255,-0.0075706,0.35816,0.59809,0.52675,0.48636
-0.029237,0.051245,-0.0077131,0.35806,0.59813,0.5267,0.48643
-0.029589,0.052269,-0.0077625,0.35797,0.59808,0.52674,0.48652
-0.029927,0.053275,-0.0077801,0.35772,0.59804,0.52679,0.4867
-0.030256,0.054282,-0.0077587,0.35738,0.59796,0.52687,0.48696
-0.030576,0.055284,-0.0076453,0.35703,0.59789,0.52696,0.48721
-0.03084,0.056313,-0.0074817,0.35674,0.59779,0.52713,0.48736
-0.031161,0.057314,-0.0072185,0.35666,0.59778,0.52735,0.48718
-0.031553,0.05837,-0.0069149,0.35674,0.59789,0.52752,0.48681
-0.031936,0.059411,-0.0066171,0.35701,0.598,0.52771,0.48628
-0.032346,0.060534,-0.006282,0.35724,0.59817,0.52787,0.48572
-0.032724,0.061663,-0.0059409,0.35747,0.59822,0.52818,0.48515
-0.03313,0.062836,-0.005584,0.35758,0.59809,0.52864,0.48473
-0.033407,0.064,-0.0052966,0.35758,0.59809,0.52864,0.48473
-0.033655,0.065173,-0.0048975,0.35751,0.59756,0.52949,0.48451
-0.03387,0.066303,-0.0046284,0.35739,0.59738,0.52964,0.48466
-0.034026,0.067385,-0.0043779,0.35739,0.59738,0.52964,0.48466
-0.034199,0.068449,-0.0041564,0.35715,0.59718,0.52977,0.48495
-0.034358,0.06946,-0.0038838,0.35695,0.59705,0.5299,0.4851
-0.034543,0.07046,-0.0035599,0.35687,0.59687,0.53006,0.48521
-0.034693,0.071413,-0.0031527,0.35701,0.59663,0.53024,0.48519
-0.034806,0.072277,-0.0027324,0.35722,0.59649,0.53047,0.48498
-0.035002,0.073174,-0.0022656,0.3576,0.59628,0.53072,0.48468
-0.035166,0.074133,-0.0017441,0.35806,0.59608,0.53097,0.4843
-0.035405,0.075114,-0.0012077,0.35839,0.59588,0.53121,0.48404
-0.035626,0.076116,-0.00073748,0.35873,0.59572,0.53131,0.48388
-0.03586,0.077142,-0.00025678,0.35898,0.59556,0.5314,0.4838
-0.03602,0.078111,0.00021142,0.35907,0.59532,0.53158,0.48382
-0.036235,0.079094,0.00065775,0.35912,0.59499,0.53184,0.4839
-0.036404,0.080008,0.001085,0.35908,0.59469,0.53215,0.48397
-0.036631,0.080915,0.0015003,0.35918,0.59443,0.53242,0.48391
-0.036681,0.080943,0.0017284,0.35934,0.59436,0.53265,0.48364
-0.036951,0.081789,0.0021148,0.35947,0.59432,0.53281,0.48342
-0.037349,0.083447,0.002719,0.35953,0.5942,0.53307,0.48323
-0.037581,0.084249,0.003048,0.35951,0.594,0.53331,0.48321
-0.037559,0.084271,0.0031596,0.35939,0.59372,0.53355,0.48337
-0.037711,0.085049,0.0034283,0.35936,0.59355,0.53371,0.48344
-0.037874,0.085813,0.003676,0.35945,0.59339,0.53381,0.48345
-0.037989,0.086537,0.0038757,0.3596,0.59326,0.53394,0.48336
-0.038123,0.087256,0.00408,0.35984,0.59318,0.53404,0.48318
-0.038193,0.087955,0.0041402,0.35995,0.59302,0.53412,0.48321
-0.038247,0.088706,0.004227,0.36009,0.59299,0.53408,0.48318
-0.03829,0.089414,0.0042325,0.36016,0.59294,0.53401,0.48326
-0.038265,0.090145,0.0043051,0.36027,0.59279,0.53389,0.48349
-0.03825,0.090773,0.0042717,0.36022,0.59263,0.53374,0.4839
-0.038188,0.091422,0.0042537,0.36015,0.59245,0.53356,0.48437
-0.03814,0.091983,0.0041205,0.35997,0.5924,0.53326,0.4849
-0.038074,0.092608,0.0040109,0.35983,0.5924,0.53291,0.48538
-0.038038,0.093204,0.0038583,0.3598,0.59246,0.53256,0.48571
-0.038004,0.093816,0.0036878,0.3599,0.59254,0.53224,0.4859
-0.03791,0.094366,0.0034665,0.36007,0.59268,0.53179,0.48608
-0.037781,0.094882,0.0032557,0.3603,0.59275,0.53134,0.48633
-0.037699,0.095372,0.0030563,0.36049,0.59272,0.53097,0.48663
-0.037622,0.095815,0.0027973,0.36062,0.59271,0.5305,0.48705
-0.037578,0.096201,0.002524,0.36066,0.59271,0.52994,0.48763
-0.03749,0.096585,0.002196,0.36064,0.59271,0.52938,0.48824
-0.037411,0.096933,0.0019441,0.36069,0.59265,0.52895,0.48875
-0.037292,0.09721,0.0017114,0.36083,0.5927,0.52859,0.48899
-0.037255,0.097449,0.0016366,0.36123,0.59272,0.5283,0.48898
-0.037214,0.097723,0.0015608,0.36168,0.59282,0.52802,0.48883
-0.037281,0.09801,0.0015491,0.36209,0.59284,0.52795,0.48856
-0.037359,0.098331,0.0015307,0.36244,0.59281,0.5279,0.4884
-0.03745,0.098717,0.0015204,0.36268,0.59278,0.52787,0.4883
-0.03759,0.099095,0.0014224,0.3628,0.59293,0.52767,0.48824
-0.037665,0.099397,0.001145,0.36282,0.59314,0.52733,0.48834
-0.03766,0.099676,0.00088488,0.36281,0.59334,0.52697,0.4885
-0.037544,0.099959,0.00053348,0.36271,0.59345,0.52659,0.48884
-0.037376,0.10021,0.00019082,0.36249,0.59351,0.52622,0.48932
-0.037193,0.10044,-0.00019836,0.3623,0.59367,0.5258,0.48973
-0.037092,0.10065,-0.00052345,0.36213,0.59376,0.52549,0.49008
-0.036984,0.10085,-0.00079999,0.36197,0.59376,0.52525,0.49045
-0.036861,0.10098,-0.0010155,0.36171,0.5937,0.52516,0.4908
-0.036738,0.10113,-0.0012387,0.3614,0.59362,0.52502,0.49128
-0.036606,0.10131,-0.0014643,0.36099,0.59361,0.52489,0.49173
-0.036461,0.10144,-0.0017178,0.36068,0.59365,0.52472,0.49211
-0.036386,0.10158,-0.0019689,0.36051,0.59381,0.52441,0.49237
-0.036323,0.10171,-0.0021864,0.36051,0.59411,0.52399,0.49244
-0.036307,0.10185,-0.0023927,0.3606,0.59439,0.52363,0.49242
-0.036288,0.10195,-0.002603,0.36073,0.59461,0.52333,0.49238
-0.036299,0.10207,-0.0026632,0.36083,0.5947,0.52314,0.4924
-0.036346,0.10213,-0.0026966,0.36081,0.59482,0.52288,0.49254
-0.036409,0.10218,-0.0027743,0.3607,0.59489,0.52265,0.49278
-0.036436,0.10223,-0.0028151,0.36056,0.59486,0.5226,0.49298
-0.036462,0.10229,-0.0027885,0.36044,0.59477,0.52256,0.49322
-0.036548,0.1024,-0.002732,0.3604,0.59472,0.5226,0.49327
-0.036591,0.10247,-0.002654,0.3604,0.59471,0.52269,0.49319
-0.036668,0.10256,-0.0025524,0.36046,0.59468,0.52287,0.49298
-0.036692,0.10263,-0.0024059,0.3605,0.59464,0.52302,0.49284
-0.036672,0.10274,-0.0022612,0.3605,0.5945,0.52326,0.49276
-0.036654,0.10285,-0.0021148,0.36059,0.59433,0.52345,0.49269
-0.036653,0.10298,-0.002006,0.36061,0.59411,0.52365,0.49273
-0.036621,0.10314,-0.0018681,0.36074,0.59384,0.52379,0.4928
-0.036577,0.10322,-0.0018203,0.36077,0.59371,0.5238,0.49293
-0.036446,0.10331,-0.0017293,0.36086,0.5937,0.52367,0.49303
-0.036305,0.10339,-0.001649,0.36097,0.59362,0.52356,0.49316
-0.036172,0.10347,-0.0015697,0.36107,0.59347,0.52355,0.49327
-0.036038,0.1036,-0.0014431,0.36131,0.59333,0.52355,0.49327
-0.035897,0.10372,-0.0012841,0.36163,0.59328,0.52347,0.49318
-0.03582,0.10384,-0.0011277,0.36198,0.59328,0.52338,0.49302
-0.035704,0.10399,-0.00095531,0.36233,0.59324,0.52333,0.49286
-0.035608,0.10412,-0.00078731,0.36264,0.59316,0.52332,0.49275
-0.035424,0.10424,-0.00060576,0.36292,0.59306,0.52328,0.4927
-0.035301,0.1044,-0.00046846,0.36316,0.59291,0.52328,0.4927
-0.035166,0.10448,-0.00032994,0.36336,0.59284,0.52317,0.49275
-0.03508,0.10455,-0.0002088,0.36359,0.59283,0.52305,0.49273
-0.034986,0.10458,-0.00012371,0.36384,0.59275,0.52294,0.49274
-0.034855,0.10456,-8.2178e-05,0.36408,0.59265,0.5229,0.49273
-0.034836,0.10452,4.4097e-05,0.36432,0.59261,0.52295,0.49255
-0.03482,0.10443,0.00016818,0.36467,0.59265,0.52291,0.49229
-0.034868,0.10435,0.00027566,0.36486,0.59289,0.52274,0.49203
-0.03497,0.10425,0.00039273,0.36501,0.59308,0.5227,0.49174
-0.035038,0.10418,0.00058884,0.36511,0.59314,0.5228,0.49149
-0.035107,0.10412,0.00081415,0.3652,0.59308,0.52305,0.49122
-0.035204,0.10403,0.00099977,0.36522,0.59304,0.52332,0.49098
-0.035266,0.10394,0.0010859,0.36516,0.59307,0.52347,0.49082
-0.035295,0.10385,0.0011539,0.36511,0.59317,0.52353,0.49067
-0.035325,0.10375,0.0011754,0.36511,0.5932,0.52358,0.49058
-0.03528,0.10358,0.0011232,0.36511,0.5932,0.52358,0.49058
-0.035211,0.10335,0.0010155,0.36502,0.5932,0.52357,0.49066
-0.035162,0.10312,0.00084952,0.36484,0.59304,0.52363,0.49092
-0.03515,0.10287,0.00065214,0.36473,0.59294,0.52359,0.49117
-0.035079,0.10257,0.00045751,0.36475,0.59309,0.52339,0.49119
-0.035004,0.10224,0.00027316,0.36489,0.59332,0.52308,0.49114
-0.035009,0.1019,8.8353e-05,0.36501,0.59354,0.52288,0.49099
-0.035009,0.10153,-7.9629e-05,0.36516,0.59374,0.52275,0.49078
-0.034966,0.10115,-0.00019929,0.36517,0.59392,0.5227,0.4906
-0.035002,0.10078,-0.00030557,0.36508,0.59398,0.5228,0.4905
-0.035031,0.10039,-0.0004193,0.36491,0.59395,0.52296,0.49049
-0.035079,0.099958,-0.00055724,0.36466,0.59389,0.52319,0.4905
-0.035151,0.099553,-0.00070189,0.36442,0.59384,0.52333,0.4906
-0.035185,0.099097,-0.00086782,0.36424,0.59382,0.52341,0.49067
-0.035128,0.098669,-0.00098465,0.36411,0.59393,0.52334,0.4907
-0.035106,0.098243,-0.0011678,0.36401,0.59401,0.52325,0.49077
-0.034987,0.097804,-0.0013447,0.36395,0.5941,0.52317,0.49079
-0.034847,0.097342,-0.001484,0.36395,0.59414,0.52313,0.49078
-0.034649,0.096882,-0.0016518,0.36399,0.59419,0.52309,0.49074
-0.034488,0.096393,-0.001849,0.36403,0.59428,0.52301,0.49069
-0.034311,0.095887,-0.0020177,0.36404,0.59436,0.52291,0.49069
-0.034198,0.095353,-0.0022062,0.36396,0.59446,0.52285,0.49069
-0.034102,0.094842,-0.0023974,0.36379,0.59456,0.52278,0.49077
-0.034021,0.094321,-0.0026104,0.36364,0.59469,0.52265,0.49086
-0.033975,0.093812,-0.0028113,0.36336,0.59488,0.52249,0.491
-0.033901,0.093271,-0.0030049,0.36304,0.59512,0.52229,0.49117
-0.033748,0.092729,-0.0031928,0.36269,0.59529,0.52211,0.49141
-0.033586,0.092176,-0.0033077,0.36235,0.59541,0.52206,0.49158
-0.033471,0.091624,-0.0033869,0.3622,0.59554,0.52193,0.49167
-0.03342,0.091041,-0.0034624,0.36202,0.59576,0.52183,0.49164
-0.033352,0.090474,-0.0034569,0.36207,0.596,0.52165,0.4915
-0.033309,0.089902,-0.0033743,0.36218,0.59618,0.52161,0.49124
-0.033215,0.089362,-0.0032335,0.36223,0.5962,0.52175,0.49104
-0.033185,0.088817,-0.0030827,0.36228,0.59607,0.52198,0.49091
-0.033121,0.088298,-0.0029003,0.36228,0.59584,0.5223,0.49084
-0.033002,0.087797,-0.0027103,0.36229,0.59566,0.52258,0.49077
-0.03295,0.087281,-0.0025389,0.36239,0.5956,0.52271,0.49061
-0.032908,0.086786,-0.0024251,0.3626,0.59563,0.52275,0.49039
-0.03278,0.086261,-0.0023049,0.36283,0.59564,0.52267,0.49028
-0.032642,0.085675,-0.0022375,0.36301,0.59573,0.5226,0.49011
-0.032552,0.085136,-0.0021198,0.3632,0.59574,0.52261,0.48996
-0.032402,0.084577,-0.0019916,0.36342,0.59564,0.52268,0.48984
-0.032358,0.084039,-0.0018812,0.36374,0.59549,0.5228,0.48966
-0.0323,0.083517,-0.0017464,0.36406,0.59526,0.523,0.48949
-0.032198,0.083017,-0.0016058,0.36443,0.59512,0.52312,0.48926
-0.032014,0.082549,-0.0014648,0.36469,0.59506,0.52315,0.4891
-0.031877,0.082084,-0.0014151,0.36489,0.59514,0.52305,0.48895
-0.031689,0.081658,-0.0013604,0.36504,0.59526,0.52292,0.48884
-0.031436,0.081222,-0.0013478,0.3651,0.5953,0.52277,0.4889
-0.031173,0.080756,-0.0013576,0.36506,0.59516,0.52275,0.48913
-0.030876,0.080286,-0.0013788,0.36499,0.59495,0.52275,0.48944
-0.030599,0.079779,-0.0014449,0.36492,0.59463,0.5228,0.48983
-0.030307,0.079283,-0.0014756,0.36498,0.59436,0.52283,0.49009
-0.030043,0.078725,-0.0015638,0.36514,0.59427,0.5228,0.49009
-0.029728,0.07817,-0.0015868,0.36549,0.59416,0.52274,0.49003
-0.029459,0.077647,-0.0015999,0.36585,0.59419,0.52259,0.48989
-0.029125,0.077125,-0.0016054,0.36617,0.59418,0.52247,0.48979
-0.028783,0.076682,-0.0015423,0.36638,0.59411,0.52236,0.48984
-0.028435,0.076218,-0.0014189,0.36648,0.59393,0.5223,0.49004
-0.028153,0.075721,-0.0013911,0.36646,0.59372,0.52231,0.49031
-0.02786,0.075234,-0.0013304,0.36647,0.59349,0.52228,0.4906
-0.027601,0.074762,-0.0012763,0.36659,0.59325,0.52224,0.49084
-0.02733,0.074261,-0.0011642,0.36684,0.59305,0.52237,0.49076
-0.026997,0.073809,-0.0010442,0.36706,0.59287,0.52244,0.49075
-0.026745,0.073329,-0.0009061,0.36732,0.59265,0.52265,0.49059
-0.026393,0.07285,-0.00075166,0.36762,0.5924,0.52282,0.49048
-0.026039,0.072354,-0.0006628,0.36786,0.59212,0.52306,0.4904
-0.025689,0.071813,-0.00054988,0.36806,0.59188,0.52313,0.49045
-0.02539,0.071235,-0.00049234,0.36826,0.59164,0.52321,0.4905
-0.025097,0.070609,-0.00044934,0.36854,0.59151,0.52312,0.49054
-0.024804,0.069975,-0.00046181,0.36864,0.59148,0.52297,0.49067
-0.024476,0.06933,-0.00047607,0.36878,0.59138,0.52292,0.49073
-0.024141,0.06871,-0.00042896,0.369,0.59125,0.52294,0.49071
-0.023901,0.068141,-0.00037901,0.36924,0.59116,0.52304,0.49053
-0.023609,0.067535,-0.00034758,0.36944,0.59107,0.52313,0.49039
-0.023306,0.066948,-0.00029248,0.36968,0.591,0.52314,0.49029
-0.023065,0.06638,-0.00030013,0.36981,0.59106,0.52301,0.49025
-0.022811,0.065799,-0.00035884,0.36988,0.59114,0.5228,0.49033
-0.022535,0.06517,-0.00043465,0.37003,0.5912,0.52257,0.49039
-0.02233,0.064578,-0.00052153,0.37013,0.59124,0.52242,0.49042
-0.022148,0.063967,-0.00055088,0.37034,0.59125,0.52232,0.49036
-0.021952,0.063385,-0.00059208,0.37051,0.59131,0.5222,0.49028
-0.021744,0.062777,-0.00060127,0.3707,0.59133,0.52212,0.49021
-0.021525,0.06218,-0.00062793,0.37074,0.59133,0.52212,0.49017
-0.021348,0.061589,-0.00069012,0.3707,0.59129,0.52216,0.49022
-0.021183,0.061021,-0.00070329,0.3707,0.59129,0.52216,0.49022
-0.020977,0.060496,-0.00070011,0.3707,0.59129,0.52216,0.49022
-0.020823,0.059945,-0.00072919,0.37068,0.5913,0.52218,0.4902
-0.020703,0.059364,-0.00075373,0.37075,0.59124,0.5222,0.49018
-0.020555,0.05879,-0.00070744,0.37073,0.59121,0.52227,0.49017
-0.020387,0.058203,-0.00074086,0.3707,0.59129,0.52216,0.49022
-0.020211,0.057584,-0.0007446,0.37081,0.59133,0.52201,0.49024
-0.020026,0.056969,-0.00072043,0.37087,0.59133,0.5219,0.49031
-0.019833,0.056354,-0.00069571,0.37099,0.59124,0.52188,0.49035
-0.019595,0.055756,-0.00062028,0.37117,0.59118,0.52179,0.49038
-0.019383,0.05511,-0.00063209,0.37126,0.59116,0.52175,0.49039
-0.019149,0.05448,-0.00064867,0.37132,0.59107,0.52183,0.49036
-0.018876,0.053822,-0.00063104,0.37137,0.59098,0.52192,0.49034
-0.018666,0.05319,-0.00060601,0.3714,0.59087,0.52198,0.49038
-0.018379,0.052529,-0.0006351,0.37143,0.59073,0.52199,0.49051
-0.018128,0.051873,-0.00059141,0.37152,0.59063,0.52194,0.49062
-0.017834,0.051252,-0.00056887,0.37162,0.59049,0.52193,0.49073
-0.017531,0.050647,-0.00054842,0.3717,0.59028,0.52193,0.49092
-0.017145,0.050019,-0.00050378,0.37185,0.59005,0.52192,0.4911
-0.016755,0.049427,-0.00044722,0.37202,0.58976,0.52192,0.4913
-0.016315,0.048834,-0.00037927,0.3722,0.58944,0.52196,0.49152
-0.015879,0.048225,-0.00035029,0.37246,0.5892,0.52193,0.49164
-0.015473,0.047651,-0.0003657,0.37278,0.58908,0.52176,0.49172
-0.015079,0.047064,-0.0003749,0.37313,0.5891,0.52146,0.49174
-0.014679,0.046474,-0.00040296,0.37348,0.58916,0.52112,0.49176
-0.014291,0.045894,-0.00044079,0.37367,0.58924,0.5208,0.49187
-0.013933,0.045349,-0.00048999,0.37384,0.58921,0.52054,0.49206
-0.013558,0.044821,-0.00050403,0.37387,0.58917,0.52036,0.49228
-0.013269,0.044312,-0.00048021,0.37392,0.58915,0.52011,0.49252
-0.012967,0.043828,-0.00045609,0.3739,0.58907,0.51999,0.49276
-0.012708,0.043319,-0.00037567,0.37395,0.58888,0.52001,0.49292
-0.012425,0.042821,-0.00030369,0.37403,0.58865,0.52011,0.49303
-0.012188,0.042287,-0.00017175,0.37426,0.5885,0.52022,0.49292
-0.011932,0.041755,-1.069e-05,0.37447,0.5884,0.52029,0.4928
-0.011748,0.041201,0.00018172,0.37469,0.58842,0.52032,0.49258
-0.011598,0.040663,0.000367,0.375,0.58839,0.5204,0.49229
-0.011495,0.040075,0.00052855,0.3752,0.58833,0.52054,0.49206
-0.011423,0.039524,0.00073217,0.3754,0.58823,0.52073,0.49184
-0.011355,0.038996,0.00090131,0.37548,0.58819,0.52088,0.49166
-0.011263,0.038473,0.0010852,0.37558,0.58822,0.52094,0.49149
-0.011134,0.038018,0.0012072,0.37573,0.5883,0.52084,0.49138
-0.011065,0.037516,0.001277,0.37577,0.58839,0.52076,0.49133
-0.010951,0.037053,0.0013757,0.37582,0.58835,0.5208,0.4913
-0.010802,0.036502,0.0014385,0.3759,0.58824,0.52086,0.4913
-0.010766,0.035916,0.0014853,0.376,0.5882,0.52091,0.49123
-0.010705,0.035354,0.0015437,0.37625,0.58823,0.52086,0.49105
-0.010628,0.034723,0.0016042,0.37648,0.58828,0.52083,0.49085
-0.010595,0.034139,0.0016989,0.37674,0.58822,0.52086,0.49068
-0.010496,0.033533,0.0017811,0.37674,0.58822,0.52086,0.49068
-0.010424,0.032972,0.0019709,0.37706,0.58806,0.52106,0.49041
-0.010289,0.032395,0.0020711,0.37708,0.58795,0.52123,0.49035
-0.010379,0.032402,0.0021622,0.37708,0.58794,0.52132,0.49026
-0.010145,0.03138,0.0021766,0.37708,0.58794,0.52132,0.49026
-0.010005,0.03089,0.0022355,0.37737,0.58799,0.52118,0.49013
-0.0098432,0.030363,0.0022101,0.37759,0.58802,0.52102,0.49009
-0.0097211,0.029833,0.0021431,0.37781,0.58807,0.52076,0.49014
-0.0095353,0.029293,0.0020076,0.37781,0.58807,0.52076,0.49014
-0.0093285,0.028728,0.0018809,0.37811,0.58817,0.52038,0.49019
-0.0090969,0.028065,0.001728,0.37839,0.58816,0.52015,0.49024
-0.0088165,0.027466,0.0016302,0.37864,0.5881,0.51995,0.49032
-0.0085378,0.026846,0.0015284,0.37875,0.58803,0.51984,0.49045
-0.0083137,0.02629,0.001389,0.37878,0.58803,0.51961,0.49066
-0.0080501,0.025751,0.0012707,0.37877,0.58801,0.51948,0.49083
-0.0078208,0.02528,0.0011642,0.37879,0.58797,0.5194,0.49095
-0.0075641,0.024839,0.0010409,0.37891,0.58784,0.51933,0.49109
-0.0072893,0.024399,0.00084874,0.37903,0.58763,0.51934,0.49123
-0.0070395,0.023972,0.0006893,0.3792,0.58763,0.51912,0.49133
-0.0067804,0.023548,0.00052652,0.37943,0.58776,0.51876,0.49139
-0.0065227,0.023126,0.00035257,0.37964,0.58782,0.51842,0.49152
-0.006247,0.022721,0.00014357,0.37968,0.58789,0.51809,0.49175
-0.0060473,0.022721,3.0856e-05,0.3797,0.5879,0.51777,0.49204
-0.0057381,0.022288,-0.00016029,0.37957,0.58784,0.51756,0.49244
-0.0055198,0.021902,-0.00031737,0.37946,0.58781,0.51728,0.49286
-0.0054603,0.021509,-0.00042857,0.37929,0.58778,0.51711,0.49322
-0.0052852,0.021073,-0.00060437,0.37926,0.5877,0.51698,0.49346
-0.0050864,0.020639,-0.00091857,0.37936,0.58776,0.51675,0.49356
-0.0050141,0.020253,-0.0011055,0.3795,0.58785,0.51656,0.49354
-0.0049939,0.019859,-0.0011335,0.37969,0.58801,0.51638,0.49338
-0.0050186,0.019516,-0.0013175,0.37989,0.58818,0.51621,0.49321
-0.0049934,0.019163,-0.0014427,0.38008,0.58831,0.51607,0.49306
-0.0049518,0.018802,-0.0016757,0.38011,0.58841,0.5159,0.49308
-0.0049789,0.018438,-0.001775,0.38009,0.58843,0.51584,0.49315
-0.0050358,0.018108,-0.001899,0.38,0.58848,0.51568,0.49332
-0.005119,0.017747,-0.0020734,0.37989,0.58863,0.51546,0.49346
-0.0051378,0.017428,-0.0023437,0.37983,0.58869,0.51533,0.49357
-0.0052024,0.017112,-0.0024625,0.37983,0.58869,0.51533,0.49357
-0.0052828,0.016763,-0.0025868,0.37987,0.58873,0.51529,0.49352
-0.0053182,0.016459,-0.0026253,0.37994,0.58884,0.51524,0.4934
-0.005398,0.016142,-0.0027421,0.37997,0.589,0.51517,0.49326
-0.0054628,0.015847,-0.0028649,0.38004,0.58907,0.51515,0.49314
-0.0055778,0.015565,-0.0029852,0.38013,0.58919,0.51512,0.49296
-0.005687,0.015301,-0.0030921,0.38018,0.58934,0.51503,0.49283
-0.0057102,0.015088,-0.00315,0.38017,0.58952,0.51487,0.49281
-0.0058136,0.014933,-0.0032057,0.38014,0.58962,0.51481,0.49276
-0.0058303,0.014829,-0.0032407,0.38014,0.58958,0.51485,0.49277
-0.0057927,0.014719,-0.0032791,0.38022,0.58947,0.51491,0.49277
-0.0057863,0.014631,-0.003286,0.38032,0.58931,0.51499,0.4928
-0.0057823,0.014529,-0.0032956,0.38041,0.58928,0.51494,0.49282
-0.005729,0.014453,-0.003362,0.38057,0.58928,0.51484,0.49281
-0.0056356,0.014447,-0.003358,0.38064,0.58919,0.51481,0.49289
-0.0055719,0.014385,-0.0033907,0.38071,0.58914,0.51474,0.49296
-0.0056072,0.014345,-0.0034274,0.38079,0.5892,0.51462,0.49296
-0.0056281,0.014359,-0.003459,0.3808,0.58933,0.51447,0.49296
-0.0057347,0.014347,-0.0034893,0.38088,0.58942,0.51439,0.49287
-0.0057822,0.014364,-0.0035088,0.38103,0.58954,0.51425,0.49275
-0.0058369,0.014405,-0.0034716,0.38107,0.58966,0.51422,0.49261
-0.0058806,0.014401,-0.0034296,0.38112,0.58973,0.51423,0.49247
-0.0059305,0.014437,-0.0034097,0.38115,0.58974,0.51435,0.49233
-0.0059709,0.014526,-0.0032909,0.38121,0.58968,0.51448,0.49221
-0.0061834,0.014608,-0.003208,0.38126,0.58966,0.51457,0.49209
-0.006269,0.01466,-0.003162,0.38125,0.58958,0.51477,0.492
-0.0063717,0.014717,-0.0031166,0.38126,0.58956,0.51486,0.49191
-0.0064379,0.014798,-0.0031366,0.38124,0.58957,0.51488,0.49189
-0.006534,0.014785,-0.0030482,0.38124,0.58953,0.51492,0.4919
-0.0066189,0.014803,-0.0030001,0.38115,0.58956,0.51496,0.49189
-0.0067404,0.014802,-0.0029713,0.38117,0.58962,0.51495,0.49182
-0.0068066,0.014802,-0.0028941,0.38122,0.5897,0.51496,0.49168
-0.0068292,0.014804,-0.002858,0.38125,0.58966,0.51511,0.49154
-0.0069003,0.014814,-0.0027674,0.38134,0.58956,0.51531,0.49137
-0.0071202,0.014875,-0.00262,0.38137,0.5896,0.51548,0.49114
-0.007224,0.014908,-0.0025264,0.38143,0.58957,0.51566,0.49093
-0.0073023,0.014987,-0.0024207,0.38147,0.58952,0.51581,0.4908
-0.0073442,0.015033,-0.0024091,0.38141,0.58948,0.51596,0.49073
-0.0073947,0.015111,-0.0022824,0.38135,0.58937,0.51602,0.49086
-0.0073983,0.015122,-0.0022619,0.38126,0.58928,0.51609,0.49095
-0.0074043,0.015159,-0.0022383,0.38122,0.58924,0.51613,0.49099
-0.0073967,0.015153,-0.002212,0.38122,0.58924,0.51613,0.49099
-0.0074246,0.015152,-0.0021973,0.38136,0.58924,0.51614,0.49088
-0.007425,0.015159,-0.0021648,0.38157,0.58923,0.51613,0.49074
-0.0074381,0.015164,-0.0021566,0.38178,0.58917,0.51615,0.49062
-0.0074413,0.015189,-0.0021324,0.38192,0.58921,0.51612,0.4905
-0.007455,0.015145,-0.0021432,0.38203,0.58929,0.51602,0.49043
-0.0075046,0.015141,-0.0021766,0.382,0.5894,0.51596,0.49038
-0.0075358,0.015139,-0.0022418,0.38187,0.5895,0.5159,0.49043
-0.0075622,0.015093,-0.0023214,0.38173,0.58954,0.51585,0.49054
-0.0076004,0.015037,-0.002418,0.38163,0.58954,0.51585,0.49061
-0.0076466,0.014997,-0.0025413,0.3815,0.5895,0.51588,0.49074
-0.0076482,0.014961,-0.0026471,0.38127,0.58952,0.51592,0.49084
-0.0077122,0.014938,-0.0027397,0.38104,0.58958,0.516,0.49086
-0.0077471,0.014926,-0.0028114,0.38093,0.5895,0.5161,0.49093
-0.0078048,0.014923,-0.00288,0.38089,0.58953,0.51615,0.49088
-0.0078059,0.014894,-0.0029221,0.38091,0.5896,0.51613,0.49081
-0.007809,0.014861,-0.0029252,0.38099,0.58973,0.51601,0.49071
-0.0077893,0.014842,-0.0029134,0.38103,0.58977,0.51598,0.49066
-0.0077935,0.014795,-0.0029562,0.38105,0.58981,0.51591,0.49068
-0.0077848,0.0148,-0.0029264,0.38105,0.58981,0.51591,0.49068
-0.0077768,0.014816,-0.0029179,0.38094,0.58973,0.51601,0.49075
-0.0077805,0.014877,-0.0028904,0.3809,0.58964,0.51609,0.4908
-0.0077876,0.014944,-0.0028602,0.3809,0.58964,0.51609,0.4908
-0.0077999,0.01503,-0.0028322,0.3809,0.58964,0.51609,0.4908
-0.0078312,0.015103,-0.0028142,0.38091,0.58963,0.51618,0.49072
-0.0078062,0.015214,-0.0027528,0.38102,0.58949,0.51631,0.49066
-0.0077848,0.015314,-0.0026543,0.38116,0.58949,0.51631,0.49055
-0.0077095,0.015371,-0.0025855,0.38119,0.58958,0.51623,0.49049
-0.0076812,0.015439,-0.0024852,0.3812,0.58954,0.51628,0.4905
-0.0076126,0.015522,-0.0023724,0.38121,0.58941,0.5164,0.49052
-0.0075519,0.015624,-0.0022441,0.38125,0.58925,0.5165,0.49057
-0.0075029,0.015725,-0.0021335,0.38134,0.58921,0.51654,0.4905
-0.0074435,0.01586,-0.0020415,0.3815,0.58924,0.51649,0.4904
-0.0074381,0.016004,-0.001927,0.3816,0.5892,0.51653,0.49033
-0.0073613,0.016112,-0.0018337,0.38173,0.589,0.51668,0.49031
-0.0073087,0.016257,-0.0016911,0.38175,0.58878,0.51688,0.49034
-0.0072102,0.016366,-0.00161,0.38177,0.58865,0.517,0.49036
-0.0071383,0.016435,-0.0015301,0.38171,0.58857,0.51711,0.49039
-0.0070371,0.016452,-0.0015091,0.38162,0.5885,0.51709,0.49057
-0.0069324,0.016478,-0.0014877,0.38146,0.58843,0.5171,0.49076
-0.0068842,0.016511,-0.0014474,0.38125,0.58844,0.51712,0.49089
-0.0067973,0.016535,-0.0014179,0.38115,0.58844,0.51711,0.49097
-0.0067231,0.016608,-0.0013916,0.38115,0.58844,0.51711,0.49097
-0.00664,0.016648,-0.0013216,0.38118,0.58842,0.51718,0.49091
-0.006599,0.016712,-0.0012308,0.38124,0.58836,0.51731,0.4908
-0.0065498,0.016768,-0.0011617,0.38129,0.58834,0.5174,0.49068
-0.006524,0.016877,-0.0010735,0.38137,0.58826,0.51751,0.49059
-0.0064778,0.01694,-0.0009639,0.38141,0.58815,0.51766,0.49055
-0.0064488,0.017023,-0.00080028,0.38136,0.58794,0.51788,0.4906
-0.0064122,0.017096,-0.00071034,0.38129,0.58784,0.51805,0.49061
-0.0063883,0.017155,-0.0006289,0.38127,0.58776,0.51815,0.4906
-0.0063486,0.017217,-0.00052705,0.38132,0.58779,0.5182,0.49047
-0.0064115,0.017314,-0.00048747,0.3813,0.58788,0.51823,0.49035
-0.006385,0.017386,-0.00043907,0.38131,0.58799,0.51818,0.49027
-0.0063471,0.017483,-0.00044713,0.38126,0.58803,0.51813,0.4903
-0.0063656,0.01754,-0.00048668,0.38122,0.58803,0.51813,0.49034
-0.0063026,0.017618,-0.00048479,0.38106,0.588,0.51819,0.49044
-0.0062707,0.017709,-0.00047427,0.38086,0.58787,0.51833,0.4906
-0.0062496,0.017748,-0.00051368,0.38069,0.58781,0.51845,0.49068
-0.0062053,0.01782,-0.00049513,0.38051,0.5878,0.51853,0.49076
-0.0061584,0.017898,-0.00050897,0.38038,0.58774,0.51865,0.4908
-0.006099,0.017965,-0.00052728,0.3802,0.58772,0.51873,0.49087
-0.0060761,0.018053,-0.00050628,0.3801,0.58775,0.51877,0.49086
-0.0060013,0.018137,-0.00041847,0.38002,0.58769,0.5189,0.49087
-0.0058964,0.018206,-0.00036347,0.37991,0.58766,0.51896,0.49093
-0.0059606,0.018294,-0.00030593,0.37983,0.5876,0.51908,0.49093
-0.0060052,0.018375,-0.0002334,0.37975,0.58749,0.51925,0.49094
-0.0060501,0.018457,-0.00017802,0.37976,0.58748,0.51934,0.49086
-0.0061642,0.018549,-8.1794e-05,0.37985,0.58751,0.51939,0.49069
