0,0,0,0.32208,0.5521,0.53826,0.54929
5.3527e-05,1.5035e-05,-4.6569e-06,0.32219,0.55218,0.53817,0.54923
0.00014993,-3.0043e-05,-7.1716e-07,0.32219,0.55223,0.53813,0.54922
0.000205,-9.3128e-06,4.2935e-06,0.32224,0.55223,0.53814,0.54919
0.00026349,-4.9043e-05,1.0184e-05,0.32227,0.55217,0.53815,0.54922
0.00035629,-9.3042e-05,-8.8479e-06,0.32232,0.55205,0.53819,0.54928
0.00044198,-0.00013599,-1.4643e-05,0.32241,0.55207,0.53811,0.54929
0.00054491,-0.00014839,-2.7194e-05,0.3225,0.55209,0.53803,0.5493
0.00065,-0.00022155,-0.00011,0.32249,0.55205,0.53797,0.54938
0.00069395,-0.00027949,-0.00016846,0.32242,0.55203,0.53794,0.54948
0.0007752,-0.00029562,-0.00024021,0.32227,0.55202,0.53793,0.54959
0.00078096,-0.00033773,-0.00030084,0.3222,0.55208,0.5379,0.54959
0.00076325,-0.00037646,-0.00036439,0.32205,0.55223,0.53791,0.54952
0.00073271,-0.00037919,-0.00040542,0.32208,0.55238,0.53791,0.54936
0.00071152,-0.00040809,-0.00041452,0.32208,0.55253,0.53794,0.54917
0.00070178,-0.0004308,-0.00039626,0.32214,0.55265,0.53801,0.54896
0.00071941,-0.00050076,-0.00035487,0.32229,0.55281,0.53805,0.54867
0.00068134,-0.0005126,-0.00030255,0.32241,0.55292,0.5381,0.54844
0.00076539,-0.0005476,-0.00031197,0.32258,0.55304,0.53806,0.54826
0.00080193,-0.00059564,-0.00030054,0.32275,0.55307,0.5381,0.54809
0.00084375,-0.00062623,-0.00026343,0.32284,0.55312,0.53807,0.54801
0.00085803,-0.00061763,-0.00023165,0.32284,0.55312,0.53807,0.54801
0.00087702,-0.00060621,-0.00020481,0.32275,0.55302,0.53814,0.54809
0.00089651,-0.00058226,-0.00016597,0.32254,0.55293,0.53822,0.54823
0.00092598,-0.00052001,-0.00016308,0.32235,0.55282,0.53828,0.54838
0.00090026,-0.00048181,-0.00016087,0.32223,0.55284,0.5383,0.54843
0.00089934,-0.00043962,-0.00012762,0.32223,0.55284,0.5383,0.54843
0.00094755,-0.00043587,-6.2323e-05,0.32231,0.55278,0.53832,0.54843
0.00097606,-0.00039683,2.437e-05,0.32232,0.55268,0.5384,0.54844
0.0010407,-0.00036341,0.00015839,0.32246,0.55261,0.5384,0.54842
0.001052,-0.00030906,0.00028378,0.32259,0.55256,0.53831,0.54848
0.0010312,-0.00028148,0.0003299,0.32276,0.55252,0.53825,0.54849
0.0010426,-0.00025366,0.00041057,0.32299,0.55256,0.5381,0.54846
0.0010198,-0.0001873,0.00047704,0.32331,0.55256,0.53799,0.54837
0.0010599,-0.00012167,0.00058638,0.32358,0.55252,0.53794,0.5483
0.0010309,-7.9601e-05,0.00064504,0.32377,0.55246,0.53795,0.54825
0.0010117,-5.553e-05,0.00066802,0.32387,0.55237,0.53804,0.54819
0.00097471,-3.0904e-05,0.00063184,0.32392,0.55242,0.538,0.54815
0.0009553,-2.501e-05,0.00058928,0.32395,0.55261,0.53785,0.54809
0.00088908,-1.8597e-05,0.00052874,0.32399,0.55284,0.53766,0.54802
0.00088358,-2.0654e-05,0.00051328,0.32398,0.55293,0.53758,0.54801
0.00086053,2.8419e-05,0.00049066,0.32398,0.55285,0.53757,0.5481
0.0008625,1.2574e-05,0.00049417,0.32398,0.55281,0.53761,0.54811
0.00082777,2.3924e-05,0.00046911,0.32398,0.55285,0.53757,0.5481
0.00075577,2.9088e-05,0.00043184,0.32407,0.55295,0.5375,0.54802
0.00073653,6.3288e-05,0.00042442,0.32421,0.55305,0.53743,0.54789
0.00074439,7.4746e-06,0.0004309,0.32433,0.55312,0.53743,0.54775
0.00073309,1.8997e-05,0.00043159,0.32449,0.55333,0.53732,0.54756
0.00068895,1.0044e-05,0.00034944,0.32454,0.55363,0.53711,0.54742
0.00061691,-4.421e-05,0.00025308,0.32458,0.55385,0.53701,0.54728
0.00056388,-3.331e-05,0.00012624,0.3245,0.55405,0.53687,0.54726
0.00051935,-8.5171e-05,-2.5398e-06,0.32439,0.55426,0.53676,0.54723
0.00046011,-0.00010172,-0.00011517,0.3243,0.55443,0.53657,0.5473
0.0004318,-0.00013684,-0.00025721,0.32419,0.55465,0.53636,0.54734
0.00038284,-0.00011352,-0.00037363,0.32411,0.5548,0.53626,0.54734
0.00039773,-0.00012543,-0.00037851,0.32396,0.55487,0.53626,0.54735
0.000374,-0.00011218,-0.00036701,0.32397,0.5549,0.53631,0.54727
0.00034138,-9.021e-05,-0.00036172,0.32404,0.55497,0.5363,0.54716
0.00031308,-8.3034e-05,-0.00036463,0.32421,0.55509,0.53626,0.54698
0.00027525,-0.00012677,-0.0003609,0.3244,0.55515,0.53624,0.54683
0.00027057,-0.00011641,-0.00035858,0.32448,0.55529,0.53614,0.54674
0.00026741,-0.00013925,-0.00037685,0.32448,0.55538,0.53606,0.54672
0.0002547,-0.00013216,-0.00040429,0.3244,0.55554,0.53596,0.54672
0.00028226,-0.000127,-0.00043437,0.32426,0.55565,0.5358,0.54683
0.00033321,-5.6466e-05,-0.00043661,0.32416,0.55574,0.53571,0.54689
0.00036844,-1.9161e-05,-0.00049356,0.32401,0.55585,0.53567,0.5469
0.0003877,1.2679e-06,-0.00054092,0.32389,0.55594,0.53569,0.54686
0.00035337,3.3113e-05,-0.00050201,0.32381,0.55594,0.53592,0.54669
0.00036668,2.2397e-05,-0.00050145,0.32368,0.55582,0.53628,0.54654
0.00031707,1.4488e-05,-0.0004861,0.32356,0.55575,0.53662,0.54633
0.00026988,-2.3824e-05,-0.00043779,0.32351,0.55585,0.53689,0.546
0.00014415,-0.00011437,-0.00048042,0.32347,0.55616,0.53702,0.54559
8.1935e-05,-0.00014364,-0.0004723,0.32341,0.5566,0.53714,0.54505
5.1375e-05,-0.00014767,-0.00043193,0.32318,0.55691,0.53751,0.54451
-8.4211e-06,-0.00014542,-0.00039784,0.32281,0.55704,0.53793,0.54418
-2.761e-05,-0.00013629,-0.00035825,0.32247,0.55715,0.53821,0.54399
4.5163e-05,-0.00013776,-0.00036021,0.32212,0.55728,0.53841,0.54387
3.5384e-05,-0.00012586,-0.00035111,0.32174,0.55739,0.53869,0.54371
3.4557e-05,-0.00011327,-0.0003394,0.32141,0.55744,0.5391,0.54344
7.0456e-05,-0.00011771,-0.00027214,0.3211,0.55747,0.53969,0.543
0.00010941,-0.00016674,-0.00021159,0.32079,0.55753,0.54034,0.54249
0.00018034,-0.00020051,-0.0001803,0.32061,0.55772,0.54073,0.542
0.00029116,-0.00017807,-0.00015271,0.32063,0.55802,0.54076,0.54166
0.00046409,-0.00016254,-8.7037e-05,0.32073,0.55838,0.54077,0.54121
0.00061704,-0.00015611,-1.8819e-05,0.32083,0.55862,0.54091,0.54077
0.00073848,-0.00014912,7.1197e-05,0.3209,0.55875,0.54111,0.54039
0.00087549,-0.00014749,0.0002149,0.32092,0.55875,0.54134,0.54014
0.001033,-0.00015395,0.00035729,0.32075,0.5587,0.5416,0.54005
0.0012051,-0.00010429,0.00047629,0.32057,0.55861,0.5418,0.54004
0.0013619,-8.3855e-05,0.00058964,0.32032,0.55864,0.54194,0.54003
0.0014862,-6.4703e-05,0.00066613,0.31999,0.55879,0.54206,0.53993
0.0016465,-1.2705e-05,0.00078861,0.31981,0.55891,0.54225,0.53972
0.0017316,4.898e-05,0.00086145,0.31964,0.55903,0.54243,0.53952
0.0018663,5.3055e-05,0.0009463,0.31944,0.55907,0.54271,0.53931
0.001922,5.8274e-05,0.0010216,0.31932,0.55915,0.54294,0.53908
0.0019584,4.3321e-05,0.0010364,0.31909,0.55922,0.54316,0.53892
0.0020198,6.2349e-06,0.0010761,0.31882,0.55929,0.54337,0.53879
0.0020541,-2.5508e-05,0.0011233,0.31838,0.55939,0.54364,0.53867
0.0020385,-5.2742e-05,0.0011214,0.31787,0.55964,0.5439,0.53845
0.0020784,-8.6902e-05,0.0011645,0.31729,0.56001,0.54415,0.53815
0.0020459,-0.00014152,0.0011348,0.31656,0.56054,0.54441,0.53777
0.0020217,-0.00018752,0.0011993,0.31581,0.56128,0.54476,0.53709
0.0018774,-0.00023297,0.0012676,0.31493,0.5621,0.54525,0.53626
0.0017489,-0.00023391,0.0013534,0.31413,0.56276,0.54583,0.53543
0.0016309,-0.00024135,0.0014538,0.31352,0.56324,0.54646,0.53465
0.0015589,-0.00020711,0.0015984,0.31297,0.56355,0.54715,0.53394
0.0014235,-0.00019908,0.0017032,0.3123,0.56386,0.54786,0.53327
0.0012717,-0.00021171,0.0017739,0.31158,0.56425,0.54857,0.53255
0.001109,-0.00023019,0.0019185,0.31069,0.56477,0.54926,0.53181
0.00096024,-0.00029851,0.0019619,0.30955,0.5656,0.54988,0.53095
0.00079896,-0.00034188,0.0020704,0.30823,0.56672,0.55049,0.52989
0.00067173,-0.00047611,0.0021458,0.30665,0.56811,0.55109,0.5287
0.00054216,-0.00057029,0.0022331,0.30509,0.56953,0.55151,0.52763
0.00048151,-0.0005774,0.0023509,0.30394,0.57041,0.55199,0.52684
0.00050851,-0.0005779,0.0025487,0.30318,0.57062,0.55265,0.52636
0.00065885,-0.00052903,0.0028072,0.30276,0.57053,0.5535,0.52581
0.00069046,-0.00051204,0.0031121,0.30254,0.57047,0.55442,0.52502
0.00064107,-0.00050994,0.0033958,0.3024,0.57073,0.55516,0.52404
0.00064748,-0.00049856,0.0036812,0.30228,0.57127,0.55567,0.52298
0.00070228,-0.00049609,0.0039995,0.30208,0.572,0.55603,0.52191
0.00075247,-0.00047794,0.0043114,0.30173,0.57272,0.55638,0.52094
0.00079674,-0.00048757,0.0045535,0.3011,0.57345,0.55684,0.52002
0.00079883,-0.0004879,0.0048471,0.30036,0.57404,0.55743,0.51917
0.00084077,-0.00041663,0.0051199,0.29961,0.57449,0.55791,0.51859
0.00091648,-0.00039439,0.005318,0.29906,0.57468,0.55842,0.51815
0.001041,-0.00035095,0.0055404,0.29861,0.57471,0.55892,0.51783
0.0012048,-0.00031263,0.0057881,0.29829,0.57468,0.55953,0.51739
0.001422,-0.00030321,0.0059614,0.29829,0.57468,0.55953,0.51739
0.0012508,-0.00033663,0.0063092,0.29774,0.57519,0.56089,0.51567
0.0011989,-0.00036697,0.0065726,0.29731,0.57593,0.5615,0.51442
0.0010484,-0.00043925,0.0068232,0.29667,0.57718,0.56201,0.51283
0.00089819,-0.00051343,0.0071225,0.2958,0.57862,0.56259,0.51107
0.00072677,-0.00060548,0.0074372,0.29453,0.58029,0.56331,0.50911
0.00041794,-0.00071989,0.0076993,0.29291,0.58232,0.56403,0.50693
0.0001302,-0.00083847,0.0079325,0.29118,0.58438,0.5647,0.5048
-0.00019458,-0.00098002,0.0081138,0.2894,0.58611,0.56552,0.5029
-0.00043247,-0.0010584,0.0083108,0.2878,0.58742,0.56647,0.50122
-0.00060838,-0.0011543,0.0085365,0.28636,0.58833,0.56756,0.49974
-0.00082836,-0.001207,0.0087908,0.28502,0.58915,0.56874,0.49821
-0.0010476,-0.0012919,0.0090135,0.28353,0.59013,0.56996,0.49649
-0.0013397,-0.0014361,0.0092062,0.28191,0.59144,0.57113,0.49451
-0.0016441,-0.0016249,0.009376,0.28019,0.59313,0.57213,0.4923
-0.0012552,-0.0014923,0.0096543,0.28019,0.59313,0.57213,0.4923
-0.00154,-0.0017276,0.0097581,0.27818,0.59539,0.57279,0.48993
-0.0018294,-0.0019583,0.0098693,0.27595,0.59816,0.57302,0.48755
-0.0021427,-0.0022386,0.0099036,0.27346,0.60113,0.57301,0.48531
-0.0024844,-0.0024559,0.009922,0.27069,0.60386,0.57297,0.48351
-0.0027824,-0.0027219,0.0099021,0.2677,0.60615,0.57323,0.48201
-0.0030197,-0.0029294,0.0099782,0.26463,0.60791,0.57378,0.48083
-0.0033044,-0.0031606,0.010031,0.26162,0.60929,0.57462,0.47973
-0.0035646,-0.0034068,0.010118,0.25888,0.61044,0.57567,0.47849
-0.0038542,-0.0036725,0.010262,0.25642,0.61156,0.5768,0.47701
-0.0042242,-0.003881,0.010425,0.25431,0.61274,0.5779,0.47529
-0.0046369,-0.0041475,0.010628,0.25214,0.61419,0.5791,0.47312
-0.0050136,-0.0043097,0.010885,0.25038,0.61557,0.58009,0.47105
-0.0053891,-0.0045409,0.0111,0.24868,0.617,0.58093,0.46904
-0.0058077,-0.004752,0.011388,0.24697,0.61835,0.58176,0.46712
-0.0061855,-0.0049354,0.011621,0.24515,0.61961,0.58255,0.46543
-0.0065835,-0.0051474,0.011784,0.24318,0.62062,0.58339,0.46406
-0.0069009,-0.0053044,0.011943,0.24122,0.62123,0.58426,0.46317
-0.0071469,-0.0054553,0.012047,0.23925,0.62148,0.58536,0.46246
-0.0073709,-0.0055902,0.012184,0.23738,0.62149,0.58663,0.46181
-0.007555,-0.005666,0.012337,0.23574,0.6214,0.58798,0.46104
-0.0076856,-0.0057889,0.012493,0.23423,0.62156,0.58927,0.45995
-0.0078274,-0.0058982,0.01266,0.23303,0.62194,0.59035,0.45866
-0.0080403,-0.0060334,0.01288,0.23202,0.62244,0.59129,0.45729
-0.0082215,-0.0061346,0.013091,0.23114,0.62311,0.59194,0.45598
-0.0084293,-0.0062951,0.013342,0.23023,0.62386,0.59248,0.45471
-0.0086301,-0.0063828,0.013627,0.22928,0.62469,0.59305,0.4533
-0.008864,-0.0064609,0.013955,0.22846,0.62538,0.5936,0.45205
-0.0090294,-0.0065546,0.01431,0.22781,0.62577,0.59436,0.45083
-0.0091944,-0.0066195,0.014753,0.22733,0.6259,0.59538,0.44954
-0.0093098,-0.0067075,0.015228,0.22682,0.62598,0.59657,0.44812
-0.009531,-0.0067955,0.015744,0.22617,0.62611,0.59805,0.44627
-0.0097584,-0.0068477,0.016224,0.22596,0.6261,0.59943,0.44455
-0.0099184,-0.0068865,0.016745,0.22586,0.62615,0.60066,0.44287
-0.010012,-0.0068774,0.017232,0.22581,0.62627,0.60181,0.44116
-0.01015,-0.0069306,0.017744,0.22573,0.62659,0.6028,0.43938
-0.010534,-0.0071286,0.018187,0.22478,0.62731,0.60423,0.43687
-0.010702,-0.0071955,0.018679,0.22447,0.62763,0.60535,0.43503
-0.010871,-0.0073462,0.019182,0.22393,0.62789,0.60673,0.433
-0.011142,-0.0075218,0.019684,0.22337,0.62826,0.60827,0.43059
-0.011513,-0.0077655,0.02021,0.22285,0.62867,0.6099,0.42793
-0.011903,-0.0079642,0.020738,0.22277,0.62901,0.61153,0.42515
-0.012268,-0.0081137,0.021274,0.22262,0.62935,0.61316,0.42236
-0.012979,-0.0083781,0.021474,0.22253,0.62974,0.61465,0.41965
-0.01342,-0.0085621,0.02195,0.22257,0.63032,0.61586,0.41698
-0.013429,-0.0085796,0.022742,0.22253,0.63058,0.61714,0.4147
-0.013662,-0.008787,0.02308,0.22168,0.63078,0.6183,0.41315
-0.014186,-0.009024,0.02312,0.22087,0.63092,0.61949,0.41156
-0.014398,-0.0092012,0.023365,0.21993,0.63145,0.62015,0.41026
-0.01454,-0.009365,0.023531,0.21919,0.63169,0.6208,0.4093
-0.014603,-0.0094581,0.023734,0.21855,0.63183,0.6215,0.40836
-0.014644,-0.0095289,0.023941,0.21797,0.63205,0.62212,0.40739
-0.014629,-0.0095947,0.024115,0.21751,0.63237,0.62243,0.40666
-0.014499,-0.0095921,0.024272,0.21701,0.63225,0.62293,0.40637
-0.014332,-0.009577,0.024385,0.21641,0.63229,0.62312,0.40632
-0.014206,-0.0095908,0.024408,0.21554,0.63249,0.6231,0.40651
-0.014138,-0.0096634,0.024421,0.21411,0.63282,0.62319,0.4066
-0.014096,-0.0096912,0.024367,0.21278,0.63305,0.62311,0.40707
-0.01404,-0.0097617,0.024294,0.2114,0.63334,0.623,0.40751
-0.014016,-0.0098295,0.024213,0.21021,0.63381,0.62275,0.40777
-0.013959,-0.009899,0.024191,0.20918,0.6344,0.62257,0.40765
-0.014051,-0.010027,0.024195,0.20833,0.63498,0.62262,0.40711
-0.014203,-0.010201,0.024259,0.20766,0.6356,0.62287,0.4061
-0.01445,-0.010328,0.024416,0.20734,0.6362,0.62318,0.40487
-0.014696,-0.01047,0.024589,0.20705,0.63673,0.6235,0.40367
-0.014917,-0.010603,0.024771,0.2067,0.63724,0.6238,0.40258
-0.015191,-0.010722,0.024902,0.20611,0.63765,0.62415,0.40169
-0.015492,-0.01087,0.02509,0.20516,0.63794,0.62464,0.40095
-0.015806,-0.011048,0.025194,0.20421,0.63807,0.62524,0.4003
-0.016075,-0.011139,0.025414,0.20328,0.63803,0.62598,0.39969
-0.016373,-0.011245,0.02557,0.20265,0.63805,0.62662,0.39895
-0.016592,-0.011316,0.025769,0.20229,0.63813,0.62711,0.39825
-0.016833,-0.011342,0.025837,0.20213,0.63839,0.62732,0.39758
-0.01704,-0.011334,0.025918,0.20213,0.63869,0.62738,0.397
-0.017181,-0.011288,0.025944,0.20215,0.63888,0.62734,0.39674
-0.017255,-0.011209,0.025956,0.20211,0.63898,0.62728,0.3967
-0.01733,-0.011148,0.02592,0.20177,0.63929,0.62699,0.39684
-0.017403,-0.011147,0.025826,0.20126,0.6398,0.62656,0.39696
-0.017401,-0.011182,0.02572,0.2006,0.64008,0.62633,0.3972
-0.017438,-0.011161,0.025684,0.19995,0.64016,0.62635,0.39737
-0.017491,-0.011165,0.025629,0.19943,0.64028,0.62643,0.39731
-0.017633,-0.011202,0.025611,0.19891,0.64068,0.62653,0.39678
-0.017694,-0.011232,0.025536,0.19891,0.641,0.62638,0.39648
-0.017712,-0.011264,0.025535,0.19907,0.64124,0.62632,0.3961
-0.017726,-0.01127,0.025565,0.19904,0.64152,0.6262,0.39587
-0.017828,-0.011279,0.025566,0.19892,0.64176,0.62615,0.39562
-0.017925,-0.011326,0.025556,0.19872,0.64175,0.62625,0.39557
-0.017957,-0.011307,0.02555,0.19852,0.64156,0.62641,0.39572
-0.017954,-0.01131,0.025497,0.19842,0.64152,0.62632,0.39598
-0.017996,-0.011298,0.025344,0.19832,0.64165,0.62595,0.39642
-0.017914,-0.011297,0.025155,0.19813,0.6419,0.62543,0.39693
-0.017832,-0.011302,0.024939,0.198,0.6421,0.62483,0.3976
-0.01776,-0.011308,0.024756,0.1976,0.64226,0.62451,0.39805
-0.017613,-0.01132,0.024609,0.19724,0.64227,0.62441,0.39838
-0.01756,-0.011332,0.024451,0.197,0.64227,0.6243,0.39865
-0.017434,-0.01132,0.024335,0.19701,0.64233,0.62405,0.39895
-0.017284,-0.011227,0.024151,0.1973,0.64231,0.62365,0.39947
-0.017237,-0.011247,0.023985,0.19736,0.64229,0.62349,0.39972
-0.017145,-0.011254,0.023829,0.19744,0.64217,0.6234,0.40001
-0.017044,-0.011248,0.023696,0.19744,0.64217,0.62316,0.40039
-0.016958,-0.011254,0.023556,0.19729,0.64235,0.62278,0.40076
-0.016784,-0.011197,0.023427,0.19731,0.64248,0.62227,0.40133
-0.016732,-0.011212,0.02327,0.19704,0.64254,0.62202,0.40176
-0.016613,-0.011175,0.023138,0.19674,0.64259,0.62175,0.40224
-0.016479,-0.011208,0.022999,0.19633,0.64275,0.62143,0.40269
-0.016416,-0.011225,0.022801,0.19602,0.64295,0.62107,0.40306
-0.016432,-0.011291,0.022645,0.19544,0.64322,0.62107,0.40292
-0.016378,-0.011243,0.022531,0.19546,0.64328,0.62081,0.40321
-0.016237,-0.011218,0.022468,0.19552,0.64343,0.62048,0.40346
-0.016167,-0.011241,0.022387,0.19562,0.64369,0.6201,0.40357
-0.016163,-0.011264,0.02225,0.19566,0.64389,0.61974,0.40379
-0.016121,-0.011235,0.022186,0.19581,0.64381,0.61947,0.40425
-0.016083,-0.011192,0.022113,0.19575,0.64376,0.61928,0.40465
-0.016104,-0.011124,0.02202,0.19566,0.64378,0.61895,0.40518
-0.016081,-0.011069,0.021913,0.19554,0.64384,0.61847,0.40587
-0.016015,-0.011018,0.021744,0.19535,0.64406,0.61778,0.40667
-0.015994,-0.010905,0.021519,0.19487,0.64448,0.61696,0.40747
-0.015998,-0.010839,0.021226,0.19427,0.64505,0.61604,0.40824
-0.01597,-0.010809,0.020936,0.19373,0.6454,0.61535,0.40898
-0.015942,-0.010751,0.020711,0.19328,0.64556,0.61481,0.40975
-0.015874,-0.010718,0.020568,0.19292,0.64577,0.61433,0.41033
-0.01592,-0.010763,0.020389,0.1924,0.646,0.61415,0.41046
-0.015938,-0.010786,0.020315,0.19221,0.64603,0.61409,0.4106
-0.015948,-0.010751,0.020294,0.19215,0.64584,0.61422,0.41074
-0.015998,-0.010711,0.020199,0.1922,0.64575,0.61419,0.41089
-0.016025,-0.010671,0.020086,0.19243,0.64579,0.61391,0.41115
-0.01605,-0.010588,0.019969,0.19261,0.64591,0.61352,0.41145
-0.016019,-0.010521,0.019841,0.19288,0.646,0.61308,0.41185
-0.015914,-0.010428,0.019669,0.19316,0.64619,0.61245,0.41235
-0.015828,-0.010368,0.019497,0.19327,0.64633,0.61187,0.41294
-0.01573,-0.010361,0.019338,0.1933,0.64659,0.61126,0.41342
-0.015662,-0.010353,0.019188,0.19324,0.64676,0.61085,0.4138
-0.015537,-0.01032,0.019053,0.19316,0.64685,0.61053,0.41416
-0.015509,-0.0103,0.018907,0.19309,0.64698,0.61028,0.41436
-0.015488,-0.01031,0.018731,0.19325,0.64713,0.60995,0.41453
-0.015385,-0.010351,0.018488,0.19332,0.64729,0.60952,0.41488
-0.015408,-0.010475,0.018228,0.19292,0.6477,0.60928,0.41477
-0.015282,-0.010501,0.017979,0.19311,0.64812,0.60846,0.41524
-0.015102,-0.010545,0.017691,0.19322,0.64847,0.60766,0.41581
-0.014904,-0.010569,0.017454,0.19336,0.64858,0.60701,0.41652
-0.014671,-0.010598,0.017239,0.19335,0.64854,0.60649,0.41734
-0.014436,-0.010602,0.017065,0.19323,0.64838,0.60609,0.41824
-0.014264,-0.010588,0.016888,0.19313,0.64829,0.60559,0.41913
-0.014077,-0.010552,0.016683,0.19295,0.64836,0.60502,0.41994
-0.013907,-0.010544,0.016482,0.19284,0.64863,0.60441,0.42045
-0.013786,-0.010535,0.01632,0.19302,0.64888,0.60389,0.42073
-0.013622,-0.010511,0.016178,0.19349,0.64902,0.60341,0.42099
-0.013414,-0.01045,0.016048,0.19428,0.64905,0.60288,0.42135
-0.013146,-0.010382,0.01592,0.19546,0.64881,0.60236,0.4219
-0.012841,-0.010229,0.015868,0.19671,0.64825,0.60199,0.42272
-0.012499,-0.010097,0.01584,0.19816,0.64747,0.60172,0.42361
-0.011918,-0.0097803,0.015851,0.20072,0.64626,0.60082,0.42554
-0.011641,-0.0096675,0.015811,0.20203,0.64562,0.60055,0.42626
-0.011411,-0.009613,0.015782,0.20318,0.64524,0.60014,0.42686
-0.011227,-0.0095446,0.015755,0.20428,0.64503,0.59967,0.42731
-0.010986,-0.0094896,0.015751,0.20538,0.64482,0.5992,0.42776
-0.010772,-0.00935,0.015689,0.20673,0.64433,0.59873,0.42852
-0.010572,-0.0092205,0.015648,0.20804,0.64382,0.59831,0.42924
-0.010326,-0.0091394,0.015577,0.20955,0.64328,0.59776,0.43007
-0.010103,-0.0090424,0.015488,0.21103,0.64279,0.59717,0.43089
-0.009952,-0.0089734,0.015395,0.2126,0.64223,0.59669,0.43162
-0.0097667,-0.0088994,0.015314,0.21426,0.6415,0.59628,0.43247
-0.0095067,-0.0088002,0.015322,0.21588,0.64063,0.59598,0.43336
-0.0092879,-0.0087033,0.015313,0.21749,0.63978,0.59559,0.43434
-0.0090138,-0.0085549,0.01528,0.21859,0.63888,0.59525,0.43557
-0.0088006,-0.0084809,0.015248,0.21947,0.63834,0.59482,0.43652
-0.0086807,-0.0083646,0.015198,0.22036,0.63779,0.59436,0.43748
-0.0084851,-0.0082744,0.015084,0.22142,0.63713,0.59383,0.43864
-0.0082746,-0.0081241,0.014922,0.22264,0.63637,0.59325,0.4399
-0.0079952,-0.0080095,0.014824,0.22399,0.6356,0.59266,0.44113
-0.007723,-0.0078965,0.014629,0.22553,0.6347,0.59211,0.44238
-0.0074647,-0.0077739,0.01451,0.2273,0.63373,0.59153,0.44364
-0.0071446,-0.0076519,0.014397,0.22919,0.63262,0.59107,0.44486
-0.0067846,-0.007464,0.014407,0.23107,0.63151,0.59062,0.44606
-0.0064733,-0.0072963,0.014371,0.23268,0.6307,0.58998,0.44722
-0.0061894,-0.007155,0.014382,0.23392,0.63022,0.58918,0.44829
-0.0059468,-0.0070399,0.014318,0.23485,0.63009,0.58827,0.44918
-0.0057499,-0.0069643,0.014126,0.23562,0.63007,0.58732,0.45006
-0.0052904,-0.0067756,0.013731,0.23747,0.62949,0.58568,0.45202
-0.0052904,-0.0067756,0.013731,0.23747,0.62949,0.58568,0.45202
-0.004806,-0.0066699,0.013094,0.2397,0.62898,0.5837,0.45412
-0.0045563,-0.006596,0.012764,0.24096,0.62869,0.58265,0.45521
-0.0042884,-0.0065146,0.012509,0.24224,0.62828,0.58175,0.45624
-0.0042884,-0.0065146,0.012509,0.24224,0.62828,0.58175,0.45624
-0.0040165,-0.0064458,0.012205,0.24347,0.62778,0.58094,0.4573
-0.0036015,-0.0063903,0.011712,0.2457,0.62725,0.57928,0.45894
-0.0033852,-0.0063712,0.011485,0.24682,0.62705,0.57836,0.45977
-0.0031332,-0.0063119,0.011359,0.24776,0.6267,0.57768,0.46059
-0.0029324,-0.0063039,0.011238,0.24856,0.62624,0.57717,0.46143
-0.0027453,-0.0062479,0.011118,0.24924,0.62559,0.57679,0.46243
-0.0025489,-0.0062029,0.010916,0.25009,0.62496,0.57622,0.46351
-0.0023498,-0.0061163,0.01065,0.25106,0.62423,0.5756,0.46475
-0.0020563,-0.0060094,0.010369,0.25225,0.62345,0.5748,0.46614
-0.0017,-0.0058778,0.01007,0.25346,0.62276,0.57379,0.46764
-0.0012994,-0.005795,0.0097387,0.25464,0.62225,0.57263,0.4691
-0.00093326,-0.0057708,0.0094027,0.25576,0.62185,0.57152,0.47039
-0.00052994,-0.0056779,0.0091115,0.25702,0.62122,0.57051,0.47175
-0.00010983,-0.0055706,0.0089591,0.25837,0.62031,0.56972,0.47315
0.00032564,-0.0054299,0.0088135,0.25983,0.61919,0.56915,0.47451
0.00069328,-0.0053036,0.0086695,0.26136,0.61805,0.56858,0.47583
0.0010382,-0.0051943,0.008519,0.26305,0.61702,0.56781,0.47716
0.0012921,-0.0050536,0.0083036,0.26484,0.61616,0.56678,0.4785
0.0015343,-0.004864,0.0080184,0.2667,0.61549,0.56537,0.48
0.0018298,-0.0046536,0.0077625,0.26847,0.61487,0.56372,0.48175
0.0021501,-0.0044272,0.0074468,0.27011,0.61412,0.56205,0.48373
0.0024316,-0.0042528,0.007116,0.27145,0.61332,0.56055,0.48574
0.0027225,-0.004037,0.0068198,0.27268,0.61234,0.55921,0.48781
0.0029506,-0.0038469,0.0065513,0.27391,0.61121,0.55819,0.48971
0.0031703,-0.0036689,0.0063667,0.27527,0.61011,0.55734,0.49129
0.0033289,-0.0034829,0.0061539,0.27678,0.60916,0.5564,0.49268
0.0033972,-0.0032941,0.0059202,0.27856,0.6085,0.55525,0.4938
0.0034621,-0.0031233,0.0055989,0.28049,0.60807,0.55368,0.49498
0.0035613,-0.002892,0.0052147,0.28248,0.60766,0.55192,0.49632
0.0036715,-0.0025906,0.0048583,0.28417,0.60714,0.55031,0.49778
0.0037582,-0.0023149,0.0046063,0.28541,0.60647,0.54903,0.4993
0.0038885,-0.0019611,0.0044231,0.28664,0.60537,0.54796,0.5011
0.003925,-0.0016801,0.0042937,0.2874,0.60434,0.54746,0.50245
0.0037355,-0.0013997,0.0041279,0.28819,0.60347,0.54698,0.50357
0.0036126,-0.0010681,0.0039873,0.28934,0.60266,0.54638,0.50453
0.0034777,-0.00073135,0.0038349,0.29091,0.60177,0.54554,0.5056
0.0032723,-0.0003373,0.0037538,0.29223,0.60093,0.54502,0.5064
0.0032379,4.6626e-05,0.0035495,0.29399,0.59976,0.54407,0.50779
0.0032317,0.00037961,0.0033443,0.29562,0.59852,0.54313,0.50931
0.0031785,0.00072813,0.0031404,0.29688,0.59738,0.54224,0.51086
0.0031716,0.0010212,0.0030279,0.2977,0.59642,0.54152,0.51228
0.0029722,0.0011461,0.002939,0.29771,0.59584,0.5415,0.51296
0.0029531,0.0013884,0.0029374,0.29831,0.59494,0.54121,0.51395
0.0028559,0.0015599,0.0028996,0.29914,0.59404,0.54091,0.51482
0.002715,0.0017965,0.0028204,0.30022,0.59304,0.54047,0.51581
0.002699,0.0021065,0.0027439,0.30163,0.59175,0.53989,0.51708
0.0028627,0.0023737,0.0026504,0.3032,0.59016,0.53909,0.51882
0.0031598,0.0026079,0.0024767,0.30488,0.58828,0.53805,0.52105
0.0035558,0.0028278,0.0022549,0.30629,0.58655,0.53681,0.52342
0.0039529,0.002946,0.0019614,0.30736,0.58509,0.53542,0.52586
0.0043982,0.0030355,0.0015659,0.30822,0.5838,0.53374,0.52849
0.0042817,0.0030575,0.0014343,0.30822,0.5838,0.53374,0.52849
0.0048864,0.0032074,0.0010936,0.30907,0.58267,0.53188,0.53111
0.0061777,0.0034728,0.00058741,0.31092,0.58071,0.52807,0.53595
0.0067995,0.0036257,0.00030362,0.31235,0.57948,0.52628,0.53821
0.0067995,0.0036257,0.00030362,0.31235,0.57948,0.52628,0.53821
0.0081174,0.0039659,-0.00019924,0.31654,0.57638,0.52274,0.54252
0.0087843,0.0041075,-0.00044563,0.31925,0.57483,0.52092,0.54433
0.0087843,0.0041075,-0.00044563,0.31925,0.57483,0.52092,0.54433
0.0099955,0.0042454,-0.00090891,0.32492,0.57216,0.51708,0.54744
0.010617,0.0042651,-0.0011584,0.32755,0.57124,0.51504,0.54875
0.011127,0.0043318,-0.0014062,0.32986,0.57074,0.51274,0.55004
0.010984,0.0042513,-0.0016732,0.32986,0.57074,0.51274,0.55004
0.011423,0.0043097,-0.0019681,0.33194,0.5705,0.51009,0.55151
0.011867,0.0044227,-0.0023128,0.33389,0.57033,0.50709,0.55327
0.012397,0.0045827,-0.0026521,0.33558,0.57006,0.50385,0.55547
0.013005,0.0047467,-0.0030384,0.33681,0.56953,0.50075,0.55807
0.013597,0.0048818,-0.0034923,0.33771,0.56859,0.49778,0.56114
0.014195,0.0049913,-0.0040247,0.33814,0.56745,0.49528,0.56424
0.014714,0.0050503,-0.0045825,0.33849,0.56627,0.49294,0.56725
0.015261,0.0050607,-0.0051523,0.33894,0.5654,0.49074,0.56974
0.015684,0.0050684,-0.0056136,0.3398,0.56487,0.48864,0.57157
0.016013,0.0050251,-0.0060026,0.34101,0.56471,0.48655,0.57279
0.016299,0.0050101,-0.0063272,0.34262,0.56452,0.48442,0.57382
0.016674,0.0050076,-0.0066611,0.34435,0.5641,0.4825,0.57481
0.016966,0.0050351,-0.0068462,0.34589,0.56341,0.48104,0.57579
0.017166,0.0050636,-0.0069901,0.34728,0.56242,0.47977,0.57698
0.017439,0.005076,-0.0071252,0.3487,0.5611,0.47845,0.57849
0.017797,0.0051509,-0.0072402,0.34989,0.5596,0.47717,0.58028
0.018274,0.0052307,-0.0074092,0.35104,0.55799,0.47563,0.5824
0.018746,0.0052774,-0.0076645,0.35205,0.55657,0.47394,0.58453
0.019116,0.005291,-0.0078872,0.35318,0.55563,0.47221,0.58613
0.019393,0.0052992,-0.0080761,0.35442,0.55493,0.47063,0.58732
0.019608,0.0052906,-0.0081359,0.35598,0.55423,0.46926,0.58813
0.0199,0.0054039,-0.0080601,0.35791,0.55327,0.46806,0.58883
0.020106,0.0055472,-0.007915,0.35991,0.55195,0.46708,0.58962
0.020384,0.0056523,-0.0077431,0.36184,0.55027,0.46619,0.59071
0.020532,0.0057691,-0.0076481,0.36332,0.54839,0.46557,0.59204
0.020793,0.0058589,-0.0076071,0.3649,0.54647,0.46444,0.59373
0.02113,0.0059868,-0.0075828,0.36657,0.54475,0.46287,0.59551
0.02166,0.0060907,-0.0076927,0.36812,0.54316,0.46094,0.5975
0.022102,0.0061329,-0.0078466,0.3696,0.54182,0.45907,0.59923
0.022463,0.0062022,-0.0079145,0.37118,0.54063,0.4573,0.60069
0.022734,0.0062764,-0.0079736,0.37281,0.53968,0.4558,0.60167
0.02305,0.0062951,-0.0078942,0.37459,0.53878,0.45449,0.60236
0.023253,0.0064213,-0.0077327,0.37645,0.5376,0.45352,0.60299
0.023305,0.0066758,-0.0075822,0.37827,0.53599,0.45275,0.60386
0.023586,0.0068335,-0.0074009,0.3803,0.53385,0.45197,0.60506
0.023746,0.0069502,-0.0072056,0.38202,0.5318,0.45142,0.6062
0.024332,0.007012,-0.0069301,0.38369,0.52994,0.45051,0.60745
0.02453,0.007072,-0.006954,0.38537,0.52853,0.4492,0.60858
0.024546,0.0070991,-0.0072048,0.38705,0.52754,0.44765,0.60952
0.024831,0.007125,-0.0073006,0.38889,0.52679,0.44581,0.61034
0.025157,0.0071626,-0.0073828,0.39084,0.5261,0.44375,0.61119
0.025664,0.0071494,-0.0073184,0.39252,0.52538,0.44185,0.61211
0.025863,0.0072591,-0.0073158,0.39381,0.52453,0.4404,0.61305
0.026053,0.0073567,-0.0072883,0.39478,0.52322,0.43944,0.61423
0.026242,0.0074046,-0.0072424,0.3958,0.52157,0.43852,0.61564
0.026524,0.0074768,-0.0072372,0.39705,0.51983,0.43725,0.61721
0.026893,0.0074826,-0.0073128,0.39844,0.51828,0.43541,0.61891
0.027243,0.0075068,-0.0074907,0.39951,0.51699,0.43343,0.62069
0.02762,0.0074795,-0.0077627,0.40031,0.516,0.43123,0.62252
0.027997,0.0074722,-0.0081271,0.40107,0.51508,0.42881,0.62447
0.028496,0.0074766,-0.0083824,0.40187,0.51415,0.4265,0.6263
0.029029,0.0074752,-0.008544,0.40277,0.51297,0.42435,0.62814
0.029542,0.0074454,-0.0087272,0.40339,0.51161,0.42269,0.62997
0.02987,0.0074742,-0.0089282,0.40367,0.51026,0.42156,0.63164
0.03006,0.0073876,-0.0091844,0.40405,0.50893,0.42057,0.63313
0.030129,0.0073685,-0.0093907,0.40467,0.50793,0.41987,0.634
0.030252,0.0073534,-0.009462,0.40578,0.50714,0.41916,0.6344
0.030392,0.0073356,-0.0094269,0.40701,0.50647,0.41862,0.6345
0.030439,0.0072889,-0.0093974,0.40798,0.50592,0.41837,0.63448
0.030282,0.0073499,-0.0093784,0.40828,0.50564,0.4187,0.63429
0.030273,0.0073818,-0.0093387,0.40895,0.50491,0.41861,0.6345
0.030413,0.0074,-0.0093107,0.40973,0.50402,0.41828,0.63492
0.030486,0.0074436,-0.0092895,0.41044,0.50329,0.41797,0.63526
0.030556,0.0073781,-0.0093017,0.41095,0.50254,0.41763,0.63574
0.030769,0.0073892,-0.0092928,0.41166,0.50157,0.41718,0.63634
0.031014,0.0073674,-0.0092041,0.41236,0.5006,0.41673,0.63694
0.031186,0.0073695,-0.0091385,0.41293,0.49976,0.41648,0.6374
0.031295,0.0073753,-0.0090279,0.41332,0.49919,0.41651,0.63757
0.031282,0.0073683,-0.0090017,0.41358,0.49893,0.41678,0.63743
0.031053,0.0074058,-0.0089798,0.41355,0.49914,0.41729,0.63695
0.031044,0.0073934,-0.0090139,0.41364,0.49926,0.41758,0.63661
0.031007,0.0073318,-0.0090761,0.41374,0.49939,0.41756,0.63645
0.030924,0.0073466,-0.0092435,0.41355,0.49961,0.41767,0.63633
0.030938,0.0073362,-0.0093536,0.41315,0.49993,0.4178,0.63625
0.031,0.0073177,-0.0094895,0.41288,0.4999,0.41774,0.63649
0.031124,0.0072842,-0.0095855,0.4125,0.4998,0.41792,0.63671
0.031219,0.0072023,-0.009633,0.41195,0.49964,0.41843,0.63684
0.031287,0.0071526,-0.009716,0.41128,0.49938,0.41921,0.63696
0.03132,0.0070887,-0.0097905,0.41092,0.49911,0.41977,0.63704
0.031409,0.0069807,-0.0098834,0.41061,0.49908,0.41993,0.63716
0.031528,0.0069043,-0.010003,0.41031,0.49933,0.41976,0.63727
0.03167,0.0068113,-0.010218,0.40985,0.49967,0.4194,0.63754
0.031817,0.006699,-0.010395,0.40935,0.50012,0.41898,0.63778
0.031915,0.0066015,-0.010621,0.40881,0.50048,0.41864,0.63807
0.032018,0.0064808,-0.010835,0.40833,0.50079,0.41834,0.63833
0.03217,0.0063823,-0.010972,0.40781,0.50092,0.4182,0.63866
0.032376,0.0062969,-0.011094,0.40744,0.50088,0.41813,0.63897
0.032552,0.0062298,-0.011211,0.40724,0.50082,0.41805,0.63919
0.032691,0.0061958,-0.011284,0.40709,0.50065,0.41823,0.63931
0.032771,0.006179,-0.011356,0.40701,0.50042,0.41841,0.63942
0.032823,0.0061266,-0.011464,0.40703,0.50024,0.41857,0.63944
0.03298,0.0060432,-0.011496,0.40724,0.49992,0.41865,0.63951
0.033157,0.0059807,-0.011496,0.40767,0.49976,0.41853,0.63944
0.033302,0.0059043,-0.011484,0.40813,0.49962,0.41844,0.63931
0.033416,0.0058768,-0.011385,0.40854,0.49939,0.41842,0.63924
0.033485,0.0058854,-0.011277,0.40876,0.49917,0.41864,0.63913
0.033558,0.0058896,-0.011137,0.40879,0.49898,0.41891,0.63908
0.033683,0.0059093,-0.011041,0.40886,0.49876,0.41911,0.63908
0.033791,0.00589,-0.010988,0.40876,0.49859,0.41929,0.63916
0.033767,0.0059,-0.010992,0.4085,0.49852,0.4195,0.63924
0.033724,0.0059339,-0.010944,0.40832,0.49838,0.41982,0.63925
0.033709,0.0059451,-0.010972,0.40814,0.49845,0.41982,0.63931
0.033714,0.0059311,-0.011014,0.40805,0.49857,0.41966,0.63938
0.033763,0.0059298,-0.01104,0.40804,0.49856,0.41944,0.63955
0.033854,0.0059177,-0.011019,0.40795,0.49852,0.41918,0.6398
0.033929,0.0058658,-0.011048,0.40772,0.49858,0.41904,0.63999
0.033963,0.0058465,-0.011057,0.4073,0.49851,0.41914,0.64025
0.034003,0.0057969,-0.01109,0.40679,0.49839,0.41949,0.64044
0.033962,0.0057728,-0.011142,0.40627,0.49821,0.42007,0.64052
0.034118,0.0056828,-0.011199,0.40651,0.49767,0.41993,0.64088
0.034092,0.0056365,-0.011189,0.40643,0.49759,0.42036,0.64072
0.034005,0.0056381,-0.011213,0.40636,0.49768,0.42069,0.64047
0.03393,0.0055508,-0.011283,0.40626,0.4977,0.42093,0.64037
0.033948,0.0054752,-0.011342,0.40608,0.49768,0.42101,0.64044
0.033946,0.0054024,-0.011465,0.40573,0.49771,0.42094,0.64069
0.034002,0.0053328,-0.011533,0.4054,0.4976,0.42098,0.64096
0.034042,0.0052951,-0.011633,0.4051,0.49776,0.42089,0.64108
0.033962,0.0052332,-0.011742,0.40478,0.49799,0.42092,0.64108
0.03395,0.0052145,-0.011758,0.40452,0.49807,0.42123,0.64098
0.033842,0.0052037,-0.011771,0.40436,0.49807,0.42176,0.64073
0.03379,0.0051481,-0.011807,0.40428,0.49819,0.42248,0.64021
0.033647,0.0051489,-0.01173,0.40455,0.49837,0.42316,0.63946
0.033441,0.0051565,-0.011657,0.40496,0.49852,0.42392,0.63857
0.033268,0.0051652,-0.011513,0.40533,0.49862,0.42482,0.63766
0.033069,0.0051787,-0.011342,0.40552,0.49861,0.42578,0.63691
0.032916,0.0052221,-0.011198,0.40544,0.49866,0.4267,0.63631
0.032721,0.005208,-0.011176,0.40508,0.49889,0.42746,0.63585
0.032534,0.0051561,-0.0112,0.40464,0.49935,0.42792,0.63545
0.032465,0.0050894,-0.011267,0.40421,0.49983,0.42808,0.63524
0.032444,0.0050623,-0.01131,0.40383,0.50026,0.42817,0.63509
0.032461,0.0050357,-0.011388,0.40344,0.50048,0.42837,0.63502
0.032506,0.0050553,-0.011319,0.40303,0.50028,0.42894,0.63505
0.032496,0.0050218,-0.011309,0.40268,0.49992,0.42957,0.63514
0.032483,0.0050212,-0.011317,0.40239,0.49971,0.43012,0.63512
0.032489,0.005023,-0.011217,0.40212,0.49975,0.4306,0.63493
0.0325,0.0050242,-0.011169,0.4015,0.50014,0.43095,0.63478
0.032367,0.0050101,-0.011175,0.40043,0.50088,0.43148,0.63451
0.032175,0.00502,-0.011291,0.39896,0.50215,0.43203,0.63405
0.031933,0.0049747,-0.011487,0.39745,0.5038,0.4324,0.63344
0.031575,0.004934,-0.011779,0.39579,0.50549,0.43283,0.63284
0.031533,0.0048705,-0.012045,0.39477,0.5065,0.4328,0.63268
0.031522,0.0047852,-0.012222,0.39416,0.507,0.43287,0.63263
0.031531,0.0047547,-0.012304,0.3937,0.50711,0.43335,0.6325
0.031428,0.0047004,-0.012298,0.39332,0.50713,0.43423,0.63211
0.031247,0.0046413,-0.012209,0.39306,0.50724,0.43537,0.6314
0.031049,0.0045717,-0.012005,0.39288,0.50748,0.43678,0.63034
0.030837,0.0045346,-0.011731,0.3924,0.50808,0.43851,0.62896
0.030516,0.0045393,-0.011473,0.3915,0.50914,0.44049,0.62727
0.03003,0.0045554,-0.011312,0.39029,0.51054,0.44232,0.6256
0.029841,0.0044985,-0.011274,0.38987,0.51136,0.44267,0.62494
0.029723,0.0045084,-0.011238,0.38937,0.51221,0.44317,0.62421
0.029731,0.0045218,-0.011118,0.3889,0.51312,0.44353,0.6235
0.029504,0.0044472,-0.01127,0.38839,0.51384,0.44395,0.62292
0.029417,0.0043594,-0.011257,0.38793,0.51418,0.44454,0.62251
0.029455,0.004304,-0.011076,0.38734,0.51415,0.44568,0.62208
0.029544,0.0042649,-0.010894,0.3867,0.51413,0.44682,0.62168
0.029634,0.0041824,-0.010627,0.38589,0.51421,0.4481,0.62119
0.029667,0.0041503,-0.010448,0.38474,0.51476,0.44955,0.6204
0.029692,0.0041057,-0.010214,0.38373,0.51537,0.45075,0.61966
0.029815,0.004058,-0.010028,0.38291,0.51592,0.45167,0.61904
0.030029,0.0040429,-0.0098136,0.38245,0.51633,0.45227,0.61854
0.030247,0.0039619,-0.0096784,0.38208,0.51671,0.45282,0.61805
0.030474,0.0039266,-0.0095298,0.38186,0.517,0.45347,0.61746
0.030761,0.0038651,-0.0093423,0.38155,0.51703,0.45437,0.61696
0.030912,0.0038056,-0.0091308,0.38103,0.51699,0.4557,0.61634
0.031144,0.0037668,-0.0088304,0.38042,0.5169,0.45706,0.61579
0.031329,0.0037223,-0.0085749,0.37983,0.517,0.4584,0.61508
0.031573,0.0036428,-0.0083274,0.37905,0.51734,0.45975,0.61426
0.031796,0.0035873,-0.0080996,0.37832,0.51811,0.46078,0.61328
0.031821,0.0035039,-0.0079579,0.37706,0.51935,0.46217,0.61197
0.032131,0.0033893,-0.0077491,0.37649,0.52011,0.46297,0.61107
0.032352,0.003339,-0.0074966,0.37592,0.5207,0.46405,0.6101
0.03264,0.0032838,-0.007189,0.37542,0.52097,0.46553,0.60904
0.032891,0.0032534,-0.0067828,0.37503,0.52095,0.46733,0.60792
0.033028,0.0032237,-0.0063834,0.37449,0.52095,0.46938,0.60667
0.033115,0.0032001,-0.0059441,0.3738,0.5213,0.47141,0.60522
0.032981,0.0031737,-0.0056528,0.37258,0.52234,0.47338,0.60353
0.032875,0.0031093,-0.0054227,0.37073,0.52416,0.47509,0.60175
0.03287,0.0030042,-0.005294,0.3685,0.5262,0.47638,0.60033
0.033004,0.002949,-0.0051953,0.36651,0.52759,0.47734,0.59956
0.033322,0.0028972,-0.0050321,0.36499,0.52824,0.47809,0.59931
0.033587,0.0029198,-0.0048241,0.36377,0.52852,0.47913,0.59898
0.033907,0.0028973,-0.0045956,0.36278,0.52873,0.48042,0.59835
0.034081,0.0028365,-0.0043839,0.3619,0.52903,0.48205,0.59732
0.034101,0.0027804,-0.0041181,0.36107,0.5295,0.48404,0.5958
0.033936,0.0027022,-0.0038121,0.35996,0.53056,0.48628,0.59368
0.033484,0.0025963,-0.003567,0.35809,0.53263,0.48882,0.59088
0.033216,0.0024984,-0.003317,0.35584,0.53511,0.491,0.58818
0.033304,0.0024441,-0.0030234,0.35414,0.53655,0.4925,0.58664
0.03351,0.0024498,-0.0026964,0.35323,0.53689,0.49354,0.586
0.033693,0.00252,-0.0023398,0.35256,0.53703,0.49462,0.58536
0.033909,0.0025675,-0.0019901,0.352,0.53724,0.49582,0.58449
0.034159,0.0025929,-0.0016759,0.3516,0.53733,0.49714,0.58352
0.034269,0.0026383,-0.0013451,0.35132,0.53748,0.49856,0.58234
0.034035,0.002688,-0.00098918,0.35089,0.53791,0.50042,0.58061
0.033766,0.002746,-0.00057506,0.35026,0.53891,0.50247,0.57829
0.033517,0.0027486,-0.00021308,0.34907,0.54043,0.50464,0.5757
0.033268,0.0026505,5.0086e-05,0.34741,0.54235,0.50667,0.5731
0.033167,0.0026078,0.00036889,0.346,0.54359,0.5082,0.57143
0.03335,0.0026677,0.00067881,0.34514,0.54377,0.50935,0.57075
0.03341,0.0027552,0.0010324,0.34437,0.54371,0.51056,0.5702
0.033521,0.0028445,0.0013,0.3436,0.54369,0.51172,0.56963
0.033725,0.0029324,0.0016126,0.34287,0.54368,0.5128,0.56911
0.033635,0.0029834,0.0017818,0.34204,0.5437,0.51392,0.56857
0.033356,0.0030906,0.0019842,0.341,0.54414,0.51523,0.5676
0.033092,0.0031518,0.002206,0.33977,0.54493,0.51653,0.56641
0.032825,0.003079,0.0023285,0.33789,0.54638,0.51785,0.56492
0.032704,0.0030145,0.0025109,0.33578,0.54794,0.51899,0.56362
0.032823,0.0030478,0.002699,0.33407,0.54861,0.51989,0.56315
0.032872,0.0031546,0.0029606,0.33266,0.54884,0.52077,0.56295
0.032957,0.0032543,0.0032201,0.33152,0.54898,0.52164,0.56268
0.033167,0.0033528,0.0034919,0.3305,0.54898,0.52261,0.56238
0.033282,0.0033948,0.0037414,0.32952,0.54906,0.52372,0.56185
0.033202,0.0034441,0.0039546,0.32848,0.54934,0.52492,0.56106
0.032834,0.0034095,0.0041084,0.32666,0.55019,0.52676,0.55956
0.032553,0.0034371,0.0042426,0.3247,0.55149,0.52818,0.55808
0.032173,0.0033162,0.0042468,0.32196,0.55363,0.52956,0.55623
0.031847,0.0032236,0.0042662,0.3188,0.55579,0.53108,0.55445
0.031665,0.0032223,0.004394,0.3158,0.55719,0.53266,0.55325
0.031546,0.0032328,0.0046759,0.31311,0.55766,0.53479,0.55225
0.031556,0.0032949,0.0050102,0.31147,0.55739,0.53648,0.55181
0.031542,0.0033276,0.0052805,0.31027,0.55725,0.53802,0.55113
0.031556,0.0032955,0.0055389,0.30947,0.55743,0.5393,0.55014
0.031387,0.003227,0.0057007,0.30884,0.55785,0.54049,0.5489
0.031114,0.0031404,0.0058657,0.30825,0.55848,0.54178,0.54732
0.030802,0.0030392,0.0060377,0.30758,0.55909,0.54329,0.54556
0.030682,0.002889,0.0062607,0.30653,0.55982,0.54496,0.54375
0.030491,0.0027475,0.0064766,0.3051,0.56088,0.54648,0.54194
0.030486,0.0026943,0.0067468,0.30367,0.56171,0.54766,0.54067
0.030354,0.0026497,0.0069163,0.30196,0.56245,0.54912,0.53939
0.030319,0.0026667,0.0071569,0.30104,0.56285,0.54997,0.53861
0.030337,0.0027281,0.0073757,0.30019,0.5633,0.551,0.53757
0.030272,0.0027823,0.0075984,0.29947,0.5639,0.55203,0.53629
0.030197,0.0027998,0.0078096,0.29879,0.56465,0.55308,0.53478
0.029919,0.0027409,0.0079869,0.29755,0.56595,0.55434,0.5328
0.029682,0.0026358,0.0081088,0.29605,0.56769,0.55537,0.5307
0.029406,0.0024712,0.0081655,0.29384,0.57013,0.55626,0.52838
0.029339,0.0023281,0.0082172,0.29153,0.57236,0.55695,0.52652
0.029528,0.0022685,0.008297,0.28989,0.57325,0.55755,0.52582
0.02994,0.002414,0.0085081,0.28989,0.57325,0.55755,0.52582
0.030144,0.0025068,0.0086422,0.28906,0.57303,0.5582,0.52582
0.030263,0.002584,0.0087486,0.28777,0.57298,0.55935,0.52537
0.030424,0.0025679,0.0088015,0.28701,0.57343,0.55983,0.52479
0.03067,0.0025988,0.0088344,0.28701,0.57343,0.55983,0.52479
0.030572,0.0025352,0.0088665,0.28616,0.57399,0.5606,0.52381
0.030538,0.0024743,0.0089868,0.28526,0.57455,0.5617,0.5225
0.030468,0.0023115,0.0091089,0.28412,0.57536,0.56308,0.52075
0.030329,0.0021664,0.0092897,0.28282,0.57643,0.56453,0.5187
0.030101,0.0020528,0.0094729,0.28146,0.57771,0.56576,0.51667
0.029956,0.0019599,0.0096511,0.28034,0.57869,0.56674,0.51509
0.029858,0.0019024,0.0098618,0.27925,0.57945,0.56781,0.51366
0.029746,0.0018189,0.010047,0.27831,0.57998,0.56887,0.5124
0.029618,0.0017062,0.010218,0.27758,0.58049,0.5698,0.51119
0.029394,0.0015917,0.010374,0.27679,0.58108,0.57072,0.50992
0.029172,0.0014957,0.010543,0.27593,0.58187,0.57163,0.50846
0.028916,0.0013569,0.010718,0.27474,0.58286,0.57275,0.50671
0.028555,0.0011933,0.010861,0.27326,0.58418,0.57395,0.50462
0.028134,0.000968,0.011015,0.27143,0.5859,0.5751,0.5023
0.02773,0.00072569,0.011049,0.26941,0.5877,0.57603,0.50021
0.027453,0.00052627,0.011051,0.2675,0.58919,0.5767,0.49872
0.027206,0.00040849,0.011032,0.26572,0.59024,0.57736,0.49766
0.027025,0.00026128,0.010987,0.26416,0.59124,0.57782,0.49676
0.026805,0.00011796,0.010933,0.26271,0.59213,0.57823,0.49599
0.026503,-5.1701e-05,0.010879,0.2613,0.59312,0.57856,0.49518
0.026071,-0.00021801,0.010772,0.2598,0.59416,0.57896,0.49425
0.025582,-0.00041948,0.010805,0.25792,0.59531,0.57978,0.49289
0.025055,-0.00065364,0.010862,0.25594,0.59667,0.5806,0.49131
0.024446,-0.00093559,0.01095,0.25364,0.59841,0.58147,0.48935
0.023775,-0.0012625,0.011042,0.25104,0.6006,0.58214,0.48721
0.023059,-0.0015565,0.011101,0.24835,0.60282,0.58265,0.48524
0.022377,-0.0018711,0.011147,0.24564,0.60475,0.58338,0.48334
0.021765,-0.0021515,0.011193,0.24323,0.60621,0.58414,0.48181
0.021238,-0.0024523,0.011282,0.24108,0.60735,0.58507,0.48032
0.020638,-0.0027634,0.011389,0.23908,0.60852,0.58606,0.47863
0.020031,-0.0030932,0.011495,0.23719,0.60977,0.58695,0.47687
0.019302,-0.0034343,0.011609,0.23518,0.61114,0.58803,0.47478
0.01862,-0.0037845,0.01174,0.23301,0.61263,0.5891,0.47259
0.017701,-0.0042023,0.011683,0.23052,0.61437,0.59032,0.47004
0.016988,-0.004644,0.011853,0.22771,0.61622,0.59152,0.46746
0.016572,-0.0051107,0.012315,0.22469,0.61798,0.59269,0.46512
0.01589,-0.0055746,0.012378,0.2215,0.6196,0.59375,0.46313
0.015367,-0.0059222,0.012445,0.2185,0.62093,0.59456,0.46174
0.014655,-0.0063109,0.012255,0.21563,0.62226,0.59526,0.4604
0.014134,-0.0067035,0.012376,0.2128,0.62342,0.59627,0.45883
0.013944,-0.0069826,0.01289,0.21008,0.62425,0.59765,0.45715
0.013199,-0.0073148,0.012925,0.20759,0.62475,0.59929,0.45546
0.012773,-0.0075874,0.013239,0.20533,0.62521,0.60088,0.45375
0.01246,-0.007869,0.01355,0.20312,0.62598,0.60216,0.452
0.012204,-0.0081339,0.013771,0.20107,0.62716,0.60287,0.45032
0.011999,-0.0084659,0.013865,0.19924,0.62851,0.60315,0.44887
0.011855,-0.0087616,0.013905,0.19764,0.62975,0.60326,0.4477
0.011807,-0.008969,0.013932,0.19623,0.63066,0.60339,0.44686
0.011901,-0.0091516,0.013982,0.19494,0.63112,0.6037,0.44635
0.012005,-0.0093119,0.014105,0.19367,0.63124,0.60425,0.44599
0.012111,-0.0094687,0.014233,0.19236,0.63103,0.60519,0.44559
0.012146,-0.0096017,0.014419,0.19103,0.63081,0.60634,0.4449
0.012239,-0.0097174,0.014681,0.19008,0.63069,0.60742,0.444
0.012275,-0.0098531,0.014827,0.18951,0.63088,0.6081,0.44305
0.012363,-0.0099716,0.014898,0.1893,0.63169,0.60807,0.44203
0.012491,-0.010078,0.014934,0.18924,0.63286,0.60757,0.44107
0.012623,-0.010224,0.014919,0.1891,0.63392,0.60714,0.4402
0.01275,-0.010296,0.015014,0.18885,0.63447,0.60713,0.43952
0.012922,-0.010407,0.015131,0.18845,0.63462,0.60751,0.43895
0.013078,-0.010457,0.015348,0.18787,0.63445,0.60827,0.43839
0.013217,-0.010528,0.01567,0.18741,0.6341,0.60921,0.43779
0.013182,-0.010629,0.015963,0.18683,0.63375,0.61049,0.43676
0.013205,-0.010645,0.016226,0.18677,0.63339,0.61151,0.43588
0.013188,-0.01067,0.01645,0.18709,0.63332,0.61221,0.43487
0.013226,-0.010717,0.01658,0.18767,0.63347,0.61258,0.43387
0.013308,-0.010733,0.016736,0.18834,0.63367,0.61279,0.43298
0.013283,-0.010759,0.016784,0.1885,0.63409,0.61291,0.43213
0.013394,-0.01081,0.016854,0.18851,0.63442,0.6129,0.43165
0.013485,-0.01084,0.01691,0.18822,0.63439,0.61307,0.43159
0.013617,-0.010813,0.017024,0.18767,0.63405,0.61356,0.43162
0.013751,-0.010801,0.017142,0.18697,0.63351,0.61417,0.43186
0.013909,-0.010777,0.017192,0.18648,0.63304,0.61467,0.43205
0.014076,-0.010786,0.01717,0.18614,0.63289,0.61488,0.43213
0.014206,-0.010729,0.017136,0.18606,0.63292,0.61493,0.43204
0.014377,-0.0107,0.017079,0.18628,0.63292,0.61494,0.43193
0.014617,-0.010698,0.01694,0.18658,0.63298,0.61481,0.4319
0.014778,-0.010739,0.016813,0.18654,0.63344,0.6144,0.43182
0.014944,-0.010788,0.016713,0.18622,0.634,0.61407,0.4316
0.015091,-0.010859,0.016673,0.18589,0.63426,0.61404,0.4314
0.015239,-0.010922,0.016736,0.18564,0.6343,0.61422,0.4312
0.015398,-0.01092,0.016853,0.18554,0.63428,0.61442,0.43099
0.015409,-0.010945,0.016848,0.18537,0.63432,0.61463,0.4307
0.015458,-0.010888,0.016892,0.18557,0.63434,0.61465,0.43056
0.015539,-0.01082,0.016922,0.18593,0.63429,0.61455,0.43062
0.015638,-0.010676,0.016942,0.18637,0.63415,0.61433,0.43095
0.015818,-0.010556,0.016935,0.18677,0.63392,0.61405,0.43151
0.016104,-0.010409,0.016906,0.18721,0.63382,0.6134,0.4324
0.016251,-0.010437,0.016767,0.18705,0.63411,0.61284,0.43284
0.016353,-0.010447,0.016759,0.18671,0.63449,0.61244,0.43298
0.016382,-0.010492,0.016786,0.18634,0.63477,0.61245,0.43272
0.016453,-0.010548,0.016785,0.18606,0.63491,0.61269,0.43229
0.016444,-0.010571,0.016946,0.18587,0.63491,0.61315,0.43172
0.01644,-0.010598,0.017017,0.18587,0.63501,0.61332,0.43133
0.016411,-0.01061,0.01701,0.18596,0.63513,0.61329,0.43116
0.016398,-0.010607,0.016992,0.18605,0.63521,0.61318,0.43116
0.016422,-0.010558,0.016918,0.18624,0.63513,0.61305,0.43138
0.01646,-0.010489,0.016902,0.18626,0.63509,0.61287,0.43169
0.016542,-0.010419,0.016834,0.18624,0.635,0.61259,0.43223
0.016618,-0.010364,0.016733,0.1861,0.63484,0.61232,0.43291
0.016768,-0.010287,0.016708,0.18582,0.63447,0.61229,0.43361
0.016834,-0.010231,0.016696,0.18556,0.63427,0.61232,0.43397
0.01697,-0.010196,0.016662,0.18568,0.63429,0.6121,0.4342
0.017027,-0.010185,0.016641,0.18587,0.63462,0.61195,0.43385
0.017087,-0.01019,0.016608,0.18629,0.6349,0.61172,0.43359
0.017143,-0.010169,0.016588,0.18668,0.63501,0.61156,0.43348
0.017243,-0.010185,0.016571,0.18686,0.63494,0.61156,0.4335
0.017331,-0.01022,0.016533,0.18679,0.63468,0.61158,0.43389
0.017397,-0.010192,0.016466,0.18659,0.63441,0.61148,0.43451
0.017453,-0.010211,0.01627,0.18635,0.63424,0.6112,0.43526
0.017551,-0.01018,0.016131,0.1861,0.63405,0.61089,0.43608
0.017625,-0.010166,0.015918,0.1859,0.63393,0.61057,0.43678
0.017625,-0.010189,0.015736,0.18548,0.63396,0.6105,0.43703
0.017768,-0.010147,0.015546,0.18551,0.63399,0.61009,0.43753
0.017943,-0.010168,0.015377,0.1856,0.63414,0.60964,0.4379
0.018172,-0.010229,0.0153,0.1857,0.63434,0.60926,0.4381
0.018366,-0.010275,0.01526,0.1859,0.63438,0.609,0.43832
0.018513,-0.010275,0.015161,0.18607,0.63439,0.60866,0.4387
0.018658,-0.010216,0.015049,0.18617,0.6343,0.60838,0.43919
0.018819,-0.010151,0.014963,0.18617,0.63401,0.60813,0.43995
0.019,-0.010059,0.01482,0.18605,0.63378,0.60775,0.44084
0.01913,-0.010031,0.01464,0.18601,0.63364,0.60728,0.44172
0.019176,-0.010051,0.014463,0.18574,0.63377,0.60691,0.44214
0.019381,-0.010106,0.014325,0.18607,0.63382,0.60643,0.4426
0.019561,-0.010155,0.014217,0.18645,0.63384,0.6061,0.44286
0.019639,-0.010225,0.014231,0.18701,0.63382,0.60595,0.44286
0.019676,-0.010234,0.014216,0.18753,0.63383,0.60595,0.44263
0.019296,-0.010467,0.014211,0.18687,0.63415,0.60685,0.4412
0.01922,-0.010451,0.014203,0.18742,0.63399,0.60692,0.44112
0.019148,-0.01039,0.01411,0.18797,0.6337,0.60691,0.44131
0.019137,-0.010306,0.014062,0.18862,0.63338,0.60682,0.44161
0.019092,-0.010256,0.013994,0.1892,0.63308,0.60667,0.44201
0.01912,-0.010199,0.013908,0.19004,0.63275,0.60635,0.44254
0.019157,-0.010113,0.013845,0.19094,0.63241,0.60611,0.44297
0.019225,-0.010068,0.013827,0.19189,0.63203,0.60594,0.44334
0.019363,-0.0099843,0.013818,0.19274,0.63147,0.60592,0.44379
0.019457,-0.0098919,0.013774,0.19368,0.63089,0.60588,0.44426
0.019529,-0.0098232,0.013677,0.19458,0.63039,0.60574,0.44478
0.019605,-0.0097276,0.013509,0.19552,0.63002,0.60534,0.44543
0.019703,-0.009616,0.013302,0.19656,0.62965,0.60483,0.44618
0.01984,-0.0095325,0.013145,0.19763,0.62911,0.60439,0.44708
0.020003,-0.0094352,0.013014,0.19877,0.62839,0.6041,0.44797
0.020151,-0.0093377,0.012975,0.1999,0.62776,0.60387,0.44867
0.020263,-0.0092668,0.012873,0.20097,0.62734,0.6035,0.44927
0.020306,-0.0092057,0.012836,0.20199,0.6272,0.60304,0.44962
0.020384,-0.0091033,0.012797,0.20297,0.62708,0.6026,0.44993
0.020448,-0.0090766,0.012721,0.2039,0.62692,0.60221,0.45027
0.020542,-0.0090165,0.012651,0.20475,0.62665,0.60187,0.45071
0.020665,-0.0089818,0.012502,0.20554,0.62641,0.60136,0.45136
0.020773,-0.0089465,0.0123,0.20637,0.62611,0.60073,0.45224
0.020948,-0.0088805,0.012079,0.20725,0.62571,0.60007,0.45327
0.02117,-0.0087862,0.011863,0.20829,0.62515,0.59937,0.45449
0.021421,-0.0086765,0.011622,0.20932,0.62461,0.59858,0.45579
0.021601,-0.0086004,0.011403,0.21008,0.62441,0.59791,0.45659
0.021743,-0.008577,0.011205,0.2106,0.62453,0.5973,0.45699
0.021796,-0.0086339,0.010979,0.21106,0.62481,0.59673,0.45714
0.021823,-0.0086868,0.010777,0.21148,0.62503,0.59628,0.45724
0.021819,-0.0087311,0.010576,0.21176,0.6251,0.59593,0.45747
0.02188,-0.0087674,0.010348,0.21208,0.62501,0.59556,0.45792
0.021864,-0.008797,0.010105,0.21241,0.62507,0.59495,0.45848
0.021848,-0.0088768,0.0098245,0.21283,0.6251,0.59432,0.45905
0.021873,-0.0089191,0.0095655,0.21343,0.62511,0.59364,0.45965
0.022088,-0.0088466,0.0093222,0.21459,0.62459,0.59278,0.46092
0.022239,-0.0088008,0.0091509,0.21551,0.62396,0.59242,0.46182
0.022386,-0.0087119,0.0089775,0.21653,0.62327,0.59197,0.46284
0.022491,-0.0086498,0.0088189,0.21732,0.62294,0.59131,0.46376
0.022595,-0.00862,0.0085835,0.21794,0.62283,0.59056,0.46457
0.022602,-0.0086517,0.0083311,0.21833,0.62272,0.59004,0.4652
0.022673,-0.008613,0.0081369,0.21895,0.62251,0.58947,0.46591
0.022693,-0.0085526,0.0079575,0.21979,0.62235,0.58884,0.46652
0.022693,-0.0085295,0.0077149,0.22097,0.62228,0.58805,0.46705
0.022763,-0.0084768,0.0075599,0.22236,0.62217,0.58718,0.46763
0.022815,-0.0084244,0.0073822,0.22432,0.62182,0.58625,0.46833
0.022892,-0.0082981,0.0073217,0.22623,0.62121,0.58571,0.46889
0.022951,-0.0081119,0.0073198,0.22833,0.62013,0.58555,0.46951
0.023011,-0.0078881,0.0073682,0.23043,0.61891,0.5855,0.47015
0.022922,-0.0077311,0.0073645,0.23219,0.61814,0.58538,0.47046
0.022747,-0.0075999,0.0073224,0.23379,0.61807,0.58481,0.47045
0.022551,-0.0075114,0.0072007,0.23526,0.61816,0.58405,0.47056
0.022306,-0.0073717,0.0070531,0.23682,0.61815,0.58324,0.47078
0.022129,-0.0072365,0.0069316,0.23838,0.61795,0.58257,0.47109
0.021996,-0.0071121,0.0067494,0.23993,0.61763,0.58193,0.47151
0.021803,-0.0069557,0.0065905,0.2415,0.61746,0.58119,0.47184
0.021561,-0.0067408,0.0064269,0.24317,0.61716,0.58037,0.47238
0.02136,-0.0064867,0.0063572,0.24477,0.61666,0.57979,0.47294
0.021168,-0.0061834,0.0063218,0.24624,0.6159,0.57947,0.47355
0.020856,-0.0059097,0.006289,0.24747,0.61506,0.57947,0.474
0.020509,-0.0056689,0.0061812,0.24848,0.6145,0.57927,0.47444
0.020112,-0.0055168,0.0059754,0.24918,0.61433,0.57887,0.47478
0.019676,-0.0054003,0.0057193,0.24962,0.61448,0.57819,0.47519
0.019383,-0.0053006,0.0053879,0.24976,0.6147,0.57741,0.47578
0.019107,-0.0051672,0.0050834,0.24985,0.61468,0.5767,0.47661
0.018873,-0.00503,0.0047417,0.24993,0.61432,0.57612,0.47774
0.018624,-0.0049547,0.0043786,0.25007,0.61375,0.57576,0.47883
0.018463,-0.0048801,0.0041161,0.25038,0.61291,0.57566,0.47987
0.018276,-0.0047656,0.0038445,0.25112,0.6118,0.57569,0.48086
0.018206,-0.0046572,0.0036946,0.25241,0.61051,0.57576,0.48174
0.018182,-0.0044934,0.0035439,0.25416,0.60905,0.5758,0.48262
0.018208,-0.0043196,0.0034645,0.25598,0.60763,0.57577,0.48348
0.018246,-0.0042436,0.0033046,0.25769,0.60659,0.57535,0.48437
0.018234,-0.0041794,0.0031577,0.25935,0.60609,0.57445,0.48518
0.018251,-0.004168,0.003003,0.26089,0.60576,0.57324,0.4862
0.018293,-0.0040755,0.0028413,0.26228,0.60529,0.57204,0.48744
0.018348,-0.0039647,0.0027425,0.26337,0.60447,0.57118,0.48888
0.018348,-0.0038027,0.0026546,0.26436,0.60326,0.5706,0.49052
0.018343,-0.0035671,0.0025863,0.26542,0.60171,0.57016,0.49235
0.01839,-0.0033152,0.0024578,0.26667,0.60007,0.56956,0.49438
0.018441,-0.0030885,0.0022903,0.26803,0.59845,0.5689,0.49636
0.018631,-0.0028406,0.0021613,0.26983,0.59695,0.56787,0.49837
0.018722,-0.0026731,0.0019879,0.27166,0.59585,0.56668,0.50004
0.018857,-0.0025683,0.0017685,0.27347,0.59525,0.56518,0.50146
0.018955,-0.0024578,0.0015816,0.27525,0.59484,0.56352,0.50284
0.019141,-0.0022679,0.0013769,0.27735,0.594,0.56164,0.50478
0.019178,-0.0021844,0.0011608,0.27842,0.59336,0.56052,0.50619
0.019136,-0.0020259,0.0010023,0.27944,0.59272,0.55961,0.50737
0.019013,-0.0018817,0.00077878,0.2805,0.59205,0.55877,0.5085
0.018835,-0.0017007,0.00056289,0.28178,0.59126,0.55788,0.50969
0.018612,-0.0014811,0.00028382,0.28323,0.59052,0.55682,0.5109
0.018399,-0.0012749,-8.7836e-05,0.28458,0.58988,0.55572,0.51208
0.018245,-0.0011376,-0.00042527,0.28597,0.5892,0.55477,0.51312
0.018027,-0.0010317,-0.00069552,0.2873,0.5883,0.55413,0.51411
0.017764,-0.00095194,-0.00093376,0.28847,0.58745,0.55358,0.51501
0.017485,-0.00092445,-0.0011792,0.28944,0.58679,0.553,0.51585
0.017142,-0.00088147,-0.0014509,0.29044,0.58624,0.55224,0.51672
0.016802,-0.00081285,-0.0018097,0.29136,0.58555,0.5514,0.51787
0.016476,-0.00072306,-0.0021825,0.29231,0.58479,0.55043,0.51923
0.01615,-0.00066132,-0.0026384,0.29316,0.58399,0.54929,0.52085
0.015571,-0.00069866,-0.0030753,0.29286,0.58381,0.5491,0.52143
0.015326,-0.00071929,-0.0036221,0.29368,0.583,0.54784,0.5232
0.015154,-0.00072301,-0.004082,0.29468,0.58206,0.54649,0.52508
0.01497,-0.00070983,-0.0045251,0.29585,0.58096,0.54523,0.52697
0.014865,-0.00066393,-0.0048707,0.29697,0.57987,0.54398,0.52881
0.014668,-0.00062057,-0.0051985,0.29816,0.57877,0.54282,0.53054
0.014424,-0.000574,-0.005474,0.29919,0.57798,0.54159,0.53208
0.014087,-0.00053993,-0.0059053,0.29999,0.57768,0.54013,0.53344
0.013743,-0.00054011,-0.0063563,0.30093,0.57778,0.53829,0.53465
0.013515,-0.00051235,-0.0068295,0.30214,0.57794,0.53622,0.53588
0.012948,-0.00059213,-0.0071467,0.30214,0.57794,0.53622,0.53588
0.012802,-0.00068606,-0.0076172,0.30334,0.57827,0.53407,0.53699
0.013331,-0.00068319,-0.0081766,0.30583,0.5782,0.52977,0.53991
0.012957,-0.00082605,-0.0083515,0.30583,0.5782,0.52977,0.53991
0.012973,-0.0008571,-0.0087046,0.30663,0.57792,0.52813,0.54135
0.012862,-0.00086327,-0.0090434,0.30722,0.57746,0.52686,0.54274
0.012681,-0.00085624,-0.0093575,0.30783,0.57685,0.52592,0.54397
0.012455,-0.00085391,-0.0097368,0.30846,0.57648,0.52492,0.54496
0.012174,-0.00093233,-0.010192,0.30905,0.57673,0.52365,0.54558
0.01182,-0.0010271,-0.010765,0.30991,0.57744,0.52198,0.54594
0.011586,-0.0010943,-0.011213,0.31114,0.57803,0.52015,0.54636
0.011393,-0.0011525,-0.011614,0.31238,0.57832,0.51863,0.5468
0.01128,-0.0011771,-0.011883,0.31367,0.57803,0.51742,0.54751
0.0111,-0.0011943,-0.012111,0.3148,0.57748,0.51657,0.54824
0.010842,-0.0010865,-0.012252,0.31579,0.57686,0.51596,0.54891
0.010435,-0.0010096,-0.012522,0.31677,0.57621,0.51529,0.54966
0.010005,-0.00096173,-0.012886,0.31805,0.57578,0.51431,0.55028
0.0096576,-0.00086711,-0.013222,0.31943,0.57524,0.51328,0.55101
0.0092638,-0.00080129,-0.013607,0.32096,0.57483,0.51211,0.55163
0.008875,-0.00076114,-0.014,0.32266,0.57446,0.5109,0.55215
0.0085606,-0.00070766,-0.014295,0.32445,0.57401,0.50968,0.5527
0.0083703,-0.00064274,-0.014492,0.32608,0.57319,0.50864,0.55354
0.0081443,-0.00055961,-0.014629,0.32761,0.57235,0.50771,0.55436
0.0079005,-0.00043008,-0.014707,0.32891,0.57136,0.50697,0.55529
0.0075213,-0.00028579,-0.014906,0.3297,0.57042,0.50641,0.55629
0.0071032,-0.00013085,-0.015136,0.33047,0.56955,0.50563,0.55744
0.006801,2.6534e-05,-0.015408,0.3315,0.56865,0.50438,0.55888
0.0065908,0.00019537,-0.01571,0.33268,0.56781,0.50278,0.56047
0.0065006,0.00034816,-0.015978,0.33392,0.56693,0.501,0.56222
0.0065162,0.00051715,-0.016251,0.33519,0.56597,0.49913,0.56409
0.0065494,0.00066459,-0.016472,0.33646,0.56493,0.49744,0.56586
0.0067015,0.00080675,-0.016598,0.33781,0.56381,0.49596,0.56748
0.0068057,0.00095091,-0.016676,0.33926,0.56272,0.49465,0.56883
0.0068782,0.0011033,-0.016699,0.34096,0.56155,0.49333,0.57011
0.006859,0.0012843,-0.016718,0.34281,0.56031,0.49201,0.57137
0.0068138,0.0015449,-0.016777,0.34455,0.55906,0.49067,0.57269
0.0067494,0.0017406,-0.01692,0.34623,0.55782,0.48914,0.57421
0.0066547,0.0019678,-0.017061,0.34783,0.55659,0.4874,0.5759
0.0066286,0.0021419,-0.017311,0.34942,0.55545,0.48525,0.57785
0.0066875,0.0022821,-0.017541,0.35103,0.55437,0.48278,0.57998
0.0067453,0.0024397,-0.017837,0.35241,0.55347,0.48023,0.58212
0.0068112,0.0026264,-0.018149,0.35361,0.55252,0.47785,0.58424
0.0069383,0.0027821,-0.01842,0.35499,0.55134,0.47565,0.58631
0.0077279,0.0028776,-0.018202,0.35652,0.55008,0.47366,0.58818
0.0077892,0.0030282,-0.018382,0.3581,0.54897,0.47179,0.58975
0.0071565,0.0031555,-0.018902,0.35958,0.54799,0.47001,0.59119
0.0071007,0.003294,-0.019044,0.36089,0.54725,0.46827,0.59244
0.0069254,0.0034126,-0.019221,0.36191,0.54654,0.46668,0.59373
0.0067267,0.0035144,-0.019389,0.36277,0.54583,0.46519,0.59503
0.006465,0.003619,-0.019604,0.36347,0.54524,0.46378,0.59625
0.0062609,0.003709,-0.019825,0.364,0.54467,0.46249,0.59744
0.0060414,0.0037569,-0.020054,0.36455,0.54395,0.4613,0.59869
0.0061957,0.0037466,-0.020044,0.36514,0.54327,0.4602,0.59979
0.0059218,0.0037761,-0.020344,0.36583,0.54273,0.45908,0.60071
0.0056702,0.0038049,-0.020592,0.3665,0.54238,0.45813,0.60135
0.0053749,0.0038608,-0.020829,0.36701,0.54208,0.45747,0.60181
0.005008,0.0038442,-0.021103,0.3675,0.5417,0.45692,0.60227
0.0046263,0.0038444,-0.021349,0.36794,0.54138,0.45643,0.60266
0.0043326,0.003831,-0.021584,0.3683,0.54116,0.4559,0.60304
0.0040512,0.0038068,-0.021744,0.36845,0.54124,0.45537,0.60328
0.0037983,0.003822,-0.021896,0.36843,0.54116,0.45503,0.60362
0.0036107,0.003797,-0.022006,0.36835,0.54104,0.45464,0.60406
0.0033858,0.0038044,-0.022098,0.36774,0.54116,0.4547,0.60428
0.0031197,0.0038444,-0.022248,0.36678,0.54131,0.45513,0.60441
0.0028216,0.0038244,-0.022435,0.36601,0.54173,0.4552,0.60445
0.0026012,0.0038145,-0.022644,0.36575,0.54176,0.45504,0.6047
0.0025217,0.0038265,-0.022832,0.36593,0.54144,0.45478,0.60507
0.0025327,0.003843,-0.022996,0.3664,0.54079,0.45446,0.60561
0.0026083,0.0038546,-0.023059,0.36691,0.54015,0.45427,0.60601
0.0026645,0.0038412,-0.023118,0.36749,0.53959,0.4542,0.60622
0.0026829,0.0038164,-0.023102,0.36797,0.53928,0.45428,0.60613
0.002743,0.003808,-0.022989,0.3685,0.53912,0.45447,0.60582
0.0028391,0.0037484,-0.022842,0.36878,0.53924,0.45476,0.60532
0.0028332,0.0037032,-0.022726,0.36889,0.5395,0.45503,0.60482
0.0028195,0.0037223,-0.022565,0.36886,0.53982,0.45531,0.60433
0.0027577,0.0037463,-0.022531,0.36854,0.54023,0.4557,0.60388
0.002731,0.0037451,-0.022535,0.36849,0.54032,0.45583,0.60373
0.0027927,0.0037351,-0.022537,0.36845,0.54014,0.45599,0.6038
0.0029271,0.0037281,-0.022592,0.3685,0.53976,0.45607,0.60405
0.0031899,0.0036982,-0.022626,0.36857,0.5394,0.45608,0.60431
0.0034662,0.0035662,-0.022726,0.3686,0.53928,0.45579,0.60462
0.0035573,0.0034223,-0.022888,0.36811,0.53973,0.45603,0.60434
0.0038631,0.0032612,-0.023055,0.36812,0.53993,0.45546,0.60459
0.0041762,0.0030998,-0.023262,0.36792,0.54029,0.45502,0.60471
0.0043984,0.002933,-0.0235,0.36749,0.54093,0.45469,0.60465
0.0045324,0.0028054,-0.023745,0.36683,0.54189,0.45448,0.60434
0.0045897,0.0026578,-0.024015,0.36635,0.54275,0.45414,0.60413
0.0046888,0.0025176,-0.024281,0.36622,0.54302,0.45378,0.60423
0.0048786,0.002421,-0.024455,0.36632,0.54268,0.45371,0.60453
0.0051023,0.0023205,-0.024594,0.36641,0.54192,0.45399,0.60494
0.0052527,0.0022402,-0.024679,0.36648,0.54119,0.4543,0.60532
0.005645,0.0021333,-0.02477,0.36725,0.54024,0.45354,0.60627
0.0056637,0.0019584,-0.024958,0.36718,0.54033,0.45336,0.60637
0.005614,0.0017873,-0.025216,0.36703,0.54066,0.45309,0.60637
0.0055981,0.0016679,-0.025369,0.36675,0.5411,0.45288,0.60631
0.0056243,0.0015187,-0.025507,0.36626,0.54142,0.45291,0.60629
0.0056111,0.0013555,-0.02565,0.36571,0.54157,0.45313,0.60632
0.0057354,0.0012833,-0.025692,0.36523,0.5415,0.45333,0.60652
0.0058327,0.0011809,-0.025736,0.36508,0.54137,0.45347,0.60663
0.0059521,0.0011159,-0.025699,0.36507,0.541,0.45379,0.60673
0.0061834,0.0010847,-0.025603,0.36509,0.54031,0.45427,0.60697
0.0063933,0.0010309,-0.025503,0.36514,0.5396,0.45482,0.60716
0.0066294,0.00099968,-0.025431,0.36525,0.53892,0.45521,0.6074
0.0069096,0.00096317,-0.025375,0.36528,0.53851,0.45536,0.60763
0.0071429,0.00093688,-0.025337,0.36532,0.53839,0.45529,0.60777
0.0074746,0.00087744,-0.025286,0.36526,0.53839,0.45507,0.60797
0.007679,0.00079672,-0.025332,0.36497,0.53863,0.45499,0.608
0.0080005,0.00079026,-0.02535,0.36484,0.53856,0.45489,0.60821
0.008325,0.00071952,-0.025329,0.36473,0.53839,0.45485,0.60846
0.0086591,0.0007131,-0.025234,0.36482,0.53806,0.45489,0.60867
0.0089565,0.0006884,-0.025139,0.365,0.53775,0.45497,0.60878
0.0092586,0.00067011,-0.025041,0.36532,0.53739,0.45498,0.60888
0.0094604,0.00069052,-0.024878,0.36558,0.53706,0.45514,0.60891
0.0097323,0.00072293,-0.024686,0.36582,0.53674,0.45542,0.60883
0.0098985,0.00077465,-0.024492,0.366,0.53643,0.45572,0.60878
0.01008,0.00082312,-0.024306,0.36603,0.53624,0.45598,0.60873
0.010345,0.00085832,-0.024227,0.3663,0.53593,0.45572,0.60904
0.010471,0.00082534,-0.024143,0.36616,0.53591,0.45581,0.60907
0.010657,0.00084366,-0.024112,0.36597,0.5359,0.45578,0.60921
0.010794,0.00082915,-0.024109,0.36575,0.5359,0.45579,0.60933
0.010966,0.00081829,-0.024101,0.36561,0.53567,0.45588,0.60955
0.011098,0.00080262,-0.024072,0.36546,0.53538,0.4562,0.60967
0.011297,0.00079984,-0.024031,0.36545,0.53496,0.45643,0.60986
0.011516,0.00076477,-0.023996,0.36552,0.53465,0.45662,0.60995
0.011651,0.00072712,-0.023962,0.36568,0.53448,0.4568,0.60987
0.011751,0.00070664,-0.023954,0.36589,0.53444,0.45696,0.60966
0.011836,0.00069469,-0.023924,0.36593,0.53458,0.45707,0.60943
0.011872,0.00066684,-0.023912,0.36592,0.53468,0.45711,0.60932
0.011963,0.00061964,-0.023883,0.36583,0.53467,0.45719,0.60932
0.012061,0.00061645,-0.023867,0.3656,0.53465,0.45726,0.60943
0.012083,0.00061116,-0.023871,0.36546,0.53455,0.45733,0.60955
0.012116,0.00067371,-0.023847,0.36527,0.53458,0.45749,0.60952
0.012153,0.00074319,-0.023822,0.36527,0.53449,0.45757,0.60953
0.012146,0.00081582,-0.023787,0.36533,0.53436,0.45769,0.60952
0.012181,0.0009423,-0.02359,0.36558,0.53412,0.45799,0.60936
0.012224,0.0010202,-0.023427,0.36577,0.53376,0.45842,0.60923
0.012289,0.0010483,-0.023304,0.36615,0.53337,0.4586,0.60921
0.012399,0.0010525,-0.023185,0.36632,0.53319,0.45888,0.60906
0.012442,0.0010517,-0.023113,0.36637,0.53315,0.45905,0.60893
0.012421,0.0010053,-0.023074,0.36628,0.53327,0.45911,0.60884
0.012486,0.0010581,-0.023017,0.36629,0.53322,0.45915,0.60884
0.012576,0.0010772,-0.022942,0.36636,0.53308,0.45915,0.60892
0.012649,0.0011429,-0.022861,0.36633,0.53285,0.45935,0.609
0.012707,0.0011969,-0.022779,0.36629,0.53267,0.4595,0.60906
0.012702,0.0012157,-0.022778,0.3663,0.53262,0.45954,0.60907
0.012692,0.001238,-0.022809,0.36625,0.53257,0.45958,0.60911
0.012673,0.001217,-0.022826,0.36613,0.53255,0.45975,0.60907
0.01269,0.0012592,-0.02277,0.36599,0.53249,0.46,0.60902
0.012686,0.0012458,-0.022716,0.36591,0.53248,0.46031,0.60884
0.012529,0.0012481,-0.022638,0.36585,0.53254,0.4606,0.60861
0.012427,0.001316,-0.022535,0.36573,0.53243,0.46098,0.60849
0.012501,0.0013806,-0.022412,0.36565,0.53224,0.46135,0.60842
0.012491,0.0014544,-0.022296,0.36548,0.53188,0.46177,0.60852
0.012367,0.0014932,-0.022266,0.36535,0.53164,0.46196,0.60866
0.012439,0.0015015,-0.02225,0.3652,0.53151,0.46209,0.60877
0.012508,0.0015047,-0.022242,0.36503,0.53144,0.46208,0.60894
0.012554,0.0014692,-0.022242,0.36489,0.53116,0.46221,0.60917
0.012636,0.0014815,-0.022257,0.36475,0.53111,0.46223,0.60928
0.01273,0.001453,-0.02231,0.36465,0.53127,0.46216,0.60925
0.012726,0.0013958,-0.02233,0.3646,0.53145,0.46209,0.60919
0.012726,0.0013891,-0.022307,0.36469,0.53158,0.46208,0.60902
0.01271,0.0013804,-0.022295,0.36472,0.53182,0.46222,0.60868
0.012768,0.0014004,-0.02222,0.365,0.5318,0.4622,0.60855
0.012799,0.0013997,-0.02214,0.36524,0.53175,0.46233,0.60836
0.012819,0.0014279,-0.022047,0.36548,0.5316,0.46254,0.60818
0.012856,0.0014816,-0.02191,0.36565,0.53137,0.46285,0.60804
0.012874,0.0015439,-0.021786,0.36576,0.53116,0.46319,0.6079
0.0129,0.0016079,-0.021681,0.36586,0.53113,0.46336,0.60774
0.0129,0.0016768,-0.021638,0.36582,0.53116,0.46341,0.60769
0.012907,0.0017086,-0.021633,0.36553,0.53131,0.46341,0.60774
0.01294,0.0017113,-0.021624,0.36513,0.53143,0.46347,0.60783
0.012969,0.0016928,-0.021575,0.36472,0.53159,0.46361,0.60783
0.013051,0.0016831,-0.021568,0.36462,0.53159,0.4636,0.6079
0.013146,0.0016468,-0.021504,0.36459,0.5314,0.46375,0.60797
0.013215,0.0016514,-0.021503,0.36459,0.53124,0.46394,0.60797
0.013324,0.0016535,-0.02147,0.36474,0.53098,0.4641,0.60798
0.013319,0.0016669,-0.021423,0.36477,0.53097,0.46429,0.60783
0.013423,0.0016589,-0.021381,0.36492,0.53062,0.46444,0.60792
0.0135,0.0017198,-0.021298,0.36506,0.53047,0.46442,0.60799
0.013613,0.0017602,-0.021151,0.3652,0.53031,0.4644,0.60806
0.013698,0.0017939,-0.021036,0.36533,0.53028,0.46436,0.60803
0.013796,0.0018173,-0.020965,0.36547,0.5303,0.46428,0.608
