0,0,0,0.3421,0.58832,0.52846,0.50752
9.6412e-05,5.9679e-05,9.2743e-05,0.34202,0.58814,0.52861,0.50762
0.00010675,6.9509e-05,0.00012943,0.34199,0.588,0.52873,0.50768
0.00012265,8.9925e-05,0.00022722,0.34211,0.58799,0.52872,0.50763
0.00013259,8.7804e-05,0.00027451,0.3423,0.588,0.52873,0.50748
0.00011014,0.00015675,0.000385,0.34256,0.58799,0.52873,0.50732
0.00013106,0.00017364,0.00046607,0.34271,0.5879,0.52882,0.50722
0.00012937,0.0001804,0.00045358,0.34272,0.58781,0.5289,0.50723
0.00010887,0.00019662,0.00044392,0.34272,0.58781,0.5289,0.50723
9.365e-06,0.00019974,0.00045618,0.34266,0.5879,0.52882,0.50726
-7.2931e-05,0.00021659,0.00037456,0.34263,0.58805,0.52872,0.50721
-0.00016578,0.00019447,0.00030894,0.3425,0.58819,0.5287,0.50715
-0.00028447,0.00015858,0.0002794,0.34232,0.58824,0.52878,0.50713
-0.00045562,0.00017612,0.00023417,0.34218,0.5883,0.52887,0.50707
-0.00057123,0.00014461,0.00019161,0.34211,0.58839,0.5289,0.50698
-0.00065291,0.00013561,0.00023288,0.34202,0.58845,0.52899,0.50688
-0.00068936,0.00010349,0.00026231,0.34198,0.58847,0.52903,0.50683
-0.00061363,0.00010174,0.0003059,0.34198,0.58847,0.52903,0.50683
-0.0006116,7.2679e-05,0.00029764,0.34197,0.58852,0.52899,0.50682
-0.00057896,7.062e-05,0.00026796,0.34197,0.58853,0.5289,0.5069
-0.00052833,7.4184e-05,0.0002309,0.342,0.58859,0.52878,0.50694
-0.00057018,0.00010363,0.00020377,0.34209,0.58861,0.52869,0.50695
-0.00048751,0.00013213,0.00020042,0.34213,0.58863,0.52861,0.50699
-0.0004445,0.00019106,0.00025958,0.34219,0.58854,0.52869,0.50696
-0.00044342,0.00021944,0.00031149,0.34224,0.58842,0.52873,0.50703
-0.00039172,0.0002146,0.00033861,0.34233,0.58843,0.52874,0.50695
-0.00042168,0.00022168,0.00034667,0.34247,0.58847,0.52871,0.50683
-0.00040868,0.00023843,0.00043323,0.34248,0.58843,0.52875,0.50684
-0.00036575,0.00021318,0.00045462,0.34248,0.58843,0.52875,0.50684
-0.00032704,0.00023695,0.00048025,0.34248,0.58843,0.52875,0.50684
-0.00031761,0.0002813,0.00048178,0.34243,0.58843,0.52874,0.50688
-0.00030003,0.00031664,0.0005022,0.34241,0.58844,0.52877,0.50686
-0.00027045,0.00033811,0.00052825,0.34238,0.58846,0.52879,0.50683
-0.00024909,0.00034623,0.00055718,0.34244,0.58841,0.52883,0.5068
-0.00024414,0.00038378,0.00058063,0.34249,0.58837,0.52888,0.50676
-0.00016835,0.00039758,0.00063117,0.34252,0.58831,0.5289,0.5068
-0.00014043,0.00037037,0.00067452,0.34262,0.58822,0.52898,0.50674
-4.4776e-05,0.00037738,0.00076015,0.34274,0.58809,0.529,0.50679
5.4544e-05,0.00042446,0.00087027,0.34293,0.58806,0.52897,0.50673
8.2306e-05,0.0004203,0.00091867,0.34317,0.58816,0.52879,0.50663
6.117e-05,0.00044826,0.00092466,0.3433,0.58827,0.52863,0.50658
3.3654e-05,0.00047114,0.00091633,0.34335,0.58832,0.52859,0.50654
-1.1854e-05,0.00048678,0.00093997,0.34335,0.58832,0.52859,0.50654
-2.8034e-05,0.00053157,0.00094887,0.3433,0.58832,0.52859,0.50658
-0.00010067,0.00059364,0.00097278,0.3433,0.58839,0.5286,0.50648
-0.00020717,0.00059924,0.00099431,0.34327,0.58853,0.52859,0.50635
-0.00024584,0.00060597,0.0010102,0.34327,0.58863,0.52865,0.50617
-0.00039005,0.00062333,0.00099201,0.34334,0.58873,0.52868,0.50597
-0.00057366,0.0006141,0.00085498,0.34345,0.58884,0.52864,0.50581
-0.00068744,0.00060028,0.00077435,0.34358,0.58898,0.52853,0.50568
-0.00075662,0.00050577,0.0006392,0.34362,0.58916,0.52837,0.50561
-0.00084697,0.00048712,0.00055415,0.34348,0.58931,0.52826,0.50564
-0.00096269,0.00049657,0.00050229,0.34338,0.5894,0.52817,0.5057
-0.0010966,0.00049367,0.00046217,0.34329,0.58947,0.52817,0.50568
-0.0012518,0.00051735,0.000432,0.34328,0.58954,0.52818,0.50559
-0.0013939,0.00057162,0.00043092,0.34331,0.58964,0.52822,0.50543
-0.0015237,0.00062235,0.00041489,0.34343,0.58974,0.52826,0.50519
-0.0016566,0.00070925,0.00040724,0.34352,0.58981,0.52827,0.50502
-0.0018118,0.00078883,0.00040024,0.34367,0.58985,0.52833,0.50482
-0.0018874,0.00084468,0.00033669,0.34376,0.58985,0.52834,0.50474
-0.001962,0.00088317,0.00029818,0.3438,0.58994,0.52826,0.50469
-0.002036,0.00090057,0.00017513,0.34376,0.59011,0.52807,0.50472
-0.0021152,0.00093145,0.00014212,0.34365,0.59024,0.52794,0.50477
-0.0022103,0.00093293,4.1569e-05,0.3436,0.59033,0.52786,0.5048
-0.0023212,0.00094522,5.1479e-05,0.34348,0.59037,0.52792,0.50476
-0.0024738,0.00092849,2.1416e-05,0.34339,0.59043,0.52801,0.50466
-0.0025207,0.00092204,4.6783e-05,0.34342,0.59055,0.5281,0.50441
-0.0026194,0.00094456,9.2972e-05,0.34344,0.59063,0.52822,0.50416
-0.0027911,0.0009897,0.00011478,0.34346,0.5906,0.5284,0.504
-0.0030034,0.00099562,0.00021249,0.34343,0.59057,0.52858,0.50388
-0.003125,0.0010139,0.00022107,0.34338,0.5906,0.52862,0.50383
-0.0031947,0.0010361,0.0002101,0.34343,0.59068,0.52863,0.50369
-0.0032845,0.0010514,0.00020272,0.34344,0.59083,0.52854,0.50361
-0.003439,0.0010462,0.00016212,0.34336,0.59094,0.52847,0.5036
-0.0035323,0.0010515,0.00017119,0.34326,0.59101,0.52847,0.50358
-0.0035977,0.0010463,0.00018084,0.34317,0.59103,0.52852,0.50357
-0.003665,0.0010408,0.00018083,0.34303,0.59102,0.5286,0.5036
-0.0037087,0.0010443,0.000188,0.34299,0.59104,0.52864,0.50355
-0.0037742,0.0010832,0.00021014,0.343,0.59098,0.52877,0.50348
-0.0038452,0.0010977,0.00026958,0.34301,0.59093,0.5289,0.5034
-0.0039457,0.0010712,0.00026313,0.34307,0.59091,0.52899,0.50328
-0.0040142,0.0010496,0.00023029,0.34312,0.59104,0.52885,0.50325
-0.004049,0.0010706,0.00019602,0.34311,0.59117,0.52873,0.50323
-0.0040574,0.0010709,0.00014921,0.34306,0.59126,0.52865,0.50325
-0.0040787,0.0010603,0.00011525,0.34293,0.59132,0.52862,0.50329
-0.0040754,0.0010467,8.1892e-05,0.34288,0.59132,0.52862,0.50333
-0.0041374,0.0010633,2.1047e-05,0.34279,0.59136,0.52857,0.5034
-0.0041642,0.0010448,-4.8659e-05,0.34269,0.59143,0.52857,0.50338
-0.0042056,0.0010369,-6.5205e-05,0.34264,0.59146,0.52861,0.50333
-0.0042325,0.0010097,-0.00012529,0.34256,0.59144,0.5287,0.50332
-0.0042229,0.000999,-0.00014317,0.34263,0.59146,0.52873,0.50322
-0.0042502,0.00096789,-0.00015516,0.3427,0.5914,0.52875,0.50321
-0.0042589,0.00093564,-0.00022235,0.34266,0.5914,0.52874,0.50325
-0.0042454,0.00089152,-0.00025504,0.34261,0.5914,0.52874,0.50329
-0.0042364,0.00084377,-0.00028942,0.34253,0.59146,0.52872,0.50329
-0.004283,0.00075693,-0.00041302,0.34242,0.59159,0.52859,0.50335
-0.0042824,0.00071415,-0.00043629,0.34237,0.59163,0.52855,0.50338
-0.0042808,0.00065059,-0.00052875,0.34229,0.5917,0.52844,0.50347
-0.0042971,0.0005685,-0.00062795,0.34221,0.59173,0.52836,0.50356
-0.0042961,0.00047894,-0.00073176,0.34212,0.59173,0.52836,0.50364
-0.0041984,0.00039771,-0.00081431,0.34203,0.59168,0.52839,0.50372
-0.0042092,0.00027912,-0.0008863,0.34194,0.59171,0.52843,0.50371
-0.0042166,0.00019791,-0.00098834,0.34179,0.59178,0.52843,0.50372
-0.0042257,0.00012199,-0.0011184,0.34162,0.59196,0.52837,0.5037
-0.0042356,9.3824e-05,-0.0012051,0.34146,0.59211,0.52828,0.5037
-0.0043021,5.9489e-05,-0.0013192,0.34128,0.59226,0.52817,0.50377
-0.0042972,2.6869e-05,-0.0014241,0.34106,0.59241,0.52806,0.50387
-0.0042684,-3.5829e-05,-0.0014718,0.34089,0.59246,0.52803,0.50396
-0.004228,-9.0832e-05,-0.0015611,0.34075,0.59245,0.52802,0.50407
-0.0041702,-0.00010278,-0.0015749,0.34071,0.59236,0.5281,0.50412
-0.0041063,-0.00014953,-0.0015741,0.34062,0.59222,0.52821,0.50422
-0.0040399,-0.00015823,-0.001569,0.34054,0.59213,0.52829,0.50431
-0.0040068,-0.00018208,-0.001497,0.34052,0.5921,0.52835,0.50429
-0.0040075,-0.00019811,-0.0015159,0.34053,0.59218,0.52825,0.5043
-0.003942,-0.00020701,-0.0015303,0.34057,0.59231,0.52813,0.50424
-0.0039048,-0.00024737,-0.0015198,0.34056,0.59236,0.52809,0.50424
-0.0039029,-0.0002649,-0.0014786,0.34056,0.59236,0.52809,0.50424
-0.0038873,-0.00020463,-0.0013414,0.34057,0.59231,0.52813,0.50424
-0.0038788,-0.00016851,-0.0012367,0.34048,0.59229,0.52821,0.50424
-0.0038479,-0.00010485,-0.0010457,0.34045,0.59222,0.52843,0.50412
-0.0039594,-5.7965e-05,-0.00088971,0.34047,0.59215,0.52865,0.50396
-0.0040219,9.4235e-06,-0.00064381,0.34054,0.5921,0.52892,0.50368
-0.0041143,9.379e-05,-0.0004145,0.34058,0.59209,0.52912,0.50345
-0.004245,0.00016602,-0.00019036,0.34051,0.59213,0.52928,0.50329
-0.0043491,0.00022451,1.5436e-05,0.34047,0.59218,0.52937,0.50315
-0.0044751,0.00031923,0.00020058,0.34051,0.5923,0.52934,0.50301
-0.0045376,0.00039806,0.00039309,0.34054,0.59235,0.52942,0.50286
-0.0046317,0.00045438,0.0005805,0.34061,0.59221,0.52963,0.50276
-0.0046683,0.00047726,0.00074717,0.34073,0.59198,0.52984,0.50272
-0.0046772,0.00052815,0.00092528,0.34093,0.59182,0.52993,0.50268
-0.0046329,0.00054292,0.0010437,0.34104,0.59165,0.5301,0.50263
-0.0046198,0.00061464,0.0011925,0.34117,0.59145,0.53025,0.50261
-0.0045808,0.00070115,0.0013163,0.34127,0.59114,0.53042,0.50273
-0.0045011,0.00077448,0.0014467,0.34135,0.59096,0.53048,0.50283
-0.0044005,0.00086697,0.0015699,0.3414,0.59081,0.53047,0.50299
-0.0042966,0.00096491,0.0016788,0.34141,0.59085,0.53031,0.50309
-0.0042227,0.0010535,0.0017707,0.34149,0.59089,0.53014,0.50318
-0.0041388,0.0011868,0.0019055,0.34158,0.5909,0.53006,0.50318
-0.0039754,0.0012587,0.0020716,0.34176,0.59092,0.52999,0.50311
-0.003856,0.0013666,0.0022469,0.34195,0.59093,0.53,0.50296
-0.0037699,0.0014673,0.0023926,0.34214,0.59098,0.52997,0.5028
-0.0036333,0.0015947,0.0026056,0.34224,0.59098,0.52998,0.50273
-0.0035049,0.0016947,0.0027377,0.34219,0.59094,0.53002,0.50277
-0.0033771,0.0018573,0.002925,0.34211,0.5908,0.53013,0.50287
-0.0032371,0.0020068,0.0031866,0.34196,0.59063,0.53031,0.50299
-0.0030891,0.0021847,0.0034311,0.34178,0.59053,0.53037,0.50315
-0.0029453,0.0023412,0.0036244,0.34167,0.59045,0.53047,0.50322
-0.0027839,0.0025082,0.0038656,0.34151,0.5904,0.53061,0.50323
-0.0026815,0.0026644,0.0041557,0.34144,0.59024,0.5309,0.50316
-0.0025237,0.0028757,0.0045356,0.34136,0.58992,0.53129,0.50318
-0.0023957,0.0030561,0.0049513,0.34124,0.58963,0.53173,0.50315
-0.0023036,0.0032848,0.005394,0.34113,0.58932,0.53214,0.50315
-0.0021591,0.0035142,0.0058296,0.34098,0.58906,0.5325,0.50318
-0.0020064,0.0037581,0.006383,0.34087,0.58875,0.53292,0.50317
-0.0018804,0.0040417,0.0069427,0.34082,0.58841,0.53337,0.50313
-0.0016898,0.0043179,0.0075495,0.34088,0.58809,0.53377,0.50303
-0.0015741,0.0046447,0.0081765,0.34099,0.58778,0.53417,0.5029
-0.0014144,0.0049731,0.0088575,0.34122,0.58736,0.53464,0.50273
-0.0012192,0.0053065,0.00956,0.34141,0.5869,0.53514,0.50261
-0.0010912,0.0056807,0.010262,0.34162,0.58647,0.53558,0.5025
-0.0008492,0.0060207,0.010944,0.34187,0.58605,0.53594,0.50244
-0.00064599,0.0063553,0.011672,0.34203,0.58566,0.53633,0.50236
-0.00045352,0.0067107,0.012366,0.34223,0.58524,0.53669,0.50233
-0.00022125,0.0070531,0.013052,0.34243,0.58487,0.537,0.5023
3.6838e-05,0.0073913,0.013701,0.34255,0.58456,0.53729,0.50227
0.00021938,0.0077599,0.014306,0.34271,0.5843,0.53745,0.50229
0.00047033,0.0081113,0.014938,0.34278,0.58403,0.53769,0.50229
0.00075157,0.0084436,0.015579,0.34286,0.58362,0.53806,0.50232
0.00098069,0.0087574,0.016241,0.34306,0.58325,0.53837,0.50228
0.0012253,0.0090665,0.016879,0.34338,0.5829,0.53871,0.50211
0.0013125,0.0091622,0.017395,0.3437,0.58246,0.53905,0.50203
0.0016233,0.009478,0.018038,0.34399,0.58206,0.53932,0.50201
0.0021407,0.010004,0.018892,0.34414,0.58164,0.53966,0.50202
0.0023938,0.01031,0.019536,0.34415,0.58121,0.54,0.50215
0.0027034,0.010637,0.020195,0.34415,0.5808,0.54024,0.50236
0.0027073,0.010718,0.020704,0.34407,0.58036,0.54066,0.50247
0.0028783,0.011075,0.021385,0.34402,0.57985,0.5411,0.50263
0.003297,0.011701,0.022205,0.34402,0.57985,0.5411,0.50263
0.0035034,0.012087,0.022927,0.34402,0.57938,0.54158,0.50265
0.0034242,0.012169,0.023474,0.34408,0.57871,0.54232,0.50258
0.0035718,0.012549,0.024195,0.34416,0.57847,0.54261,0.50249
0.0036992,0.01289,0.02481,0.34416,0.57847,0.54261,0.50249
0.0038442,0.01324,0.025506,0.34425,0.5783,0.5428,0.50242
0.0039647,0.013614,0.026189,0.3444,0.57822,0.54289,0.50232
0.0041693,0.013926,0.026947,0.34451,0.578,0.5431,0.50227
0.0042807,0.014264,0.027705,0.34455,0.57751,0.54345,0.50243
0.0045309,0.014625,0.028541,0.3446,0.57676,0.54395,0.50271
0.0047073,0.014989,0.029317,0.34456,0.57599,0.54454,0.50298
0.0049082,0.015356,0.030121,0.34455,0.57541,0.54496,0.50319
0.0050432,0.015747,0.030848,0.34458,0.57505,0.54528,0.50324
0.0052392,0.016145,0.031627,0.3447,0.57478,0.54553,0.5032
0.0054387,0.016525,0.03235,0.34484,0.57449,0.54575,0.50319
0.0056125,0.0169,0.033077,0.345,0.57422,0.546,0.50311
0.0058388,0.017289,0.033836,0.34522,0.57383,0.54629,0.50311
0.0060839,0.017652,0.034648,0.34535,0.57334,0.54664,0.50318
0.0062858,0.017991,0.035521,0.34549,0.57267,0.54716,0.50329
0.0064693,0.018334,0.03639,0.34564,0.57196,0.54772,0.5034
0.0066371,0.018717,0.037318,0.34574,0.57127,0.54831,0.50346
0.0067472,0.019076,0.038234,0.34596,0.57064,0.54891,0.50337
0.0068241,0.019503,0.039219,0.34617,0.57016,0.54938,0.50326
0.006908,0.019919,0.040115,0.34629,0.56983,0.54975,0.50314
0.0069773,0.020378,0.040988,0.34644,0.56977,0.54989,0.50295
0.0069953,0.020819,0.041873,0.34657,0.56977,0.55001,0.50273
0.007005,0.02124,0.042781,0.34667,0.56979,0.55016,0.50248
0.0069957,0.021687,0.043709,0.34678,0.56945,0.55064,0.50226
0.0070721,0.022136,0.044773,0.34693,0.56887,0.5513,0.50209
0.0070968,0.022599,0.045824,0.34721,0.56822,0.55207,0.50179
0.0071055,0.023084,0.046856,0.34753,0.56771,0.55261,0.50155
0.0070864,0.023515,0.047868,0.34799,0.56734,0.55305,0.50117
0.0070843,0.023967,0.048845,0.34842,0.56704,0.55337,0.50084
0.0071328,0.024437,0.04983,0.34891,0.56679,0.55356,0.50058
0.0071971,0.02494,0.050858,0.34934,0.56651,0.5538,0.50034
0.0072269,0.025393,0.051927,0.34969,0.56627,0.55411,0.50002
0.0071848,0.025871,0.052926,0.35,0.56599,0.55445,0.49974
0.0071751,0.026329,0.054004,0.35018,0.56559,0.55495,0.49951
0.0071424,0.026788,0.055016,0.35034,0.56509,0.55551,0.49935
0.0070802,0.027272,0.05608,0.35039,0.56458,0.55616,0.49916
0.0071006,0.027765,0.057133,0.35054,0.56399,0.55682,0.49899
0.0070875,0.028217,0.058177,0.3508,0.56349,0.55738,0.49875
0.0070923,0.0287,0.059186,0.35106,0.5632,0.55772,0.49851
0.0071095,0.029146,0.060197,0.35136,0.56296,0.55802,0.49823
0.0071529,0.029518,0.061171,0.35166,0.56281,0.55824,0.49793
0.0071674,0.029942,0.062217,0.35188,0.56256,0.55863,0.49764
0.0071983,0.030331,0.063279,0.35202,0.56206,0.5592,0.49745
0.0072143,0.030687,0.064304,0.35201,0.56138,0.56003,0.4973
0.0072145,0.031063,0.06537,0.35205,0.56057,0.5609,0.49721
0.0071624,0.031432,0.06636,0.35209,0.5599,0.56164,0.4971
0.0072035,0.031784,0.067312,0.35224,0.55944,0.56215,0.49692
0.0072321,0.032121,0.068175,0.35243,0.55926,0.56243,0.49669
0.0072656,0.032467,0.06897,0.35265,0.55917,0.56264,0.49639
0.0073385,0.032781,0.069762,0.353,0.55924,0.56264,0.49605
0.007412,0.033121,0.070531,0.35334,0.55923,0.56275,0.4957
0.0075209,0.033474,0.071388,0.35375,0.55921,0.56284,0.49533
0.0076051,0.033804,0.072247,0.35416,0.55897,0.56304,0.49508
0.007708,0.034153,0.073161,0.35447,0.55856,0.56341,0.4949
0.0078334,0.034494,0.074025,0.3547,0.5579,0.56383,0.495
0.0079549,0.034868,0.074918,0.35481,0.55713,0.56431,0.49525
0.0081324,0.035224,0.075789,0.35482,0.55645,0.56469,0.49557
0.0082605,0.035555,0.076631,0.35487,0.55599,0.56497,0.49573
0.0083914,0.035904,0.07742,0.35496,0.55569,0.56519,0.49576
0.0085644,0.036236,0.078225,0.35512,0.55546,0.56539,0.49567
0.0087042,0.036619,0.079051,0.35552,0.55536,0.56547,0.4954
0.0088955,0.036894,0.079882,0.35603,0.55522,0.5656,0.49505
0.0090743,0.037216,0.080775,0.35647,0.5549,0.5659,0.49475
0.009336,0.037508,0.081711,0.35677,0.55424,0.56643,0.49466
0.0095594,0.037802,0.082592,0.35701,0.55334,0.56705,0.49478
0.0097961,0.038106,0.083448,0.35728,0.55268,0.56748,0.49484
0.010042,0.038393,0.084267,0.35759,0.55213,0.56774,0.49493
0.010347,0.038702,0.085094,0.35794,0.55163,0.56796,0.49498
0.01063,0.039028,0.085882,0.35822,0.55114,0.56821,0.49504
0.010933,0.039329,0.086762,0.35863,0.55049,0.56855,0.49507
0.01128,0.039645,0.087656,0.35904,0.54969,0.5691,0.49502
0.011606,0.039945,0.088602,0.35933,0.54878,0.56981,0.49502
0.011922,0.040237,0.089544,0.35956,0.54778,0.5706,0.49504
0.012207,0.040486,0.090488,0.35982,0.54676,0.57136,0.49511
0.012498,0.040765,0.091383,0.36013,0.54589,0.57191,0.49521
0.012798,0.040991,0.092208,0.36047,0.54516,0.57235,0.49526
0.013108,0.041229,0.093057,0.36084,0.54459,0.57259,0.49533
0.013396,0.04148,0.093816,0.36127,0.54418,0.57274,0.49529
0.013731,0.041755,0.094591,0.36178,0.54381,0.57284,0.49523
0.014012,0.042011,0.095384,0.36215,0.54339,0.57309,0.49511
0.014232,0.04227,0.096262,0.36246,0.5428,0.57353,0.49503
0.014497,0.042525,0.097183,0.36269,0.54205,0.57415,0.49495
0.014716,0.042766,0.098072,0.3629,0.54129,0.57475,0.49494
0.014906,0.042996,0.098875,0.36315,0.54066,0.57524,0.49488
0.01505,0.043192,0.099744,0.36341,0.5401,0.57572,0.49474
0.015213,0.043421,0.10055,0.36374,0.53962,0.5761,0.49458
0.015418,0.043683,0.10134,0.36402,0.5392,0.57635,0.49455
0.015581,0.043906,0.10211,0.36425,0.53881,0.57664,0.49446
0.015753,0.044111,0.10288,0.36439,0.53838,0.57697,0.49444
0.015894,0.044316,0.10368,0.36463,0.53789,0.57734,0.49437
0.016068,0.044517,0.10454,0.3649,0.53727,0.57794,0.49415
0.016158,0.044704,0.10538,0.3651,0.53661,0.57859,0.49395
0.016283,0.044904,0.10617,0.36525,0.53601,0.57912,0.49387
0.016443,0.045071,0.10699,0.36547,0.53549,0.57955,0.49376
0.016611,0.045253,0.10779,0.36566,0.535,0.57992,0.49372
0.016831,0.045489,0.10861,0.36594,0.53457,0.58025,0.49359
0.016977,0.045663,0.10941,0.36624,0.53419,0.58057,0.4934
0.017141,0.045859,0.11017,0.36663,0.53392,0.58082,0.49311
0.017333,0.046035,0.11105,0.36704,0.53358,0.58109,0.49286
0.017497,0.046231,0.1119,0.36742,0.53309,0.58147,0.49266
0.017654,0.046441,0.11275,0.36766,0.53237,0.58203,0.49259
0.017784,0.046654,0.11361,0.36796,0.5316,0.58263,0.4925
0.017901,0.046841,0.11447,0.36824,0.53105,0.58312,0.49229
0.017955,0.047031,0.11526,0.36858,0.53054,0.58358,0.49205
0.01802,0.047218,0.11599,0.36895,0.53023,0.58389,0.49174
0.018112,0.047386,0.11665,0.36919,0.53003,0.58414,0.49148
0.018189,0.047519,0.11728,0.36942,0.52984,0.58441,0.49119
0.018277,0.047707,0.11783,0.36948,0.52963,0.58465,0.49108
0.018357,0.047842,0.11838,0.36959,0.52938,0.58493,0.49094
0.018391,0.047927,0.11892,0.36956,0.52902,0.58528,0.49092
0.018427,0.048031,0.1194,0.36956,0.52864,0.58569,0.49085
0.018438,0.04812,0.11988,0.36954,0.52827,0.58612,0.49074
0.0185,0.048209,0.12034,0.36962,0.52803,0.58643,0.49057
0.018462,0.048263,0.12076,0.36973,0.52785,0.58672,0.49034
0.018515,0.048373,0.12105,0.36972,0.52774,0.58699,0.49015
0.018511,0.048432,0.12127,0.36968,0.52765,0.58719,0.49002
0.018632,0.048468,0.12147,0.36958,0.52748,0.58736,0.49009
0.018672,0.048525,0.12152,0.36944,0.52743,0.58739,0.49021
0.018681,0.048569,0.12155,0.36937,0.52741,0.58736,0.49031
0.018703,0.048572,0.12157,0.36937,0.52738,0.58732,0.4904
0.018692,0.048582,0.12159,0.36941,0.52743,0.58728,0.49036
0.018644,0.048565,0.12152,0.36941,0.52743,0.58728,0.49036
0.018626,0.048529,0.12153,0.36946,0.52746,0.58733,0.49023
0.018542,0.048488,0.12147,0.36946,0.52757,0.58739,0.49005
0.018484,0.048481,0.12148,0.36949,0.52761,0.58746,0.48989
0.018382,0.048484,0.12152,0.36954,0.52762,0.58759,0.48968
0.01819,0.048494,0.12149,0.36966,0.52767,0.58767,0.48944
0.018088,0.048479,0.12149,0.36962,0.52768,0.5878,0.48931
0.017975,0.048466,0.12151,0.36955,0.52773,0.58787,0.48923
0.017863,0.048507,0.12151,0.36946,0.52766,0.58799,0.48923
0.017727,0.048508,0.1215,0.36933,0.52752,0.58809,0.48936
0.017679,0.048561,0.1215,0.36924,0.52737,0.5882,0.48945
0.017662,0.048536,0.12148,0.36924,0.52737,0.5882,0.48945
0.017602,0.048558,0.12151,0.36933,0.52742,0.58817,0.48936
0.017558,0.048589,0.12152,0.36951,0.52756,0.58807,0.4892
0.017465,0.048587,0.12149,0.36972,0.52777,0.58795,0.48896
0.017346,0.048556,0.12136,0.36992,0.52796,0.58792,0.48863
0.017248,0.048551,0.12132,0.37002,0.52804,0.58793,0.48846
0.017184,0.048517,0.12127,0.37007,0.52798,0.58806,0.48834
0.017044,0.048504,0.12128,0.36998,0.52796,0.58814,0.48833
0.016975,0.048429,0.12125,0.3698,0.52789,0.58825,0.48841
0.01683,0.048404,0.12118,0.36966,0.52796,0.58825,0.48843
0.016696,0.048327,0.12115,0.36961,0.52814,0.58819,0.48837
0.016563,0.048274,0.121,0.36957,0.52842,0.58807,0.48823
0.016477,0.048231,0.12092,0.36965,0.52871,0.58785,0.48812
0.016401,0.048188,0.12078,0.36974,0.52895,0.58766,0.48802
0.016331,0.048131,0.12063,0.36983,0.52904,0.58759,0.48794
0.016308,0.04806,0.12053,0.36974,0.52895,0.58766,0.48802
0.016236,0.047955,0.12037,0.36969,0.52885,0.58773,0.48807
0.016203,0.047865,0.12018,0.36951,0.52885,0.58772,0.48823
0.016159,0.047781,0.12,0.36936,0.52894,0.58764,0.48833
0.016064,0.047694,0.11983,0.36922,0.52911,0.58757,0.48835
0.015982,0.04759,0.11961,0.36907,0.52928,0.58749,0.48836
0.015867,0.047486,0.11937,0.36895,0.52952,0.58741,0.4883
0.015815,0.047406,0.11915,0.36884,0.52971,0.58725,0.48837
0.015743,0.047288,0.1189,0.36879,0.5298,0.58717,0.4884
0.015741,0.04716,0.11868,0.36877,0.52983,0.58711,0.48846
0.015792,0.04705,0.11849,0.36886,0.5298,0.58707,0.48847
0.015836,0.046946,0.1183,0.36895,0.52975,0.58698,0.48857
0.015904,0.046852,0.11817,0.36906,0.52975,0.58687,0.48861
0.015972,0.046764,0.11802,0.36922,0.5298,0.58674,0.48859
0.015971,0.04668,0.11779,0.36931,0.52987,0.58662,0.4886
0.016002,0.046589,0.1176,0.36941,0.53005,0.58645,0.48853
0.015988,0.046497,0.11738,0.3694,0.53024,0.5863,0.48851
0.015938,0.046355,0.11708,0.36939,0.53047,0.58611,0.48849
0.01592,0.046259,0.11681,0.36934,0.53066,0.58595,0.48851
0.015918,0.046168,0.11657,0.36928,0.53081,0.58584,0.48854
0.015875,0.046064,0.11629,0.36921,0.53087,0.58582,0.48854
0.015823,0.045999,0.11601,0.36918,0.531,0.58568,0.4886
0.015775,0.045892,0.11567,0.36922,0.53111,0.58552,0.48864
0.015807,0.045795,0.11536,0.36925,0.53132,0.58529,0.48866
0.015826,0.045674,0.11503,0.36924,0.53143,0.58513,0.48874
0.015857,0.045542,0.11474,0.36921,0.53156,0.58498,0.4888
0.015813,0.045425,0.11441,0.36914,0.53172,0.58489,0.48879
0.015794,0.045281,0.11407,0.36907,0.53205,0.58462,0.4888
0.01575,0.045139,0.11372,0.36901,0.53243,0.58432,0.4888
0.015665,0.044982,0.11334,0.36899,0.53271,0.58409,0.48878
0.015568,0.044876,0.11299,0.36901,0.53292,0.58396,0.48869
0.015516,0.044761,0.11264,0.36905,0.53311,0.58381,0.48863
0.015459,0.044641,0.11228,0.36908,0.5333,0.58366,0.48858
0.015365,0.04453,0.11188,0.36912,0.53349,0.58351,0.48852
0.015223,0.044398,0.11145,0.36923,0.53374,0.58335,0.48835
0.015184,0.044276,0.11101,0.36942,0.53401,0.58311,0.4882
0.015105,0.044106,0.11052,0.36959,0.53432,0.58281,0.4881
0.015063,0.043973,0.11001,0.36961,0.53476,0.58238,0.48811
0.014965,0.043809,0.10938,0.36942,0.53527,0.58193,0.48823
0.014855,0.043618,0.10876,0.36914,0.53563,0.58159,0.48846
0.014789,0.043433,0.10819,0.36885,0.53596,0.5813,0.48866
0.014636,0.043223,0.10762,0.36867,0.5363,0.58105,0.48872
0.014438,0.042998,0.10701,0.3686,0.53671,0.58079,0.48863
0.014173,0.042768,0.10641,0.36866,0.53716,0.58061,0.48831
0.013931,0.042544,0.10579,0.36866,0.53769,0.58043,0.48793
0.01369,0.042299,0.10514,0.36879,0.53824,0.58029,0.4874
0.013455,0.042092,0.10451,0.3689,0.5387,0.58024,0.48687
0.013202,0.041841,0.10384,0.36897,0.53914,0.58003,0.48657
0.013011,0.041622,0.1031,0.3689,0.53961,0.57965,0.48656
0.01283,0.04137,0.10227,0.36861,0.54016,0.57915,0.48676
0.012639,0.041111,0.10137,0.3682,0.54069,0.57862,0.48711
0.012481,0.040817,0.10049,0.36783,0.54107,0.57818,0.4875
0.012352,0.040501,0.099628,0.3675,0.54143,0.57784,0.48775
0.012185,0.040163,0.098751,0.36727,0.54182,0.57754,0.48785
0.011994,0.039817,0.097877,0.36722,0.5423,0.57718,0.48777
0.011845,0.039511,0.096999,0.36724,0.5428,0.57685,0.48759
0.011671,0.039199,0.096213,0.36727,0.54327,0.57668,0.48724
0.011481,0.038906,0.095429,0.36724,0.54366,0.57662,0.48691
0.011312,0.038576,0.094597,0.36724,0.54412,0.57634,0.48671
0.011129,0.038282,0.093706,0.36708,0.54482,0.57574,0.48678
0.011012,0.03798,0.09277,0.36678,0.54552,0.57503,0.48705
0.010817,0.037702,0.091808,0.36642,0.54602,0.57446,0.48744
0.010689,0.037412,0.090905,0.36609,0.54634,0.57406,0.48779
0.010524,0.037152,0.090037,0.36588,0.54661,0.57369,0.48809
0.010377,0.036867,0.089165,0.36576,0.54696,0.57333,0.48822
0.010197,0.036597,0.088295,0.36578,0.54733,0.57302,0.48814
0.0099944,0.036328,0.087411,0.3659,0.54768,0.57267,0.48807
0.0098304,0.036067,0.086617,0.36605,0.54798,0.57247,0.48786
0.0097311,0.035785,0.085834,0.36625,0.54816,0.57231,0.4877
0.0095518,0.035471,0.085019,0.36623,0.54847,0.57212,0.48758
0.0093574,0.035152,0.084141,0.366,0.54893,0.57183,0.48757
0.0091243,0.034858,0.083184,0.36577,0.54951,0.57127,0.48775
0.0089278,0.034551,0.082204,0.36555,0.55005,0.57066,0.48802
0.0087496,0.03414,0.081213,0.36532,0.55063,0.5701,0.4882
0.0085797,0.033767,0.080239,0.36509,0.55116,0.56958,0.48838
0.0083543,0.033451,0.079358,0.36509,0.55116,0.56958,0.48838
0.0081371,0.033125,0.078367,0.36496,0.55169,0.56906,0.48849
0.0079368,0.032761,0.07729,0.36475,0.55254,0.56837,0.48848
0.0080863,0.032746,0.076656,0.36478,0.55277,0.56818,0.48841
0.0079374,0.032447,0.075741,0.36478,0.55282,0.56814,0.48841
0.0074773,0.031852,0.074573,0.36478,0.55282,0.56814,0.48841
0.0072561,0.031495,0.073352,0.36435,0.55381,0.56711,0.4888
0.0071231,0.031139,0.072209,0.36406,0.55456,0.56625,0.48916
0.0073378,0.0311,0.07129,0.36367,0.55526,0.56543,0.48961
0.007166,0.030729,0.070048,0.36331,0.55597,0.56463,0.49
0.00679,0.029996,0.068619,0.36298,0.55664,0.56398,0.49023
0.0066431,0.029601,0.067427,0.36265,0.55728,0.56341,0.49039
0.0064675,0.029269,0.066287,0.36243,0.55786,0.56298,0.49039
0.0062988,0.028928,0.065156,0.36212,0.55851,0.56264,0.49028
0.0061274,0.028602,0.064009,0.36188,0.55909,0.56232,0.49017
0.006262,0.028545,0.06312,0.3617,0.55959,0.56196,0.49013
0.0060992,0.028251,0.061976,0.36141,0.56015,0.5615,0.49024
0.0059951,0.027916,0.060955,0.36141,0.56015,0.5615,0.49024
0.0059237,0.027576,0.059842,0.36112,0.56081,0.56085,0.49043
0.0058328,0.027199,0.05866,0.36079,0.56144,0.56015,0.49076
0.0057263,0.026835,0.057514,0.36037,0.56193,0.55956,0.49118
0.0056127,0.026491,0.056419,0.35994,0.56229,0.55911,0.49159
0.005451,0.026152,0.055332,0.35951,0.5626,0.55879,0.49192
0.0052891,0.025834,0.054287,0.35926,0.56298,0.5586,0.4919
0.0049962,0.025522,0.053298,0.35921,0.56353,0.55846,0.49145
0.0046266,0.025174,0.052315,0.35938,0.56427,0.55828,0.49069
0.0042715,0.02487,0.051461,0.3597,0.5651,0.55815,0.48964
0.0038616,0.024546,0.050564,0.36006,0.56604,0.55785,0.48863
0.0035112,0.024219,0.049661,0.36029,0.56703,0.5574,0.48784
0.0031717,0.023915,0.048725,0.36029,0.56793,0.55692,0.48733
0.0028986,0.023672,0.047712,0.36018,0.56876,0.5562,0.48726
0.0026673,0.023406,0.046659,0.35988,0.56952,0.55538,0.48753
0.0024581,0.023204,0.045539,0.35936,0.5702,0.55452,0.4881
0.0023084,0.022953,0.044422,0.35884,0.57079,0.55375,0.48867
0.0021836,0.022744,0.043294,0.35831,0.57129,0.55307,0.48924
0.0021112,0.022481,0.04227,0.35785,0.57165,0.5525,0.4898
0.0020339,0.022228,0.04127,0.35739,0.572,0.55202,0.49027
0.0019942,0.021977,0.040295,0.3569,0.5724,0.55152,0.49071
0.0019875,0.021724,0.039341,0.35644,0.57274,0.55104,0.49118
0.0019677,0.021472,0.03839,0.35596,0.57308,0.55054,0.49171
0.0019116,0.021182,0.037421,0.35542,0.5734,0.55003,0.49229
0.0019183,0.020955,0.036519,0.35505,0.57378,0.54938,0.49285
0.0018798,0.020673,0.035631,0.35472,0.57419,0.54878,0.49328
0.0018463,0.020404,0.034781,0.35451,0.57449,0.54824,0.49367
0.0018124,0.020118,0.033973,0.35427,0.57473,0.54783,0.49402
0.001745,0.019874,0.033191,0.35408,0.57495,0.54751,0.49426
0.0017286,0.019608,0.032428,0.35389,0.57509,0.54727,0.4945
0.0016657,0.019393,0.031695,0.35372,0.57521,0.54711,0.49466
0.001604,0.01914,0.030988,0.35363,0.57542,0.54689,0.49473
0.0015415,0.018912,0.030285,0.35356,0.5756,0.54672,0.49474
0.0014311,0.018663,0.029608,0.35361,0.57565,0.54669,0.4947
0.0013654,0.018436,0.028932,0.35365,0.57571,0.54656,0.49474
0.0012975,0.018172,0.028185,0.35359,0.57611,0.54618,0.49474
0.001184,0.017914,0.027404,0.35347,0.57668,0.54563,0.49476
0.0011073,0.017617,0.026598,0.35334,0.5771,0.54526,0.49477
0.0011046,0.01735,0.025834,0.35332,0.57737,0.54502,0.49473
0.0011087,0.017055,0.025143,0.35335,0.57754,0.54495,0.49459
0.00112,0.016782,0.024417,0.35333,0.57767,0.54495,0.49446
0.0011098,0.016522,0.023735,0.35343,0.57776,0.54485,0.49439
0.0011071,0.016248,0.022988,0.35354,0.5778,0.5447,0.49442
0.00107,0.016003,0.022275,0.35362,0.57788,0.54449,0.4945
0.0010514,0.015705,0.021532,0.35354,0.57814,0.54412,0.49467
0.0010244,0.015388,0.020775,0.35342,0.57837,0.54368,0.49497
0.00096213,0.015006,0.019997,0.3532,0.57853,0.54338,0.49527
0.00091162,0.014606,0.019183,0.353,0.57865,0.54311,0.49558
0.00085303,0.014214,0.018406,0.35288,0.5788,0.54289,0.49572
0.00071895,0.013848,0.017627,0.35293,0.57901,0.54267,0.49567
0.00057507,0.013491,0.016839,0.35315,0.57932,0.5425,0.49535
0.0004491,0.013116,0.016053,0.35355,0.57964,0.54233,0.49487
0.00032214,0.012795,0.015313,0.35389,0.58001,0.54215,0.4944
0.00017532,0.01239,0.014474,0.35395,0.58045,0.54184,0.49417
2.9011e-05,0.012027,0.01355,0.35378,0.58095,0.54128,0.49432
-2.7365e-05,0.011599,0.012564,0.35342,0.58138,0.54061,0.49481
-7.299e-05,0.011184,0.01152,0.35282,0.58177,0.53996,0.49548
-0.00013156,0.010711,0.010473,0.35218,0.58214,0.53931,0.49621
-0.00019392,0.010268,0.009344,0.35159,0.58256,0.53871,0.49679
-0.00024787,0.0098125,0.0082663,0.35116,0.58298,0.53815,0.4972
-0.00027722,0.0093897,0.0072404,0.35091,0.58334,0.5377,0.49745
-0.00032737,0.0089438,0.0061836,0.35064,0.58371,0.53727,0.49767
-0.00035585,0.0084804,0.0051233,0.35037,0.58413,0.53669,0.49799
-0.00035141,0.0080375,0.0039916,0.3501,0.58457,0.53603,0.49839
-0.00036815,0.0075839,0.0028324,0.34972,0.58513,0.53523,0.49884
-0.00036493,0.0071017,0.001615,0.34918,0.5857,0.53445,0.49939
-0.00031879,0.006633,0.00038504,0.3485,0.58615,0.53368,0.50015
-0.00032703,0.0061866,-0.0008928,0.34776,0.58657,0.53298,0.50093
-0.00023115,0.0056852,-0.0021484,0.34699,0.58695,0.53234,0.50169
-0.00020539,0.0052288,-0.0034517,0.34624,0.58725,0.53178,0.50247
-0.00013027,0.0047723,-0.0046871,0.34557,0.58762,0.53123,0.50307
-5.5528e-05,0.0042817,-0.0058703,0.34505,0.58798,0.53078,0.50347
-6.5915e-05,0.0038283,-0.0070384,0.34466,0.58839,0.53041,0.50365
-8.7967e-05,0.0033746,-0.0081497,0.34436,0.58885,0.53001,0.50374
-0.00016588,0.0029514,-0.0092752,0.34395,0.58939,0.52952,0.5039
-0.00016761,0.0025027,-0.010408,0.3434,0.5899,0.52898,0.50425
-0.00018139,0.0020534,-0.011538,0.34273,0.5904,0.52839,0.50475
-0.0002114,0.001611,-0.012644,0.34209,0.59074,0.52791,0.50529
-0.00014163,0.001149,-0.013714,0.34153,0.59109,0.52745,0.50573
-0.00014117,0.00068586,-0.014817,0.34103,0.59147,0.52703,0.50607
-0.0001677,0.00027372,-0.015912,0.34064,0.59187,0.52666,0.50624
-0.00022857,-0.000139,-0.016956,0.34034,0.59215,0.52653,0.50625
-0.00033628,-0.00054576,-0.017937,0.34026,0.5924,0.52658,0.50597
-0.00050512,-0.00096931,-0.018911,0.34029,0.59262,0.52672,0.50554
-0.0006992,-0.0013185,-0.019857,0.3404,0.59296,0.52669,0.5051
-0.00092618,-0.0017429,-0.020911,0.34039,0.59343,0.52654,0.5047
-0.001114,-0.002127,-0.021908,0.34024,0.59395,0.52624,0.5045
-0.001255,-0.0024557,-0.022889,0.33992,0.59458,0.52577,0.50448
-0.0013571,-0.0027966,-0.024008,0.33957,0.59507,0.52532,0.5046
-0.0013988,-0.0031348,-0.025087,0.33927,0.59548,0.52496,0.50469
-0.0014285,-0.0034332,-0.02618,0.33914,0.59576,0.5247,0.50472
-0.0014376,-0.0037506,-0.02724,0.33922,0.59601,0.52455,0.50452
-0.0014975,-0.0040058,-0.028203,0.33952,0.5962,0.52453,0.50412
-0.0015758,-0.0041841,-0.029116,0.33984,0.59619,0.52462,0.50383
-0.001644,-0.0044382,-0.030055,0.34004,0.59602,0.52471,0.5038
-0.0017506,-0.0047442,-0.031039,0.34002,0.59602,0.52448,0.50405
-0.0019709,-0.005082,-0.032064,0.33977,0.59622,0.524,0.50447
-0.00207,-0.0054811,-0.033116,0.33947,0.59666,0.52335,0.50484
-0.0022881,-0.0059096,-0.034163,0.33922,0.59706,0.52274,0.50517
-0.0025262,-0.0062985,-0.035152,0.33904,0.59737,0.52235,0.50532
-0.002739,-0.0066593,-0.036022,0.33904,0.59769,0.52218,0.50512
-0.0030546,-0.006942,-0.036832,0.33914,0.59791,0.5223,0.50467
-0.0034705,-0.0071937,-0.037569,0.33923,0.59814,0.52267,0.50395
-0.0040044,-0.0072586,-0.037656,0.33936,0.59826,0.52319,0.50318
-0.0045088,-0.0075154,-0.038405,0.33953,0.59842,0.52367,0.50237
-0.0049663,-0.0079461,-0.039848,0.33962,0.59887,0.52382,0.50163
-0.0054514,-0.0081988,-0.040647,0.33961,0.59965,0.5236,0.50093
-0.0059582,-0.0084364,-0.041496,0.3393,0.60046,0.52333,0.50045
-0.0064947,-0.0085324,-0.041788,0.33884,0.60116,0.52318,0.50008
-0.0068927,-0.0087408,-0.042658,0.33821,0.6016,0.52332,0.49982
-0.0070187,-0.0091219,-0.044145,0.33744,0.60206,0.52369,0.4994
-0.0073377,-0.009304,-0.045086,0.33678,0.60275,0.52398,0.49871
-0.0078405,-0.0093524,-0.046083,0.33628,0.6036,0.52442,0.49757
-0.0086586,-0.0092043,-0.046242,0.33616,0.60435,0.52482,0.49631
-0.009096,-0.0092696,-0.047183,0.33624,0.6048,0.52521,0.49529
-0.0089459,-0.0097038,-0.048832,0.33651,0.60502,0.52545,0.49458
-0.009107,-0.009982,-0.049676,0.33691,0.60521,0.52543,0.4941
-0.0092703,-0.010263,-0.050505,0.33738,0.60541,0.52519,0.49379
-0.0096841,-0.010362,-0.05069,0.33797,0.60544,0.52492,0.49363
-0.0098309,-0.010604,-0.051429,0.33873,0.60527,0.52477,0.49348
-0.0095884,-0.011038,-0.052647,0.33971,0.60503,0.52475,0.49313
-0.0097717,-0.011275,-0.053311,0.34087,0.60486,0.52475,0.49252
-0.0099815,-0.011532,-0.053948,0.34233,0.60466,0.5249,0.49161
-0.010409,-0.011548,-0.053802,0.34383,0.60451,0.52525,0.49037
-0.010449,-0.011733,-0.054263,0.34524,0.60417,0.52576,0.48924
-0.010306,-0.012116,-0.055361,0.34649,0.60378,0.52619,0.48838
-0.010424,-0.012328,-0.055961,0.34721,0.60344,0.52645,0.48801
-0.010479,-0.012511,-0.056612,0.34743,0.60319,0.52651,0.48809
-0.01073,-0.012549,-0.056826,0.34722,0.60307,0.52642,0.4885
-0.010855,-0.012809,-0.057671,0.34668,0.60318,0.52612,0.48907
-0.010765,-0.013266,-0.0591,0.34604,0.60328,0.52582,0.48972
-0.010742,-0.013567,-0.059948,0.34553,0.60331,0.52563,0.49024
-0.010744,-0.013925,-0.060804,0.34532,0.60324,0.52564,0.49047
-0.010996,-0.013976,-0.060897,0.34548,0.60304,0.52576,0.49047
-0.010971,-0.014308,-0.061658,0.34594,0.60272,0.52583,0.49046
-0.010535,-0.014874,-0.063167,0.34642,0.60249,0.5257,0.49055
-0.010657,-0.014958,-0.063326,0.34665,0.60244,0.52529,0.4909
-0.010021,-0.015581,-0.065004,0.34658,0.60245,0.52463,0.49163
-0.010123,-0.015683,-0.065327,0.34628,0.60265,0.52382,0.49246
-0.009833,-0.016016,-0.066393,0.34576,0.60287,0.52293,0.4935
-0.0090962,-0.016668,-0.068243,0.34515,0.60304,0.52207,0.49462
-0.0092099,-0.016812,-0.068642,0.3445,0.60308,0.52133,0.49581
-0.0083239,-0.017537,-0.070549,0.34404,0.60308,0.52075,0.49674
-0.0084787,-0.017685,-0.070798,0.34394,0.60301,0.52031,0.49736
-0.0081042,-0.018216,-0.071815,0.34426,0.60293,0.51985,0.49772
-0.0077313,-0.018703,-0.0728,0.34475,0.60275,0.51937,0.49809
-0.0068713,-0.019605,-0.074632,0.34512,0.60261,0.51881,0.49858
-0.0068977,-0.019835,-0.074861,0.3451,0.60257,0.5182,0.49928
-0.006535,-0.020366,-0.075985,0.34478,0.60283,0.51725,0.50018
-0.0061592,-0.020911,-0.077121,0.34422,0.60319,0.51625,0.50116
-0.0058055,-0.021453,-0.078271,0.34358,0.60345,0.51541,0.50216
-0.0054593,-0.021947,-0.079339,0.34318,0.6035,0.51482,0.50297
-0.0051286,-0.022474,-0.080368,0.34298,0.60346,0.51441,0.50357
-0.0048167,-0.02293,-0.08135,0.34303,0.6033,0.51406,0.50408
-0.0044972,-0.023432,-0.082351,0.3432,0.60306,0.51368,0.50464
-0.0041574,-0.023893,-0.083292,0.34334,0.60288,0.51329,0.50517
-0.0038419,-0.0244,-0.084215,0.34335,0.60287,0.51283,0.50563
-0.0035891,-0.024926,-0.085094,0.34319,0.60317,0.51207,0.50615
-0.0033687,-0.025407,-0.085909,0.34284,0.60361,0.51121,0.50673
-0.0031016,-0.025856,-0.086649,0.34241,0.60401,0.51037,0.5074
-0.0029355,-0.02628,-0.087267,0.34192,0.60418,0.50996,0.50793
-0.0027927,-0.026642,-0.087772,0.3415,0.60424,0.50983,0.50828
-0.0027798,-0.026973,-0.088197,0.34132,0.60419,0.50985,0.50844
-0.0027471,-0.027239,-0.088567,0.34138,0.60413,0.50999,0.50833
-0.0027819,-0.027482,-0.088878,0.34177,0.60404,0.51019,0.50796
-0.0028049,-0.027709,-0.089168,0.34241,0.60387,0.51061,0.50732
-0.0028649,-0.027906,-0.089355,0.34314,0.60375,0.51088,0.50669
-0.0028607,-0.028141,-0.08964,0.34364,0.60388,0.51086,0.50623
-0.002852,-0.028363,-0.089901,0.34382,0.60404,0.5108,0.50597
-0.0027979,-0.028537,-0.090195,0.3436,0.6043,0.51062,0.50599
-0.0027069,-0.028702,-0.090513,0.34312,0.6044,0.51055,0.50627
-0.0026128,-0.028799,-0.090812,0.3426,0.60434,0.51056,0.50669
-0.0024839,-0.0289,-0.091095,0.34241,0.60429,0.51058,0.50685
-0.0023736,-0.029037,-0.091349,0.34268,0.60423,0.51062,0.5067
-0.0023187,-0.029202,-0.09157,0.3432,0.6041,0.51076,0.50637
-0.0021532,-0.029393,-0.091735,0.34367,0.60404,0.51079,0.50609
-0.0020693,-0.029539,-0.091918,0.34401,0.60386,0.51084,0.50602
-0.0019176,-0.029651,-0.091993,0.34418,0.6037,0.51081,0.50612
-0.0018536,-0.029713,-0.092073,0.34422,0.60368,0.51067,0.50626
-0.0018834,-0.029743,-0.092169,0.34419,0.60367,0.51056,0.5064
-0.0019015,-0.029737,-0.092216,0.34415,0.60368,0.51044,0.50654
-0.0019053,-0.029738,-0.092186,0.34415,0.60368,0.51044,0.50654
-0.0019557,-0.029751,-0.092135,0.34412,0.60362,0.51057,0.50651
-0.0019864,-0.029703,-0.092018,0.34412,0.60344,0.51085,0.50644
-0.0019908,-0.029752,-0.091966,0.34414,0.6032,0.51126,0.50629
-0.0020321,-0.029802,-0.091883,0.34439,0.60299,0.5116,0.50604
-0.0020413,-0.029897,-0.091851,0.34468,0.60284,0.51169,0.50592
-0.0020321,-0.030031,-0.091922,0.34499,0.60289,0.51144,0.5059
-0.0020486,-0.03014,-0.092014,0.34512,0.60305,0.51104,0.50602
-0.001994,-0.030304,-0.092116,0.34509,0.60314,0.51072,0.50626
-0.0020309,-0.030346,-0.092169,0.34494,0.60315,0.51062,0.50645
-0.0020569,-0.030451,-0.092222,0.34484,0.60326,0.51058,0.50642
-0.0021135,-0.030462,-0.092229,0.34488,0.60345,0.51056,0.50619
-0.0022561,-0.030496,-0.09224,0.34498,0.60356,0.51071,0.50584
-0.00245,-0.030502,-0.092256,0.34505,0.60361,0.51091,0.50555
-0.0025874,-0.030502,-0.092303,0.34502,0.60374,0.5109,0.50541
-0.0027195,-0.030515,-0.092418,0.34506,0.60383,0.51082,0.50536
-0.0028304,-0.030595,-0.09257,0.34508,0.60398,0.51061,0.50538
-0.0028895,-0.030651,-0.092706,0.34521,0.60422,0.51021,0.50541
-0.002849,-0.030761,-0.092844,0.34547,0.6044,0.50972,0.5055
-0.0028637,-0.030852,-0.092996,0.34575,0.60464,0.50922,0.50553
-0.0027667,-0.030986,-0.093143,0.34604,0.60476,0.50875,0.50566
-0.0027223,-0.031074,-0.093293,0.34625,0.60487,0.50836,0.50578
-0.0025856,-0.031164,-0.093416,0.34645,0.60493,0.50802,0.50591
-0.0025515,-0.03122,-0.093452,0.34668,0.60499,0.5079,0.5058
-0.0025195,-0.031244,-0.093476,0.34691,0.60506,0.50779,0.50568
-0.0025597,-0.03125,-0.093515,0.34706,0.60518,0.50765,0.50556
-0.0025777,-0.031246,-0.093514,0.34705,0.6053,0.50762,0.50546
-0.0026188,-0.031272,-0.093561,0.34696,0.60525,0.50765,0.50554
-0.0026757,-0.031255,-0.093534,0.34683,0.60536,0.50759,0.50558
-0.0026936,-0.031259,-0.093534,0.34667,0.60548,0.50745,0.50567
-0.0026323,-0.031246,-0.093536,0.34658,0.60545,0.5074,0.50583
-0.0025469,-0.031217,-0.093432,0.34656,0.60534,0.50745,0.50591
-0.0025049,-0.031142,-0.093281,0.34662,0.60497,0.50776,0.506
-0.0023709,-0.031125,-0.093078,0.34683,0.60464,0.50813,0.50589
-0.0022816,-0.031051,-0.092844,0.34724,0.60435,0.50836,0.50573
-0.0022571,-0.030996,-0.092627,0.3476,0.60422,0.50848,0.50551
-0.0022086,-0.030862,-0.092368,0.34792,0.60417,0.50852,0.50531
-0.0021999,-0.030691,-0.092137,0.34802,0.60413,0.50857,0.50525
-0.0022145,-0.0305,-0.091875,0.34798,0.60404,0.50865,0.5053
-0.0022377,-0.030256,-0.091547,0.34797,0.60384,0.50879,0.5054
-0.0021905,-0.029992,-0.091133,0.34807,0.60353,0.50897,0.50552
-0.0022265,-0.029674,-0.090696,0.34817,0.60325,0.5092,0.50556
-0.0022187,-0.029373,-0.090231,0.34837,0.60296,0.50952,0.50543
-0.0022309,-0.029066,-0.089784,0.34867,0.60266,0.50995,0.50516
-0.0022393,-0.028738,-0.089323,0.34912,0.60245,0.51018,0.50485
-0.0022435,-0.028409,-0.088889,0.34967,0.60242,0.51015,0.50455
-0.0022113,-0.028152,-0.088579,0.35022,0.60255,0.50981,0.50434
-0.0021344,-0.027916,-0.088318,0.35069,0.60284,0.50929,0.50421
-0.0020925,-0.02768,-0.08802,0.35069,0.60284,0.50929,0.50421
-0.0018155,-0.027395,-0.087712,0.35101,0.60265,0.50876,0.50475
-0.0016589,-0.027083,-0.087311,0.35094,0.60204,0.50904,0.50524
-0.0014133,-0.026751,-0.086846,0.35094,0.60137,0.50942,0.50565
-0.0013382,-0.026567,-0.086405,0.35118,0.60083,0.50979,0.50576
-0.00093453,-0.026128,-0.085862,0.35118,0.60083,0.50979,0.50576
-0.00071741,-0.025847,-0.085397,0.35173,0.60047,0.51002,0.50558
-0.00048255,-0.025477,-0.084786,0.35294,0.59999,0.51019,0.50513
-0.00038355,-0.02533,-0.08442,0.35335,0.59979,0.51022,0.50505
-0.0001984,-0.025081,-0.084056,0.35335,0.59979,0.51022,0.50505
0.00011236,-0.024644,-0.083523,0.35364,0.59957,0.51021,0.50511
0.00023768,-0.024292,-0.083083,0.35386,0.59925,0.51026,0.50529
0.00041639,-0.02387,-0.082559,0.3542,0.59888,0.51025,0.50551
0.00053327,-0.023659,-0.082088,0.35464,0.59848,0.51019,0.50573
0.00067992,-0.023275,-0.081587,0.35502,0.59832,0.50995,0.5059
0.00079886,-0.022835,-0.081046,0.35539,0.59804,0.50996,0.50595
0.00091072,-0.022393,-0.080465,0.35578,0.59757,0.51024,0.50595
0.0010765,-0.021947,-0.079798,0.35605,0.59693,0.5108,0.50594
0.0011323,-0.02152,-0.079201,0.35618,0.59649,0.51133,0.50584
0.0012269,-0.021105,-0.078596,0.35628,0.59629,0.51157,0.50577
0.0012794,-0.02072,-0.078056,0.35638,0.5962,0.51166,0.50571
0.0012998,-0.020333,-0.077592,0.35642,0.5961,0.5116,0.50586
0.0014478,-0.019946,-0.077094,0.35645,0.59606,0.51133,0.50616
0.001564,-0.019582,-0.076689,0.35657,0.59621,0.51078,0.50646
0.0017136,-0.019209,-0.076258,0.35679,0.59661,0.50986,0.50676
0.0019195,-0.018883,-0.075903,0.35709,0.59714,0.50882,0.50697
0.0021032,-0.01852,-0.075401,0.35753,0.59755,0.50802,0.50697
0.0022302,-0.018118,-0.074835,0.35793,0.59755,0.50793,0.50677
0.002413,-0.017737,-0.074083,0.35845,0.5972,0.50839,0.50637
0.0025287,-0.017346,-0.073296,0.35894,0.59694,0.50878,0.50593
0.0025467,-0.016929,-0.07251,0.35951,0.59691,0.50886,0.50548
0.002568,-0.016522,-0.071701,0.36007,0.59694,0.50881,0.5051
0.0025845,-0.016071,-0.070805,0.36051,0.59674,0.50895,0.50487
0.0026985,-0.015598,-0.069811,0.36068,0.59635,0.50944,0.50472
0.0028031,-0.015108,-0.068761,0.36075,0.59574,0.51016,0.50467
0.0028467,-0.014592,-0.067679,0.3608,0.5951,0.51105,0.50448
0.0029179,-0.014056,-0.066549,0.36088,0.59454,0.51196,0.50417
0.0029159,-0.013515,-0.065434,0.36111,0.59411,0.51283,0.50363
0.0029251,-0.012991,-0.064326,0.36141,0.59374,0.51359,0.50308
0.0029523,-0.01244,-0.06318,0.36172,0.59328,0.51433,0.50264
0.0029802,-0.011882,-0.062042,0.3619,0.59278,0.51499,0.50242
0.0030807,-0.011292,-0.060933,0.36198,0.59241,0.51553,0.50225
0.0031725,-0.010707,-0.059885,0.36195,0.59209,0.51592,0.50224
0.0032904,-0.010134,-0.058811,0.36177,0.59185,0.51632,0.50225
0.0033993,-0.0095528,-0.057781,0.36145,0.59144,0.51689,0.50237
0.00357,-0.0088833,-0.056643,0.36114,0.59081,0.51778,0.50243
0.0037451,-0.0082444,-0.055516,0.3608,0.59006,0.51892,0.50237
0.0039031,-0.0076446,-0.054428,0.36059,0.5894,0.52,0.50219
0.0040852,-0.0070012,-0.053292,0.36053,0.58887,0.52084,0.50197
0.0042793,-0.0064124,-0.052237,0.36051,0.58851,0.52151,0.50171
0.004481,-0.0058297,-0.051245,0.36049,0.58818,0.52199,0.50162
0.0046918,-0.0052417,-0.050296,0.36042,0.58787,0.52227,0.50174
0.0049921,-0.0046087,-0.049323,0.36023,0.58755,0.52242,0.50209
0.0052414,-0.004002,-0.048344,0.35975,0.58708,0.5228,0.50259
0.0055479,-0.0033749,-0.047309,0.359,0.58641,0.52351,0.50316
0.0058404,-0.0027727,-0.04623,0.3583,0.58555,0.5246,0.50353
0.0060858,-0.0021026,-0.045052,0.35781,0.58463,0.52591,0.50359
0.0063835,-0.001483,-0.043863,0.35763,0.58381,0.52708,0.50344
0.0066793,-0.00086691,-0.042642,0.35768,0.58313,0.52814,0.50309
0.0069998,-0.00026443,-0.041474,0.3579,0.58258,0.52895,0.50272
0.0072892,0.00034798,-0.040327,0.35803,0.5821,0.52965,0.50244
0.0075866,0.00092187,-0.039222,0.35806,0.58159,0.53029,0.50233
0.007834,0.0015328,-0.038124,0.35797,0.58116,0.53074,0.50243
0.008154,0.0020476,-0.037064,0.3577,0.58071,0.53114,0.50271
0.0083891,0.0026029,-0.035995,0.35723,0.58014,0.53168,0.50313
0.0087201,0.0031241,-0.034862,0.35667,0.57938,0.53248,0.50355
0.0089708,0.0037036,-0.03373,0.35619,0.57866,0.53345,0.5037
0.0091804,0.0042882,-0.032554,0.35604,0.57802,0.53445,0.50348
0.0093782,0.0049012,-0.031348,0.35621,0.57749,0.53531,0.50306
0.0096242,0.0055144,-0.030176,0.35659,0.57713,0.53588,0.50259
0.0098643,0.0060915,-0.028989,0.35705,0.5768,0.53636,0.50213
0.010143,0.0066639,-0.027792,0.35742,0.57638,0.53683,0.50184
0.010454,0.0072115,-0.026582,0.35771,0.57584,0.53733,0.50173
0.010721,0.0077705,-0.025373,0.35785,0.57518,0.53776,0.50192
0.011079,0.0082719,-0.024203,0.35782,0.57447,0.53819,0.50229
0.011357,0.0087693,-0.023062,0.35765,0.57391,0.53855,0.50267
0.011655,0.0092946,-0.0219,0.35751,0.57341,0.53886,0.50301
0.011943,0.0097952,-0.020761,0.3575,0.573,0.53922,0.5031
0.0122,0.010279,-0.019596,0.35766,0.57262,0.53975,0.50285
0.012409,0.010731,-0.018421,0.35799,0.57231,0.54027,0.50241
0.012647,0.011225,-0.017275,0.3584,0.57209,0.54072,0.50188
0.012825,0.011667,-0.016122,0.3589,0.57193,0.54105,0.50135
0.012975,0.01209,-0.014929,0.35924,0.5717,0.54147,0.50092
0.01315,0.012503,-0.013746,0.35934,0.57111,0.54213,0.5008
0.013322,0.012931,-0.012574,0.35915,0.57037,0.54286,0.50099
0.013517,0.013352,-0.011455,0.35882,0.56968,0.54343,0.50139
0.013671,0.013804,-0.010374,0.35848,0.56905,0.54379,0.50196
0.013801,0.014238,-0.0094246,0.35829,0.56868,0.54398,0.50231
0.013966,0.01471,-0.0084019,0.35831,0.56848,0.54423,0.50225
0.01415,0.015126,-0.0073673,0.35868,0.56843,0.54449,0.50176
0.014283,0.015541,-0.006315,0.35929,0.56842,0.54482,0.50098
0.014407,0.015949,-0.0052768,0.35999,0.56842,0.54507,0.50021
0.014507,0.016324,-0.0042057,0.36044,0.56821,0.54543,0.49972
0.014659,0.016783,-0.0031225,0.36047,0.56769,0.54606,0.4996
0.014828,0.017215,-0.0020109,0.36034,0.56693,0.54677,0.49978
0.014974,0.017613,-0.0010072,0.36013,0.56627,0.54729,0.50012
0.015198,0.018067,-2.8262e-05,0.36014,0.56576,0.54761,0.50033
0.015384,0.018508,0.00095195,0.36035,0.56554,0.54782,0.50021
0.015571,0.018921,0.0018669,0.36074,0.56539,0.54805,0.49984
0.015737,0.019336,0.0028126,0.36127,0.56537,0.54826,0.49925
0.015976,0.019786,0.0037712,0.36183,0.56529,0.54849,0.49869
0.016196,0.020245,0.0047197,0.36219,0.56499,0.54892,0.49829
0.016394,0.020635,0.0056001,0.36232,0.56459,0.54942,0.49809
0.016555,0.021039,0.0065328,0.3623,0.56399,0.55004,0.4981
0.01674,0.021392,0.0074459,0.36212,0.56337,0.55062,0.4983
0.016833,0.021781,0.0083294,0.36201,0.56288,0.55096,0.49856
0.016986,0.022164,0.0091649,0.36195,0.56272,0.55105,0.49868
0.017121,0.022582,0.0099966,0.36198,0.56286,0.55094,0.49863
0.017232,0.022992,0.010845,0.36215,0.56317,0.55076,0.49834
0.017391,0.023421,0.01176,0.36247,0.56348,0.55059,0.49795
0.017523,0.023882,0.012705,0.36283,0.56379,0.55051,0.49743
0.017642,0.02431,0.01377,0.36307,0.56367,0.55089,0.49697
0.017796,0.024802,0.014986,0.36298,0.563,0.55186,0.49672
0.017943,0.025249,0.016234,0.36268,0.56196,0.55313,0.49671
0.018019,0.025743,0.01745,0.36235,0.56094,0.55432,0.49677
0.018173,0.026217,0.018688,0.36215,0.56027,0.55506,0.49685
0.018364,0.026686,0.019863,0.36198,0.5599,0.55536,0.49705
0.018612,0.027163,0.021001,0.36184,0.55982,0.55534,0.49726
0.018916,0.027676,0.022211,0.36174,0.55986,0.5553,0.49733
0.019207,0.028204,0.023485,0.36173,0.55981,0.55545,0.49723
0.019548,0.028782,0.024914,0.36183,0.55952,0.55589,0.49699
0.019811,0.029393,0.026459,0.36188,0.55882,0.55681,0.49672
0.020078,0.030023,0.02815,0.36187,0.55781,0.55802,0.49649
0.020339,0.030596,0.029827,0.36181,0.55663,0.55941,0.4963
0.020614,0.031259,0.03154,0.36179,0.5555,0.56068,0.49615
0.020846,0.031867,0.033233,0.36184,0.55454,0.56174,0.49598
0.021194,0.032531,0.03487,0.36204,0.55378,0.56246,0.49587
0.02155,0.033183,0.036441,0.36247,0.55328,0.56281,0.49573
0.02205,0.03387,0.038007,0.36308,0.55298,0.56281,0.49561
0.022441,0.034544,0.039632,0.36393,0.55285,0.56284,0.4951
0.022912,0.035253,0.041356,0.36453,0.55227,0.56329,0.49479
0.023393,0.035925,0.043209,0.3647,0.55108,0.56436,0.49477
0.023803,0.03662,0.045047,0.36465,0.54945,0.56582,0.49496
0.024215,0.037282,0.046883,0.36462,0.54777,0.56734,0.4951
0.024541,0.037927,0.04866,0.36473,0.54644,0.56862,0.49501
0.024875,0.038566,0.050456,0.36513,0.54543,0.56963,0.49468
0.025238,0.039229,0.0522,0.36579,0.54475,0.57038,0.49408
0.025536,0.03985,0.053847,0.36655,0.54429,0.57092,0.4934
0.025924,0.040512,0.05556,0.36728,0.544,0.57127,0.49276
0.026304,0.041158,0.057179,0.36784,0.54362,0.57159,0.4924
0.026727,0.041826,0.058841,0.36817,0.54302,0.572,0.49234
0.027163,0.042476,0.060434,0.36817,0.54212,0.57251,0.49274
0.027573,0.043119,0.062014,0.36786,0.54106,0.57318,0.49336
0.027902,0.043753,0.063522,0.36745,0.54,0.57386,0.49403
0.02826,0.044383,0.064985,0.36711,0.53904,0.57447,0.49462
0.028592,0.044962,0.066432,0.36713,0.53827,0.57506,0.49476
0.028887,0.045561,0.067888,0.36747,0.5377,0.57565,0.49444
0.029185,0.046158,0.069373,0.36815,0.53737,0.57604,0.49384
0.029426,0.046701,0.070861,0.36892,0.5372,0.57637,0.49306
0.02965,0.047291,0.072401,0.36951,0.53694,0.57676,0.49245
0.029846,0.04788,0.073971,0.36976,0.53626,0.57751,0.49212
0.030048,0.048445,0.075587,0.36976,0.5352,0.57854,0.49207
0.030237,0.049003,0.077206,0.36954,0.53402,0.57961,0.49225
0.03043,0.049554,0.078765,0.36932,0.53291,0.58056,0.4925
0.030584,0.050117,0.08022,0.36929,0.53204,0.58122,0.49269
0.030742,0.050651,0.081647,0.36947,0.53141,0.58181,0.49254
0.030861,0.05126,0.083135,0.36999,0.53094,0.58232,0.49205
0.030985,0.051818,0.08464,0.37069,0.5306,0.58282,0.4913
0.0311,0.052398,0.086201,0.3714,0.53011,0.58343,0.49056
0.031233,0.052894,0.0878,0.37194,0.52934,0.58426,0.49
0.031326,0.053444,0.089365,0.37216,0.52827,0.5853,0.48974
0.031375,0.053918,0.090929,0.37223,0.52697,0.58641,0.48977
0.031374,0.054371,0.092471,0.37238,0.52578,0.58736,0.4898
0.031403,0.054792,0.093932,0.3726,0.52487,0.58808,0.48973
0.031426,0.055265,0.095323,0.37298,0.52434,0.58849,0.48952
0.031452,0.05571,0.096661,0.3735,0.52415,0.58867,0.48911
0.031488,0.056148,0.097971,0.37409,0.52417,0.58872,0.48857
0.031447,0.05662,0.099307,0.37463,0.52425,0.58887,0.4879
0.031423,0.057023,0.10068,0.37521,0.52399,0.58926,0.48727
0.031355,0.05743,0.10215,0.37551,0.52318,0.59015,0.48682
0.031327,0.057816,0.10366,0.37569,0.52192,0.59133,0.48661
0.031235,0.058136,0.1051,0.37573,0.52068,0.59255,0.48642
0.031079,0.058441,0.10643,0.37587,0.51969,0.59347,0.48625
0.030961,0.058757,0.10766,0.37615,0.51899,0.59407,0.48605
0.030834,0.059068,0.10883,0.37656,0.51867,0.59438,0.4857
0.030774,0.059361,0.10994,0.37706,0.51862,0.59455,0.48516
0.030695,0.059693,0.11101,0.37769,0.51874,0.59452,0.48457
0.030638,0.059988,0.11206,0.37833,0.51896,0.59445,0.48391
0.030542,0.060297,0.11317,0.37878,0.51896,0.59458,0.4834
0.030495,0.060561,0.11438,0.37895,0.5184,0.59517,0.48316
0.030399,0.060844,0.11561,0.37886,0.51728,0.59624,0.48309
0.030206,0.061089,0.11683,0.37878,0.51598,0.59746,0.48305
0.030059,0.061282,0.11803,0.3788,0.51485,0.59851,0.48294
0.0299,0.061467,0.11907,0.37895,0.5142,0.59919,0.48267
0.029767,0.061628,0.11998,0.37919,0.51405,0.59953,0.48222
0.029666,0.06182,0.12087,0.37957,0.51416,0.5996,0.48172
0.029632,0.062003,0.12169,0.37998,0.51448,0.59944,0.48125
0.02964,0.062157,0.1225,0.38036,0.51478,0.59926,0.48084
0.029666,0.062352,0.12329,0.38064,0.51493,0.59916,0.48059
0.029653,0.062483,0.12414,0.38076,0.5147,0.59938,0.48046
0.029644,0.062624,0.12512,0.38077,0.51398,0.60004,0.48041
0.029657,0.062781,0.12607,0.3807,0.51291,0.60096,0.48046
0.029681,0.06286,0.12701,0.38069,0.51183,0.60186,0.48048
0.029675,0.062952,0.12779,0.38086,0.51113,0.60247,0.48033
0.029727,0.063041,0.12852,0.38107,0.51096,0.60265,0.48012
0.029697,0.063124,0.12907,0.38139,0.51125,0.60244,0.47982
0.02974,0.063248,0.12957,0.38174,0.51172,0.60196,0.47965
0.029809,0.063324,0.13002,0.38211,0.5123,0.60129,0.47958
0.029812,0.063361,0.13046,0.38231,0.51291,0.60069,0.47951
0.029783,0.063399,0.13098,0.38244,0.51318,0.60042,0.47946
0.029813,0.063451,0.13171,0.38246,0.51277,0.6008,0.47941
0.029754,0.063523,0.13254,0.38238,0.51168,0.60181,0.47936
0.029761,0.063576,0.13342,0.38234,0.51032,0.60306,0.47927
0.029811,0.063622,0.13425,0.38237,0.50919,0.6041,0.47915
0.029824,0.063658,0.13487,0.3825,0.5086,0.60466,0.47896
0.029907,0.063719,0.13541,0.38276,0.50849,0.60472,0.47879
0.03,0.063793,0.13586,0.38303,0.50871,0.6045,0.47863
0.030137,0.06385,0.13622,0.38332,0.509,0.60418,0.47849
0.030363,0.06394,0.13666,0.38368,0.5092,0.60384,0.47842
0.030568,0.063989,0.1371,0.38395,0.50924,0.60368,0.47836
0.030733,0.06403,0.13755,0.38428,0.50917,0.60368,0.47817
0.030841,0.064084,0.13806,0.38468,0.50893,0.60378,0.47798
0.030938,0.064063,0.13858,0.38508,0.50858,0.60403,0.47771
0.030997,0.064093,0.13907,0.38546,0.50819,0.60434,0.47743
0.031094,0.064087,0.13955,0.38573,0.50774,0.60466,0.47728
0.031182,0.064103,0.13996,0.38595,0.50748,0.60483,0.47716
0.031202,0.064167,0.14029,0.38616,0.50747,0.60481,0.47703
0.031277,0.064226,0.14058,0.38637,0.50775,0.60447,0.47699
0.031305,0.06433,0.14079,0.38659,0.50823,0.60398,0.47693
0.031367,0.064446,0.14108,0.38687,0.50861,0.60346,0.47696
0.031482,0.064519,0.14142,0.387,0.50862,0.60325,0.47711
0.031537,0.064565,0.14188,0.38695,0.50812,0.60359,0.47725
0.031591,0.064527,0.14239,0.38672,0.50719,0.60439,0.4774
0.031601,0.064519,0.14291,0.38653,0.50614,0.60532,0.4775
0.031527,0.064505,0.14331,0.38635,0.50539,0.60606,0.4775
0.031423,0.064473,0.14361,0.38627,0.50513,0.60646,0.47733
0.031281,0.064438,0.14377,0.3863,0.50521,0.60658,0.47708
0.031146,0.064435,0.1439,0.38639,0.50554,0.60653,0.47671
0.031061,0.064402,0.14405,0.38652,0.50598,0.60634,0.47639
0.030987,0.064394,0.14411,0.38666,0.50648,0.606,0.47617
0.03096,0.064394,0.14423,0.38681,0.50688,0.60574,0.47595
0.030897,0.064382,0.14434,0.38692,0.50714,0.60557,0.47579
0.030871,0.064374,0.14458,0.38709,0.50693,0.60571,0.47571
0.030842,0.064366,0.14487,0.3872,0.50645,0.60608,0.47566
0.030813,0.064354,0.14515,0.38729,0.50588,0.60655,0.4756
0.030707,0.064385,0.14532,0.38735,0.50542,0.60696,0.4755
0.030635,0.064347,0.14544,0.3875,0.50521,0.6072,0.4753
0.03058,0.064353,0.14556,0.38764,0.50529,0.60722,0.47509
0.03049,0.064349,0.14549,0.38772,0.50566,0.60701,0.4749
0.030438,0.06437,0.14539,0.38766,0.50604,0.60671,0.47491
0.030388,0.064367,0.14531,0.38754,0.50632,0.60646,0.47504
0.030355,0.064408,0.14527,0.38728,0.50631,0.60643,0.4753
0.030343,0.064419,0.14532,0.38696,0.50611,0.60657,0.47559
0.030305,0.064439,0.14531,0.38678,0.50579,0.60673,0.47586
0.030276,0.064407,0.14528,0.3866,0.50568,0.60688,0.47594
0.030161,0.064385,0.14523,0.38665,0.5057,0.60693,0.47581
0.030106,0.064327,0.14513,0.38665,0.5057,0.60693,0.47581
0.030015,0.064308,0.14507,0.3867,0.50586,0.60695,0.47559
0.030021,0.064262,0.14506,0.38677,0.50585,0.60706,0.47539
0.029971,0.064257,0.14503,0.38668,0.50583,0.60714,0.47538
0.029899,0.06419,0.14495,0.38662,0.5057,0.60728,0.4754
0.029845,0.064155,0.14488,0.38657,0.50556,0.60738,0.47545
0.029787,0.06412,0.14479,0.38653,0.50541,0.60749,0.4755
0.029715,0.064046,0.14468,0.38651,0.50543,0.60751,0.47548
0.029668,0.064009,0.14462,0.38653,0.50544,0.60754,0.47541
0.029607,0.063942,0.14455,0.38662,0.50554,0.60747,0.47533
0.029553,0.063873,0.14443,0.38669,0.5056,0.60746,0.47521
0.029477,0.063808,0.1443,0.38662,0.50566,0.60744,0.47523
0.029467,0.063811,0.14418,0.38653,0.50571,0.6074,0.47531
0.029379,0.063758,0.14401,0.38643,0.50571,0.6074,0.47538
0.029312,0.063674,0.1438,0.38634,0.50567,0.60743,0.47547
0.029183,0.063559,0.14354,0.3863,0.50557,0.6075,0.47551
0.029101,0.06343,0.14322,0.38635,0.50557,0.6075,0.47547
0.029015,0.063331,0.14291,0.38632,0.50582,0.60734,0.47544
0.028943,0.063215,0.14252,0.38628,0.50618,0.60711,0.47538
0.028922,0.063089,0.14217,0.38625,0.50644,0.60694,0.47534
0.028818,0.062976,0.14174,0.38622,0.50674,0.60675,0.47529
0.028765,0.062845,0.14132,0.38626,0.50703,0.60653,0.47523
0.028742,0.062698,0.14091,0.38618,0.50729,0.60636,0.47523
0.028752,0.062564,0.14048,0.38604,0.50726,0.60631,0.47544
0.028682,0.062395,0.13999,0.38574,0.5071,0.60639,0.47576
0.028656,0.062222,0.1394,0.38542,0.50688,0.60648,0.47614
0.028554,0.062017,0.13874,0.38515,0.50678,0.60653,0.47639
0.02848,0.061792,0.13805,0.3851,0.50693,0.60642,0.47642
0.028443,0.06156,0.13732,0.3852,0.5074,0.60604,0.47633
0.028367,0.061337,0.13655,0.3854,0.50837,0.60531,0.47606
0.028321,0.061102,0.13572,0.38566,0.50946,0.60444,0.47577
0.028255,0.060883,0.13496,0.38586,0.5104,0.60366,0.47559
0.028239,0.060643,0.13424,0.38593,0.511,0.60314,0.47556
0.028183,0.060411,0.13349,0.3858,0.51125,0.60284,0.47577
0.028156,0.060141,0.13275,0.38554,0.51122,0.60268,0.47622
0.028074,0.059804,0.1319,0.38533,0.51115,0.60255,0.47662
0.027908,0.059499,0.13101,0.38516,0.51132,0.60225,0.47697
0.027754,0.059178,0.13005,0.38519,0.51174,0.60178,0.47709
0.027596,0.058852,0.1291,0.38516,0.51244,0.60118,0.47712
0.027474,0.058538,0.12817,0.38511,0.51318,0.60064,0.47704
0.027323,0.058221,0.12722,0.38506,0.51387,0.60014,0.47696
0.02715,0.057922,0.12628,0.38497,0.51451,0.59968,0.47693
0.026942,0.05756,0.12532,0.38482,0.51507,0.59931,0.47692
0.026725,0.05719,0.12433,0.38461,0.5155,0.59897,0.47704
0.026534,0.056831,0.12338,0.38425,0.51585,0.59871,0.47727
0.026326,0.056465,0.12241,0.38381,0.51606,0.59857,0.47759
0.026121,0.056075,0.12145,0.38334,0.5161,0.59852,0.47798
0.025939,0.055702,0.12048,0.38294,0.51631,0.59837,0.47826
0.025785,0.055374,0.11953,0.38264,0.51674,0.59803,0.47846
0.025602,0.055021,0.1185,0.38241,0.51743,0.59752,0.47854
0.025422,0.054713,0.11752,0.38228,0.51829,0.59684,0.47855
0.025185,0.054421,0.11654,0.38211,0.51906,0.59624,0.47861
0.025021,0.054097,0.11558,0.38193,0.51967,0.59572,0.47874
0.024797,0.053728,0.11461,0.38167,0.52029,0.59522,0.47889
0.024559,0.053393,0.11365,0.38141,0.52082,0.5948,0.47904
0.024337,0.053047,0.1127,0.38112,0.5212,0.59448,0.47926
0.024063,0.052669,0.11172,0.38094,0.5216,0.5942,0.47931
0.023832,0.05229,0.11077,0.38099,0.52206,0.5938,0.47926
0.023646,0.051942,0.10986,0.38114,0.52243,0.59349,0.47913
0.023444,0.051601,0.10893,0.38128,0.52294,0.59306,0.479
0.023258,0.051247,0.10797,0.38143,0.52363,0.59245,0.47887
0.023028,0.050937,0.1069,0.38151,0.5244,0.59175,0.47883
0.022861,0.05062,0.10587,0.38145,0.52512,0.59107,0.47893
0.022694,0.050263,0.10484,0.38131,0.5257,0.59051,0.47911
0.022494,0.049946,0.10376,0.38105,0.52615,0.59008,0.47935
0.022315,0.049604,0.10272,0.38082,0.52653,0.58966,0.47963
0.022104,0.049259,0.1017,0.38062,0.52689,0.5893,0.47984
0.021909,0.04895,0.10066,0.38044,0.5272,0.589,0.48
0.021686,0.048592,0.099609,0.38038,0.52741,0.58877,0.48011
0.021516,0.048228,0.098633,0.38033,0.52756,0.58865,0.48014
0.021247,0.047871,0.097627,0.38031,0.52784,0.58842,0.48011
0.021087,0.047481,0.096567,0.38014,0.52848,0.58784,0.48026
0.02085,0.047085,0.095549,0.38001,0.52921,0.58718,0.48036
0.020665,0.046705,0.094493,0.37972,0.52986,0.58662,0.48056
0.02043,0.046298,0.093508,0.37929,0.5301,0.58641,0.48089
0.02019,0.045885,0.092475,0.37884,0.5303,0.58626,0.48121
0.019932,0.045488,0.091428,0.3785,0.53063,0.58598,0.48145
0.019608,0.045105,0.090376,0.37839,0.53109,0.58568,0.4814
0.019289,0.044738,0.089357,0.37847,0.53148,0.58551,0.48111
0.019038,0.044356,0.088399,0.37867,0.53181,0.58537,0.48077
0.018796,0.044005,0.087459,0.379,0.53218,0.58505,0.48048
0.018659,0.043685,0.086458,0.37929,0.53271,0.58443,0.48042
0.018455,0.043345,0.085312,0.37943,0.53345,0.58357,0.48054
0.018292,0.043048,0.084151,0.37935,0.53421,0.58263,0.48088
0.01812,0.042725,0.082987,0.37917,0.53482,0.58178,0.48138
0.017939,0.042408,0.081809,0.37897,0.53524,0.58119,0.48179
0.017769,0.042025,0.080698,0.37879,0.5355,0.58079,0.48212
0.017571,0.041659,0.079608,0.37884,0.53571,0.58045,0.48225
0.01735,0.041291,0.078467,0.37901,0.53594,0.58014,0.48225
0.017121,0.040912,0.077385,0.37938,0.53622,0.57982,0.48202
0.016884,0.040554,0.076245,0.37974,0.5368,0.57927,0.48176
0.016557,0.040182,0.074898,0.38004,0.53772,0.57836,0.48159
0.016327,0.039852,0.07353,0.38031,0.53883,0.57708,0.48166
0.016113,0.039544,0.072072,0.38037,0.53995,0.57569,0.48204
0.015965,0.039261,0.070692,0.38025,0.54083,0.57447,0.4826
0.015826,0.038965,0.069408,0.37995,0.54125,0.57365,0.48334
0.01571,0.038654,0.068217,0.37955,0.54133,0.5732,0.48409
0.015453,0.038312,0.067016,0.37914,0.54139,0.57295,0.48463
0.015111,0.037903,0.065795,0.37896,0.5416,0.57259,0.48497
0.014751,0.037482,0.064622,0.37889,0.54204,0.57216,0.48505
0.014237,0.037045,0.063384,0.37887,0.54272,0.57165,0.48491
0.013781,0.036612,0.062208,0.37885,0.54348,0.57105,0.48476
0.013375,0.036139,0.061075,0.37865,0.54423,0.57054,0.48469
0.012991,0.035715,0.059987,0.37818,0.54482,0.57021,0.48478
0.012673,0.035358,0.058927,0.37756,0.54533,0.56998,0.48497
0.012376,0.035001,0.057842,0.37684,0.54586,0.56978,0.48516
0.012095,0.0347,0.056726,0.37617,0.54635,0.56963,0.48531
0.011826,0.034387,0.055586,0.37539,0.54683,0.56959,0.48542
0.011641,0.034074,0.054406,0.37468,0.54713,0.56958,0.48563
0.011515,0.033762,0.053234,0.37398,0.54733,0.56966,0.48585
0.011415,0.033414,0.052042,0.37324,0.54751,0.56969,0.48619
0.011384,0.033017,0.050788,0.37252,0.54786,0.56943,0.48665
0.011424,0.032599,0.04947,0.3718,0.5484,0.56891,0.4872
0.011437,0.032162,0.04813,0.37096,0.54867,0.56852,0.48799
0.011508,0.031755,0.046753,0.37008,0.54912,0.56796,0.48881
0.011598,0.031312,0.0454,0.36938,0.5497,0.56728,0.48947
0.011757,0.030906,0.044117,0.36869,0.5502,0.56668,0.49013
0.011858,0.030486,0.042872,0.36806,0.5507,0.56611,0.49069
0.011939,0.030106,0.041702,0.36754,0.55111,0.56562,0.49118
0.012038,0.029694,0.04054,0.36707,0.55147,0.56527,0.49155
0.01216,0.029275,0.039487,0.3667,0.55156,0.56506,0.49196
0.012189,0.028865,0.038437,0.36629,0.55165,0.56485,0.49241
0.012254,0.028423,0.037394,0.36587,0.5518,0.56451,0.49294
0.012355,0.028004,0.036399,0.36549,0.55206,0.56401,0.4935
0.012358,0.027596,0.035316,0.36523,0.55256,0.56332,0.49392
0.012387,0.027222,0.034308,0.36516,0.55301,0.56269,0.49419
0.012402,0.026845,0.033323,0.36522,0.55334,0.5622,0.49433
0.012371,0.026524,0.032407,0.36536,0.55363,0.56186,0.49428
0.01235,0.02617,0.031569,0.36563,0.55382,0.56172,0.49403
0.012346,0.025803,0.030716,0.36598,0.55389,0.56173,0.49369
0.012346,0.025388,0.029888,0.36645,0.55399,0.56168,0.49329
0.012286,0.024992,0.02902,0.36693,0.55401,0.56151,0.49309
0.012333,0.024607,0.028101,0.36731,0.5541,0.56121,0.49306
0.012327,0.024206,0.027064,0.36741,0.55449,0.56059,0.49324
0.012312,0.023824,0.025965,0.36745,0.55507,0.55982,0.49343
0.012265,0.023434,0.024824,0.36741,0.55554,0.55921,0.49364
0.012251,0.023035,0.02367,0.36744,0.5559,0.55865,0.49384
0.012273,0.022628,0.022544,0.36752,0.5562,0.55823,0.49392
0.012221,0.022166,0.02143,0.36764,0.55642,0.5579,0.49394
0.012143,0.021711,0.020266,0.36786,0.55658,0.55771,0.49382
0.012066,0.021285,0.019173,0.36802,0.55664,0.55771,0.49363
0.011987,0.020864,0.018151,0.36818,0.55661,0.55789,0.49335
0.011932,0.02037,0.017085,0.36848,0.55673,0.55785,0.49303
0.011898,0.01988,0.016014,0.36867,0.55702,0.55765,0.49278
0.011926,0.019366,0.014864,0.36881,0.55749,0.55705,0.49282
0.011903,0.018925,0.013694,0.36886,0.55798,0.55635,0.49303
0.011933,0.018483,0.012514,0.36879,0.55835,0.5557,0.49339
0.012008,0.018096,0.011428,0.36857,0.55851,0.55527,0.49387
0.012076,0.017682,0.010326,0.36844,0.55854,0.55497,0.49426
0.012116,0.017279,0.009286,0.36829,0.5586,0.55484,0.49446
0.011918,0.017042,0.0090992,0.36814,0.55872,0.5548,0.49447
0.011901,0.016635,0.0081309,0.36784,0.55897,0.55497,0.49422
0.011943,0.016086,0.0062759,0.36754,0.55924,0.55505,0.49405
0.011845,0.015675,0.0052482,0.36698,0.55962,0.55495,0.49415
0.011691,0.015269,0.0041382,0.36632,0.56019,0.5546,0.49438
0.011509,0.01501,0.0037746,0.36557,0.56081,0.5541,0.4948
0.011399,0.014574,0.0026234,0.36488,0.56135,0.55358,0.49527
0.011303,0.014125,0.0015433,0.3642,0.56154,0.5533,0.49587
0.011239,0.013727,0.00046502,0.36358,0.56183,0.55296,0.49637
0.011084,0.013312,-0.00061665,0.36313,0.56221,0.55254,0.49675
0.011008,0.012909,-0.0016398,0.3627,0.56253,0.55212,0.49716
0.010928,0.012598,-0.0025623,0.36223,0.56283,0.5518,0.49753
0.010772,0.012323,-0.0034872,0.36167,0.56306,0.55159,0.4979
0.010694,0.012066,-0.0043392,0.36125,0.56318,0.55142,0.49826
0.01056,0.011778,-0.0052218,0.36081,0.56341,0.55111,0.49866
0.010396,0.011462,-0.0061585,0.36035,0.56374,0.55072,0.49905
0.010298,0.011131,-0.0070889,0.35989,0.56413,0.5502,0.49951
0.010137,0.010809,-0.0080005,0.35947,0.56453,0.54968,0.49994
0.010012,0.010476,-0.0089242,0.35911,0.56495,0.54922,0.50024
0.0099226,0.010146,-0.0098142,0.35877,0.56522,0.54885,0.50057
0.0098059,0.0098252,-0.010732,0.35848,0.56549,0.54848,0.50088
0.0097063,0.0095612,-0.011605,0.35824,0.56572,0.54816,0.50115
0.0096341,0.0092779,-0.01243,0.35812,0.56593,0.54782,0.50137
0.0095301,0.008979,-0.01323,0.3581,0.5661,0.54752,0.50151
0.0093855,0.0087154,-0.014096,0.358,0.56643,0.54704,0.50174
0.0092658,0.0084438,-0.014985,0.35763,0.56699,0.54634,0.50213
0.0091972,0.0081568,-0.015852,0.35704,0.56744,0.5458,0.50263
0.0091127,0.0078951,-0.016728,0.3564,0.56772,0.54543,0.50317
0.0090928,0.0076306,-0.01759,0.3558,0.56804,0.54503,0.50367
0.0090475,0.007339,-0.018478,0.35525,0.56856,0.5446,0.50394
0.0089637,0.007037,-0.019427,0.35476,0.56902,0.5442,0.50419
0.0089113,0.0067504,-0.020302,0.35437,0.56944,0.54384,0.50438
0.0089161,0.0064445,-0.02122,0.35402,0.56967,0.54353,0.5047
0.0089313,0.0061411,-0.022133,0.35371,0.56983,0.54321,0.50507
0.0089438,0.005824,-0.023059,0.35343,0.57015,0.54269,0.50547
0.0090527,0.0054827,-0.024016,0.35313,0.57058,0.54191,0.50603
0.0091636,0.0051502,-0.024959,0.35279,0.57101,0.54113,0.50661
0.0092741,0.0048133,-0.025853,0.35241,0.57134,0.54051,0.50717
0.0094014,0.0044563,-0.026715,0.35195,0.57154,0.54015,0.50765
0.0095143,0.0041329,-0.027513,0.35158,0.57175,0.5399,0.50795
0.0096092,0.0037691,-0.028272,0.35142,0.57197,0.53969,0.50803
0.0096546,0.0034732,-0.029028,0.35132,0.57216,0.53966,0.50791
0.0097258,0.0031517,-0.029742,0.35129,0.57238,0.53966,0.50769
0.0097928,0.0028252,-0.030501,0.35142,0.57252,0.53955,0.50756
0.0098804,0.0024735,-0.031378,0.35154,0.5729,0.53904,0.50758
0.009987,0.0021038,-0.032358,0.35168,0.57352,0.53811,0.50778
0.01009,0.0017079,-0.033404,0.35166,0.57419,0.53703,0.50817
0.010241,0.0012264,-0.034469,0.35147,0.57465,0.5362,0.50867
0.010465,0.00079472,-0.035524,0.3512,0.57498,0.53547,0.50925
0.010684,0.00031874,-0.036545,0.35096,0.57522,0.53485,0.50979
0.010813,-0.0001361,-0.037559,0.35067,0.5755,0.53427,0.51027
0.010944,-0.0006012,-0.038588,0.35049,0.57574,0.53375,0.51068
0.011013,-0.0010472,-0.039532,0.35029,0.57601,0.53338,0.5109
0.01108,-0.001513,-0.040461,0.35018,0.57623,0.53317,0.51094
0.011028,-0.0020477,-0.041345,0.35016,0.57646,0.53297,0.51091
0.010935,-0.0026342,-0.042231,0.35021,0.57692,0.53258,0.51076
0.010775,-0.0031431,-0.043136,0.35014,0.57752,0.53208,0.51065
0.010615,-0.0035999,-0.043981,0.35,0.57807,0.53159,0.51064
0.010399,-0.0040004,-0.044744,0.34966,0.57851,0.53128,0.5107
0.010132,-0.004397,-0.045504,0.3492,0.57883,0.53121,0.51071
0.0098345,-0.0047753,-0.046264,0.34869,0.57914,0.53124,0.51069
0.0095245,-0.0051903,-0.047011,0.34824,0.57944,0.53126,0.51062
0.0092168,-0.0056128,-0.047817,0.34793,0.57979,0.53135,0.51035
0.0088921,-0.0059996,-0.048632,0.34767,0.58012,0.53153,0.50996
0.0085213,-0.0063818,-0.049512,0.3475,0.58059,0.53159,0.50948
0.0081364,-0.0067634,-0.050512,0.34733,0.58124,0.53138,0.50907
0.0078798,-0.0072342,-0.051579,0.34697,0.58199,0.53088,0.50899
0.0076032,-0.0076752,-0.052686,0.34641,0.58259,0.53025,0.50934
0.0073865,-0.0081556,-0.053783,0.34554,0.58299,0.52985,0.50989
0.0075115,-0.0097258,-0.054814,0.3445,0.58323,0.52964,0.51054
0.0073345,-0.010153,-0.055817,0.34349,0.58343,0.5295,0.51113
0.0072121,-0.010526,-0.056596,0.34349,0.58343,0.5295,0.51113
0.0069426,-0.011041,-0.057667,0.34225,0.584,0.52936,0.51145
0.0066665,-0.011449,-0.058547,0.34208,0.58433,0.52932,0.51124
0.0065487,-0.01246,-0.059409,0.34207,0.58464,0.52935,0.51085
0.0062813,-0.012866,-0.060218,0.34217,0.5849,0.52944,0.5104
0.0060682,-0.013329,-0.061086,0.34217,0.5849,0.52944,0.5104
0.0057638,-0.013788,-0.061912,0.34219,0.58533,0.52922,0.51013
0.0055218,-0.014277,-0.062883,0.34203,0.58576,0.52878,0.5102
0.0054529,-0.015278,-0.063779,0.3419,0.58621,0.52825,0.51031
0.0053071,-0.015749,-0.06474,0.34173,0.5867,0.52768,0.51045
0.0051543,-0.01623,-0.065699,0.34155,0.58707,0.52726,0.51058
0.0050798,-0.016652,-0.066677,0.34147,0.58735,0.52692,0.51066
0.0050458,-0.017075,-0.06761,0.34149,0.58759,0.52663,0.51067
0.0050622,-0.017907,-0.068608,0.34144,0.58776,0.52644,0.5107
0.0050279,-0.018342,-0.069555,0.34143,0.58791,0.52623,0.51076
0.0049918,-0.018857,-0.070531,0.34132,0.5881,0.52586,0.51099
0.0049083,-0.019397,-0.071494,0.3412,0.58847,0.52532,0.5112
0.0047949,-0.019926,-0.072409,0.34111,0.5889,0.52466,0.51144
0.0047024,-0.020472,-0.073264,0.34096,0.58942,0.52403,0.5116
0.004589,-0.02094,-0.073938,0.34096,0.58942,0.52403,0.5116
0.0044342,-0.021336,-0.07466,0.34076,0.58988,0.52352,0.51172
0.004238,-0.021725,-0.075365,0.34046,0.59021,0.52315,0.51191
0.0040834,-0.022098,-0.076004,0.34018,0.59044,0.52295,0.51203
0.0038466,-0.022441,-0.076578,0.33994,0.59051,0.52294,0.51213
0.0035677,-0.022721,-0.077115,0.33992,0.5906,0.52297,0.512
0.0033519,-0.022984,-0.077539,0.3402,0.5907,0.52291,0.51176
0.0030975,-0.023187,-0.077933,0.34052,0.59085,0.52281,0.51148
0.0028939,-0.023414,-0.078274,0.34075,0.59108,0.52252,0.51136
0.0028208,-0.024185,-0.078646,0.34088,0.5914,0.52213,0.5113
0.002648,-0.024339,-0.078985,0.34077,0.59179,0.52173,0.51133
0.0024026,-0.024473,-0.079332,0.34059,0.59202,0.52143,0.51149
0.0022358,-0.024636,-0.079679,0.34032,0.59216,0.52131,0.51163
0.0020531,-0.024724,-0.079974,0.34019,0.5923,0.52129,0.51157
0.0020205,-0.025534,-0.080183,0.34021,0.59227,0.52147,0.51141
0.0019013,-0.025631,-0.080359,0.34041,0.59213,0.52181,0.5111
0.0016786,-0.025681,-0.080503,0.34077,0.59193,0.52218,0.5107
0.0014945,-0.025754,-0.080632,0.34111,0.59176,0.52248,0.51036
0.0014169,-0.025823,-0.08076,0.34124,0.59177,0.52261,0.51014
0.0012712,-0.025918,-0.081028,0.34114,0.59181,0.52256,0.51021
0.0012699,-0.0265,-0.081334,0.34088,0.59191,0.52237,0.51046
0.0012021,-0.026595,-0.081672,0.34058,0.59204,0.52213,0.51075
0.0011685,-0.026723,-0.082023,0.34028,0.59209,0.52198,0.51105
0.0011738,-0.026837,-0.08237,0.34008,0.5921,0.52188,0.51128
0.0011646,-0.026907,-0.082652,0.34005,0.59216,0.52186,0.51125
0.0011805,-0.027066,-0.082933,0.34016,0.59229,0.52172,0.51117
0.0011515,-0.027132,-0.083149,0.34025,0.59237,0.52174,0.511
0.0011214,-0.02718,-0.083369,0.34031,0.59236,0.52183,0.51088
0.001036,-0.027262,-0.08356,0.34021,0.59246,0.52188,0.51077
0.0010026,-0.027345,-0.083762,0.33994,0.59266,0.52186,0.51074
0.0010737,-0.027975,-0.083987,0.33952,0.59268,0.52188,0.51099
0.0010844,-0.028029,-0.08414,0.33908,0.59249,0.52203,0.51134
0.0010622,-0.028105,-0.084351,0.33877,0.59254,0.52199,0.51153
0.0010498,-0.028129,-0.084506,0.33862,0.59263,0.52189,0.51162
0.0010518,-0.02812,-0.084574,0.33858,0.59278,0.52179,0.51158
0.0010122,-0.028141,-0.084613,0.33858,0.59278,0.52179,0.51158
0.0010576,-0.028116,-0.084594,0.33862,0.59263,0.52189,0.51162
0.0010892,-0.028056,-0.084443,0.33859,0.59224,0.52228,0.5117
0.001171,-0.02796,-0.084305,0.33849,0.59195,0.52249,0.51189
0.0012091,-0.027832,-0.084146,0.33846,0.59169,0.52264,0.51205
0.0013483,-0.027893,-0.083922,0.33839,0.59138,0.52283,0.51226
0.001438,-0.027705,-0.083696,0.33838,0.59118,0.52296,0.51235
0.0014703,-0.027473,-0.083416,0.33848,0.5911,0.52305,0.51229
0.0015054,-0.027255,-0.083141,0.33858,0.59094,0.52325,0.51222
0.0016121,-0.027005,-0.082754,0.33866,0.59061,0.52363,0.51216
0.0018204,-0.027365,-0.082399,0.33864,0.59016,0.52414,0.51216
0.0019166,-0.027133,-0.082072,0.33864,0.58962,0.52463,0.51229
0.002044,-0.026873,-0.081687,0.33872,0.58927,0.52487,0.51239
0.0020842,-0.026607,-0.081351,0.33887,0.58908,0.5249,0.51248
0.0021714,-0.026339,-0.080965,0.33896,0.58893,0.52489,0.51259
0.0022403,-0.026,-0.080539,0.339,0.58871,0.52498,0.51274
0.0022699,-0.02569,-0.080109,0.33895,0.58849,0.5252,0.51279
0.0023378,-0.025394,-0.079634,0.33895,0.58832,0.52539,0.51279
0.0022808,-0.02513,-0.079213,0.33898,0.58816,0.52569,0.51265
0.0022897,-0.024831,-0.078727,0.33923,0.58807,0.52588,0.5124
0.0022967,-0.024545,-0.078197,0.33963,0.58805,0.52609,0.51193
0.0023246,-0.024207,-0.07762,0.34016,0.58798,0.52621,0.51153
0.002293,-0.023858,-0.077059,0.34051,0.58772,0.5266,0.51121
0.0022862,-0.023545,-0.07645,0.34074,0.58736,0.52703,0.51103
0.0023047,-0.02324,-0.075909,0.34083,0.58694,0.52748,0.51098
0.0023555,-0.023043,-0.075414,0.34088,0.58658,0.5277,0.51114
0.0024209,-0.022795,-0.074936,0.34104,0.58638,0.52762,0.51133
0.0024879,-0.022506,-0.074539,0.34137,0.58636,0.52725,0.51152
0.0025512,-0.022241,-0.07411,0.34194,0.58656,0.52668,0.5115
0.002595,-0.021931,-0.073591,0.34273,0.58676,0.52624,0.51118
0.0026834,-0.021739,-0.072952,0.34347,0.58678,0.52619,0.51073
0.00275,-0.02145,-0.072245,0.34403,0.58648,0.5266,0.51028
0.0026995,-0.021108,-0.071535,0.34423,0.58607,0.52729,0.50989
0.0026934,-0.020767,-0.070886,0.3442,0.58568,0.52793,0.5097
0.0026589,-0.020434,-0.070337,0.344,0.58537,0.52842,0.50968
0.0026337,-0.020054,-0.069819,0.34377,0.58508,0.52876,0.50981
0.0026723,-0.019701,-0.069408,0.3435,0.58497,0.52891,0.50997
0.0027056,-0.019263,-0.068987,0.3433,0.58498,0.5288,0.5102
0.0027283,-0.018882,-0.068605,0.34312,0.58522,0.52861,0.51025
0.0028614,-0.018591,-0.068208,0.34288,0.58524,0.52864,0.51036
0.0030242,-0.018284,-0.067736,0.34267,0.58485,0.52915,0.51041
0.0032091,-0.018052,-0.067213,0.34264,0.58428,0.52981,0.51041
0.0034043,-0.017812,-0.066666,0.34273,0.58386,0.53027,0.51036
0.0035591,-0.017575,-0.066171,0.34292,0.58358,0.5305,0.51031
0.0037136,-0.017272,-0.065628,0.3431,0.58334,0.53069,0.51026
0.0039158,-0.016913,-0.065073,0.34324,0.58307,0.53082,0.51033
0.0040858,-0.016606,-0.064572,0.34328,0.58277,0.53091,0.51057
0.0043095,-0.016282,-0.064071,0.34339,0.58262,0.53078,0.5108
0.0046006,-0.015945,-0.063568,0.34351,0.58251,0.53051,0.51112
0.0048484,-0.015642,-0.063089,0.34352,0.58245,0.5303,0.5114
0.0051269,-0.015469,-0.062525,0.34364,0.58211,0.53045,0.51155
0.0053049,-0.01519,-0.061886,0.34375,0.58163,0.53092,0.51152
0.0054777,-0.014891,-0.061249,0.34402,0.58107,0.53149,0.5114
0.0056559,-0.014602,-0.060585,0.34431,0.5807,0.53181,0.51129
0.0057987,-0.01433,-0.059962,0.34457,0.58053,0.53199,0.51113
0.0060385,-0.014286,-0.059347,0.34469,0.58047,0.53201,0.51109
0.0062222,-0.01396,-0.058637,0.34469,0.58044,0.53196,0.51117
0.0063633,-0.013621,-0.057985,0.34454,0.58034,0.5318,0.51155
0.0065422,-0.013228,-0.057277,0.34421,0.58001,0.53183,0.51212
0.0067742,-0.012846,-0.056527,0.34375,0.57947,0.53221,0.51264
0.006973,-0.012457,-0.055768,0.34324,0.57889,0.53274,0.51309
0.0071691,-0.012015,-0.054997,0.34287,0.57825,0.53341,0.51336
0.0073002,-0.011627,-0.054186,0.34278,0.5778,0.53402,0.51329
0.0074493,-0.011197,-0.053361,0.34295,0.57742,0.53456,0.51304
0.0075966,-0.010795,-0.052489,0.34321,0.57724,0.53483,0.5128
0.0079499,-0.01107,-0.051622,0.34346,0.57711,0.53497,0.51263
0.008081,-0.010615,-0.050729,0.34352,0.57698,0.53509,0.51261
0.0081873,-0.010092,-0.04984,0.34342,0.57661,0.53529,0.51289
0.0083541,-0.0095736,-0.04888,0.34328,0.57612,0.53542,0.51339
0.0085852,-0.0090715,-0.047891,0.34304,0.57563,0.53564,0.51388
0.0087346,-0.0085193,-0.046865,0.34287,0.57518,0.53605,0.51407
0.0088911,-0.0080284,-0.045764,0.34299,0.57463,0.53665,0.51397
0.0090308,-0.007455,-0.044567,0.34335,0.57397,0.53741,0.51367
0.0090984,-0.00691,-0.043329,0.34398,0.57333,0.53819,0.51314
0.0092109,-0.0062983,-0.042105,0.34465,0.57283,0.53877,0.51265
0.0093429,-0.0058654,-0.04084,0.34535,0.57249,0.53914,0.51217
0.0093996,-0.0052689,-0.03965,0.34601,0.57224,0.53932,0.51182
0.0095067,-0.0046406,-0.038388,0.34657,0.57186,0.53952,0.51165
0.009612,-0.004066,-0.037135,0.3469,0.5713,0.53988,0.51168
0.0097175,-0.0034452,-0.035885,0.34706,0.57066,0.54033,0.5118
0.0098783,-0.0031078,-0.034676,0.34722,0.5701,0.54079,0.51183
0.0099634,-0.0024991,-0.033442,0.34749,0.56956,0.5414,0.51161
0.010016,-0.0018754,-0.032202,0.34791,0.56899,0.5422,0.51111
0.010043,-0.0013071,-0.030961,0.34854,0.56846,0.54294,0.51048
0.010038,-0.00069896,-0.029751,0.34922,0.5681,0.54351,0.50981
0.010075,-0.00011386,-0.028536,0.34983,0.56786,0.54393,0.50922
0.010097,0.00044856,-0.027346,0.35025,0.56769,0.54423,0.50879
0.010138,0.0010479,-0.026181,0.35049,0.56734,0.54459,0.50863
0.010178,0.001643,-0.025045,0.35052,0.56693,0.54495,0.50868
0.010248,0.0021894,-0.023966,0.35047,0.56637,0.54541,0.50883
0.01055,0.0020373,-0.02286,0.35049,0.56581,0.54586,0.50897
0.010677,0.0025807,-0.021753,0.35062,0.56524,0.54655,0.50878
0.010693,0.0031081,-0.020679,0.35091,0.56477,0.54727,0.50832
0.010787,0.0036445,-0.019611,0.35138,0.56437,0.54789,0.50777
0.010954,0.0041915,-0.01851,0.35194,0.56408,0.54834,0.50722
0.011268,0.003981,-0.017473,0.35244,0.56388,0.54871,0.5067
0.011353,0.0044924,-0.016385,0.3528,0.56363,0.5491,0.5063
0.011445,0.0049905,-0.015334,0.35295,0.56312,0.54977,0.50603
0.011528,0.0055003,-0.014304,0.35284,0.56255,0.55043,0.50603
0.011624,0.0059573,-0.013351,0.35268,0.56197,0.55109,0.50607
0.011786,0.0063338,-0.012424,0.35262,0.56154,0.55153,0.50611
0.011937,0.0067939,-0.011489,0.35272,0.56117,0.55196,0.50598
0.012063,0.0072617,-0.010572,0.35299,0.56087,0.55239,0.50566
0.012208,0.0076932,-0.0096707,0.35342,0.56061,0.55277,0.50524
0.012344,0.0081148,-0.008728,0.3539,0.56038,0.55311,0.50478
0.012429,0.0086624,-0.0078345,0.35426,0.56001,0.55353,0.50447
0.012559,0.0090535,-0.0069117,0.35445,0.55944,0.5541,0.50434
0.012655,0.0094131,-0.0059865,0.35443,0.55874,0.5548,0.50436
0.012754,0.0097323,-0.0051184,0.35441,0.55809,0.55545,0.50437
0.012818,0.010069,-0.0042941,0.35444,0.55753,0.55604,0.50434
0.013055,0.0098976,-0.0035825,0.35463,0.55726,0.55639,0.50411
0.013075,0.010264,-0.002869,0.35493,0.55715,0.55667,0.50372
0.01313,0.010594,-0.0021668,0.35537,0.55712,0.55687,0.50321
0.01317,0.010953,-0.0014789,0.35582,0.55714,0.55701,0.50272
0.013238,0.011287,-0.0007431,0.35614,0.55688,0.5574,0.50235
0.013265,0.011534,-0.00010184,0.35625,0.55637,0.55795,0.50223
0.013341,0.011755,0.00049886,0.35619,0.55584,0.55846,0.50228
0.013316,0.011914,0.00092463,0.3561,0.55557,0.55871,0.50237
0.013287,0.012057,0.0012878,0.35605,0.5554,0.55878,0.50251
0.013417,0.012142,0.0015857,0.3561,0.55537,0.55873,0.50256
0.013438,0.012416,0.001852,0.35623,0.55548,0.55858,0.50252
0.013516,0.012514,0.0021141,0.3565,0.55572,0.5584,0.50226
0.013541,0.012693,0.0024183,0.35676,0.55575,0.55844,0.50201
0.013632,0.012846,0.0027826,0.35697,0.55555,0.5587,0.50179
0.013677,0.012969,0.0031219,0.35698,0.55517,0.55912,0.50173
0.01362,0.013198,0.003444,0.35683,0.55489,0.55946,0.50177
0.013622,0.013296,0.0036359,0.35658,0.55481,0.55954,0.50195
0.013626,0.013385,0.0037892,0.35634,0.5548,0.55953,0.50214
0.013691,0.013507,0.0039099,0.35606,0.55479,0.55951,0.50237
0.013756,0.013606,0.003989,0.35581,0.55497,0.55934,0.50254
0.013795,0.013729,0.0040982,0.3557,0.55525,0.5591,0.50258
0.013856,0.013824,0.0042466,0.35569,0.55547,0.55899,0.50247
0.013946,0.0139,0.0045501,0.35554,0.55504,0.55955,0.50242
0.014015,0.013977,0.0048124,0.35549,0.55459,0.56007,0.50238
0.014064,0.014031,0.0050874,0.35538,0.55418,0.56055,0.50237
0.014003,0.01409,0.0052855,0.35526,0.55401,0.56083,0.50233
0.014033,0.014166,0.0055025,0.35519,0.55397,0.56089,0.50236
0.013964,0.014239,0.0056196,0.35497,0.55417,0.56074,0.50246
0.014023,0.014351,0.0058158,0.35472,0.5543,0.56061,0.50263
0.014061,0.014463,0.0059989,0.35447,0.55443,0.56048,0.50281
0.014013,0.01466,0.0062523,0.35441,0.55451,0.56059,0.50264
0.014037,0.014762,0.0064968,0.35447,0.55446,0.56086,0.50235
0.014022,0.014826,0.0067386,0.35466,0.55427,0.56122,0.50203
0.014007,0.014894,0.0069291,0.35492,0.55415,0.56149,0.50168
0.014096,0.014947,0.0070981,0.35525,0.55411,0.56155,0.50142
0.014144,0.014968,0.0071635,0.35539,0.55411,0.56156,0.5013
0.014193,0.014999,0.0071636,0.35534,0.55413,0.56147,0.50142
0.014258,0.015031,0.0071161,0.35514,0.55415,0.56129,0.50174
0.014335,0.015039,0.0070674,0.35484,0.55426,0.5611,0.50205
0.014355,0.015084,0.0070276,0.35458,0.5544,0.56099,0.5022
0.014402,0.015055,0.0070115,0.35455,0.55442,0.56101,0.50217
0.014379,0.015088,0.0070306,0.35463,0.55442,0.56113,0.50199
0.014423,0.015124,0.0071123,0.35482,0.55441,0.56123,0.50175
0.014449,0.015117,0.0071612,0.35491,0.55436,0.56138,0.50157
0.01447,0.015104,0.0071945,0.35492,0.5542,0.56159,0.5015
0.014588,0.014826,0.0072185,0.35481,0.55408,0.56172,0.50157
0.014603,0.014796,0.0071677,0.35465,0.55413,0.5617,0.50165
0.014597,0.014746,0.0070686,0.35454,0.55424,0.56153,0.5018
0.014591,0.014732,0.0070085,0.35441,0.55437,0.56138,0.50192
0.014622,0.014725,0.00694,0.3544,0.55451,0.56126,0.50191
0.01459,0.014806,0.0069296,0.3544,0.55455,0.56122,0.5019
0.014575,0.014808,0.0069642,0.35445,0.55449,0.56135,0.50179
0.014564,0.014809,0.0070134,0.35448,0.55427,0.56168,0.50164
0.014541,0.014823,0.0071184,0.35441,0.55396,0.56208,0.50158
0.014519,0.014814,0.0071147,0.35433,0.55392,0.56225,0.50149
0.014464,0.014796,0.0070112,0.35428,0.55397,0.56221,0.50153
0.014431,0.014827,0.0069537,0.35417,0.55412,0.562,0.50167
0.014353,0.014826,0.006788,0.35406,0.55427,0.56179,0.50181
0.01431,0.014818,0.0066993,0.35391,0.55429,0.56169,0.50201
0.014263,0.014862,0.0066281,0.35385,0.5544,0.56152,0.50212
0.014234,0.01489,0.0065726,0.35387,0.55447,0.56142,0.50214
0.01418,0.014928,0.0065135,0.35393,0.55455,0.56132,0.50211
0.014142,0.014917,0.0065201,0.35398,0.55455,0.56133,0.50207
0.014111,0.014933,0.0065177,0.35412,0.55451,0.56138,0.50197
0.0141,0.014937,0.0065515,0.35431,0.55452,0.56139,0.50181
0.014112,0.01498,0.0066027,0.35449,0.55441,0.56145,0.50174
0.014097,0.015,0.0066438,0.35447,0.55432,0.56164,0.50164
0.014087,0.015081,0.0067681,0.35442,0.55413,0.5619,0.50159
0.014068,0.015156,0.0068894,0.35427,0.55394,0.56216,0.50161
0.014021,0.015232,0.0069938,0.35406,0.55371,0.56248,0.50166
0.014,0.015397,0.0070791,0.3539,0.55375,0.56254,0.50167
0.014022,0.015446,0.0071387,0.35383,0.55381,0.56252,0.50167
0.014059,0.015504,0.0071586,0.35378,0.55386,0.56247,0.5017
0.014119,0.015569,0.0072371,0.35378,0.55386,0.56247,0.5017
0.014265,0.015538,0.0073227,0.35385,0.55372,0.56248,0.50179
0.014416,0.015542,0.0074341,0.35389,0.55339,0.56265,0.50194
0.014518,0.015575,0.00754,0.35399,0.5531,0.56275,0.50207
0.014664,0.015629,0.007679,0.35414,0.55291,0.56278,0.50215
0.014755,0.015662,0.0077975,0.35414,0.55291,0.56278,0.50215
0.01491,0.015735,0.0079355,0.35451,0.55275,0.56265,0.50221
0.015146,0.015424,0.00809,0.35461,0.55263,0.56269,0.50223
0.015253,0.015539,0.0082486,0.35475,0.55255,0.56269,0.50221
0.015317,0.01565,0.008352,0.3549,0.55248,0.56269,0.50219
0.01541,0.015775,0.0084699,0.35499,0.55241,0.56269,0.50221
0.01549,0.015832,0.0085475,0.35509,0.55229,0.56272,0.50223
0.015582,0.015906,0.0087032,0.35522,0.55213,0.56282,0.5022
0.015676,0.015936,0.0088487,0.35533,0.5519,0.56302,0.50215
0.015778,0.015941,0.0089906,0.35533,0.5519,0.56302,0.50215
0.015808,0.015973,0.0091475,0.35546,0.5517,0.56316,0.50212
0.015879,0.016031,0.0093451,0.35548,0.55138,0.56344,0.50216
0.015841,0.016117,0.0094543,0.35548,0.55138,0.56344,0.50216
0.015866,0.016218,0.009565,0.35543,0.55128,0.56351,0.50221
0.01582,0.016304,0.0096914,0.35546,0.55125,0.56358,0.50215
0.015813,0.016407,0.0098287,0.35556,0.55124,0.56367,0.50199
0.015761,0.016528,0.0099395,0.3558,0.55124,0.56369,0.50179
0.015745,0.01665,0.010072,0.35599,0.5512,0.56374,0.50165
0.015815,0.016757,0.010236,0.35618,0.55116,0.56379,0.5015
0.015811,0.016826,0.010417,0.35643,0.55098,0.56396,0.50133
0.01586,0.016942,0.010648,0.35661,0.55073,0.56414,0.50127
0.015887,0.017061,0.010849,0.35674,0.55054,0.56428,0.50123
0.015895,0.017168,0.011018,0.35678,0.55029,0.56445,0.50129
0.015908,0.01728,0.011133,0.35683,0.55007,0.56456,0.50136
0.015957,0.01738,0.011211,0.35689,0.54998,0.56464,0.50133
0.015986,0.017462,0.011296,0.35689,0.54998,0.56464,0.50133
0.016023,0.017542,0.011347,0.35693,0.54998,0.56465,0.50129
0.016008,0.017578,0.011359,0.35696,0.54999,0.56467,0.50123
0.015984,0.01764,0.011384,0.35703,0.55001,0.5647,0.50113
0.015956,0.017661,0.011395,0.35713,0.54997,0.56475,0.50106
0.015973,0.017688,0.011362,0.35714,0.54983,0.56486,0.50107
0.015957,0.017697,0.011363,0.35717,0.54967,0.56496,0.50112
0.016012,0.017711,0.011406,0.35717,0.54964,0.56491,0.50121
0.015998,0.017723,0.011369,0.35721,0.54957,0.5649,0.50126
0.015958,0.017726,0.011327,0.35716,0.54961,0.56486,0.50129
0.015926,0.017785,0.011308,0.35725,0.54966,0.56483,0.50121
0.015883,0.017818,0.011324,0.35736,0.54987,0.5647,0.50105
0.015794,0.017787,0.011305,0.35745,0.55007,0.56469,0.50078
0.015708,0.01778,0.01132,0.35757,0.55017,0.56473,0.50054
0.015568,0.017801,0.011303,0.35758,0.55018,0.56487,0.50037
0.015405,0.017829,0.01124,0.35751,0.55022,0.56493,0.50029
0.015182,0.017823,0.011202,0.35735,0.55026,0.56499,0.50029
0.014969,0.017824,0.011069,0.35709,0.5504,0.56497,0.50036
0.014738,0.017839,0.011009,0.35685,0.55059,0.56494,0.50036
0.014569,0.017817,0.010958,0.35663,0.55076,0.56497,0.50029
0.014389,0.017866,0.010922,0.35642,0.55088,0.56503,0.50023
0.014183,0.017856,0.01091,0.35632,0.5509,0.56518,0.50012
0.014024,0.0179,0.010951,0.35637,0.55087,0.56536,0.4999
0.013948,0.017917,0.010957,0.35652,0.5509,0.56542,0.4997
0.013861,0.017893,0.010903,0.3566,0.551,0.56535,0.49961
0.013759,0.01788,0.010818,0.35669,0.55109,0.56528,0.49953
0.013665,0.017851,0.010763,0.3567,0.551,0.56536,0.49954
0.013565,0.017887,0.010715,0.35661,0.55095,0.56539,0.49962
0.013453,0.017905,0.010652,0.35656,0.551,0.56535,0.49965
0.01339,0.017921,0.010634,0.3565,0.55114,0.56523,0.49967
0.013291,0.017951,0.01059,0.35654,0.55128,0.56511,0.49962
0.013199,0.017996,0.010555,0.35654,0.55132,0.56507,0.49962
0.013179,0.018037,0.010541,0.35649,0.55132,0.56507,0.49965
0.013181,0.018083,0.010545,0.3565,0.55118,0.56519,0.49967
0.013159,0.018151,0.010561,0.35655,0.55114,0.56523,0.49964
0.013203,0.018188,0.010657,0.35665,0.55105,0.56531,0.49957
0.013184,0.018182,0.010677,0.35675,0.55096,0.5654,0.4995
0.013162,0.018239,0.010764,0.35681,0.55072,0.56559,0.49949
0.013175,0.018304,0.010882,0.35691,0.55051,0.56571,0.49952
0.013178,0.018323,0.010937,0.35705,0.55053,0.56563,0.49949
0.013145,0.01835,0.010925,0.35718,0.55074,0.5654,0.49944
0.013136,0.018382,0.010911,0.3573,0.5509,0.5652,0.49939
0.013143,0.018398,0.010954,0.35739,0.55099,0.56513,0.49931
0.013126,0.018458,0.010995,0.35744,0.55095,0.56517,0.49927
0.013093,0.018473,0.011021,0.3575,0.55088,0.5653,0.49916
0.013034,0.018521,0.011037,0.35755,0.55082,0.56543,0.49904
0.012959,0.01853,0.01105,0.35766,0.55071,0.5656,0.49889
0.012893,0.018574,0.011094,0.35779,0.55062,0.5658,0.49867
0.012794,0.018579,0.011172,0.35799,0.55056,0.56594,0.49844
0.012716,0.018555,0.011161,0.35813,0.55064,0.56595,0.49823
0.012581,0.018568,0.011106,0.35814,0.55089,0.56579,0.49814
0.012508,0.018551,0.011021,0.35798,0.55108,0.56562,0.49823
0.012411,0.018513,0.010955,0.3577,0.5511,0.56565,0.49837
0.01229,0.018511,0.010869,0.35736,0.55099,0.56582,0.49855
0.012139,0.018513,0.010731,0.35715,0.55104,0.56588,0.49858
0.011978,0.018482,0.010577,0.35705,0.55123,0.56585,0.49847
0.011808,0.018486,0.010499,0.35712,0.55141,0.5659,0.49817
0.011664,0.018462,0.010411,0.35729,0.55155,0.5659,0.49789
0.011595,0.01842,0.010394,0.35752,0.55168,0.56589,0.4976
0.011545,0.018405,0.010383,0.3577,0.55182,0.56578,0.49743
0.01148,0.018381,0.010312,0.3577,0.55182,0.56578,0.49743
0.01136,0.018406,0.010343,0.35771,0.55173,0.56586,0.49744
0.011314,0.018454,0.010323,0.35757,0.55168,0.56589,0.49756
0.011232,0.018478,0.010219,0.35749,0.55171,0.56582,0.49765
0.011171,0.018491,0.010122,0.35741,0.55178,0.56572,0.49775
0.011058,0.018528,0.010051,0.35736,0.55192,0.5656,0.49777
0.010988,0.018515,0.0099357,0.3573,0.55202,0.56551,0.4978
0.010927,0.018532,0.0098458,0.3573,0.55206,0.56548,0.4978
0.010912,0.018536,0.0098641,0.3573,0.55202,0.56551,0.4978
0.010912,0.018461,0.0098249,0.35727,0.55195,0.56564,0.49776
0.010858,0.018405,0.0098193,0.35725,0.5519,0.56579,0.49765
0.010811,0.018387,0.0098518,0.35731,0.55184,0.56592,0.49754
0.010731,0.018387,0.0098921,0.35741,0.55183,0.56601,0.49738
0.010645,0.018386,0.0099189,0.35745,0.552,0.56594,0.49723
0.010599,0.018373,0.0098596,0.3575,0.55222,0.56573,0.49719
0.01057,0.018363,0.0098217,0.35747,0.55242,0.5656,0.49714
0.010527,0.018334,0.0097667,0.35736,0.55261,0.56544,0.4972
0.010541,0.018334,0.0097575,0.3572,0.55257,0.56549,0.49729
0.010614,0.01833,0.0097375,0.35702,0.55243,0.56559,0.49746
0.010699,0.018284,0.0097267,0.35689,0.55228,0.5657,0.4976
0.01076,0.018252,0.0097145,0.35689,0.55228,0.5657,0.4976
0.010771,0.018213,0.009692,0.35702,0.55233,0.56567,0.49747
0.010756,0.018221,0.0096671,0.35721,0.55243,0.5656,0.49731
0.010745,0.01822,0.0097159,0.35746,0.55252,0.56552,0.49713
0.010745,0.018235,0.0097236,0.3575,0.55256,0.56548,0.49709
0.010786,0.018237,0.0098016,0.35757,0.55255,0.56546,0.49708
0.010812,0.018291,0.0098609,0.35758,0.55247,0.56545,0.49717
0.010816,0.018326,0.0098607,0.35758,0.55235,0.56548,0.49727
0.010883,0.018348,0.0098633,0.35761,0.55228,0.5655,0.4973
0.010938,0.01835,0.0097902,0.35762,0.55237,0.5654,0.49731
0.011028,0.018364,0.0097847,0.35762,0.55237,0.5654,0.49731
0.011082,0.018392,0.009841,0.35758,0.55218,0.56555,0.49737
0.011196,0.018405,0.0098664,0.35748,0.55193,0.56572,0.49754
0.011282,0.018415,0.0098986,0.35745,0.55169,0.56591,0.49761
0.011283,0.018421,0.0099486,0.35741,0.55163,0.56603,0.49757
0.011302,0.018407,0.0099998,0.35753,0.5516,0.5661,0.49744
0.011303,0.018401,0.010014,0.35765,0.55159,0.56608,0.49738
0.011329,0.018384,0.010031,0.35769,0.55163,0.56605,0.49734
0.011327,0.018403,0.010037,0.35774,0.55168,0.56601,0.4973
0.01133,0.018419,0.010049,0.35774,0.55164,0.56605,0.4973
0.011367,0.018446,0.010075,0.3577,0.55159,0.56609,0.49734
